experiment,system,dataset,label,config_label,slots,k,run_index,recall_at_10,recall_at_100,recall,qps,avg_latency_ms,p50_ms,p90_ms,p95_ms,p99_ms,max_ms,stddev_ms,gpu_mem_peak_mib,nprobe,k_rank_cluster,k_rank_all_tokens,itopk_size,overlap_chunks,binary,log,returncode,command,error_tail,effective_concurrent_queries,end_to_end_ms,gpu_mem_current_mib,min_ms,nq,stage3_threads,warmup
chimera_topk_baseline,chimera,lotte,a1,a1_run1,1,100,1,0.889458,0.663002,0.663002,567.856,1.761,1.710,1.843,1.921,3.775,17.447,0.829,,16,800,100,64,5,gpu_search,/scratch3/workspace/juelinliu_umass_edu-gpu-mvr/gpu-mvr/profiling/chimera_topk_baseline/logs/20260429T182345Z/lotte/chimera/all_k100_slots1_runs3.log,0,/scratch3/workspace/juelinliu_umass_edu-gpu-mvr/gpu-mvr/gpu-mvr/build/gpu_search --query /scratch3/workspace/juelinliu_umass_edu-gpu-mvr/gpu-mvr/dataset/lotte/raw/query.bin --gt /scratch3/workspace/juelinliu_umass_edu-gpu-mvr/gpu-mvr/dataset/lotte/raw/gt.tsv --index /scratch3/workspace/juelinliu_umass_edu-gpu-mvr/gpu-mvr/dataset/lotte/gpu_mvr_2m --k 100 --nq -1 --warmup 5 --concurrent-queries 1 --config-file /scratch3/workspace/juelinliu_umass_edu-gpu-mvr/gpu-mvr/config/tmp/chimera_topk_baseline/20260429T182345Z/lotte/chimera/all_k100_slots1_runs3.csv,,1,5161.524,,1.285,-1,32,5
chimera_topk_baseline,chimera,lotte,a1,a1_run2,1,100,2,0.889458,0.663054,0.663054,608.517,1.643,1.634,1.790,1.829,2.074,11.642,0.428,,16,800,100,64,5,gpu_search,/scratch3/workspace/juelinliu_umass_edu-gpu-mvr/gpu-mvr/profiling/chimera_topk_baseline/logs/20260429T182345Z/lotte/chimera/all_k100_slots1_runs3.log,0,/scratch3/workspace/juelinliu_umass_edu-gpu-mvr/gpu-mvr/gpu-mvr/build/gpu_search --query /scratch3/workspace/juelinliu_umass_edu-gpu-mvr/gpu-mvr/dataset/lotte/raw/query.bin --gt /scratch3/workspace/juelinliu_umass_edu-gpu-mvr/gpu-mvr/dataset/lotte/raw/gt.tsv --index /scratch3/workspace/juelinliu_umass_edu-gpu-mvr/gpu-mvr/dataset/lotte/gpu_mvr_2m --k 100 --nq -1 --warmup 5 --concurrent-queries 1 --config-file /scratch3/workspace/juelinliu_umass_edu-gpu-mvr/gpu-mvr/config/tmp/chimera_topk_baseline/20260429T182345Z/lotte/chimera/all_k100_slots1_runs3.csv,,1,4816.631,,1.303,-1,32,5
chimera_topk_baseline,chimera,lotte,a1,a1_run3,1,100,3,0.889355,0.662982,0.662982,560.023,1.785,1.714,1.853,1.900,6.303,11.603,0.774,,16,800,100,64,5,gpu_search,/scratch3/workspace/juelinliu_umass_edu-gpu-mvr/gpu-mvr/profiling/chimera_topk_baseline/logs/20260429T182345Z/lotte/chimera/all_k100_slots1_runs3.log,0,/scratch3/workspace/juelinliu_umass_edu-gpu-mvr/gpu-mvr/gpu-mvr/build/gpu_search --query /scratch3/workspace/juelinliu_umass_edu-gpu-mvr/gpu-mvr/dataset/lotte/raw/query.bin --gt /scratch3/workspace/juelinliu_umass_edu-gpu-mvr/gpu-mvr/dataset/lotte/raw/gt.tsv --index /scratch3/workspace/juelinliu_umass_edu-gpu-mvr/gpu-mvr/dataset/lotte/gpu_mvr_2m --k 100 --nq -1 --warmup 5 --concurrent-queries 1 --config-file /scratch3/workspace/juelinliu_umass_edu-gpu-mvr/gpu-mvr/config/tmp/chimera_topk_baseline/20260429T182345Z/lotte/chimera/all_k100_slots1_runs3.csv,,1,5233.712,,1.244,-1,32,5
chimera_topk_baseline,chimera,lotte,a2,a2_run1,1,100,1,0.917264,0.742532,0.742532,621.710,1.608,1.608,1.727,1.769,1.899,9.782,0.226,,24,1000,120,64,5,gpu_search,/scratch3/workspace/juelinliu_umass_edu-gpu-mvr/gpu-mvr/profiling/chimera_topk_baseline/logs/20260429T182345Z/lotte/chimera/all_k100_slots1_runs3.log,0,/scratch3/workspace/juelinliu_umass_edu-gpu-mvr/gpu-mvr/gpu-mvr/build/gpu_search --query /scratch3/workspace/juelinliu_umass_edu-gpu-mvr/gpu-mvr/dataset/lotte/raw/query.bin --gt /scratch3/workspace/juelinliu_umass_edu-gpu-mvr/gpu-mvr/dataset/lotte/raw/gt.tsv --index /scratch3/workspace/juelinliu_umass_edu-gpu-mvr/gpu-mvr/dataset/lotte/gpu_mvr_2m --k 100 --nq -1 --warmup 5 --concurrent-queries 1 --config-file /scratch3/workspace/juelinliu_umass_edu-gpu-mvr/gpu-mvr/config/tmp/chimera_topk_baseline/20260429T182345Z/lotte/chimera/all_k100_slots1_runs3.csv,,1,4714.417,,1.231,-1,32,5
chimera_topk_baseline,chimera,lotte,a2,a2_run2,1,100,2,0.917195,0.742497,0.742497,660.579,1.514,1.477,1.655,1.693,1.829,12.720,0.397,,24,1000,120,64,5,gpu_search,/scratch3/workspace/juelinliu_umass_edu-gpu-mvr/gpu-mvr/profiling/chimera_topk_baseline/logs/20260429T182345Z/lotte/chimera/all_k100_slots1_runs3.log,0,/scratch3/workspace/juelinliu_umass_edu-gpu-mvr/gpu-mvr/gpu-mvr/build/gpu_search --query /scratch3/workspace/juelinliu_umass_edu-gpu-mvr/gpu-mvr/dataset/lotte/raw/query.bin --gt /scratch3/workspace/juelinliu_umass_edu-gpu-mvr/gpu-mvr/dataset/lotte/raw/gt.tsv --index /scratch3/workspace/juelinliu_umass_edu-gpu-mvr/gpu-mvr/dataset/lotte/gpu_mvr_2m --k 100 --nq -1 --warmup 5 --concurrent-queries 1 --config-file /scratch3/workspace/juelinliu_umass_edu-gpu-mvr/gpu-mvr/config/tmp/chimera_topk_baseline/20260429T182345Z/lotte/chimera/all_k100_slots1_runs3.csv,,1,4437.015,,1.209,-1,32,5
chimera_topk_baseline,chimera,lotte,a2,a2_run3,1,100,3,0.917195,0.742467,0.742467,619.614,1.614,1.606,1.705,1.744,2.154,7.455,0.281,,24,1000,120,64,5,gpu_search,/scratch3/workspace/juelinliu_umass_edu-gpu-mvr/gpu-mvr/profiling/chimera_topk_baseline/logs/20260429T182345Z/lotte/chimera/all_k100_slots1_runs3.log,0,/scratch3/workspace/juelinliu_umass_edu-gpu-mvr/gpu-mvr/gpu-mvr/build/gpu_search --query /scratch3/workspace/juelinliu_umass_edu-gpu-mvr/gpu-mvr/dataset/lotte/raw/query.bin --gt /scratch3/workspace/juelinliu_umass_edu-gpu-mvr/gpu-mvr/dataset/lotte/raw/gt.tsv --index /scratch3/workspace/juelinliu_umass_edu-gpu-mvr/gpu-mvr/dataset/lotte/gpu_mvr_2m --k 100 --nq -1 --warmup 5 --concurrent-queries 1 --config-file /scratch3/workspace/juelinliu_umass_edu-gpu-mvr/gpu-mvr/config/tmp/chimera_topk_baseline/20260429T182345Z/lotte/chimera/all_k100_slots1_runs3.csv,,1,4730.367,,1.299,-1,32,5
chimera_topk_baseline,chimera,lotte,a3,a3_run1,1,100,1,0.92129,0.781986,0.781986,633.840,1.577,1.569,1.663,1.722,1.997,5.793,0.193,,24,1200,150,64,5,gpu_search,/scratch3/workspace/juelinliu_umass_edu-gpu-mvr/gpu-mvr/profiling/chimera_topk_baseline/logs/20260429T182345Z/lotte/chimera/all_k100_slots1_runs3.log,0,/scratch3/workspace/juelinliu_umass_edu-gpu-mvr/gpu-mvr/gpu-mvr/build/gpu_search --query /scratch3/workspace/juelinliu_umass_edu-gpu-mvr/gpu-mvr/dataset/lotte/raw/query.bin --gt /scratch3/workspace/juelinliu_umass_edu-gpu-mvr/gpu-mvr/dataset/lotte/raw/gt.tsv --index /scratch3/workspace/juelinliu_umass_edu-gpu-mvr/gpu-mvr/dataset/lotte/gpu_mvr_2m --k 100 --nq -1 --warmup 5 --concurrent-queries 1 --config-file /scratch3/workspace/juelinliu_umass_edu-gpu-mvr/gpu-mvr/config/tmp/chimera_topk_baseline/20260429T182345Z/lotte/chimera/all_k100_slots1_runs3.csv,,1,4624.197,,1.290,-1,32,5
chimera_topk_baseline,chimera,lotte,a3,a3_run2,1,100,2,0.921221,0.781969,0.781969,643.068,1.555,1.553,1.659,1.695,1.927,6.765,0.225,,24,1200,150,64,5,gpu_search,/scratch3/workspace/juelinliu_umass_edu-gpu-mvr/gpu-mvr/profiling/chimera_topk_baseline/logs/20260429T182345Z/lotte/chimera/all_k100_slots1_runs3.log,0,/scratch3/workspace/juelinliu_umass_edu-gpu-mvr/gpu-mvr/gpu-mvr/build/gpu_search --query /scratch3/workspace/juelinliu_umass_edu-gpu-mvr/gpu-mvr/dataset/lotte/raw/query.bin --gt /scratch3/workspace/juelinliu_umass_edu-gpu-mvr/gpu-mvr/dataset/lotte/raw/gt.tsv --index /scratch3/workspace/juelinliu_umass_edu-gpu-mvr/gpu-mvr/dataset/lotte/gpu_mvr_2m --k 100 --nq -1 --warmup 5 --concurrent-queries 1 --config-file /scratch3/workspace/juelinliu_umass_edu-gpu-mvr/gpu-mvr/config/tmp/chimera_topk_baseline/20260429T182345Z/lotte/chimera/all_k100_slots1_runs3.csv,,1,4557.836,,1.228,-1,32,5
chimera_topk_baseline,chimera,lotte,a3,a3_run3,1,100,3,0.921256,0.781975,0.781975,675.063,1.481,1.483,1.592,1.614,1.661,7.640,0.146,,24,1200,150,64,5,gpu_search,/scratch3/workspace/juelinliu_umass_edu-gpu-mvr/gpu-mvr/profiling/chimera_topk_baseline/logs/20260429T182345Z/lotte/chimera/all_k100_slots1_runs3.log,0,/scratch3/workspace/juelinliu_umass_edu-gpu-mvr/gpu-mvr/gpu-mvr/build/gpu_search --query /scratch3/workspace/juelinliu_umass_edu-gpu-mvr/gpu-mvr/dataset/lotte/raw/query.bin --gt /scratch3/workspace/juelinliu_umass_edu-gpu-mvr/gpu-mvr/dataset/lotte/raw/gt.tsv --index /scratch3/workspace/juelinliu_umass_edu-gpu-mvr/gpu-mvr/dataset/lotte/gpu_mvr_2m --k 100 --nq -1 --warmup 5 --concurrent-queries 1 --config-file /scratch3/workspace/juelinliu_umass_edu-gpu-mvr/gpu-mvr/config/tmp/chimera_topk_baseline/20260429T182345Z/lotte/chimera/all_k100_slots1_runs3.csv,,1,4341.817,,1.264,-1,32,5
chimera_topk_baseline,chimera,lotte,a4,a4_run1,1,100,1,0.926271,0.712757,0.712757,631.035,1.584,1.550,1.712,1.752,1.842,11.710,0.393,,32,800,100,64,5,gpu_search,/scratch3/workspace/juelinliu_umass_edu-gpu-mvr/gpu-mvr/profiling/chimera_topk_baseline/logs/20260429T182345Z/lotte/chimera/all_k100_slots1_runs3.log,0,/scratch3/workspace/juelinliu_umass_edu-gpu-mvr/gpu-mvr/gpu-mvr/build/gpu_search --query /scratch3/workspace/juelinliu_umass_edu-gpu-mvr/gpu-mvr/dataset/lotte/raw/query.bin --gt /scratch3/workspace/juelinliu_umass_edu-gpu-mvr/gpu-mvr/dataset/lotte/raw/gt.tsv --index /scratch3/workspace/juelinliu_umass_edu-gpu-mvr/gpu-mvr/dataset/lotte/gpu_mvr_2m --k 100 --nq -1 --warmup 5 --concurrent-queries 1 --config-file /scratch3/workspace/juelinliu_umass_edu-gpu-mvr/gpu-mvr/config/tmp/chimera_topk_baseline/20260429T182345Z/lotte/chimera/all_k100_slots1_runs3.csv,,1,4644.752,,1.259,-1,32,5
chimera_topk_baseline,chimera,lotte,a4,a4_run2,1,100,2,0.926203,0.71274,0.71274,659.550,1.516,1.499,1.657,1.695,1.766,7.922,0.181,,32,800,100,64,5,gpu_search,/scratch3/workspace/juelinliu_umass_edu-gpu-mvr/gpu-mvr/profiling/chimera_topk_baseline/logs/20260429T182345Z/lotte/chimera/all_k100_slots1_runs3.log,0,/scratch3/workspace/juelinliu_umass_edu-gpu-mvr/gpu-mvr/gpu-mvr/build/gpu_search --query /scratch3/workspace/juelinliu_umass_edu-gpu-mvr/gpu-mvr/dataset/lotte/raw/query.bin --gt /scratch3/workspace/juelinliu_umass_edu-gpu-mvr/gpu-mvr/dataset/lotte/raw/gt.tsv --index /scratch3/workspace/juelinliu_umass_edu-gpu-mvr/gpu-mvr/dataset/lotte/gpu_mvr_2m --k 100 --nq -1 --warmup 5 --concurrent-queries 1 --config-file /scratch3/workspace/juelinliu_umass_edu-gpu-mvr/gpu-mvr/config/tmp/chimera_topk_baseline/20260429T182345Z/lotte/chimera/all_k100_slots1_runs3.csv,,1,4443.942,,1.247,-1,32,5
chimera_topk_baseline,chimera,lotte,a4,a4_run3,1,100,3,0.926203,0.712791,0.712791,607.952,1.645,1.650,1.770,1.801,3.274,7.243,0.354,,32,800,100,64,5,gpu_search,/scratch3/workspace/juelinliu_umass_edu-gpu-mvr/gpu-mvr/profiling/chimera_topk_baseline/logs/20260429T182345Z/lotte/chimera/all_k100_slots1_runs3.log,0,/scratch3/workspace/juelinliu_umass_edu-gpu-mvr/gpu-mvr/gpu-mvr/build/gpu_search --query /scratch3/workspace/juelinliu_umass_edu-gpu-mvr/gpu-mvr/dataset/lotte/raw/query.bin --gt /scratch3/workspace/juelinliu_umass_edu-gpu-mvr/gpu-mvr/dataset/lotte/raw/gt.tsv --index /scratch3/workspace/juelinliu_umass_edu-gpu-mvr/gpu-mvr/dataset/lotte/gpu_mvr_2m --k 100 --nq -1 --warmup 5 --concurrent-queries 1 --config-file /scratch3/workspace/juelinliu_umass_edu-gpu-mvr/gpu-mvr/config/tmp/chimera_topk_baseline/20260429T182345Z/lotte/chimera/all_k100_slots1_runs3.csv,,1,4821.107,,1.252,-1,32,5
chimera_topk_baseline,chimera,lotte,b1,b1_run1,1,100,1,0.944797,0.791058,0.791058,586.425,1.705,1.692,1.797,1.825,2.142,11.484,0.399,,48,1000,120,96,5,gpu_search,/scratch3/workspace/juelinliu_umass_edu-gpu-mvr/gpu-mvr/profiling/chimera_topk_baseline/logs/20260429T182345Z/lotte/chimera/all_k100_slots1_runs3.log,0,/scratch3/workspace/juelinliu_umass_edu-gpu-mvr/gpu-mvr/gpu-mvr/build/gpu_search --query /scratch3/workspace/juelinliu_umass_edu-gpu-mvr/gpu-mvr/dataset/lotte/raw/query.bin --gt /scratch3/workspace/juelinliu_umass_edu-gpu-mvr/gpu-mvr/dataset/lotte/raw/gt.tsv --index /scratch3/workspace/juelinliu_umass_edu-gpu-mvr/gpu-mvr/dataset/lotte/gpu_mvr_2m --k 100 --nq -1 --warmup 5 --concurrent-queries 1 --config-file /scratch3/workspace/juelinliu_umass_edu-gpu-mvr/gpu-mvr/config/tmp/chimera_topk_baseline/20260429T182345Z/lotte/chimera/all_k100_slots1_runs3.csv,,1,4998.086,,1.294,-1,32,5
chimera_topk_baseline,chimera,lotte,b1,b1_run2,1,100,2,0.944695,0.791017,0.791017,630.610,1.586,1.582,1.692,1.718,1.780,8.135,0.179,,48,1000,120,96,5,gpu_search,/scratch3/workspace/juelinliu_umass_edu-gpu-mvr/gpu-mvr/profiling/chimera_topk_baseline/logs/20260429T182345Z/lotte/chimera/all_k100_slots1_runs3.log,0,/scratch3/workspace/juelinliu_umass_edu-gpu-mvr/gpu-mvr/gpu-mvr/build/gpu_search --query /scratch3/workspace/juelinliu_umass_edu-gpu-mvr/gpu-mvr/dataset/lotte/raw/query.bin --gt /scratch3/workspace/juelinliu_umass_edu-gpu-mvr/gpu-mvr/dataset/lotte/raw/gt.tsv --index /scratch3/workspace/juelinliu_umass_edu-gpu-mvr/gpu-mvr/dataset/lotte/gpu_mvr_2m --k 100 --nq -1 --warmup 5 --concurrent-queries 1 --config-file /scratch3/workspace/juelinliu_umass_edu-gpu-mvr/gpu-mvr/config/tmp/chimera_topk_baseline/20260429T182345Z/lotte/chimera/all_k100_slots1_runs3.csv,,1,4647.880,,1.316,-1,32,5
chimera_topk_baseline,chimera,lotte,b1,b1_run3,1,100,3,0.944729,0.79103,0.79103,595.518,1.679,1.701,1.800,1.826,2.017,6.975,0.317,,48,1000,120,96,5,gpu_search,/scratch3/workspace/juelinliu_umass_edu-gpu-mvr/gpu-mvr/profiling/chimera_topk_baseline/logs/20260429T182345Z/lotte/chimera/all_k100_slots1_runs3.log,0,/scratch3/workspace/juelinliu_umass_edu-gpu-mvr/gpu-mvr/gpu-mvr/build/gpu_search --query /scratch3/workspace/juelinliu_umass_edu-gpu-mvr/gpu-mvr/dataset/lotte/raw/query.bin --gt /scratch3/workspace/juelinliu_umass_edu-gpu-mvr/gpu-mvr/dataset/lotte/raw/gt.tsv --index /scratch3/workspace/juelinliu_umass_edu-gpu-mvr/gpu-mvr/dataset/lotte/gpu_mvr_2m --k 100 --nq -1 --warmup 5 --concurrent-queries 1 --config-file /scratch3/workspace/juelinliu_umass_edu-gpu-mvr/gpu-mvr/config/tmp/chimera_topk_baseline/20260429T182345Z/lotte/chimera/all_k100_slots1_runs3.csv,,1,4921.764,,1.292,-1,32,5
chimera_topk_baseline,chimera,lotte,b2,b2_run1,1,100,1,0.949437,0.84362,0.84362,638.008,1.567,1.558,1.672,1.696,1.746,6.886,0.138,,48,1500,150,96,5,gpu_search,/scratch3/workspace/juelinliu_umass_edu-gpu-mvr/gpu-mvr/profiling/chimera_topk_baseline/logs/20260429T182345Z/lotte/chimera/all_k100_slots1_runs3.log,0,/scratch3/workspace/juelinliu_umass_edu-gpu-mvr/gpu-mvr/gpu-mvr/build/gpu_search --query /scratch3/workspace/juelinliu_umass_edu-gpu-mvr/gpu-mvr/dataset/lotte/raw/query.bin --gt /scratch3/workspace/juelinliu_umass_edu-gpu-mvr/gpu-mvr/dataset/lotte/raw/gt.tsv --index /scratch3/workspace/juelinliu_umass_edu-gpu-mvr/gpu-mvr/dataset/lotte/gpu_mvr_2m --k 100 --nq -1 --warmup 5 --concurrent-queries 1 --config-file /scratch3/workspace/juelinliu_umass_edu-gpu-mvr/gpu-mvr/config/tmp/chimera_topk_baseline/20260429T182345Z/lotte/chimera/all_k100_slots1_runs3.csv,,1,4593.987,,1.350,-1,32,5
chimera_topk_baseline,chimera,lotte,b2,b2_run2,1,100,2,0.949471,0.843695,0.843695,624.784,1.600,1.614,1.703,1.727,1.844,7.319,0.216,,48,1500,150,96,5,gpu_search,/scratch3/workspace/juelinliu_umass_edu-gpu-mvr/gpu-mvr/profiling/chimera_topk_baseline/logs/20260429T182345Z/lotte/chimera/all_k100_slots1_runs3.log,0,/scratch3/workspace/juelinliu_umass_edu-gpu-mvr/gpu-mvr/gpu-mvr/build/gpu_search --query /scratch3/workspace/juelinliu_umass_edu-gpu-mvr/gpu-mvr/dataset/lotte/raw/query.bin --gt /scratch3/workspace/juelinliu_umass_edu-gpu-mvr/gpu-mvr/dataset/lotte/raw/gt.tsv --index /scratch3/workspace/juelinliu_umass_edu-gpu-mvr/gpu-mvr/dataset/lotte/gpu_mvr_2m --k 100 --nq -1 --warmup 5 --concurrent-queries 1 --config-file /scratch3/workspace/juelinliu_umass_edu-gpu-mvr/gpu-mvr/config/tmp/chimera_topk_baseline/20260429T182345Z/lotte/chimera/all_k100_slots1_runs3.csv,,1,4691.222,,1.268,-1,32,5
chimera_topk_baseline,chimera,lotte,b2,b2_run3,1,100,3,0.949403,0.843637,0.843637,598.133,1.672,1.668,1.738,1.763,1.831,5.827,0.154,,48,1500,150,96,5,gpu_search,/scratch3/workspace/juelinliu_umass_edu-gpu-mvr/gpu-mvr/profiling/chimera_topk_baseline/logs/20260429T182345Z/lotte/chimera/all_k100_slots1_runs3.log,0,/scratch3/workspace/juelinliu_umass_edu-gpu-mvr/gpu-mvr/gpu-mvr/build/gpu_search --query /scratch3/workspace/juelinliu_umass_edu-gpu-mvr/gpu-mvr/dataset/lotte/raw/query.bin --gt /scratch3/workspace/juelinliu_umass_edu-gpu-mvr/gpu-mvr/dataset/lotte/raw/gt.tsv --index /scratch3/workspace/juelinliu_umass_edu-gpu-mvr/gpu-mvr/dataset/lotte/gpu_mvr_2m --k 100 --nq -1 --warmup 5 --concurrent-queries 1 --config-file /scratch3/workspace/juelinliu_umass_edu-gpu-mvr/gpu-mvr/config/tmp/chimera_topk_baseline/20260429T182345Z/lotte/chimera/all_k100_slots1_runs3.csv,,1,4900.250,,1.326,-1,32,5
chimera_topk_baseline,chimera,lotte,b3,b3_run1,1,100,1,0.953156,0.853412,0.853412,584.349,1.711,1.701,1.800,1.838,1.933,13.006,0.442,,64,1200,150,96,5,gpu_search,/scratch3/workspace/juelinliu_umass_edu-gpu-mvr/gpu-mvr/profiling/chimera_topk_baseline/logs/20260429T182345Z/lotte/chimera/all_k100_slots1_runs3.log,0,/scratch3/workspace/juelinliu_umass_edu-gpu-mvr/gpu-mvr/gpu-mvr/build/gpu_search --query /scratch3/workspace/juelinliu_umass_edu-gpu-mvr/gpu-mvr/dataset/lotte/raw/query.bin --gt /scratch3/workspace/juelinliu_umass_edu-gpu-mvr/gpu-mvr/dataset/lotte/raw/gt.tsv --index /scratch3/workspace/juelinliu_umass_edu-gpu-mvr/gpu-mvr/dataset/lotte/gpu_mvr_2m --k 100 --nq -1 --warmup 5 --concurrent-queries 1 --config-file /scratch3/workspace/juelinliu_umass_edu-gpu-mvr/gpu-mvr/config/tmp/chimera_topk_baseline/20260429T182345Z/lotte/chimera/all_k100_slots1_runs3.csv,,1,5015.834,,1.367,-1,32,5
chimera_topk_baseline,chimera,lotte,b3,b3_run2,1,100,2,0.953122,0.853456,0.853456,598.327,1.671,1.672,1.745,1.770,1.812,6.261,0.113,,64,1200,150,96,5,gpu_search,/scratch3/workspace/juelinliu_umass_edu-gpu-mvr/gpu-mvr/profiling/chimera_topk_baseline/logs/20260429T182345Z/lotte/chimera/all_k100_slots1_runs3.log,0,/scratch3/workspace/juelinliu_umass_edu-gpu-mvr/gpu-mvr/gpu-mvr/build/gpu_search --query /scratch3/workspace/juelinliu_umass_edu-gpu-mvr/gpu-mvr/dataset/lotte/raw/query.bin --gt /scratch3/workspace/juelinliu_umass_edu-gpu-mvr/gpu-mvr/dataset/lotte/raw/gt.tsv --index /scratch3/workspace/juelinliu_umass_edu-gpu-mvr/gpu-mvr/dataset/lotte/gpu_mvr_2m --k 100 --nq -1 --warmup 5 --concurrent-queries 1 --config-file /scratch3/workspace/juelinliu_umass_edu-gpu-mvr/gpu-mvr/config/tmp/chimera_topk_baseline/20260429T182345Z/lotte/chimera/all_k100_slots1_runs3.csv,,1,4898.663,,1.393,-1,32,5
chimera_topk_baseline,chimera,lotte,b3,b3_run3,1,100,3,0.953122,0.85348,0.85348,579.245,1.726,1.720,1.825,1.871,2.056,7.419,0.307,,64,1200,150,96,5,gpu_search,/scratch3/workspace/juelinliu_umass_edu-gpu-mvr/gpu-mvr/profiling/chimera_topk_baseline/logs/20260429T182345Z/lotte/chimera/all_k100_slots1_runs3.log,0,/scratch3/workspace/juelinliu_umass_edu-gpu-mvr/gpu-mvr/gpu-mvr/build/gpu_search --query /scratch3/workspace/juelinliu_umass_edu-gpu-mvr/gpu-mvr/dataset/lotte/raw/query.bin --gt /scratch3/workspace/juelinliu_umass_edu-gpu-mvr/gpu-mvr/dataset/lotte/raw/gt.tsv --index /scratch3/workspace/juelinliu_umass_edu-gpu-mvr/gpu-mvr/dataset/lotte/gpu_mvr_2m --k 100 --nq -1 --warmup 5 --concurrent-queries 1 --config-file /scratch3/workspace/juelinliu_umass_edu-gpu-mvr/gpu-mvr/config/tmp/chimera_topk_baseline/20260429T182345Z/lotte/chimera/all_k100_slots1_runs3.csv,,1,5060.035,,1.327,-1,32,5
chimera_topk_baseline,chimera,lotte,b4,b4_run1,1,100,1,0.956022,0.885394,0.885394,604.603,1.654,1.653,1.734,1.762,1.817,5.781,0.126,,64,1800,180,96,5,gpu_search,/scratch3/workspace/juelinliu_umass_edu-gpu-mvr/gpu-mvr/profiling/chimera_topk_baseline/logs/20260429T182345Z/lotte/chimera/all_k100_slots1_runs3.log,0,/scratch3/workspace/juelinliu_umass_edu-gpu-mvr/gpu-mvr/gpu-mvr/build/gpu_search --query /scratch3/workspace/juelinliu_umass_edu-gpu-mvr/gpu-mvr/dataset/lotte/raw/query.bin --gt /scratch3/workspace/juelinliu_umass_edu-gpu-mvr/gpu-mvr/dataset/lotte/raw/gt.tsv --index /scratch3/workspace/juelinliu_umass_edu-gpu-mvr/gpu-mvr/dataset/lotte/gpu_mvr_2m --k 100 --nq -1 --warmup 5 --concurrent-queries 1 --config-file /scratch3/workspace/juelinliu_umass_edu-gpu-mvr/gpu-mvr/config/tmp/chimera_topk_baseline/20260429T182345Z/lotte/chimera/all_k100_slots1_runs3.csv,,1,4847.807,,1.410,-1,32,5
chimera_topk_baseline,chimera,lotte,b4,b4_run2,1,100,2,0.955919,0.88538,0.88538,585.697,1.707,1.698,1.784,1.818,2.493,5.949,0.227,,64,1800,180,96,5,gpu_search,/scratch3/workspace/juelinliu_umass_edu-gpu-mvr/gpu-mvr/profiling/chimera_topk_baseline/logs/20260429T182345Z/lotte/chimera/all_k100_slots1_runs3.log,0,/scratch3/workspace/juelinliu_umass_edu-gpu-mvr/gpu-mvr/gpu-mvr/build/gpu_search --query /scratch3/workspace/juelinliu_umass_edu-gpu-mvr/gpu-mvr/dataset/lotte/raw/query.bin --gt /scratch3/workspace/juelinliu_umass_edu-gpu-mvr/gpu-mvr/dataset/lotte/raw/gt.tsv --index /scratch3/workspace/juelinliu_umass_edu-gpu-mvr/gpu-mvr/dataset/lotte/gpu_mvr_2m --k 100 --nq -1 --warmup 5 --concurrent-queries 1 --config-file /scratch3/workspace/juelinliu_umass_edu-gpu-mvr/gpu-mvr/config/tmp/chimera_topk_baseline/20260429T182345Z/lotte/chimera/all_k100_slots1_runs3.csv,,1,5004.292,,1.378,-1,32,5
chimera_topk_baseline,chimera,lotte,b4,b4_run3,1,100,3,0.955851,0.885299,0.885299,617.030,1.620,1.626,1.714,1.738,1.787,6.329,0.139,,64,1800,180,96,5,gpu_search,/scratch3/workspace/juelinliu_umass_edu-gpu-mvr/gpu-mvr/profiling/chimera_topk_baseline/logs/20260429T182345Z/lotte/chimera/all_k100_slots1_runs3.log,0,/scratch3/workspace/juelinliu_umass_edu-gpu-mvr/gpu-mvr/gpu-mvr/build/gpu_search --query /scratch3/workspace/juelinliu_umass_edu-gpu-mvr/gpu-mvr/dataset/lotte/raw/query.bin --gt /scratch3/workspace/juelinliu_umass_edu-gpu-mvr/gpu-mvr/dataset/lotte/raw/gt.tsv --index /scratch3/workspace/juelinliu_umass_edu-gpu-mvr/gpu-mvr/dataset/lotte/gpu_mvr_2m --k 100 --nq -1 --warmup 5 --concurrent-queries 1 --config-file /scratch3/workspace/juelinliu_umass_edu-gpu-mvr/gpu-mvr/config/tmp/chimera_topk_baseline/20260429T182345Z/lotte/chimera/all_k100_slots1_runs3.csv,,1,4750.173,,1.370,-1,32,5
chimera_topk_baseline,chimera,lotte,c1,c1_run1,1,100,1,0.957489,0.909246,0.909246,597.386,1.674,1.670,1.755,1.780,1.831,6.755,0.114,,64,2400,240,128,5,gpu_search,/scratch3/workspace/juelinliu_umass_edu-gpu-mvr/gpu-mvr/profiling/chimera_topk_baseline/logs/20260429T182345Z/lotte/chimera/all_k100_slots1_runs3.log,0,/scratch3/workspace/juelinliu_umass_edu-gpu-mvr/gpu-mvr/gpu-mvr/build/gpu_search --query /scratch3/workspace/juelinliu_umass_edu-gpu-mvr/gpu-mvr/dataset/lotte/raw/query.bin --gt /scratch3/workspace/juelinliu_umass_edu-gpu-mvr/gpu-mvr/dataset/lotte/raw/gt.tsv --index /scratch3/workspace/juelinliu_umass_edu-gpu-mvr/gpu-mvr/dataset/lotte/gpu_mvr_2m --k 100 --nq -1 --warmup 5 --concurrent-queries 1 --config-file /scratch3/workspace/juelinliu_umass_edu-gpu-mvr/gpu-mvr/config/tmp/chimera_topk_baseline/20260429T182345Z/lotte/chimera/all_k100_slots1_runs3.csv,,1,4906.378,,1.369,-1,32,5
chimera_topk_baseline,chimera,lotte,c1,c1_run2,1,100,2,0.957489,0.909266,0.909266,549.466,1.820,1.780,1.931,1.964,2.072,14.170,0.498,,64,2400,240,128,5,gpu_search,/scratch3/workspace/juelinliu_umass_edu-gpu-mvr/gpu-mvr/profiling/chimera_topk_baseline/logs/20260429T182345Z/lotte/chimera/all_k100_slots1_runs3.log,0,/scratch3/workspace/juelinliu_umass_edu-gpu-mvr/gpu-mvr/gpu-mvr/build/gpu_search --query /scratch3/workspace/juelinliu_umass_edu-gpu-mvr/gpu-mvr/dataset/lotte/raw/query.bin --gt /scratch3/workspace/juelinliu_umass_edu-gpu-mvr/gpu-mvr/dataset/lotte/raw/gt.tsv --index /scratch3/workspace/juelinliu_umass_edu-gpu-mvr/gpu-mvr/dataset/lotte/gpu_mvr_2m --k 100 --nq -1 --warmup 5 --concurrent-queries 1 --config-file /scratch3/workspace/juelinliu_umass_edu-gpu-mvr/gpu-mvr/config/tmp/chimera_topk_baseline/20260429T182345Z/lotte/chimera/all_k100_slots1_runs3.csv,,1,5334.265,,1.435,-1,32,5
chimera_topk_baseline,chimera,lotte,c1,c1_run3,1,100,3,0.957421,0.90927,0.90927,574.141,1.741,1.741,1.811,1.833,1.879,7.966,0.133,,64,2400,240,128,5,gpu_search,/scratch3/workspace/juelinliu_umass_edu-gpu-mvr/gpu-mvr/profiling/chimera_topk_baseline/logs/20260429T182345Z/lotte/chimera/all_k100_slots1_runs3.log,0,/scratch3/workspace/juelinliu_umass_edu-gpu-mvr/gpu-mvr/gpu-mvr/build/gpu_search --query /scratch3/workspace/juelinliu_umass_edu-gpu-mvr/gpu-mvr/dataset/lotte/raw/query.bin --gt /scratch3/workspace/juelinliu_umass_edu-gpu-mvr/gpu-mvr/dataset/lotte/raw/gt.tsv --index /scratch3/workspace/juelinliu_umass_edu-gpu-mvr/gpu-mvr/dataset/lotte/gpu_mvr_2m --k 100 --nq -1 --warmup 5 --concurrent-queries 1 --config-file /scratch3/workspace/juelinliu_umass_edu-gpu-mvr/gpu-mvr/config/tmp/chimera_topk_baseline/20260429T182345Z/lotte/chimera/all_k100_slots1_runs3.csv,,1,5105.016,,1.528,-1,32,5
chimera_topk_baseline,chimera,lotte,c2,c2_run1,1,100,1,0.960184,0.910962,0.910962,511.492,1.955,1.908,2.020,2.060,4.037,8.626,0.409,,96,1800,200,128,5,gpu_search,/scratch3/workspace/juelinliu_umass_edu-gpu-mvr/gpu-mvr/profiling/chimera_topk_baseline/logs/20260429T182345Z/lotte/chimera/all_k100_slots1_runs3.log,0,/scratch3/workspace/juelinliu_umass_edu-gpu-mvr/gpu-mvr/gpu-mvr/build/gpu_search --query /scratch3/workspace/juelinliu_umass_edu-gpu-mvr/gpu-mvr/dataset/lotte/raw/query.bin --gt /scratch3/workspace/juelinliu_umass_edu-gpu-mvr/gpu-mvr/dataset/lotte/raw/gt.tsv --index /scratch3/workspace/juelinliu_umass_edu-gpu-mvr/gpu-mvr/dataset/lotte/gpu_mvr_2m --k 100 --nq -1 --warmup 5 --concurrent-queries 1 --config-file /scratch3/workspace/juelinliu_umass_edu-gpu-mvr/gpu-mvr/config/tmp/chimera_topk_baseline/20260429T182345Z/lotte/chimera/all_k100_slots1_runs3.csv,,1,5730.299,,1.634,-1,32,5
chimera_topk_baseline,chimera,lotte,c2,c2_run2,1,100,2,0.960184,0.91089,0.91089,527.106,1.897,1.874,1.978,2.012,2.151,10.471,0.300,,96,1800,200,128,5,gpu_search,/scratch3/workspace/juelinliu_umass_edu-gpu-mvr/gpu-mvr/profiling/chimera_topk_baseline/logs/20260429T182345Z/lotte/chimera/all_k100_slots1_runs3.log,0,/scratch3/workspace/juelinliu_umass_edu-gpu-mvr/gpu-mvr/gpu-mvr/build/gpu_search --query /scratch3/workspace/juelinliu_umass_edu-gpu-mvr/gpu-mvr/dataset/lotte/raw/query.bin --gt /scratch3/workspace/juelinliu_umass_edu-gpu-mvr/gpu-mvr/dataset/lotte/raw/gt.tsv --index /scratch3/workspace/juelinliu_umass_edu-gpu-mvr/gpu-mvr/dataset/lotte/gpu_mvr_2m --k 100 --nq -1 --warmup 5 --concurrent-queries 1 --config-file /scratch3/workspace/juelinliu_umass_edu-gpu-mvr/gpu-mvr/config/tmp/chimera_topk_baseline/20260429T182345Z/lotte/chimera/all_k100_slots1_runs3.csv,,1,5560.548,,1.521,-1,32,5
chimera_topk_baseline,chimera,lotte,c2,c2_run3,1,100,3,0.960184,0.910959,0.910959,550.643,1.816,1.817,1.910,1.941,2.006,7.552,0.148,,96,1800,200,128,5,gpu_search,/scratch3/workspace/juelinliu_umass_edu-gpu-mvr/gpu-mvr/profiling/chimera_topk_baseline/logs/20260429T182345Z/lotte/chimera/all_k100_slots1_runs3.log,0,/scratch3/workspace/juelinliu_umass_edu-gpu-mvr/gpu-mvr/gpu-mvr/build/gpu_search --query /scratch3/workspace/juelinliu_umass_edu-gpu-mvr/gpu-mvr/dataset/lotte/raw/query.bin --gt /scratch3/workspace/juelinliu_umass_edu-gpu-mvr/gpu-mvr/dataset/lotte/raw/gt.tsv --index /scratch3/workspace/juelinliu_umass_edu-gpu-mvr/gpu-mvr/dataset/lotte/gpu_mvr_2m --k 100 --nq -1 --warmup 5 --concurrent-queries 1 --config-file /scratch3/workspace/juelinliu_umass_edu-gpu-mvr/gpu-mvr/config/tmp/chimera_topk_baseline/20260429T182345Z/lotte/chimera/all_k100_slots1_runs3.csv,,1,5322.870,,1.489,-1,32,5
chimera_topk_baseline,chimera,lotte,c3,c3_run1,1,100,1,0.960867,0.927298,0.927298,527.525,1.895,1.885,1.991,2.026,2.116,7.580,0.144,,96,2400,250,128,5,gpu_search,/scratch3/workspace/juelinliu_umass_edu-gpu-mvr/gpu-mvr/profiling/chimera_topk_baseline/logs/20260429T182345Z/lotte/chimera/all_k100_slots1_runs3.log,0,/scratch3/workspace/juelinliu_umass_edu-gpu-mvr/gpu-mvr/gpu-mvr/build/gpu_search --query /scratch3/workspace/juelinliu_umass_edu-gpu-mvr/gpu-mvr/dataset/lotte/raw/query.bin --gt /scratch3/workspace/juelinliu_umass_edu-gpu-mvr/gpu-mvr/dataset/lotte/raw/gt.tsv --index /scratch3/workspace/juelinliu_umass_edu-gpu-mvr/gpu-mvr/dataset/lotte/gpu_mvr_2m --k 100 --nq -1 --warmup 5 --concurrent-queries 1 --config-file /scratch3/workspace/juelinliu_umass_edu-gpu-mvr/gpu-mvr/config/tmp/chimera_topk_baseline/20260429T182345Z/lotte/chimera/all_k100_slots1_runs3.csv,,1,5556.136,,1.630,-1,32,5
chimera_topk_baseline,chimera,lotte,c3,c3_run2,1,100,2,0.960901,0.927329,0.927329,510.104,1.960,1.894,2.092,2.145,2.382,14.927,0.553,,96,2400,250,128,5,gpu_search,/scratch3/workspace/juelinliu_umass_edu-gpu-mvr/gpu-mvr/profiling/chimera_topk_baseline/logs/20260429T182345Z/lotte/chimera/all_k100_slots1_runs3.log,0,/scratch3/workspace/juelinliu_umass_edu-gpu-mvr/gpu-mvr/gpu-mvr/build/gpu_search --query /scratch3/workspace/juelinliu_umass_edu-gpu-mvr/gpu-mvr/dataset/lotte/raw/query.bin --gt /scratch3/workspace/juelinliu_umass_edu-gpu-mvr/gpu-mvr/dataset/lotte/raw/gt.tsv --index /scratch3/workspace/juelinliu_umass_edu-gpu-mvr/gpu-mvr/dataset/lotte/gpu_mvr_2m --k 100 --nq -1 --warmup 5 --concurrent-queries 1 --config-file /scratch3/workspace/juelinliu_umass_edu-gpu-mvr/gpu-mvr/config/tmp/chimera_topk_baseline/20260429T182345Z/lotte/chimera/all_k100_slots1_runs3.csv,,1,5745.882,,1.571,-1,32,5
chimera_topk_baseline,chimera,lotte,c3,c3_run3,1,100,3,0.960901,0.927277,0.927277,543.869,1.838,1.834,1.930,1.961,2.073,8.103,0.142,,96,2400,250,128,5,gpu_search,/scratch3/workspace/juelinliu_umass_edu-gpu-mvr/gpu-mvr/profiling/chimera_topk_baseline/logs/20260429T182345Z/lotte/chimera/all_k100_slots1_runs3.log,0,/scratch3/workspace/juelinliu_umass_edu-gpu-mvr/gpu-mvr/gpu-mvr/build/gpu_search --query /scratch3/workspace/juelinliu_umass_edu-gpu-mvr/gpu-mvr/dataset/lotte/raw/query.bin --gt /scratch3/workspace/juelinliu_umass_edu-gpu-mvr/gpu-mvr/dataset/lotte/raw/gt.tsv --index /scratch3/workspace/juelinliu_umass_edu-gpu-mvr/gpu-mvr/dataset/lotte/gpu_mvr_2m --k 100 --nq -1 --warmup 5 --concurrent-queries 1 --config-file /scratch3/workspace/juelinliu_umass_edu-gpu-mvr/gpu-mvr/config/tmp/chimera_topk_baseline/20260429T182345Z/lotte/chimera/all_k100_slots1_runs3.csv,,1,5389.170,,1.498,-1,32,5
chimera_topk_baseline,chimera,lotte,d1,d1_run1,1,100,1,0.962504,0.943599,0.943599,468.574,2.134,2.096,2.296,2.348,2.479,8.548,0.394,,128,3000,300,150,5,gpu_search,/scratch3/workspace/juelinliu_umass_edu-gpu-mvr/gpu-mvr/profiling/chimera_topk_baseline/logs/20260429T182345Z/lotte/chimera/all_k100_slots1_runs3.log,0,/scratch3/workspace/juelinliu_umass_edu-gpu-mvr/gpu-mvr/gpu-mvr/build/gpu_search --query /scratch3/workspace/juelinliu_umass_edu-gpu-mvr/gpu-mvr/dataset/lotte/raw/query.bin --gt /scratch3/workspace/juelinliu_umass_edu-gpu-mvr/gpu-mvr/dataset/lotte/raw/gt.tsv --index /scratch3/workspace/juelinliu_umass_edu-gpu-mvr/gpu-mvr/dataset/lotte/gpu_mvr_2m --k 100 --nq -1 --warmup 5 --concurrent-queries 1 --config-file /scratch3/workspace/juelinliu_umass_edu-gpu-mvr/gpu-mvr/config/tmp/chimera_topk_baseline/20260429T182345Z/lotte/chimera/all_k100_slots1_runs3.csv,,1,6255.145,,1.709,-1,32,5
chimera_topk_baseline,chimera,lotte,d1,d1_run2,1,100,2,0.962538,0.943538,0.943538,469.881,2.128,2.100,2.260,2.314,2.514,8.557,0.290,,128,3000,300,150,5,gpu_search,/scratch3/workspace/juelinliu_umass_edu-gpu-mvr/gpu-mvr/profiling/chimera_topk_baseline/logs/20260429T182345Z/lotte/chimera/all_k100_slots1_runs3.log,0,/scratch3/workspace/juelinliu_umass_edu-gpu-mvr/gpu-mvr/gpu-mvr/build/gpu_search --query /scratch3/workspace/juelinliu_umass_edu-gpu-mvr/gpu-mvr/dataset/lotte/raw/query.bin --gt /scratch3/workspace/juelinliu_umass_edu-gpu-mvr/gpu-mvr/dataset/lotte/raw/gt.tsv --index /scratch3/workspace/juelinliu_umass_edu-gpu-mvr/gpu-mvr/dataset/lotte/gpu_mvr_2m --k 100 --nq -1 --warmup 5 --concurrent-queries 1 --config-file /scratch3/workspace/juelinliu_umass_edu-gpu-mvr/gpu-mvr/config/tmp/chimera_topk_baseline/20260429T182345Z/lotte/chimera/all_k100_slots1_runs3.csv,,1,6237.750,,1.750,-1,32,5
chimera_topk_baseline,chimera,lotte,d1,d1_run3,1,100,3,0.962573,0.943548,0.943548,476.776,2.097,2.076,2.236,2.296,2.419,9.714,0.263,,128,3000,300,150,5,gpu_search,/scratch3/workspace/juelinliu_umass_edu-gpu-mvr/gpu-mvr/profiling/chimera_topk_baseline/logs/20260429T182345Z/lotte/chimera/all_k100_slots1_runs3.log,0,/scratch3/workspace/juelinliu_umass_edu-gpu-mvr/gpu-mvr/gpu-mvr/build/gpu_search --query /scratch3/workspace/juelinliu_umass_edu-gpu-mvr/gpu-mvr/dataset/lotte/raw/query.bin --gt /scratch3/workspace/juelinliu_umass_edu-gpu-mvr/gpu-mvr/dataset/lotte/raw/gt.tsv --index /scratch3/workspace/juelinliu_umass_edu-gpu-mvr/gpu-mvr/dataset/lotte/gpu_mvr_2m --k 100 --nq -1 --warmup 5 --concurrent-queries 1 --config-file /scratch3/workspace/juelinliu_umass_edu-gpu-mvr/gpu-mvr/config/tmp/chimera_topk_baseline/20260429T182345Z/lotte/chimera/all_k100_slots1_runs3.csv,,1,6147.542,,1.738,-1,32,5
chimera_topk_baseline,chimera,lotte,e1,e1_run1,1,100,1,0.961583,0.937977,0.937977,489.266,2.044,1.990,2.191,2.253,2.456,15.571,0.555,,96,3200,320,160,5,gpu_search,/scratch3/workspace/juelinliu_umass_edu-gpu-mvr/gpu-mvr/profiling/chimera_topk_baseline/logs/20260429T182345Z/lotte/chimera/all_k100_slots1_runs3.log,0,/scratch3/workspace/juelinliu_umass_edu-gpu-mvr/gpu-mvr/gpu-mvr/build/gpu_search --query /scratch3/workspace/juelinliu_umass_edu-gpu-mvr/gpu-mvr/dataset/lotte/raw/query.bin --gt /scratch3/workspace/juelinliu_umass_edu-gpu-mvr/gpu-mvr/dataset/lotte/raw/gt.tsv --index /scratch3/workspace/juelinliu_umass_edu-gpu-mvr/gpu-mvr/dataset/lotte/gpu_mvr_2m --k 100 --nq -1 --warmup 5 --concurrent-queries 1 --config-file /scratch3/workspace/juelinliu_umass_edu-gpu-mvr/gpu-mvr/config/tmp/chimera_topk_baseline/20260429T182345Z/lotte/chimera/all_k100_slots1_runs3.csv,,1,5990.608,,1.715,-1,32,5
chimera_topk_baseline,chimera,lotte,e1,e1_run2,1,100,2,0.961583,0.938018,0.938018,521.544,1.917,1.911,2.013,2.048,2.115,8.825,0.152,,96,3200,320,160,5,gpu_search,/scratch3/workspace/juelinliu_umass_edu-gpu-mvr/gpu-mvr/profiling/chimera_topk_baseline/logs/20260429T182345Z/lotte/chimera/all_k100_slots1_runs3.log,0,/scratch3/workspace/juelinliu_umass_edu-gpu-mvr/gpu-mvr/gpu-mvr/build/gpu_search --query /scratch3/workspace/juelinliu_umass_edu-gpu-mvr/gpu-mvr/dataset/lotte/raw/query.bin --gt /scratch3/workspace/juelinliu_umass_edu-gpu-mvr/gpu-mvr/dataset/lotte/raw/gt.tsv --index /scratch3/workspace/juelinliu_umass_edu-gpu-mvr/gpu-mvr/dataset/lotte/gpu_mvr_2m --k 100 --nq -1 --warmup 5 --concurrent-queries 1 --config-file /scratch3/workspace/juelinliu_umass_edu-gpu-mvr/gpu-mvr/config/tmp/chimera_topk_baseline/20260429T182345Z/lotte/chimera/all_k100_slots1_runs3.csv,,1,5619.856,,1.648,-1,32,5
chimera_topk_baseline,chimera,lotte,e1,e1_run3,1,100,3,0.961583,0.937997,0.937997,509.290,1.963,1.960,2.056,2.088,2.160,8.892,0.166,,96,3200,320,160,5,gpu_search,/scratch3/workspace/juelinliu_umass_edu-gpu-mvr/gpu-mvr/profiling/chimera_topk_baseline/logs/20260429T182345Z/lotte/chimera/all_k100_slots1_runs3.log,0,/scratch3/workspace/juelinliu_umass_edu-gpu-mvr/gpu-mvr/gpu-mvr/build/gpu_search --query /scratch3/workspace/juelinliu_umass_edu-gpu-mvr/gpu-mvr/dataset/lotte/raw/query.bin --gt /scratch3/workspace/juelinliu_umass_edu-gpu-mvr/gpu-mvr/dataset/lotte/raw/gt.tsv --index /scratch3/workspace/juelinliu_umass_edu-gpu-mvr/gpu-mvr/dataset/lotte/gpu_mvr_2m --k 100 --nq -1 --warmup 5 --concurrent-queries 1 --config-file /scratch3/workspace/juelinliu_umass_edu-gpu-mvr/gpu-mvr/config/tmp/chimera_topk_baseline/20260429T182345Z/lotte/chimera/all_k100_slots1_runs3.csv,,1,5755.072,,1.656,-1,32,5
chimera_topk_baseline,chimera,lotte,e2,e2_run1,1,100,1,0.962265,0.93607,0.93607,470.247,2.126,2.079,2.249,2.303,2.608,11.251,0.473,,128,2400,250,160,5,gpu_search,/scratch3/workspace/juelinliu_umass_edu-gpu-mvr/gpu-mvr/profiling/chimera_topk_baseline/logs/20260429T182345Z/lotte/chimera/all_k100_slots1_runs3.log,0,/scratch3/workspace/juelinliu_umass_edu-gpu-mvr/gpu-mvr/gpu-mvr/build/gpu_search --query /scratch3/workspace/juelinliu_umass_edu-gpu-mvr/gpu-mvr/dataset/lotte/raw/query.bin --gt /scratch3/workspace/juelinliu_umass_edu-gpu-mvr/gpu-mvr/dataset/lotte/raw/gt.tsv --index /scratch3/workspace/juelinliu_umass_edu-gpu-mvr/gpu-mvr/dataset/lotte/gpu_mvr_2m --k 100 --nq -1 --warmup 5 --concurrent-queries 1 --config-file /scratch3/workspace/juelinliu_umass_edu-gpu-mvr/gpu-mvr/config/tmp/chimera_topk_baseline/20260429T182345Z/lotte/chimera/all_k100_slots1_runs3.csv,,1,6232.896,,1.681,-1,32,5
chimera_topk_baseline,chimera,lotte,e2,e2_run2,1,100,2,0.962265,0.936066,0.936066,484.618,2.063,2.052,2.177,2.220,2.307,9.179,0.205,,128,2400,250,160,5,gpu_search,/scratch3/workspace/juelinliu_umass_edu-gpu-mvr/gpu-mvr/profiling/chimera_topk_baseline/logs/20260429T182345Z/lotte/chimera/all_k100_slots1_runs3.log,0,/scratch3/workspace/juelinliu_umass_edu-gpu-mvr/gpu-mvr/gpu-mvr/build/gpu_search --query /scratch3/workspace/juelinliu_umass_edu-gpu-mvr/gpu-mvr/dataset/lotte/raw/query.bin --gt /scratch3/workspace/juelinliu_umass_edu-gpu-mvr/gpu-mvr/dataset/lotte/raw/gt.tsv --index /scratch3/workspace/juelinliu_umass_edu-gpu-mvr/gpu-mvr/dataset/lotte/gpu_mvr_2m --k 100 --nq -1 --warmup 5 --concurrent-queries 1 --config-file /scratch3/workspace/juelinliu_umass_edu-gpu-mvr/gpu-mvr/config/tmp/chimera_topk_baseline/20260429T182345Z/lotte/chimera/all_k100_slots1_runs3.csv,,1,6048.064,,1.712,-1,32,5
chimera_topk_baseline,chimera,lotte,e2,e2_run3,1,100,3,0.9623,0.936056,0.936056,475.292,2.104,2.077,2.222,2.270,2.480,10.356,0.301,,128,2400,250,160,5,gpu_search,/scratch3/workspace/juelinliu_umass_edu-gpu-mvr/gpu-mvr/profiling/chimera_topk_baseline/logs/20260429T182345Z/lotte/chimera/all_k100_slots1_runs3.log,0,/scratch3/workspace/juelinliu_umass_edu-gpu-mvr/gpu-mvr/gpu-mvr/build/gpu_search --query /scratch3/workspace/juelinliu_umass_edu-gpu-mvr/gpu-mvr/dataset/lotte/raw/query.bin --gt /scratch3/workspace/juelinliu_umass_edu-gpu-mvr/gpu-mvr/dataset/lotte/raw/gt.tsv --index /scratch3/workspace/juelinliu_umass_edu-gpu-mvr/gpu-mvr/dataset/lotte/gpu_mvr_2m --k 100 --nq -1 --warmup 5 --concurrent-queries 1 --config-file /scratch3/workspace/juelinliu_umass_edu-gpu-mvr/gpu-mvr/config/tmp/chimera_topk_baseline/20260429T182345Z/lotte/chimera/all_k100_slots1_runs3.csv,,1,6166.735,,1.637,-1,32,5
chimera_topk_baseline,chimera,lotte,f1,f1_run1,1,100,1,0.962811,0.950665,0.950665,427.933,2.336,2.320,2.457,2.510,2.629,10.114,0.241,,128,4000,400,192,5,gpu_search,/scratch3/workspace/juelinliu_umass_edu-gpu-mvr/gpu-mvr/profiling/chimera_topk_baseline/logs/20260429T182345Z/lotte/chimera/all_k100_slots1_runs3.log,0,/scratch3/workspace/juelinliu_umass_edu-gpu-mvr/gpu-mvr/gpu-mvr/build/gpu_search --query /scratch3/workspace/juelinliu_umass_edu-gpu-mvr/gpu-mvr/dataset/lotte/raw/query.bin --gt /scratch3/workspace/juelinliu_umass_edu-gpu-mvr/gpu-mvr/dataset/lotte/raw/gt.tsv --index /scratch3/workspace/juelinliu_umass_edu-gpu-mvr/gpu-mvr/dataset/lotte/gpu_mvr_2m --k 100 --nq -1 --warmup 5 --concurrent-queries 1 --config-file /scratch3/workspace/juelinliu_umass_edu-gpu-mvr/gpu-mvr/config/tmp/chimera_topk_baseline/20260429T182345Z/lotte/chimera/all_k100_slots1_runs3.csv,,1,6849.203,,1.870,-1,32,5
chimera_topk_baseline,chimera,lotte,f1,f1_run2,1,100,2,0.962845,0.95073,0.95073,432.284,2.313,2.300,2.442,2.490,2.631,9.014,0.291,,128,4000,400,192,5,gpu_search,/scratch3/workspace/juelinliu_umass_edu-gpu-mvr/gpu-mvr/profiling/chimera_topk_baseline/logs/20260429T182345Z/lotte/chimera/all_k100_slots1_runs3.log,0,/scratch3/workspace/juelinliu_umass_edu-gpu-mvr/gpu-mvr/gpu-mvr/build/gpu_search --query /scratch3/workspace/juelinliu_umass_edu-gpu-mvr/gpu-mvr/dataset/lotte/raw/query.bin --gt /scratch3/workspace/juelinliu_umass_edu-gpu-mvr/gpu-mvr/dataset/lotte/raw/gt.tsv --index /scratch3/workspace/juelinliu_umass_edu-gpu-mvr/gpu-mvr/dataset/lotte/gpu_mvr_2m --k 100 --nq -1 --warmup 5 --concurrent-queries 1 --config-file /scratch3/workspace/juelinliu_umass_edu-gpu-mvr/gpu-mvr/config/tmp/chimera_topk_baseline/20260429T182345Z/lotte/chimera/all_k100_slots1_runs3.csv,,1,6780.266,,1.893,-1,32,5
chimera_topk_baseline,chimera,lotte,f1,f1_run3,1,100,3,0.962811,0.950641,0.950641,424.392,2.356,2.314,2.488,2.557,2.750,16.653,0.558,,128,4000,400,192,5,gpu_search,/scratch3/workspace/juelinliu_umass_edu-gpu-mvr/gpu-mvr/profiling/chimera_topk_baseline/logs/20260429T182345Z/lotte/chimera/all_k100_slots1_runs3.log,0,/scratch3/workspace/juelinliu_umass_edu-gpu-mvr/gpu-mvr/gpu-mvr/build/gpu_search --query /scratch3/workspace/juelinliu_umass_edu-gpu-mvr/gpu-mvr/dataset/lotte/raw/query.bin --gt /scratch3/workspace/juelinliu_umass_edu-gpu-mvr/gpu-mvr/dataset/lotte/raw/gt.tsv --index /scratch3/workspace/juelinliu_umass_edu-gpu-mvr/gpu-mvr/dataset/lotte/gpu_mvr_2m --k 100 --nq -1 --warmup 5 --concurrent-queries 1 --config-file /scratch3/workspace/juelinliu_umass_edu-gpu-mvr/gpu-mvr/config/tmp/chimera_topk_baseline/20260429T182345Z/lotte/chimera/all_k100_slots1_runs3.csv,,1,6906.356,,1.906,-1,32,5
chimera_topk_baseline,chimera,lotte,f2,f2_run1,1,100,1,0.963323,0.95305,0.95305,417.261,2.396,2.392,2.520,2.566,2.645,6.292,0.135,,160,3800,360,192,5,gpu_search,/scratch3/workspace/juelinliu_umass_edu-gpu-mvr/gpu-mvr/profiling/chimera_topk_baseline/logs/20260429T182345Z/lotte/chimera/all_k100_slots1_runs3.log,0,/scratch3/workspace/juelinliu_umass_edu-gpu-mvr/gpu-mvr/gpu-mvr/build/gpu_search --query /scratch3/workspace/juelinliu_umass_edu-gpu-mvr/gpu-mvr/dataset/lotte/raw/query.bin --gt /scratch3/workspace/juelinliu_umass_edu-gpu-mvr/gpu-mvr/dataset/lotte/raw/gt.tsv --index /scratch3/workspace/juelinliu_umass_edu-gpu-mvr/gpu-mvr/dataset/lotte/gpu_mvr_2m --k 100 --nq -1 --warmup 5 --concurrent-queries 1 --config-file /scratch3/workspace/juelinliu_umass_edu-gpu-mvr/gpu-mvr/config/tmp/chimera_topk_baseline/20260429T182345Z/lotte/chimera/all_k100_slots1_runs3.csv,,1,7024.376,,2.018,-1,32,5
chimera_topk_baseline,chimera,lotte,f2,f2_run2,1,100,2,0.963289,0.953067,0.953067,417.876,2.393,2.387,2.524,2.574,2.673,6.600,0.162,,160,3800,360,192,5,gpu_search,/scratch3/workspace/juelinliu_umass_edu-gpu-mvr/gpu-mvr/profiling/chimera_topk_baseline/logs/20260429T182345Z/lotte/chimera/all_k100_slots1_runs3.log,0,/scratch3/workspace/juelinliu_umass_edu-gpu-mvr/gpu-mvr/gpu-mvr/build/gpu_search --query /scratch3/workspace/juelinliu_umass_edu-gpu-mvr/gpu-mvr/dataset/lotte/raw/query.bin --gt /scratch3/workspace/juelinliu_umass_edu-gpu-mvr/gpu-mvr/dataset/lotte/raw/gt.tsv --index /scratch3/workspace/juelinliu_umass_edu-gpu-mvr/gpu-mvr/dataset/lotte/gpu_mvr_2m --k 100 --nq -1 --warmup 5 --concurrent-queries 1 --config-file /scratch3/workspace/juelinliu_umass_edu-gpu-mvr/gpu-mvr/config/tmp/chimera_topk_baseline/20260429T182345Z/lotte/chimera/all_k100_slots1_runs3.csv,,1,7014.038,,1.992,-1,32,5
chimera_topk_baseline,chimera,lotte,f2,f2_run3,1,100,3,0.963289,0.953047,0.953047,401.264,2.492,2.461,2.654,2.721,2.866,11.708,0.410,,160,3800,360,192,5,gpu_search,/scratch3/workspace/juelinliu_umass_edu-gpu-mvr/gpu-mvr/profiling/chimera_topk_baseline/logs/20260429T182345Z/lotte/chimera/all_k100_slots1_runs3.log,0,/scratch3/workspace/juelinliu_umass_edu-gpu-mvr/gpu-mvr/gpu-mvr/build/gpu_search --query /scratch3/workspace/juelinliu_umass_edu-gpu-mvr/gpu-mvr/dataset/lotte/raw/query.bin --gt /scratch3/workspace/juelinliu_umass_edu-gpu-mvr/gpu-mvr/dataset/lotte/raw/gt.tsv --index /scratch3/workspace/juelinliu_umass_edu-gpu-mvr/gpu-mvr/dataset/lotte/gpu_mvr_2m --k 100 --nq -1 --warmup 5 --concurrent-queries 1 --config-file /scratch3/workspace/juelinliu_umass_edu-gpu-mvr/gpu-mvr/config/tmp/chimera_topk_baseline/20260429T182345Z/lotte/chimera/all_k100_slots1_runs3.csv,,1,7304.415,,1.996,-1,32,5
chimera_topk_baseline,chimera,lotte,g1,g1_run1,1,100,1,0.963528,0.957356,0.957356,355.009,2.817,2.765,2.977,3.048,3.874,8.592,0.470,,160,5000,500,224,5,gpu_search,/scratch3/workspace/juelinliu_umass_edu-gpu-mvr/gpu-mvr/profiling/chimera_topk_baseline/logs/20260429T182345Z/lotte/chimera/all_k100_slots1_runs3.log,0,/scratch3/workspace/juelinliu_umass_edu-gpu-mvr/gpu-mvr/gpu-mvr/build/gpu_search --query /scratch3/workspace/juelinliu_umass_edu-gpu-mvr/gpu-mvr/dataset/lotte/raw/query.bin --gt /scratch3/workspace/juelinliu_umass_edu-gpu-mvr/gpu-mvr/dataset/lotte/raw/gt.tsv --index /scratch3/workspace/juelinliu_umass_edu-gpu-mvr/gpu-mvr/dataset/lotte/gpu_mvr_2m --k 100 --nq -1 --warmup 5 --concurrent-queries 1 --config-file /scratch3/workspace/juelinliu_umass_edu-gpu-mvr/gpu-mvr/config/tmp/chimera_topk_baseline/20260429T182345Z/lotte/chimera/all_k100_slots1_runs3.csv,,1,8256.131,,2.301,-1,32,5
chimera_topk_baseline,chimera,lotte,g1,g1_run2,1,100,2,0.963494,0.957366,0.957366,348.580,2.869,2.792,3.036,3.146,4.092,18.169,0.755,,160,5000,500,224,5,gpu_search,/scratch3/workspace/juelinliu_umass_edu-gpu-mvr/gpu-mvr/profiling/chimera_topk_baseline/logs/20260429T182345Z/lotte/chimera/all_k100_slots1_runs3.log,0,/scratch3/workspace/juelinliu_umass_edu-gpu-mvr/gpu-mvr/gpu-mvr/build/gpu_search --query /scratch3/workspace/juelinliu_umass_edu-gpu-mvr/gpu-mvr/dataset/lotte/raw/query.bin --gt /scratch3/workspace/juelinliu_umass_edu-gpu-mvr/gpu-mvr/dataset/lotte/raw/gt.tsv --index /scratch3/workspace/juelinliu_umass_edu-gpu-mvr/gpu-mvr/dataset/lotte/gpu_mvr_2m --k 100 --nq -1 --warmup 5 --concurrent-queries 1 --config-file /scratch3/workspace/juelinliu_umass_edu-gpu-mvr/gpu-mvr/config/tmp/chimera_topk_baseline/20260429T182345Z/lotte/chimera/all_k100_slots1_runs3.csv,,1,8408.406,,2.291,-1,32,5
chimera_topk_baseline,chimera,lotte,g1,g1_run3,1,100,3,0.963494,0.957404,0.957404,370.826,2.696,2.687,2.856,2.905,3.033,6.675,0.183,,160,5000,500,224,5,gpu_search,/scratch3/workspace/juelinliu_umass_edu-gpu-mvr/gpu-mvr/profiling/chimera_topk_baseline/logs/20260429T182345Z/lotte/chimera/all_k100_slots1_runs3.log,0,/scratch3/workspace/juelinliu_umass_edu-gpu-mvr/gpu-mvr/gpu-mvr/build/gpu_search --query /scratch3/workspace/juelinliu_umass_edu-gpu-mvr/gpu-mvr/dataset/lotte/raw/query.bin --gt /scratch3/workspace/juelinliu_umass_edu-gpu-mvr/gpu-mvr/dataset/lotte/raw/gt.tsv --index /scratch3/workspace/juelinliu_umass_edu-gpu-mvr/gpu-mvr/dataset/lotte/gpu_mvr_2m --k 100 --nq -1 --warmup 5 --concurrent-queries 1 --config-file /scratch3/workspace/juelinliu_umass_edu-gpu-mvr/gpu-mvr/config/tmp/chimera_topk_baseline/20260429T182345Z/lotte/chimera/all_k100_slots1_runs3.csv,,1,7903.987,,2.266,-1,32,5
chimera_topk_baseline,chimera,lotte,g2,g2_run1,1,100,1,0.963528,0.958424,0.958424,338.024,2.958,2.905,3.094,3.165,3.426,13.241,0.606,,160,6000,500,224,5,gpu_search,/scratch3/workspace/juelinliu_umass_edu-gpu-mvr/gpu-mvr/profiling/chimera_topk_baseline/logs/20260429T182345Z/lotte/chimera/all_k100_slots1_runs3.log,0,/scratch3/workspace/juelinliu_umass_edu-gpu-mvr/gpu-mvr/gpu-mvr/build/gpu_search --query /scratch3/workspace/juelinliu_umass_edu-gpu-mvr/gpu-mvr/dataset/lotte/raw/query.bin --gt /scratch3/workspace/juelinliu_umass_edu-gpu-mvr/gpu-mvr/dataset/lotte/raw/gt.tsv --index /scratch3/workspace/juelinliu_umass_edu-gpu-mvr/gpu-mvr/dataset/lotte/gpu_mvr_2m --k 100 --nq -1 --warmup 5 --concurrent-queries 1 --config-file /scratch3/workspace/juelinliu_umass_edu-gpu-mvr/gpu-mvr/config/tmp/chimera_topk_baseline/20260429T182345Z/lotte/chimera/all_k100_slots1_runs3.csv,,1,8670.989,,2.380,-1,32,5
chimera_topk_baseline,chimera,lotte,g2,g2_run2,1,100,2,0.963494,0.958417,0.958417,335.585,2.980,2.929,3.098,3.167,6.021,9.348,0.456,,160,6000,500,224,5,gpu_search,/scratch3/workspace/juelinliu_umass_edu-gpu-mvr/gpu-mvr/profiling/chimera_topk_baseline/logs/20260429T182345Z/lotte/chimera/all_k100_slots1_runs3.log,0,/scratch3/workspace/juelinliu_umass_edu-gpu-mvr/gpu-mvr/gpu-mvr/build/gpu_search --query /scratch3/workspace/juelinliu_umass_edu-gpu-mvr/gpu-mvr/dataset/lotte/raw/query.bin --gt /scratch3/workspace/juelinliu_umass_edu-gpu-mvr/gpu-mvr/dataset/lotte/raw/gt.tsv --index /scratch3/workspace/juelinliu_umass_edu-gpu-mvr/gpu-mvr/dataset/lotte/gpu_mvr_2m --k 100 --nq -1 --warmup 5 --concurrent-queries 1 --config-file /scratch3/workspace/juelinliu_umass_edu-gpu-mvr/gpu-mvr/config/tmp/chimera_topk_baseline/20260429T182345Z/lotte/chimera/all_k100_slots1_runs3.csv,,1,8734.006,,2.342,-1,32,5
chimera_topk_baseline,chimera,lotte,g2,g2_run3,1,100,3,0.963528,0.958383,0.958383,347.807,2.875,2.877,3.028,3.076,3.190,7.093,0.148,,160,6000,500,224,5,gpu_search,/scratch3/workspace/juelinliu_umass_edu-gpu-mvr/gpu-mvr/profiling/chimera_topk_baseline/logs/20260429T182345Z/lotte/chimera/all_k100_slots1_runs3.log,0,/scratch3/workspace/juelinliu_umass_edu-gpu-mvr/gpu-mvr/gpu-mvr/build/gpu_search --query /scratch3/workspace/juelinliu_umass_edu-gpu-mvr/gpu-mvr/dataset/lotte/raw/query.bin --gt /scratch3/workspace/juelinliu_umass_edu-gpu-mvr/gpu-mvr/dataset/lotte/raw/gt.tsv --index /scratch3/workspace/juelinliu_umass_edu-gpu-mvr/gpu-mvr/dataset/lotte/gpu_mvr_2m --k 100 --nq -1 --warmup 5 --concurrent-queries 1 --config-file /scratch3/workspace/juelinliu_umass_edu-gpu-mvr/gpu-mvr/config/tmp/chimera_topk_baseline/20260429T182345Z/lotte/chimera/all_k100_slots1_runs3.csv,,1,8427.079,,2.349,-1,32,5
chimera_topk_baseline,chimera,lotte,h1,h1_run1,1,100,1,0.963698,0.96115,0.96115,291.713,3.428,3.314,3.567,3.677,9.929,17.954,1.006,,192,6500,650,256,5,gpu_search,/scratch3/workspace/juelinliu_umass_edu-gpu-mvr/gpu-mvr/profiling/chimera_topk_baseline/logs/20260429T182345Z/lotte/chimera/all_k100_slots1_runs3.log,0,/scratch3/workspace/juelinliu_umass_edu-gpu-mvr/gpu-mvr/gpu-mvr/build/gpu_search --query /scratch3/workspace/juelinliu_umass_edu-gpu-mvr/gpu-mvr/dataset/lotte/raw/query.bin --gt /scratch3/workspace/juelinliu_umass_edu-gpu-mvr/gpu-mvr/dataset/lotte/raw/gt.tsv --index /scratch3/workspace/juelinliu_umass_edu-gpu-mvr/gpu-mvr/dataset/lotte/gpu_mvr_2m --k 100 --nq -1 --warmup 5 --concurrent-queries 1 --config-file /scratch3/workspace/juelinliu_umass_edu-gpu-mvr/gpu-mvr/config/tmp/chimera_topk_baseline/20260429T182345Z/lotte/chimera/all_k100_slots1_runs3.csv,,1,10047.545,,2.578,-1,32,5
chimera_topk_baseline,chimera,lotte,h1,h1_run2,1,100,2,0.963664,0.961116,0.961116,306.980,3.257,3.247,3.458,3.530,3.662,8.802,0.215,,192,6500,650,256,5,gpu_search,/scratch3/workspace/juelinliu_umass_edu-gpu-mvr/gpu-mvr/profiling/chimera_topk_baseline/logs/20260429T182345Z/lotte/chimera/all_k100_slots1_runs3.log,0,/scratch3/workspace/juelinliu_umass_edu-gpu-mvr/gpu-mvr/gpu-mvr/build/gpu_search --query /scratch3/workspace/juelinliu_umass_edu-gpu-mvr/gpu-mvr/dataset/lotte/raw/query.bin --gt /scratch3/workspace/juelinliu_umass_edu-gpu-mvr/gpu-mvr/dataset/lotte/raw/gt.tsv --index /scratch3/workspace/juelinliu_umass_edu-gpu-mvr/gpu-mvr/dataset/lotte/gpu_mvr_2m --k 100 --nq -1 --warmup 5 --concurrent-queries 1 --config-file /scratch3/workspace/juelinliu_umass_edu-gpu-mvr/gpu-mvr/config/tmp/chimera_topk_baseline/20260429T182345Z/lotte/chimera/all_k100_slots1_runs3.csv,,1,9547.858,,2.628,-1,32,5
chimera_topk_baseline,chimera,lotte,h1,h1_run3,1,100,3,0.963664,0.961116,0.961116,310.059,3.224,3.216,3.427,3.489,3.613,9.338,0.204,,192,6500,650,256,5,gpu_search,/scratch3/workspace/juelinliu_umass_edu-gpu-mvr/gpu-mvr/profiling/chimera_topk_baseline/logs/20260429T182345Z/lotte/chimera/all_k100_slots1_runs3.log,0,/scratch3/workspace/juelinliu_umass_edu-gpu-mvr/gpu-mvr/gpu-mvr/build/gpu_search --query /scratch3/workspace/juelinliu_umass_edu-gpu-mvr/gpu-mvr/dataset/lotte/raw/query.bin --gt /scratch3/workspace/juelinliu_umass_edu-gpu-mvr/gpu-mvr/dataset/lotte/raw/gt.tsv --index /scratch3/workspace/juelinliu_umass_edu-gpu-mvr/gpu-mvr/dataset/lotte/gpu_mvr_2m --k 100 --nq -1 --warmup 5 --concurrent-queries 1 --config-file /scratch3/workspace/juelinliu_umass_edu-gpu-mvr/gpu-mvr/config/tmp/chimera_topk_baseline/20260429T182345Z/lotte/chimera/all_k100_slots1_runs3.csv,,1,9453.047,,2.535,-1,32,5
chimera_topk_baseline,chimera,lotte,i1,i1_run1,1,100,1,0.963903,0.96288,0.96288,255.079,3.920,3.854,4.119,4.216,6.796,12.267,0.650,,224,8000,800,288,5,gpu_search,/scratch3/workspace/juelinliu_umass_edu-gpu-mvr/gpu-mvr/profiling/chimera_topk_baseline/logs/20260429T182345Z/lotte/chimera/all_k100_slots1_runs3.log,0,/scratch3/workspace/juelinliu_umass_edu-gpu-mvr/gpu-mvr/gpu-mvr/build/gpu_search --query /scratch3/workspace/juelinliu_umass_edu-gpu-mvr/gpu-mvr/dataset/lotte/raw/query.bin --gt /scratch3/workspace/juelinliu_umass_edu-gpu-mvr/gpu-mvr/dataset/lotte/raw/gt.tsv --index /scratch3/workspace/juelinliu_umass_edu-gpu-mvr/gpu-mvr/dataset/lotte/gpu_mvr_2m --k 100 --nq -1 --warmup 5 --concurrent-queries 1 --config-file /scratch3/workspace/juelinliu_umass_edu-gpu-mvr/gpu-mvr/config/tmp/chimera_topk_baseline/20260429T182345Z/lotte/chimera/all_k100_slots1_runs3.csv,,1,11490.546,,3.050,-1,32,5
chimera_topk_baseline,chimera,lotte,i1,i1_run2,1,100,2,0.963869,0.962903,0.962903,262.188,3.814,3.806,4.057,4.150,4.297,9.638,0.240,,224,8000,800,288,5,gpu_search,/scratch3/workspace/juelinliu_umass_edu-gpu-mvr/gpu-mvr/profiling/chimera_topk_baseline/logs/20260429T182345Z/lotte/chimera/all_k100_slots1_runs3.log,0,/scratch3/workspace/juelinliu_umass_edu-gpu-mvr/gpu-mvr/gpu-mvr/build/gpu_search --query /scratch3/workspace/juelinliu_umass_edu-gpu-mvr/gpu-mvr/dataset/lotte/raw/query.bin --gt /scratch3/workspace/juelinliu_umass_edu-gpu-mvr/gpu-mvr/dataset/lotte/raw/gt.tsv --index /scratch3/workspace/juelinliu_umass_edu-gpu-mvr/gpu-mvr/dataset/lotte/gpu_mvr_2m --k 100 --nq -1 --warmup 5 --concurrent-queries 1 --config-file /scratch3/workspace/juelinliu_umass_edu-gpu-mvr/gpu-mvr/config/tmp/chimera_topk_baseline/20260429T182345Z/lotte/chimera/all_k100_slots1_runs3.csv,,1,11179.000,,3.042,-1,32,5
chimera_topk_baseline,chimera,lotte,i1,i1_run3,1,100,3,0.963869,0.962897,0.962897,253.652,3.942,3.844,4.114,4.199,8.903,19.344,0.974,,224,8000,800,288,5,gpu_search,/scratch3/workspace/juelinliu_umass_edu-gpu-mvr/gpu-mvr/profiling/chimera_topk_baseline/logs/20260429T182345Z/lotte/chimera/all_k100_slots1_runs3.log,0,/scratch3/workspace/juelinliu_umass_edu-gpu-mvr/gpu-mvr/gpu-mvr/build/gpu_search --query /scratch3/workspace/juelinliu_umass_edu-gpu-mvr/gpu-mvr/dataset/lotte/raw/query.bin --gt /scratch3/workspace/juelinliu_umass_edu-gpu-mvr/gpu-mvr/dataset/lotte/raw/gt.tsv --index /scratch3/workspace/juelinliu_umass_edu-gpu-mvr/gpu-mvr/dataset/lotte/gpu_mvr_2m --k 100 --nq -1 --warmup 5 --concurrent-queries 1 --config-file /scratch3/workspace/juelinliu_umass_edu-gpu-mvr/gpu-mvr/config/tmp/chimera_topk_baseline/20260429T182345Z/lotte/chimera/all_k100_slots1_runs3.csv,,1,11555.196,,3.049,-1,32,5
chimera_topk_baseline,chimera,lotte,j1,j1_run1,1,100,1,0.964005,0.964156,0.964156,222.804,4.488,4.489,4.764,4.849,4.987,10.462,0.246,,256,10000,1000,320,5,gpu_search,/scratch3/workspace/juelinliu_umass_edu-gpu-mvr/gpu-mvr/profiling/chimera_topk_baseline/logs/20260429T182345Z/lotte/chimera/all_k100_slots1_runs3.log,0,/scratch3/workspace/juelinliu_umass_edu-gpu-mvr/gpu-mvr/gpu-mvr/build/gpu_search --query /scratch3/workspace/juelinliu_umass_edu-gpu-mvr/gpu-mvr/dataset/lotte/raw/query.bin --gt /scratch3/workspace/juelinliu_umass_edu-gpu-mvr/gpu-mvr/dataset/lotte/raw/gt.tsv --index /scratch3/workspace/juelinliu_umass_edu-gpu-mvr/gpu-mvr/dataset/lotte/gpu_mvr_2m --k 100 --nq -1 --warmup 5 --concurrent-queries 1 --config-file /scratch3/workspace/juelinliu_umass_edu-gpu-mvr/gpu-mvr/config/tmp/chimera_topk_baseline/20260429T182345Z/lotte/chimera/all_k100_slots1_runs3.csv,,1,13155.060,,3.481,-1,32,5
chimera_topk_baseline,chimera,lotte,j1,j1_run2,1,100,2,0.96404,0.964156,0.964156,218.956,4.567,4.503,4.775,4.856,6.456,13.523,0.716,,256,10000,1000,320,5,gpu_search,/scratch3/workspace/juelinliu_umass_edu-gpu-mvr/gpu-mvr/profiling/chimera_topk_baseline/logs/20260429T182345Z/lotte/chimera/all_k100_slots1_runs3.log,0,/scratch3/workspace/juelinliu_umass_edu-gpu-mvr/gpu-mvr/gpu-mvr/build/gpu_search --query /scratch3/workspace/juelinliu_umass_edu-gpu-mvr/gpu-mvr/dataset/lotte/raw/query.bin --gt /scratch3/workspace/juelinliu_umass_edu-gpu-mvr/gpu-mvr/dataset/lotte/raw/gt.tsv --index /scratch3/workspace/juelinliu_umass_edu-gpu-mvr/gpu-mvr/dataset/lotte/gpu_mvr_2m --k 100 --nq -1 --warmup 5 --concurrent-queries 1 --config-file /scratch3/workspace/juelinliu_umass_edu-gpu-mvr/gpu-mvr/config/tmp/chimera_topk_baseline/20260429T182345Z/lotte/chimera/all_k100_slots1_runs3.csv,,1,13386.258,,3.653,-1,32,5
chimera_topk_baseline,chimera,lotte,j1,j1_run3,1,100,3,0.964005,0.964149,0.964149,221.010,4.524,4.507,4.777,4.868,5.050,14.162,0.458,9289.38,256,10000,1000,320,5,gpu_search,/scratch3/workspace/juelinliu_umass_edu-gpu-mvr/gpu-mvr/profiling/chimera_topk_baseline/logs/20260429T182345Z/lotte/chimera/all_k100_slots1_runs3.log,0,/scratch3/workspace/juelinliu_umass_edu-gpu-mvr/gpu-mvr/gpu-mvr/build/gpu_search --query /scratch3/workspace/juelinliu_umass_edu-gpu-mvr/gpu-mvr/dataset/lotte/raw/query.bin --gt /scratch3/workspace/juelinliu_umass_edu-gpu-mvr/gpu-mvr/dataset/lotte/raw/gt.tsv --index /scratch3/workspace/juelinliu_umass_edu-gpu-mvr/gpu-mvr/dataset/lotte/gpu_mvr_2m --k 100 --nq -1 --warmup 5 --concurrent-queries 1 --config-file /scratch3/workspace/juelinliu_umass_edu-gpu-mvr/gpu-mvr/config/tmp/chimera_topk_baseline/20260429T182345Z/lotte/chimera/all_k100_slots1_runs3.csv,,1,13261.841,9289.38,3.533,-1,32,5
chimera_topk_baseline,chimera,msmarco,low1,low1_run1,1,100,1,0.807966,0.343262,0.343262,698.707,1.431,1.420,1.514,1.543,1.604,9.943,0.231,,4,200,40,32,5,gpu_search,/scratch3/workspace/juelinliu_umass_edu-gpu-mvr/gpu-mvr/profiling/chimera_topk_baseline/logs/20260429T182345Z/msmarco/chimera/all_k100_slots1_runs3.log,0,/scratch3/workspace/juelinliu_umass_edu-gpu-mvr/gpu-mvr/gpu-mvr/build/gpu_search --query /scratch3/workspace/juelinliu_umass_edu-gpu-mvr/gpu-mvr/dataset/msmarco/raw/query.bin --gt /scratch3/workspace/juelinliu_umass_edu-gpu-mvr/gpu-mvr/dataset/msmarco/raw/gt.tsv --index /scratch3/workspace/juelinliu_umass_edu-gpu-mvr/gpu-mvr/dataset/msmarco/gpu_mvr_2m --k 100 --nq -1 --warmup 5 --concurrent-queries 1 --config-file /scratch3/workspace/juelinliu_umass_edu-gpu-mvr/gpu-mvr/config/tmp/chimera_topk_baseline/20260429T182345Z/msmarco/chimera/all_k100_slots1_runs3.csv,,1,9989.877,,1.183,-1,32,5
chimera_topk_baseline,chimera,msmarco,low1,low1_run2,1,100,2,0.807966,0.343262,0.343262,711.658,1.405,1.398,1.482,1.513,1.592,10.978,0.230,,4,200,40,32,5,gpu_search,/scratch3/workspace/juelinliu_umass_edu-gpu-mvr/gpu-mvr/profiling/chimera_topk_baseline/logs/20260429T182345Z/msmarco/chimera/all_k100_slots1_runs3.log,0,/scratch3/workspace/juelinliu_umass_edu-gpu-mvr/gpu-mvr/gpu-mvr/build/gpu_search --query /scratch3/workspace/juelinliu_umass_edu-gpu-mvr/gpu-mvr/dataset/msmarco/raw/query.bin --gt /scratch3/workspace/juelinliu_umass_edu-gpu-mvr/gpu-mvr/dataset/msmarco/raw/gt.tsv --index /scratch3/workspace/juelinliu_umass_edu-gpu-mvr/gpu-mvr/dataset/msmarco/gpu_mvr_2m --k 100 --nq -1 --warmup 5 --concurrent-queries 1 --config-file /scratch3/workspace/juelinliu_umass_edu-gpu-mvr/gpu-mvr/config/tmp/chimera_topk_baseline/20260429T182345Z/msmarco/chimera/all_k100_slots1_runs3.csv,,1,9808.088,,1.091,-1,32,5
chimera_topk_baseline,chimera,msmarco,low1,low1_run3,1,100,3,0.807966,0.343262,0.343262,695.655,1.437,1.413,1.540,1.584,1.689,17.187,0.436,,4,200,40,32,5,gpu_search,/scratch3/workspace/juelinliu_umass_edu-gpu-mvr/gpu-mvr/profiling/chimera_topk_baseline/logs/20260429T182345Z/msmarco/chimera/all_k100_slots1_runs3.log,0,/scratch3/workspace/juelinliu_umass_edu-gpu-mvr/gpu-mvr/gpu-mvr/build/gpu_search --query /scratch3/workspace/juelinliu_umass_edu-gpu-mvr/gpu-mvr/dataset/msmarco/raw/query.bin --gt /scratch3/workspace/juelinliu_umass_edu-gpu-mvr/gpu-mvr/dataset/msmarco/raw/gt.tsv --index /scratch3/workspace/juelinliu_umass_edu-gpu-mvr/gpu-mvr/dataset/msmarco/gpu_mvr_2m --k 100 --nq -1 --warmup 5 --concurrent-queries 1 --config-file /scratch3/workspace/juelinliu_umass_edu-gpu-mvr/gpu-mvr/config/tmp/chimera_topk_baseline/20260429T182345Z/msmarco/chimera/all_k100_slots1_runs3.csv,,1,10033.708,,1.043,-1,32,5
chimera_topk_baseline,chimera,msmarco,low2,low2_run1,1,100,1,0.884026,0.440395,0.440395,711.602,1.405,1.413,1.528,1.560,1.687,15.497,0.378,,8,300,50,32,5,gpu_search,/scratch3/workspace/juelinliu_umass_edu-gpu-mvr/gpu-mvr/profiling/chimera_topk_baseline/logs/20260429T182345Z/msmarco/chimera/all_k100_slots1_runs3.log,0,/scratch3/workspace/juelinliu_umass_edu-gpu-mvr/gpu-mvr/gpu-mvr/build/gpu_search --query /scratch3/workspace/juelinliu_umass_edu-gpu-mvr/gpu-mvr/dataset/msmarco/raw/query.bin --gt /scratch3/workspace/juelinliu_umass_edu-gpu-mvr/gpu-mvr/dataset/msmarco/raw/gt.tsv --index /scratch3/workspace/juelinliu_umass_edu-gpu-mvr/gpu-mvr/dataset/msmarco/gpu_mvr_2m --k 100 --nq -1 --warmup 5 --concurrent-queries 1 --config-file /scratch3/workspace/juelinliu_umass_edu-gpu-mvr/gpu-mvr/config/tmp/chimera_topk_baseline/20260429T182345Z/msmarco/chimera/all_k100_slots1_runs3.csv,,1,9808.853,,1.123,-1,32,5
chimera_topk_baseline,chimera,msmarco,low2,low2_run2,1,100,2,0.884026,0.440395,0.440395,626.119,1.597,1.536,1.694,1.747,1.986,11.643,0.670,,8,300,50,32,5,gpu_search,/scratch3/workspace/juelinliu_umass_edu-gpu-mvr/gpu-mvr/profiling/chimera_topk_baseline/logs/20260429T182345Z/msmarco/chimera/all_k100_slots1_runs3.log,0,/scratch3/workspace/juelinliu_umass_edu-gpu-mvr/gpu-mvr/gpu-mvr/build/gpu_search --query /scratch3/workspace/juelinliu_umass_edu-gpu-mvr/gpu-mvr/dataset/msmarco/raw/query.bin --gt /scratch3/workspace/juelinliu_umass_edu-gpu-mvr/gpu-mvr/dataset/msmarco/raw/gt.tsv --index /scratch3/workspace/juelinliu_umass_edu-gpu-mvr/gpu-mvr/dataset/msmarco/gpu_mvr_2m --k 100 --nq -1 --warmup 5 --concurrent-queries 1 --config-file /scratch3/workspace/juelinliu_umass_edu-gpu-mvr/gpu-mvr/config/tmp/chimera_topk_baseline/20260429T182345Z/msmarco/chimera/all_k100_slots1_runs3.csv,,1,11148.037,,1.117,-1,32,5
chimera_topk_baseline,chimera,msmarco,low2,low2_run3,1,100,3,0.884026,0.440395,0.440395,644.048,1.553,1.501,1.624,1.670,1.880,11.897,0.535,,8,300,50,32,5,gpu_search,/scratch3/workspace/juelinliu_umass_edu-gpu-mvr/gpu-mvr/profiling/chimera_topk_baseline/logs/20260429T182345Z/msmarco/chimera/all_k100_slots1_runs3.log,0,/scratch3/workspace/juelinliu_umass_edu-gpu-mvr/gpu-mvr/gpu-mvr/build/gpu_search --query /scratch3/workspace/juelinliu_umass_edu-gpu-mvr/gpu-mvr/dataset/msmarco/raw/query.bin --gt /scratch3/workspace/juelinliu_umass_edu-gpu-mvr/gpu-mvr/dataset/msmarco/raw/gt.tsv --index /scratch3/workspace/juelinliu_umass_edu-gpu-mvr/gpu-mvr/dataset/msmarco/gpu_mvr_2m --k 100 --nq -1 --warmup 5 --concurrent-queries 1 --config-file /scratch3/workspace/juelinliu_umass_edu-gpu-mvr/gpu-mvr/config/tmp/chimera_topk_baseline/20260429T182345Z/msmarco/chimera/all_k100_slots1_runs3.csv,,1,10837.698,,1.181,-1,32,5
chimera_topk_baseline,chimera,msmarco,low3,low3_run1,1,100,1,0.897034,0.513315,0.513315,659.362,1.516,1.482,1.616,1.665,1.840,9.892,0.328,,8,400,60,48,5,gpu_search,/scratch3/workspace/juelinliu_umass_edu-gpu-mvr/gpu-mvr/profiling/chimera_topk_baseline/logs/20260429T182345Z/msmarco/chimera/all_k100_slots1_runs3.log,0,/scratch3/workspace/juelinliu_umass_edu-gpu-mvr/gpu-mvr/gpu-mvr/build/gpu_search --query /scratch3/workspace/juelinliu_umass_edu-gpu-mvr/gpu-mvr/dataset/msmarco/raw/query.bin --gt /scratch3/workspace/juelinliu_umass_edu-gpu-mvr/gpu-mvr/dataset/msmarco/raw/gt.tsv --index /scratch3/workspace/juelinliu_umass_edu-gpu-mvr/gpu-mvr/dataset/msmarco/gpu_mvr_2m --k 100 --nq -1 --warmup 5 --concurrent-queries 1 --config-file /scratch3/workspace/juelinliu_umass_edu-gpu-mvr/gpu-mvr/config/tmp/chimera_topk_baseline/20260429T182345Z/msmarco/chimera/all_k100_slots1_runs3.csv,,1,10585.998,,1.246,-1,32,5
chimera_topk_baseline,chimera,msmarco,low3,low3_run2,1,100,2,0.89702,0.513308,0.513308,692.508,1.444,1.433,1.503,1.526,1.700,6.764,0.133,,8,400,60,48,5,gpu_search,/scratch3/workspace/juelinliu_umass_edu-gpu-mvr/gpu-mvr/profiling/chimera_topk_baseline/logs/20260429T182345Z/msmarco/chimera/all_k100_slots1_runs3.log,0,/scratch3/workspace/juelinliu_umass_edu-gpu-mvr/gpu-mvr/gpu-mvr/build/gpu_search --query /scratch3/workspace/juelinliu_umass_edu-gpu-mvr/gpu-mvr/dataset/msmarco/raw/query.bin --gt /scratch3/workspace/juelinliu_umass_edu-gpu-mvr/gpu-mvr/dataset/msmarco/raw/gt.tsv --index /scratch3/workspace/juelinliu_umass_edu-gpu-mvr/gpu-mvr/dataset/msmarco/gpu_mvr_2m --k 100 --nq -1 --warmup 5 --concurrent-queries 1 --config-file /scratch3/workspace/juelinliu_umass_edu-gpu-mvr/gpu-mvr/config/tmp/chimera_topk_baseline/20260429T182345Z/msmarco/chimera/all_k100_slots1_runs3.csv,,1,10079.313,,1.231,-1,32,5
chimera_topk_baseline,chimera,msmarco,low3,low3_run3,1,100,3,0.89702,0.513328,0.513328,691.238,1.447,1.437,1.511,1.533,1.612,7.269,0.143,,8,400,60,48,5,gpu_search,/scratch3/workspace/juelinliu_umass_edu-gpu-mvr/gpu-mvr/profiling/chimera_topk_baseline/logs/20260429T182345Z/msmarco/chimera/all_k100_slots1_runs3.log,0,/scratch3/workspace/juelinliu_umass_edu-gpu-mvr/gpu-mvr/gpu-mvr/build/gpu_search --query /scratch3/workspace/juelinliu_umass_edu-gpu-mvr/gpu-mvr/dataset/msmarco/raw/query.bin --gt /scratch3/workspace/juelinliu_umass_edu-gpu-mvr/gpu-mvr/dataset/msmarco/raw/gt.tsv --index /scratch3/workspace/juelinliu_umass_edu-gpu-mvr/gpu-mvr/dataset/msmarco/gpu_mvr_2m --k 100 --nq -1 --warmup 5 --concurrent-queries 1 --config-file /scratch3/workspace/juelinliu_umass_edu-gpu-mvr/gpu-mvr/config/tmp/chimera_topk_baseline/20260429T182345Z/msmarco/chimera/all_k100_slots1_runs3.csv,,1,10097.823,,1.192,-1,32,5
chimera_topk_baseline,chimera,msmarco,low4,low4_run1,1,100,1,0.921805,0.641446,0.641446,659.032,1.517,1.489,1.621,1.727,1.842,9.287,0.255,,12,500,80,48,5,gpu_search,/scratch3/workspace/juelinliu_umass_edu-gpu-mvr/gpu-mvr/profiling/chimera_topk_baseline/logs/20260429T182345Z/msmarco/chimera/all_k100_slots1_runs3.log,0,/scratch3/workspace/juelinliu_umass_edu-gpu-mvr/gpu-mvr/gpu-mvr/build/gpu_search --query /scratch3/workspace/juelinliu_umass_edu-gpu-mvr/gpu-mvr/dataset/msmarco/raw/query.bin --gt /scratch3/workspace/juelinliu_umass_edu-gpu-mvr/gpu-mvr/dataset/msmarco/raw/gt.tsv --index /scratch3/workspace/juelinliu_umass_edu-gpu-mvr/gpu-mvr/dataset/msmarco/gpu_mvr_2m --k 100 --nq -1 --warmup 5 --concurrent-queries 1 --config-file /scratch3/workspace/juelinliu_umass_edu-gpu-mvr/gpu-mvr/config/tmp/chimera_topk_baseline/20260429T182345Z/msmarco/chimera/all_k100_slots1_runs3.csv,,1,10591.292,,1.225,-1,32,5
chimera_topk_baseline,chimera,msmarco,low4,low4_run2,1,100,2,0.921848,0.641428,0.641428,669.627,1.493,1.481,1.571,1.604,1.699,7.528,0.180,,12,500,80,48,5,gpu_search,/scratch3/workspace/juelinliu_umass_edu-gpu-mvr/gpu-mvr/profiling/chimera_topk_baseline/logs/20260429T182345Z/msmarco/chimera/all_k100_slots1_runs3.log,0,/scratch3/workspace/juelinliu_umass_edu-gpu-mvr/gpu-mvr/gpu-mvr/build/gpu_search --query /scratch3/workspace/juelinliu_umass_edu-gpu-mvr/gpu-mvr/dataset/msmarco/raw/query.bin --gt /scratch3/workspace/juelinliu_umass_edu-gpu-mvr/gpu-mvr/dataset/msmarco/raw/gt.tsv --index /scratch3/workspace/juelinliu_umass_edu-gpu-mvr/gpu-mvr/dataset/msmarco/gpu_mvr_2m --k 100 --nq -1 --warmup 5 --concurrent-queries 1 --config-file /scratch3/workspace/juelinliu_umass_edu-gpu-mvr/gpu-mvr/config/tmp/chimera_topk_baseline/20260429T182345Z/msmarco/chimera/all_k100_slots1_runs3.csv,,1,10423.716,,1.191,-1,32,5
chimera_topk_baseline,chimera,msmarco,low4,low4_run3,1,100,3,0.921805,0.641421,0.641421,677.389,1.476,1.464,1.539,1.564,1.694,7.398,0.154,,12,500,80,48,5,gpu_search,/scratch3/workspace/juelinliu_umass_edu-gpu-mvr/gpu-mvr/profiling/chimera_topk_baseline/logs/20260429T182345Z/msmarco/chimera/all_k100_slots1_runs3.log,0,/scratch3/workspace/juelinliu_umass_edu-gpu-mvr/gpu-mvr/gpu-mvr/build/gpu_search --query /scratch3/workspace/juelinliu_umass_edu-gpu-mvr/gpu-mvr/dataset/msmarco/raw/query.bin --gt /scratch3/workspace/juelinliu_umass_edu-gpu-mvr/gpu-mvr/dataset/msmarco/raw/gt.tsv --index /scratch3/workspace/juelinliu_umass_edu-gpu-mvr/gpu-mvr/dataset/msmarco/gpu_mvr_2m --k 100 --nq -1 --warmup 5 --concurrent-queries 1 --config-file /scratch3/workspace/juelinliu_umass_edu-gpu-mvr/gpu-mvr/config/tmp/chimera_topk_baseline/20260429T182345Z/msmarco/chimera/all_k100_slots1_runs3.csv,,1,10304.278,,1.224,-1,32,5
chimera_topk_baseline,chimera,msmarco,low5,low5_run1,1,100,1,0.925931,0.648597,0.648597,670.028,1.492,1.478,1.567,1.601,1.695,8.601,0.167,,12,600,80,64,5,gpu_search,/scratch3/workspace/juelinliu_umass_edu-gpu-mvr/gpu-mvr/profiling/chimera_topk_baseline/logs/20260429T182345Z/msmarco/chimera/all_k100_slots1_runs3.log,0,/scratch3/workspace/juelinliu_umass_edu-gpu-mvr/gpu-mvr/gpu-mvr/build/gpu_search --query /scratch3/workspace/juelinliu_umass_edu-gpu-mvr/gpu-mvr/dataset/msmarco/raw/query.bin --gt /scratch3/workspace/juelinliu_umass_edu-gpu-mvr/gpu-mvr/dataset/msmarco/raw/gt.tsv --index /scratch3/workspace/juelinliu_umass_edu-gpu-mvr/gpu-mvr/dataset/msmarco/gpu_mvr_2m --k 100 --nq -1 --warmup 5 --concurrent-queries 1 --config-file /scratch3/workspace/juelinliu_umass_edu-gpu-mvr/gpu-mvr/config/tmp/chimera_topk_baseline/20260429T182345Z/msmarco/chimera/all_k100_slots1_runs3.csv,,1,10417.478,,1.290,-1,32,5
chimera_topk_baseline,chimera,msmarco,low5,low5_run2,1,100,2,0.925917,0.648632,0.648632,654.194,1.528,1.489,1.670,1.722,1.865,9.828,0.283,,12,600,80,64,5,gpu_search,/scratch3/workspace/juelinliu_umass_edu-gpu-mvr/gpu-mvr/profiling/chimera_topk_baseline/logs/20260429T182345Z/msmarco/chimera/all_k100_slots1_runs3.log,0,/scratch3/workspace/juelinliu_umass_edu-gpu-mvr/gpu-mvr/gpu-mvr/build/gpu_search --query /scratch3/workspace/juelinliu_umass_edu-gpu-mvr/gpu-mvr/dataset/msmarco/raw/query.bin --gt /scratch3/workspace/juelinliu_umass_edu-gpu-mvr/gpu-mvr/dataset/msmarco/raw/gt.tsv --index /scratch3/workspace/juelinliu_umass_edu-gpu-mvr/gpu-mvr/dataset/msmarco/gpu_mvr_2m --k 100 --nq -1 --warmup 5 --concurrent-queries 1 --config-file /scratch3/workspace/juelinliu_umass_edu-gpu-mvr/gpu-mvr/config/tmp/chimera_topk_baseline/20260429T182345Z/msmarco/chimera/all_k100_slots1_runs3.csv,,1,10669.618,,1.226,-1,32,5
chimera_topk_baseline,chimera,msmarco,low5,low5_run3,1,100,3,0.925917,0.648583,0.648583,680.697,1.469,1.461,1.536,1.562,1.634,7.066,0.145,,12,600,80,64,5,gpu_search,/scratch3/workspace/juelinliu_umass_edu-gpu-mvr/gpu-mvr/profiling/chimera_topk_baseline/logs/20260429T182345Z/msmarco/chimera/all_k100_slots1_runs3.log,0,/scratch3/workspace/juelinliu_umass_edu-gpu-mvr/gpu-mvr/gpu-mvr/build/gpu_search --query /scratch3/workspace/juelinliu_umass_edu-gpu-mvr/gpu-mvr/dataset/msmarco/raw/query.bin --gt /scratch3/workspace/juelinliu_umass_edu-gpu-mvr/gpu-mvr/dataset/msmarco/raw/gt.tsv --index /scratch3/workspace/juelinliu_umass_edu-gpu-mvr/gpu-mvr/dataset/msmarco/gpu_mvr_2m --k 100 --nq -1 --warmup 5 --concurrent-queries 1 --config-file /scratch3/workspace/juelinliu_umass_edu-gpu-mvr/gpu-mvr/config/tmp/chimera_topk_baseline/20260429T182345Z/msmarco/chimera/all_k100_slots1_runs3.csv,,1,10254.188,,1.211,-1,32,5
chimera_topk_baseline,chimera,msmarco,low6,low6_run1,1,100,1,0.938195,0.708878,0.708878,665.827,1.502,1.475,1.592,1.643,1.830,7.510,0.188,,16,700,90,64,5,gpu_search,/scratch3/workspace/juelinliu_umass_edu-gpu-mvr/gpu-mvr/profiling/chimera_topk_baseline/logs/20260429T182345Z/msmarco/chimera/all_k100_slots1_runs3.log,0,/scratch3/workspace/juelinliu_umass_edu-gpu-mvr/gpu-mvr/gpu-mvr/build/gpu_search --query /scratch3/workspace/juelinliu_umass_edu-gpu-mvr/gpu-mvr/dataset/msmarco/raw/query.bin --gt /scratch3/workspace/juelinliu_umass_edu-gpu-mvr/gpu-mvr/dataset/msmarco/raw/gt.tsv --index /scratch3/workspace/juelinliu_umass_edu-gpu-mvr/gpu-mvr/dataset/msmarco/gpu_mvr_2m --k 100 --nq -1 --warmup 5 --concurrent-queries 1 --config-file /scratch3/workspace/juelinliu_umass_edu-gpu-mvr/gpu-mvr/config/tmp/chimera_topk_baseline/20260429T182345Z/msmarco/chimera/all_k100_slots1_runs3.csv,,1,10483.206,,1.280,-1,32,5
chimera_topk_baseline,chimera,msmarco,low6,low6_run2,1,100,2,0.938209,0.708894,0.708894,655.989,1.524,1.495,1.631,1.702,1.816,10.542,0.318,,16,700,90,64,5,gpu_search,/scratch3/workspace/juelinliu_umass_edu-gpu-mvr/gpu-mvr/profiling/chimera_topk_baseline/logs/20260429T182345Z/msmarco/chimera/all_k100_slots1_runs3.log,0,/scratch3/workspace/juelinliu_umass_edu-gpu-mvr/gpu-mvr/gpu-mvr/build/gpu_search --query /scratch3/workspace/juelinliu_umass_edu-gpu-mvr/gpu-mvr/dataset/msmarco/raw/query.bin --gt /scratch3/workspace/juelinliu_umass_edu-gpu-mvr/gpu-mvr/dataset/msmarco/raw/gt.tsv --index /scratch3/workspace/juelinliu_umass_edu-gpu-mvr/gpu-mvr/dataset/msmarco/gpu_mvr_2m --k 100 --nq -1 --warmup 5 --concurrent-queries 1 --config-file /scratch3/workspace/juelinliu_umass_edu-gpu-mvr/gpu-mvr/config/tmp/chimera_topk_baseline/20260429T182345Z/msmarco/chimera/all_k100_slots1_runs3.csv,,1,10640.424,,1.266,-1,32,5
chimera_topk_baseline,chimera,msmarco,low6,low6_run3,1,100,3,0.938195,0.70892,0.70892,675.939,1.479,1.468,1.557,1.590,1.685,8.935,0.164,,16,700,90,64,5,gpu_search,/scratch3/workspace/juelinliu_umass_edu-gpu-mvr/gpu-mvr/profiling/chimera_topk_baseline/logs/20260429T182345Z/msmarco/chimera/all_k100_slots1_runs3.log,0,/scratch3/workspace/juelinliu_umass_edu-gpu-mvr/gpu-mvr/gpu-mvr/build/gpu_search --query /scratch3/workspace/juelinliu_umass_edu-gpu-mvr/gpu-mvr/dataset/msmarco/raw/query.bin --gt /scratch3/workspace/juelinliu_umass_edu-gpu-mvr/gpu-mvr/dataset/msmarco/raw/gt.tsv --index /scratch3/workspace/juelinliu_umass_edu-gpu-mvr/gpu-mvr/dataset/msmarco/gpu_mvr_2m --k 100 --nq -1 --warmup 5 --concurrent-queries 1 --config-file /scratch3/workspace/juelinliu_umass_edu-gpu-mvr/gpu-mvr/config/tmp/chimera_topk_baseline/20260429T182345Z/msmarco/chimera/all_k100_slots1_runs3.csv,,1,10326.369,,1.230,-1,32,5
chimera_topk_baseline,chimera,msmarco,a1,a1_run1,1,100,1,0.940215,0.746734,0.746734,683.626,1.463,1.457,1.531,1.556,1.630,6.265,0.129,,16,800,100,64,5,gpu_search,/scratch3/workspace/juelinliu_umass_edu-gpu-mvr/gpu-mvr/profiling/chimera_topk_baseline/logs/20260429T182345Z/msmarco/chimera/all_k100_slots1_runs3.log,0,/scratch3/workspace/juelinliu_umass_edu-gpu-mvr/gpu-mvr/gpu-mvr/build/gpu_search --query /scratch3/workspace/juelinliu_umass_edu-gpu-mvr/gpu-mvr/dataset/msmarco/raw/query.bin --gt /scratch3/workspace/juelinliu_umass_edu-gpu-mvr/gpu-mvr/dataset/msmarco/raw/gt.tsv --index /scratch3/workspace/juelinliu_umass_edu-gpu-mvr/gpu-mvr/dataset/msmarco/gpu_mvr_2m --k 100 --nq -1 --warmup 5 --concurrent-queries 1 --config-file /scratch3/workspace/juelinliu_umass_edu-gpu-mvr/gpu-mvr/config/tmp/chimera_topk_baseline/20260429T182345Z/msmarco/chimera/all_k100_slots1_runs3.csv,,1,10210.260,,1.187,-1,32,5
chimera_topk_baseline,chimera,msmarco,a1,a1_run2,1,100,2,0.940244,0.746691,0.746691,672.996,1.486,1.479,1.566,1.596,1.677,6.648,0.139,,16,800,100,64,5,gpu_search,/scratch3/workspace/juelinliu_umass_edu-gpu-mvr/gpu-mvr/profiling/chimera_topk_baseline/logs/20260429T182345Z/msmarco/chimera/all_k100_slots1_runs3.log,0,/scratch3/workspace/juelinliu_umass_edu-gpu-mvr/gpu-mvr/gpu-mvr/build/gpu_search --query /scratch3/workspace/juelinliu_umass_edu-gpu-mvr/gpu-mvr/dataset/msmarco/raw/query.bin --gt /scratch3/workspace/juelinliu_umass_edu-gpu-mvr/gpu-mvr/dataset/msmarco/raw/gt.tsv --index /scratch3/workspace/juelinliu_umass_edu-gpu-mvr/gpu-mvr/dataset/msmarco/gpu_mvr_2m --k 100 --nq -1 --warmup 5 --concurrent-queries 1 --config-file /scratch3/workspace/juelinliu_umass_edu-gpu-mvr/gpu-mvr/config/tmp/chimera_topk_baseline/20260429T182345Z/msmarco/chimera/all_k100_slots1_runs3.csv,,1,10371.531,,1.205,-1,32,5
chimera_topk_baseline,chimera,msmarco,a1,a1_run3,1,100,3,0.940215,0.746688,0.746688,671.483,1.489,1.477,1.560,1.590,1.674,7.011,0.154,,16,800,100,64,5,gpu_search,/scratch3/workspace/juelinliu_umass_edu-gpu-mvr/gpu-mvr/profiling/chimera_topk_baseline/logs/20260429T182345Z/msmarco/chimera/all_k100_slots1_runs3.log,0,/scratch3/workspace/juelinliu_umass_edu-gpu-mvr/gpu-mvr/gpu-mvr/build/gpu_search --query /scratch3/workspace/juelinliu_umass_edu-gpu-mvr/gpu-mvr/dataset/msmarco/raw/query.bin --gt /scratch3/workspace/juelinliu_umass_edu-gpu-mvr/gpu-mvr/dataset/msmarco/raw/gt.tsv --index /scratch3/workspace/juelinliu_umass_edu-gpu-mvr/gpu-mvr/dataset/msmarco/gpu_mvr_2m --k 100 --nq -1 --warmup 5 --concurrent-queries 1 --config-file /scratch3/workspace/juelinliu_umass_edu-gpu-mvr/gpu-mvr/config/tmp/chimera_topk_baseline/20260429T182345Z/msmarco/chimera/all_k100_slots1_runs3.csv,,1,10394.896,,1.208,-1,32,5
chimera_topk_baseline,chimera,msmarco,a2,a2_run1,1,100,1,0.951046,0.817322,0.817322,649.461,1.539,1.532,1.622,1.658,1.726,8.265,0.130,,24,1000,120,64,5,gpu_search,/scratch3/workspace/juelinliu_umass_edu-gpu-mvr/gpu-mvr/profiling/chimera_topk_baseline/logs/20260429T182345Z/msmarco/chimera/all_k100_slots1_runs3.log,0,/scratch3/workspace/juelinliu_umass_edu-gpu-mvr/gpu-mvr/gpu-mvr/build/gpu_search --query /scratch3/workspace/juelinliu_umass_edu-gpu-mvr/gpu-mvr/dataset/msmarco/raw/query.bin --gt /scratch3/workspace/juelinliu_umass_edu-gpu-mvr/gpu-mvr/dataset/msmarco/raw/gt.tsv --index /scratch3/workspace/juelinliu_umass_edu-gpu-mvr/gpu-mvr/dataset/msmarco/gpu_mvr_2m --k 100 --nq -1 --warmup 5 --concurrent-queries 1 --config-file /scratch3/workspace/juelinliu_umass_edu-gpu-mvr/gpu-mvr/config/tmp/chimera_topk_baseline/20260429T182345Z/msmarco/chimera/all_k100_slots1_runs3.csv,,1,10747.367,,1.304,-1,32,5
chimera_topk_baseline,chimera,msmarco,a2,a2_run2,1,100,2,0.951017,0.817251,0.817251,641.536,1.559,1.550,1.650,1.685,1.756,8.725,0.137,,24,1000,120,64,5,gpu_search,/scratch3/workspace/juelinliu_umass_edu-gpu-mvr/gpu-mvr/profiling/chimera_topk_baseline/logs/20260429T182345Z/msmarco/chimera/all_k100_slots1_runs3.log,0,/scratch3/workspace/juelinliu_umass_edu-gpu-mvr/gpu-mvr/gpu-mvr/build/gpu_search --query /scratch3/workspace/juelinliu_umass_edu-gpu-mvr/gpu-mvr/dataset/msmarco/raw/query.bin --gt /scratch3/workspace/juelinliu_umass_edu-gpu-mvr/gpu-mvr/dataset/msmarco/raw/gt.tsv --index /scratch3/workspace/juelinliu_umass_edu-gpu-mvr/gpu-mvr/dataset/msmarco/gpu_mvr_2m --k 100 --nq -1 --warmup 5 --concurrent-queries 1 --config-file /scratch3/workspace/juelinliu_umass_edu-gpu-mvr/gpu-mvr/config/tmp/chimera_topk_baseline/20260429T182345Z/msmarco/chimera/all_k100_slots1_runs3.csv,,1,10880.140,,1.284,-1,32,5
chimera_topk_baseline,chimera,msmarco,a2,a2_run3,1,100,3,0.951032,0.817302,0.817302,635.949,1.572,1.559,1.677,1.714,1.814,11.555,0.297,,24,1000,120,64,5,gpu_search,/scratch3/workspace/juelinliu_umass_edu-gpu-mvr/gpu-mvr/profiling/chimera_topk_baseline/logs/20260429T182345Z/msmarco/chimera/all_k100_slots1_runs3.log,0,/scratch3/workspace/juelinliu_umass_edu-gpu-mvr/gpu-mvr/gpu-mvr/build/gpu_search --query /scratch3/workspace/juelinliu_umass_edu-gpu-mvr/gpu-mvr/dataset/msmarco/raw/query.bin --gt /scratch3/workspace/juelinliu_umass_edu-gpu-mvr/gpu-mvr/dataset/msmarco/raw/gt.tsv --index /scratch3/workspace/juelinliu_umass_edu-gpu-mvr/gpu-mvr/dataset/msmarco/gpu_mvr_2m --k 100 --nq -1 --warmup 5 --concurrent-queries 1 --config-file /scratch3/workspace/juelinliu_umass_edu-gpu-mvr/gpu-mvr/config/tmp/chimera_topk_baseline/20260429T182345Z/msmarco/chimera/all_k100_slots1_runs3.csv,,1,10975.721,,1.261,-1,32,5
chimera_topk_baseline,chimera,msmarco,a3,a3_run1,1,100,1,0.95235,0.852691,0.852691,650.420,1.537,1.531,1.627,1.658,1.721,7.205,0.160,,24,1200,150,64,5,gpu_search,/scratch3/workspace/juelinliu_umass_edu-gpu-mvr/gpu-mvr/profiling/chimera_topk_baseline/logs/20260429T182345Z/msmarco/chimera/all_k100_slots1_runs3.log,0,/scratch3/workspace/juelinliu_umass_edu-gpu-mvr/gpu-mvr/gpu-mvr/build/gpu_search --query /scratch3/workspace/juelinliu_umass_edu-gpu-mvr/gpu-mvr/dataset/msmarco/raw/query.bin --gt /scratch3/workspace/juelinliu_umass_edu-gpu-mvr/gpu-mvr/dataset/msmarco/raw/gt.tsv --index /scratch3/workspace/juelinliu_umass_edu-gpu-mvr/gpu-mvr/dataset/msmarco/gpu_mvr_2m --k 100 --nq -1 --warmup 5 --concurrent-queries 1 --config-file /scratch3/workspace/juelinliu_umass_edu-gpu-mvr/gpu-mvr/config/tmp/chimera_topk_baseline/20260429T182345Z/msmarco/chimera/all_k100_slots1_runs3.csv,,1,10731.520,,1.263,-1,32,5
chimera_topk_baseline,chimera,msmarco,a3,a3_run2,1,100,2,0.952364,0.852695,0.852695,639.227,1.564,1.548,1.649,1.683,1.791,8.077,0.205,,24,1200,150,64,5,gpu_search,/scratch3/workspace/juelinliu_umass_edu-gpu-mvr/gpu-mvr/profiling/chimera_topk_baseline/logs/20260429T182345Z/msmarco/chimera/all_k100_slots1_runs3.log,0,/scratch3/workspace/juelinliu_umass_edu-gpu-mvr/gpu-mvr/gpu-mvr/build/gpu_search --query /scratch3/workspace/juelinliu_umass_edu-gpu-mvr/gpu-mvr/dataset/msmarco/raw/query.bin --gt /scratch3/workspace/juelinliu_umass_edu-gpu-mvr/gpu-mvr/dataset/msmarco/raw/gt.tsv --index /scratch3/workspace/juelinliu_umass_edu-gpu-mvr/gpu-mvr/dataset/msmarco/gpu_mvr_2m --k 100 --nq -1 --warmup 5 --concurrent-queries 1 --config-file /scratch3/workspace/juelinliu_umass_edu-gpu-mvr/gpu-mvr/config/tmp/chimera_topk_baseline/20260429T182345Z/msmarco/chimera/all_k100_slots1_runs3.csv,,1,10919.432,,1.317,-1,32,5
chimera_topk_baseline,chimera,msmarco,a3,a3_run3,1,100,3,0.952364,0.852683,0.852683,650.508,1.537,1.532,1.641,1.678,1.768,7.448,0.189,,24,1200,150,64,5,gpu_search,/scratch3/workspace/juelinliu_umass_edu-gpu-mvr/gpu-mvr/profiling/chimera_topk_baseline/logs/20260429T182345Z/msmarco/chimera/all_k100_slots1_runs3.log,0,/scratch3/workspace/juelinliu_umass_edu-gpu-mvr/gpu-mvr/gpu-mvr/build/gpu_search --query /scratch3/workspace/juelinliu_umass_edu-gpu-mvr/gpu-mvr/dataset/msmarco/raw/query.bin --gt /scratch3/workspace/juelinliu_umass_edu-gpu-mvr/gpu-mvr/dataset/msmarco/raw/gt.tsv --index /scratch3/workspace/juelinliu_umass_edu-gpu-mvr/gpu-mvr/dataset/msmarco/gpu_mvr_2m --k 100 --nq -1 --warmup 5 --concurrent-queries 1 --config-file /scratch3/workspace/juelinliu_umass_edu-gpu-mvr/gpu-mvr/config/tmp/chimera_topk_baseline/20260429T182345Z/msmarco/chimera/all_k100_slots1_runs3.csv,,1,10730.078,,1.251,-1,32,5
chimera_topk_baseline,chimera,msmarco,a4,a4_run1,1,100,1,0.953954,0.776073,0.776073,604.377,1.654,1.633,1.760,1.799,1.973,8.910,0.248,,32,800,100,64,5,gpu_search,/scratch3/workspace/juelinliu_umass_edu-gpu-mvr/gpu-mvr/profiling/chimera_topk_baseline/logs/20260429T182345Z/msmarco/chimera/all_k100_slots1_runs3.log,0,/scratch3/workspace/juelinliu_umass_edu-gpu-mvr/gpu-mvr/gpu-mvr/build/gpu_search --query /scratch3/workspace/juelinliu_umass_edu-gpu-mvr/gpu-mvr/dataset/msmarco/raw/query.bin --gt /scratch3/workspace/juelinliu_umass_edu-gpu-mvr/gpu-mvr/dataset/msmarco/raw/gt.tsv --index /scratch3/workspace/juelinliu_umass_edu-gpu-mvr/gpu-mvr/dataset/msmarco/gpu_mvr_2m --k 100 --nq -1 --warmup 5 --concurrent-queries 1 --config-file /scratch3/workspace/juelinliu_umass_edu-gpu-mvr/gpu-mvr/config/tmp/chimera_topk_baseline/20260429T182345Z/msmarco/chimera/all_k100_slots1_runs3.csv,,1,11549.084,,1.355,-1,32,5
chimera_topk_baseline,chimera,msmarco,a4,a4_run2,1,100,2,0.953954,0.77606,0.77606,632.103,1.582,1.578,1.695,1.732,1.806,7.114,0.122,,32,800,100,64,5,gpu_search,/scratch3/workspace/juelinliu_umass_edu-gpu-mvr/gpu-mvr/profiling/chimera_topk_baseline/logs/20260429T182345Z/msmarco/chimera/all_k100_slots1_runs3.log,0,/scratch3/workspace/juelinliu_umass_edu-gpu-mvr/gpu-mvr/gpu-mvr/build/gpu_search --query /scratch3/workspace/juelinliu_umass_edu-gpu-mvr/gpu-mvr/dataset/msmarco/raw/query.bin --gt /scratch3/workspace/juelinliu_umass_edu-gpu-mvr/gpu-mvr/dataset/msmarco/raw/gt.tsv --index /scratch3/workspace/juelinliu_umass_edu-gpu-mvr/gpu-mvr/dataset/msmarco/gpu_mvr_2m --k 100 --nq -1 --warmup 5 --concurrent-queries 1 --config-file /scratch3/workspace/juelinliu_umass_edu-gpu-mvr/gpu-mvr/config/tmp/chimera_topk_baseline/20260429T182345Z/msmarco/chimera/all_k100_slots1_runs3.csv,,1,11042.506,,1.321,-1,32,5
chimera_topk_baseline,chimera,msmarco,a4,a4_run3,1,100,3,0.953968,0.776072,0.776072,607.709,1.645,1.624,1.786,1.833,1.925,13.021,0.381,,32,800,100,64,5,gpu_search,/scratch3/workspace/juelinliu_umass_edu-gpu-mvr/gpu-mvr/profiling/chimera_topk_baseline/logs/20260429T182345Z/msmarco/chimera/all_k100_slots1_runs3.log,0,/scratch3/workspace/juelinliu_umass_edu-gpu-mvr/gpu-mvr/gpu-mvr/build/gpu_search --query /scratch3/workspace/juelinliu_umass_edu-gpu-mvr/gpu-mvr/dataset/msmarco/raw/query.bin --gt /scratch3/workspace/juelinliu_umass_edu-gpu-mvr/gpu-mvr/dataset/msmarco/raw/gt.tsv --index /scratch3/workspace/juelinliu_umass_edu-gpu-mvr/gpu-mvr/dataset/msmarco/gpu_mvr_2m --k 100 --nq -1 --warmup 5 --concurrent-queries 1 --config-file /scratch3/workspace/juelinliu_umass_edu-gpu-mvr/gpu-mvr/config/tmp/chimera_topk_baseline/20260429T182345Z/msmarco/chimera/all_k100_slots1_runs3.csv,,1,11485.769,,1.298,-1,32,5
chimera_topk_baseline,chimera,msmarco,b1,b1_run1,1,100,1,0.960115,0.845176,0.845176,545.489,1.833,1.816,1.964,2.012,2.121,6.557,0.185,,48,1000,120,96,5,gpu_search,/scratch3/workspace/juelinliu_umass_edu-gpu-mvr/gpu-mvr/profiling/chimera_topk_baseline/logs/20260429T182345Z/msmarco/chimera/all_k100_slots1_runs3.log,0,/scratch3/workspace/juelinliu_umass_edu-gpu-mvr/gpu-mvr/gpu-mvr/build/gpu_search --query /scratch3/workspace/juelinliu_umass_edu-gpu-mvr/gpu-mvr/dataset/msmarco/raw/query.bin --gt /scratch3/workspace/juelinliu_umass_edu-gpu-mvr/gpu-mvr/dataset/msmarco/raw/gt.tsv --index /scratch3/workspace/juelinliu_umass_edu-gpu-mvr/gpu-mvr/dataset/msmarco/gpu_mvr_2m --k 100 --nq -1 --warmup 5 --concurrent-queries 1 --config-file /scratch3/workspace/juelinliu_umass_edu-gpu-mvr/gpu-mvr/config/tmp/chimera_topk_baseline/20260429T182345Z/msmarco/chimera/all_k100_slots1_runs3.csv,,1,12795.854,,1.485,-1,32,5
chimera_topk_baseline,chimera,msmarco,b1,b1_run2,1,100,2,0.9601,0.845176,0.845176,534.410,1.871,1.850,1.996,2.042,2.191,7.826,0.241,,48,1000,120,96,5,gpu_search,/scratch3/workspace/juelinliu_umass_edu-gpu-mvr/gpu-mvr/profiling/chimera_topk_baseline/logs/20260429T182345Z/msmarco/chimera/all_k100_slots1_runs3.log,0,/scratch3/workspace/juelinliu_umass_edu-gpu-mvr/gpu-mvr/gpu-mvr/build/gpu_search --query /scratch3/workspace/juelinliu_umass_edu-gpu-mvr/gpu-mvr/dataset/msmarco/raw/query.bin --gt /scratch3/workspace/juelinliu_umass_edu-gpu-mvr/gpu-mvr/dataset/msmarco/raw/gt.tsv --index /scratch3/workspace/juelinliu_umass_edu-gpu-mvr/gpu-mvr/dataset/msmarco/gpu_mvr_2m --k 100 --nq -1 --warmup 5 --concurrent-queries 1 --config-file /scratch3/workspace/juelinliu_umass_edu-gpu-mvr/gpu-mvr/config/tmp/chimera_topk_baseline/20260429T182345Z/msmarco/chimera/all_k100_slots1_runs3.csv,,1,13061.124,,1.507,-1,32,5
chimera_topk_baseline,chimera,msmarco,b1,b1_run3,1,100,3,0.960129,0.845173,0.845173,548.145,1.824,1.811,1.950,1.996,2.103,11.329,0.191,,48,1000,120,96,5,gpu_search,/scratch3/workspace/juelinliu_umass_edu-gpu-mvr/gpu-mvr/profiling/chimera_topk_baseline/logs/20260429T182345Z/msmarco/chimera/all_k100_slots1_runs3.log,0,/scratch3/workspace/juelinliu_umass_edu-gpu-mvr/gpu-mvr/gpu-mvr/build/gpu_search --query /scratch3/workspace/juelinliu_umass_edu-gpu-mvr/gpu-mvr/dataset/msmarco/raw/query.bin --gt /scratch3/workspace/juelinliu_umass_edu-gpu-mvr/gpu-mvr/dataset/msmarco/raw/gt.tsv --index /scratch3/workspace/juelinliu_umass_edu-gpu-mvr/gpu-mvr/dataset/msmarco/gpu_mvr_2m --k 100 --nq -1 --warmup 5 --concurrent-queries 1 --config-file /scratch3/workspace/juelinliu_umass_edu-gpu-mvr/gpu-mvr/config/tmp/chimera_topk_baseline/20260429T182345Z/msmarco/chimera/all_k100_slots1_runs3.csv,,1,12733.849,,1.497,-1,32,5
chimera_topk_baseline,chimera,msmarco,b2,b2_run1,1,100,1,0.961891,0.890302,0.890302,533.594,1.874,1.857,1.992,2.040,2.161,8.390,0.212,,48,1500,150,96,5,gpu_search,/scratch3/workspace/juelinliu_umass_edu-gpu-mvr/gpu-mvr/profiling/chimera_topk_baseline/logs/20260429T182345Z/msmarco/chimera/all_k100_slots1_runs3.log,0,/scratch3/workspace/juelinliu_umass_edu-gpu-mvr/gpu-mvr/gpu-mvr/build/gpu_search --query /scratch3/workspace/juelinliu_umass_edu-gpu-mvr/gpu-mvr/dataset/msmarco/raw/query.bin --gt /scratch3/workspace/juelinliu_umass_edu-gpu-mvr/gpu-mvr/dataset/msmarco/raw/gt.tsv --index /scratch3/workspace/juelinliu_umass_edu-gpu-mvr/gpu-mvr/dataset/msmarco/gpu_mvr_2m --k 100 --nq -1 --warmup 5 --concurrent-queries 1 --config-file /scratch3/workspace/juelinliu_umass_edu-gpu-mvr/gpu-mvr/config/tmp/chimera_topk_baseline/20260429T182345Z/msmarco/chimera/all_k100_slots1_runs3.csv,,1,13081.115,,1.536,-1,32,5
chimera_topk_baseline,chimera,msmarco,b2,b2_run2,1,100,2,0.961891,0.890305,0.890305,550.334,1.817,1.810,1.944,1.990,2.078,7.570,0.129,,48,1500,150,96,5,gpu_search,/scratch3/workspace/juelinliu_umass_edu-gpu-mvr/gpu-mvr/profiling/chimera_topk_baseline/logs/20260429T182345Z/msmarco/chimera/all_k100_slots1_runs3.log,0,/scratch3/workspace/juelinliu_umass_edu-gpu-mvr/gpu-mvr/gpu-mvr/build/gpu_search --query /scratch3/workspace/juelinliu_umass_edu-gpu-mvr/gpu-mvr/dataset/msmarco/raw/query.bin --gt /scratch3/workspace/juelinliu_umass_edu-gpu-mvr/gpu-mvr/dataset/msmarco/raw/gt.tsv --index /scratch3/workspace/juelinliu_umass_edu-gpu-mvr/gpu-mvr/dataset/msmarco/gpu_mvr_2m --k 100 --nq -1 --warmup 5 --concurrent-queries 1 --config-file /scratch3/workspace/juelinliu_umass_edu-gpu-mvr/gpu-mvr/config/tmp/chimera_topk_baseline/20260429T182345Z/msmarco/chimera/all_k100_slots1_runs3.csv,,1,12683.211,,1.544,-1,32,5
chimera_topk_baseline,chimera,msmarco,b2,b2_run3,1,100,3,0.961877,0.890337,0.890337,547.381,1.827,1.806,1.949,1.995,2.119,12.517,0.360,,48,1500,150,96,5,gpu_search,/scratch3/workspace/juelinliu_umass_edu-gpu-mvr/gpu-mvr/profiling/chimera_topk_baseline/logs/20260429T182345Z/msmarco/chimera/all_k100_slots1_runs3.log,0,/scratch3/workspace/juelinliu_umass_edu-gpu-mvr/gpu-mvr/gpu-mvr/build/gpu_search --query /scratch3/workspace/juelinliu_umass_edu-gpu-mvr/gpu-mvr/dataset/msmarco/raw/query.bin --gt /scratch3/workspace/juelinliu_umass_edu-gpu-mvr/gpu-mvr/dataset/msmarco/raw/gt.tsv --index /scratch3/workspace/juelinliu_umass_edu-gpu-mvr/gpu-mvr/dataset/msmarco/gpu_mvr_2m --k 100 --nq -1 --warmup 5 --concurrent-queries 1 --config-file /scratch3/workspace/juelinliu_umass_edu-gpu-mvr/gpu-mvr/config/tmp/chimera_topk_baseline/20260429T182345Z/msmarco/chimera/all_k100_slots1_runs3.csv,,1,12751.627,,1.467,-1,32,5
chimera_topk_baseline,chimera,msmarco,b3,b3_run1,1,100,1,0.962607,0.892616,0.892616,492.445,2.031,2.016,2.184,2.241,2.363,6.947,0.176,,64,1200,150,96,5,gpu_search,/scratch3/workspace/juelinliu_umass_edu-gpu-mvr/gpu-mvr/profiling/chimera_topk_baseline/logs/20260429T182345Z/msmarco/chimera/all_k100_slots1_runs3.log,0,/scratch3/workspace/juelinliu_umass_edu-gpu-mvr/gpu-mvr/gpu-mvr/build/gpu_search --query /scratch3/workspace/juelinliu_umass_edu-gpu-mvr/gpu-mvr/dataset/msmarco/raw/query.bin --gt /scratch3/workspace/juelinliu_umass_edu-gpu-mvr/gpu-mvr/dataset/msmarco/raw/gt.tsv --index /scratch3/workspace/juelinliu_umass_edu-gpu-mvr/gpu-mvr/dataset/msmarco/gpu_mvr_2m --k 100 --nq -1 --warmup 5 --concurrent-queries 1 --config-file /scratch3/workspace/juelinliu_umass_edu-gpu-mvr/gpu-mvr/config/tmp/chimera_topk_baseline/20260429T182345Z/msmarco/chimera/all_k100_slots1_runs3.csv,,1,14174.167,,1.635,-1,32,5
chimera_topk_baseline,chimera,msmarco,b3,b3_run2,1,100,2,0.96265,0.892665,0.892665,492.278,2.031,2.011,2.176,2.239,2.391,7.126,0.214,,64,1200,150,96,5,gpu_search,/scratch3/workspace/juelinliu_umass_edu-gpu-mvr/gpu-mvr/profiling/chimera_topk_baseline/logs/20260429T182345Z/msmarco/chimera/all_k100_slots1_runs3.log,0,/scratch3/workspace/juelinliu_umass_edu-gpu-mvr/gpu-mvr/gpu-mvr/build/gpu_search --query /scratch3/workspace/juelinliu_umass_edu-gpu-mvr/gpu-mvr/dataset/msmarco/raw/query.bin --gt /scratch3/workspace/juelinliu_umass_edu-gpu-mvr/gpu-mvr/dataset/msmarco/raw/gt.tsv --index /scratch3/workspace/juelinliu_umass_edu-gpu-mvr/gpu-mvr/dataset/msmarco/gpu_mvr_2m --k 100 --nq -1 --warmup 5 --concurrent-queries 1 --config-file /scratch3/workspace/juelinliu_umass_edu-gpu-mvr/gpu-mvr/config/tmp/chimera_topk_baseline/20260429T182345Z/msmarco/chimera/all_k100_slots1_runs3.csv,,1,14178.993,,1.666,-1,32,5
chimera_topk_baseline,chimera,msmarco,b3,b3_run3,1,100,3,0.962622,0.892668,0.892668,490.615,2.038,2.019,2.187,2.244,2.410,8.126,0.224,,64,1200,150,96,5,gpu_search,/scratch3/workspace/juelinliu_umass_edu-gpu-mvr/gpu-mvr/profiling/chimera_topk_baseline/logs/20260429T182345Z/msmarco/chimera/all_k100_slots1_runs3.log,0,/scratch3/workspace/juelinliu_umass_edu-gpu-mvr/gpu-mvr/gpu-mvr/build/gpu_search --query /scratch3/workspace/juelinliu_umass_edu-gpu-mvr/gpu-mvr/dataset/msmarco/raw/query.bin --gt /scratch3/workspace/juelinliu_umass_edu-gpu-mvr/gpu-mvr/dataset/msmarco/raw/gt.tsv --index /scratch3/workspace/juelinliu_umass_edu-gpu-mvr/gpu-mvr/dataset/msmarco/gpu_mvr_2m --k 100 --nq -1 --warmup 5 --concurrent-queries 1 --config-file /scratch3/workspace/juelinliu_umass_edu-gpu-mvr/gpu-mvr/config/tmp/chimera_topk_baseline/20260429T182345Z/msmarco/chimera/all_k100_slots1_runs3.csv,,1,14227.038,,1.601,-1,32,5
chimera_topk_baseline,chimera,msmarco,b4,b4_run1,1,100,1,0.963797,0.917341,0.917341,499.408,2.002,1.986,2.155,2.208,2.332,6.773,0.169,,64,1800,180,96,5,gpu_search,/scratch3/workspace/juelinliu_umass_edu-gpu-mvr/gpu-mvr/profiling/chimera_topk_baseline/logs/20260429T182345Z/msmarco/chimera/all_k100_slots1_runs3.log,0,/scratch3/workspace/juelinliu_umass_edu-gpu-mvr/gpu-mvr/gpu-mvr/build/gpu_search --query /scratch3/workspace/juelinliu_umass_edu-gpu-mvr/gpu-mvr/dataset/msmarco/raw/query.bin --gt /scratch3/workspace/juelinliu_umass_edu-gpu-mvr/gpu-mvr/dataset/msmarco/raw/gt.tsv --index /scratch3/workspace/juelinliu_umass_edu-gpu-mvr/gpu-mvr/dataset/msmarco/gpu_mvr_2m --k 100 --nq -1 --warmup 5 --concurrent-queries 1 --config-file /scratch3/workspace/juelinliu_umass_edu-gpu-mvr/gpu-mvr/config/tmp/chimera_topk_baseline/20260429T182345Z/msmarco/chimera/all_k100_slots1_runs3.csv,,1,13976.547,,1.655,-1,32,5
chimera_topk_baseline,chimera,msmarco,b4,b4_run2,1,100,2,0.963811,0.91733,0.91733,502.580,1.990,1.981,2.145,2.195,2.300,6.130,0.132,,64,1800,180,96,5,gpu_search,/scratch3/workspace/juelinliu_umass_edu-gpu-mvr/gpu-mvr/profiling/chimera_topk_baseline/logs/20260429T182345Z/msmarco/chimera/all_k100_slots1_runs3.log,0,/scratch3/workspace/juelinliu_umass_edu-gpu-mvr/gpu-mvr/gpu-mvr/build/gpu_search --query /scratch3/workspace/juelinliu_umass_edu-gpu-mvr/gpu-mvr/dataset/msmarco/raw/query.bin --gt /scratch3/workspace/juelinliu_umass_edu-gpu-mvr/gpu-mvr/dataset/msmarco/raw/gt.tsv --index /scratch3/workspace/juelinliu_umass_edu-gpu-mvr/gpu-mvr/dataset/msmarco/gpu_mvr_2m --k 100 --nq -1 --warmup 5 --concurrent-queries 1 --config-file /scratch3/workspace/juelinliu_umass_edu-gpu-mvr/gpu-mvr/config/tmp/chimera_topk_baseline/20260429T182345Z/msmarco/chimera/all_k100_slots1_runs3.csv,,1,13888.345,,1.610,-1,32,5
chimera_topk_baseline,chimera,msmarco,b4,b4_run3,1,100,3,0.963797,0.917344,0.917344,493.539,2.026,2.004,2.171,2.229,2.361,13.092,0.395,,64,1800,180,96,5,gpu_search,/scratch3/workspace/juelinliu_umass_edu-gpu-mvr/gpu-mvr/profiling/chimera_topk_baseline/logs/20260429T182345Z/msmarco/chimera/all_k100_slots1_runs3.log,0,/scratch3/workspace/juelinliu_umass_edu-gpu-mvr/gpu-mvr/gpu-mvr/build/gpu_search --query /scratch3/workspace/juelinliu_umass_edu-gpu-mvr/gpu-mvr/dataset/msmarco/raw/query.bin --gt /scratch3/workspace/juelinliu_umass_edu-gpu-mvr/gpu-mvr/dataset/msmarco/raw/gt.tsv --index /scratch3/workspace/juelinliu_umass_edu-gpu-mvr/gpu-mvr/dataset/msmarco/gpu_mvr_2m --k 100 --nq -1 --warmup 5 --concurrent-queries 1 --config-file /scratch3/workspace/juelinliu_umass_edu-gpu-mvr/gpu-mvr/config/tmp/chimera_topk_baseline/20260429T182345Z/msmarco/chimera/all_k100_slots1_runs3.csv,,1,14142.748,,1.635,-1,32,5
chimera_topk_baseline,chimera,msmarco,c1,c1_run1,1,100,1,0.964441,0.934751,0.934751,489.409,2.043,2.036,2.197,2.252,2.354,7.544,0.155,,64,2400,240,128,5,gpu_search,/scratch3/workspace/juelinliu_umass_edu-gpu-mvr/gpu-mvr/profiling/chimera_topk_baseline/logs/20260429T182345Z/msmarco/chimera/all_k100_slots1_runs3.log,0,/scratch3/workspace/juelinliu_umass_edu-gpu-mvr/gpu-mvr/gpu-mvr/build/gpu_search --query /scratch3/workspace/juelinliu_umass_edu-gpu-mvr/gpu-mvr/dataset/msmarco/raw/query.bin --gt /scratch3/workspace/juelinliu_umass_edu-gpu-mvr/gpu-mvr/dataset/msmarco/raw/gt.tsv --index /scratch3/workspace/juelinliu_umass_edu-gpu-mvr/gpu-mvr/dataset/msmarco/gpu_mvr_2m --k 100 --nq -1 --warmup 5 --concurrent-queries 1 --config-file /scratch3/workspace/juelinliu_umass_edu-gpu-mvr/gpu-mvr/config/tmp/chimera_topk_baseline/20260429T182345Z/msmarco/chimera/all_k100_slots1_runs3.csv,,1,14262.114,,1.633,-1,32,5
chimera_topk_baseline,chimera,msmarco,c1,c1_run2,1,100,2,0.964413,0.934752,0.934752,485.450,2.060,2.045,2.211,2.266,2.390,6.590,0.214,,64,2400,240,128,5,gpu_search,/scratch3/workspace/juelinliu_umass_edu-gpu-mvr/gpu-mvr/profiling/chimera_topk_baseline/logs/20260429T182345Z/msmarco/chimera/all_k100_slots1_runs3.log,0,/scratch3/workspace/juelinliu_umass_edu-gpu-mvr/gpu-mvr/gpu-mvr/build/gpu_search --query /scratch3/workspace/juelinliu_umass_edu-gpu-mvr/gpu-mvr/dataset/msmarco/raw/query.bin --gt /scratch3/workspace/juelinliu_umass_edu-gpu-mvr/gpu-mvr/dataset/msmarco/raw/gt.tsv --index /scratch3/workspace/juelinliu_umass_edu-gpu-mvr/gpu-mvr/dataset/msmarco/gpu_mvr_2m --k 100 --nq -1 --warmup 5 --concurrent-queries 1 --config-file /scratch3/workspace/juelinliu_umass_edu-gpu-mvr/gpu-mvr/config/tmp/chimera_topk_baseline/20260429T182345Z/msmarco/chimera/all_k100_slots1_runs3.csv,,1,14378.412,,1.654,-1,32,5
chimera_topk_baseline,chimera,msmarco,c1,c1_run3,1,100,3,0.964413,0.934711,0.934711,480.483,2.081,2.060,2.223,2.282,2.420,6.389,0.233,,64,2400,240,128,5,gpu_search,/scratch3/workspace/juelinliu_umass_edu-gpu-mvr/gpu-mvr/profiling/chimera_topk_baseline/logs/20260429T182345Z/msmarco/chimera/all_k100_slots1_runs3.log,0,/scratch3/workspace/juelinliu_umass_edu-gpu-mvr/gpu-mvr/gpu-mvr/build/gpu_search --query /scratch3/workspace/juelinliu_umass_edu-gpu-mvr/gpu-mvr/dataset/msmarco/raw/query.bin --gt /scratch3/workspace/juelinliu_umass_edu-gpu-mvr/gpu-mvr/dataset/msmarco/raw/gt.tsv --index /scratch3/workspace/juelinliu_umass_edu-gpu-mvr/gpu-mvr/dataset/msmarco/gpu_mvr_2m --k 100 --nq -1 --warmup 5 --concurrent-queries 1 --config-file /scratch3/workspace/juelinliu_umass_edu-gpu-mvr/gpu-mvr/config/tmp/chimera_topk_baseline/20260429T182345Z/msmarco/chimera/all_k100_slots1_runs3.csv,,1,14527.062,,1.734,-1,32,5
chimera_topk_baseline,chimera,msmarco,c2,c2_run1,1,100,1,0.965186,0.931938,0.931938,401.001,2.494,2.471,2.697,2.776,2.957,6.990,0.233,,96,1800,200,128,5,gpu_search,/scratch3/workspace/juelinliu_umass_edu-gpu-mvr/gpu-mvr/profiling/chimera_topk_baseline/logs/20260429T182345Z/msmarco/chimera/all_k100_slots1_runs3.log,0,/scratch3/workspace/juelinliu_umass_edu-gpu-mvr/gpu-mvr/gpu-mvr/build/gpu_search --query /scratch3/workspace/juelinliu_umass_edu-gpu-mvr/gpu-mvr/dataset/msmarco/raw/query.bin --gt /scratch3/workspace/juelinliu_umass_edu-gpu-mvr/gpu-mvr/dataset/msmarco/raw/gt.tsv --index /scratch3/workspace/juelinliu_umass_edu-gpu-mvr/gpu-mvr/dataset/msmarco/gpu_mvr_2m --k 100 --nq -1 --warmup 5 --concurrent-queries 1 --config-file /scratch3/workspace/juelinliu_umass_edu-gpu-mvr/gpu-mvr/config/tmp/chimera_topk_baseline/20260429T182345Z/msmarco/chimera/all_k100_slots1_runs3.csv,,1,17406.449,,1.984,-1,32,5
chimera_topk_baseline,chimera,msmarco,c2,c2_run2,1,100,2,0.965215,0.931941,0.931941,403.669,2.477,2.457,2.682,2.760,2.919,8.085,0.218,,96,1800,200,128,5,gpu_search,/scratch3/workspace/juelinliu_umass_edu-gpu-mvr/gpu-mvr/profiling/chimera_topk_baseline/logs/20260429T182345Z/msmarco/chimera/all_k100_slots1_runs3.log,0,/scratch3/workspace/juelinliu_umass_edu-gpu-mvr/gpu-mvr/gpu-mvr/build/gpu_search --query /scratch3/workspace/juelinliu_umass_edu-gpu-mvr/gpu-mvr/dataset/msmarco/raw/query.bin --gt /scratch3/workspace/juelinliu_umass_edu-gpu-mvr/gpu-mvr/dataset/msmarco/raw/gt.tsv --index /scratch3/workspace/juelinliu_umass_edu-gpu-mvr/gpu-mvr/dataset/msmarco/gpu_mvr_2m --k 100 --nq -1 --warmup 5 --concurrent-queries 1 --config-file /scratch3/workspace/juelinliu_umass_edu-gpu-mvr/gpu-mvr/config/tmp/chimera_topk_baseline/20260429T182345Z/msmarco/chimera/all_k100_slots1_runs3.csv,,1,17291.397,,1.935,-1,32,5
chimera_topk_baseline,chimera,msmarco,c2,c2_run3,1,100,3,0.965172,0.931956,0.931956,403.902,2.476,2.455,2.688,2.760,2.927,8.289,0.205,,96,1800,200,128,5,gpu_search,/scratch3/workspace/juelinliu_umass_edu-gpu-mvr/gpu-mvr/profiling/chimera_topk_baseline/logs/20260429T182345Z/msmarco/chimera/all_k100_slots1_runs3.log,0,/scratch3/workspace/juelinliu_umass_edu-gpu-mvr/gpu-mvr/gpu-mvr/build/gpu_search --query /scratch3/workspace/juelinliu_umass_edu-gpu-mvr/gpu-mvr/dataset/msmarco/raw/query.bin --gt /scratch3/workspace/juelinliu_umass_edu-gpu-mvr/gpu-mvr/dataset/msmarco/raw/gt.tsv --index /scratch3/workspace/juelinliu_umass_edu-gpu-mvr/gpu-mvr/dataset/msmarco/gpu_mvr_2m --k 100 --nq -1 --warmup 5 --concurrent-queries 1 --config-file /scratch3/workspace/juelinliu_umass_edu-gpu-mvr/gpu-mvr/config/tmp/chimera_topk_baseline/20260429T182345Z/msmarco/chimera/all_k100_slots1_runs3.csv,,1,17281.427,,1.920,-1,32,5
chimera_topk_baseline,chimera,msmarco,c3,c3_run1,1,100,1,0.965544,0.943845,0.943845,396.950,2.519,2.497,2.725,2.801,2.976,7.583,0.228,,96,2400,250,128,5,gpu_search,/scratch3/workspace/juelinliu_umass_edu-gpu-mvr/gpu-mvr/profiling/chimera_topk_baseline/logs/20260429T182345Z/msmarco/chimera/all_k100_slots1_runs3.log,0,/scratch3/workspace/juelinliu_umass_edu-gpu-mvr/gpu-mvr/gpu-mvr/build/gpu_search --query /scratch3/workspace/juelinliu_umass_edu-gpu-mvr/gpu-mvr/dataset/msmarco/raw/query.bin --gt /scratch3/workspace/juelinliu_umass_edu-gpu-mvr/gpu-mvr/dataset/msmarco/raw/gt.tsv --index /scratch3/workspace/juelinliu_umass_edu-gpu-mvr/gpu-mvr/dataset/msmarco/gpu_mvr_2m --k 100 --nq -1 --warmup 5 --concurrent-queries 1 --config-file /scratch3/workspace/juelinliu_umass_edu-gpu-mvr/gpu-mvr/config/tmp/chimera_topk_baseline/20260429T182345Z/msmarco/chimera/all_k100_slots1_runs3.csv,,1,17584.059,,2.013,-1,32,5
chimera_topk_baseline,chimera,msmarco,c3,c3_run2,1,100,2,0.965587,0.943874,0.943874,400.430,2.497,2.481,2.708,2.783,2.936,8.561,0.189,,96,2400,250,128,5,gpu_search,/scratch3/workspace/juelinliu_umass_edu-gpu-mvr/gpu-mvr/profiling/chimera_topk_baseline/logs/20260429T182345Z/msmarco/chimera/all_k100_slots1_runs3.log,0,/scratch3/workspace/juelinliu_umass_edu-gpu-mvr/gpu-mvr/gpu-mvr/build/gpu_search --query /scratch3/workspace/juelinliu_umass_edu-gpu-mvr/gpu-mvr/dataset/msmarco/raw/query.bin --gt /scratch3/workspace/juelinliu_umass_edu-gpu-mvr/gpu-mvr/dataset/msmarco/raw/gt.tsv --index /scratch3/workspace/juelinliu_umass_edu-gpu-mvr/gpu-mvr/dataset/msmarco/gpu_mvr_2m --k 100 --nq -1 --warmup 5 --concurrent-queries 1 --config-file /scratch3/workspace/juelinliu_umass_edu-gpu-mvr/gpu-mvr/config/tmp/chimera_topk_baseline/20260429T182345Z/msmarco/chimera/all_k100_slots1_runs3.csv,,1,17431.245,,1.962,-1,32,5
chimera_topk_baseline,chimera,msmarco,c3,c3_run3,1,100,3,0.965544,0.943898,0.943898,394.500,2.534,2.507,2.738,2.816,2.985,15.332,0.390,,96,2400,250,128,5,gpu_search,/scratch3/workspace/juelinliu_umass_edu-gpu-mvr/gpu-mvr/profiling/chimera_topk_baseline/logs/20260429T182345Z/msmarco/chimera/all_k100_slots1_runs3.log,0,/scratch3/workspace/juelinliu_umass_edu-gpu-mvr/gpu-mvr/gpu-mvr/build/gpu_search --query /scratch3/workspace/juelinliu_umass_edu-gpu-mvr/gpu-mvr/dataset/msmarco/raw/query.bin --gt /scratch3/workspace/juelinliu_umass_edu-gpu-mvr/gpu-mvr/dataset/msmarco/raw/gt.tsv --index /scratch3/workspace/juelinliu_umass_edu-gpu-mvr/gpu-mvr/dataset/msmarco/gpu_mvr_2m --k 100 --nq -1 --warmup 5 --concurrent-queries 1 --config-file /scratch3/workspace/juelinliu_umass_edu-gpu-mvr/gpu-mvr/config/tmp/chimera_topk_baseline/20260429T182345Z/msmarco/chimera/all_k100_slots1_runs3.csv,,1,17693.269,,1.947,-1,32,5
chimera_topk_baseline,chimera,msmarco,d1,d1_run1,1,100,1,0.965888,0.954023,0.954023,327.088,3.057,3.037,3.328,3.430,3.649,13.501,0.280,,128,3000,300,150,5,gpu_search,/scratch3/workspace/juelinliu_umass_edu-gpu-mvr/gpu-mvr/profiling/chimera_topk_baseline/logs/20260429T182345Z/msmarco/chimera/all_k100_slots1_runs3.log,0,/scratch3/workspace/juelinliu_umass_edu-gpu-mvr/gpu-mvr/gpu-mvr/build/gpu_search --query /scratch3/workspace/juelinliu_umass_edu-gpu-mvr/gpu-mvr/dataset/msmarco/raw/query.bin --gt /scratch3/workspace/juelinliu_umass_edu-gpu-mvr/gpu-mvr/dataset/msmarco/raw/gt.tsv --index /scratch3/workspace/juelinliu_umass_edu-gpu-mvr/gpu-mvr/dataset/msmarco/gpu_mvr_2m --k 100 --nq -1 --warmup 5 --concurrent-queries 1 --config-file /scratch3/workspace/juelinliu_umass_edu-gpu-mvr/gpu-mvr/config/tmp/chimera_topk_baseline/20260429T182345Z/msmarco/chimera/all_k100_slots1_runs3.csv,,1,21339.826,,2.391,-1,32,5
chimera_topk_baseline,chimera,msmarco,d1,d1_run2,1,100,2,0.965874,0.954029,0.954029,327.687,3.052,3.021,3.317,3.412,3.681,8.522,0.332,,128,3000,300,150,5,gpu_search,/scratch3/workspace/juelinliu_umass_edu-gpu-mvr/gpu-mvr/profiling/chimera_topk_baseline/logs/20260429T182345Z/msmarco/chimera/all_k100_slots1_runs3.log,0,/scratch3/workspace/juelinliu_umass_edu-gpu-mvr/gpu-mvr/gpu-mvr/build/gpu_search --query /scratch3/workspace/juelinliu_umass_edu-gpu-mvr/gpu-mvr/dataset/msmarco/raw/query.bin --gt /scratch3/workspace/juelinliu_umass_edu-gpu-mvr/gpu-mvr/dataset/msmarco/raw/gt.tsv --index /scratch3/workspace/juelinliu_umass_edu-gpu-mvr/gpu-mvr/dataset/msmarco/gpu_mvr_2m --k 100 --nq -1 --warmup 5 --concurrent-queries 1 --config-file /scratch3/workspace/juelinliu_umass_edu-gpu-mvr/gpu-mvr/config/tmp/chimera_topk_baseline/20260429T182345Z/msmarco/chimera/all_k100_slots1_runs3.csv,,1,21300.813,,2.402,-1,32,5
chimera_topk_baseline,chimera,msmarco,d1,d1_run3,1,100,3,0.965903,0.954021,0.954021,328.853,3.041,3.015,3.307,3.414,3.670,9.057,0.279,,128,3000,300,150,5,gpu_search,/scratch3/workspace/juelinliu_umass_edu-gpu-mvr/gpu-mvr/profiling/chimera_topk_baseline/logs/20260429T182345Z/msmarco/chimera/all_k100_slots1_runs3.log,0,/scratch3/workspace/juelinliu_umass_edu-gpu-mvr/gpu-mvr/gpu-mvr/build/gpu_search --query /scratch3/workspace/juelinliu_umass_edu-gpu-mvr/gpu-mvr/dataset/msmarco/raw/query.bin --gt /scratch3/workspace/juelinliu_umass_edu-gpu-mvr/gpu-mvr/dataset/msmarco/raw/gt.tsv --index /scratch3/workspace/juelinliu_umass_edu-gpu-mvr/gpu-mvr/dataset/msmarco/gpu_mvr_2m --k 100 --nq -1 --warmup 5 --concurrent-queries 1 --config-file /scratch3/workspace/juelinliu_umass_edu-gpu-mvr/gpu-mvr/config/tmp/chimera_topk_baseline/20260429T182345Z/msmarco/chimera/all_k100_slots1_runs3.csv,,1,21225.279,,2.402,-1,32,5
chimera_topk_baseline,chimera,msmarco,e1,e1_run1,1,100,1,0.965759,0.951858,0.951858,390.395,2.561,2.543,2.776,2.854,3.029,8.870,0.208,,96,3200,320,160,5,gpu_search,/scratch3/workspace/juelinliu_umass_edu-gpu-mvr/gpu-mvr/profiling/chimera_topk_baseline/logs/20260429T182345Z/msmarco/chimera/all_k100_slots1_runs3.log,0,/scratch3/workspace/juelinliu_umass_edu-gpu-mvr/gpu-mvr/gpu-mvr/build/gpu_search --query /scratch3/workspace/juelinliu_umass_edu-gpu-mvr/gpu-mvr/dataset/msmarco/raw/query.bin --gt /scratch3/workspace/juelinliu_umass_edu-gpu-mvr/gpu-mvr/dataset/msmarco/raw/gt.tsv --index /scratch3/workspace/juelinliu_umass_edu-gpu-mvr/gpu-mvr/dataset/msmarco/gpu_mvr_2m --k 100 --nq -1 --warmup 5 --concurrent-queries 1 --config-file /scratch3/workspace/juelinliu_umass_edu-gpu-mvr/gpu-mvr/config/tmp/chimera_topk_baseline/20260429T182345Z/msmarco/chimera/all_k100_slots1_runs3.csv,,1,17879.340,,1.982,-1,32,5
chimera_topk_baseline,chimera,msmarco,e1,e1_run2,1,100,2,0.965774,0.951828,0.951828,386.203,2.589,2.562,2.797,2.880,3.092,7.507,0.287,,96,3200,320,160,5,gpu_search,/scratch3/workspace/juelinliu_umass_edu-gpu-mvr/gpu-mvr/profiling/chimera_topk_baseline/logs/20260429T182345Z/msmarco/chimera/all_k100_slots1_runs3.log,0,/scratch3/workspace/juelinliu_umass_edu-gpu-mvr/gpu-mvr/gpu-mvr/build/gpu_search --query /scratch3/workspace/juelinliu_umass_edu-gpu-mvr/gpu-mvr/dataset/msmarco/raw/query.bin --gt /scratch3/workspace/juelinliu_umass_edu-gpu-mvr/gpu-mvr/dataset/msmarco/raw/gt.tsv --index /scratch3/workspace/juelinliu_umass_edu-gpu-mvr/gpu-mvr/dataset/msmarco/gpu_mvr_2m --k 100 --nq -1 --warmup 5 --concurrent-queries 1 --config-file /scratch3/workspace/juelinliu_umass_edu-gpu-mvr/gpu-mvr/config/tmp/chimera_topk_baseline/20260429T182345Z/msmarco/chimera/all_k100_slots1_runs3.csv,,1,18073.374,,2.037,-1,32,5
chimera_topk_baseline,chimera,msmarco,e1,e1_run3,1,100,3,0.965774,0.951862,0.951862,386.641,2.586,2.556,2.797,2.877,3.067,8.418,0.301,,96,3200,320,160,5,gpu_search,/scratch3/workspace/juelinliu_umass_edu-gpu-mvr/gpu-mvr/profiling/chimera_topk_baseline/logs/20260429T182345Z/msmarco/chimera/all_k100_slots1_runs3.log,0,/scratch3/workspace/juelinliu_umass_edu-gpu-mvr/gpu-mvr/gpu-mvr/build/gpu_search --query /scratch3/workspace/juelinliu_umass_edu-gpu-mvr/gpu-mvr/dataset/msmarco/raw/query.bin --gt /scratch3/workspace/juelinliu_umass_edu-gpu-mvr/gpu-mvr/dataset/msmarco/raw/gt.tsv --index /scratch3/workspace/juelinliu_umass_edu-gpu-mvr/gpu-mvr/dataset/msmarco/gpu_mvr_2m --k 100 --nq -1 --warmup 5 --concurrent-queries 1 --config-file /scratch3/workspace/juelinliu_umass_edu-gpu-mvr/gpu-mvr/config/tmp/chimera_topk_baseline/20260429T182345Z/msmarco/chimera/all_k100_slots1_runs3.csv,,1,18052.941,,2.079,-1,32,5
chimera_topk_baseline,chimera,msmarco,e2,e2_run1,1,100,1,0.965673,0.948312,0.948312,336.173,2.974,2.951,3.236,3.334,3.561,7.744,0.252,,128,2400,250,160,5,gpu_search,/scratch3/workspace/juelinliu_umass_edu-gpu-mvr/gpu-mvr/profiling/chimera_topk_baseline/logs/20260429T182345Z/msmarco/chimera/all_k100_slots1_runs3.log,0,/scratch3/workspace/juelinliu_umass_edu-gpu-mvr/gpu-mvr/gpu-mvr/build/gpu_search --query /scratch3/workspace/juelinliu_umass_edu-gpu-mvr/gpu-mvr/dataset/msmarco/raw/query.bin --gt /scratch3/workspace/juelinliu_umass_edu-gpu-mvr/gpu-mvr/dataset/msmarco/raw/gt.tsv --index /scratch3/workspace/juelinliu_umass_edu-gpu-mvr/gpu-mvr/dataset/msmarco/gpu_mvr_2m --k 100 --nq -1 --warmup 5 --concurrent-queries 1 --config-file /scratch3/workspace/juelinliu_umass_edu-gpu-mvr/gpu-mvr/config/tmp/chimera_topk_baseline/20260429T182345Z/msmarco/chimera/all_k100_slots1_runs3.csv,,1,20763.146,,2.284,-1,32,5
chimera_topk_baseline,chimera,msmarco,e2,e2_run2,1,100,2,0.965659,0.948297,0.948297,335.142,2.984,2.960,3.242,3.332,3.557,8.320,0.263,,128,2400,250,160,5,gpu_search,/scratch3/workspace/juelinliu_umass_edu-gpu-mvr/gpu-mvr/profiling/chimera_topk_baseline/logs/20260429T182345Z/msmarco/chimera/all_k100_slots1_runs3.log,0,/scratch3/workspace/juelinliu_umass_edu-gpu-mvr/gpu-mvr/gpu-mvr/build/gpu_search --query /scratch3/workspace/juelinliu_umass_edu-gpu-mvr/gpu-mvr/dataset/msmarco/raw/query.bin --gt /scratch3/workspace/juelinliu_umass_edu-gpu-mvr/gpu-mvr/dataset/msmarco/raw/gt.tsv --index /scratch3/workspace/juelinliu_umass_edu-gpu-mvr/gpu-mvr/dataset/msmarco/gpu_mvr_2m --k 100 --nq -1 --warmup 5 --concurrent-queries 1 --config-file /scratch3/workspace/juelinliu_umass_edu-gpu-mvr/gpu-mvr/config/tmp/chimera_topk_baseline/20260429T182345Z/msmarco/chimera/all_k100_slots1_runs3.csv,,1,20826.980,,2.330,-1,32,5
chimera_topk_baseline,chimera,msmarco,e2,e2_run3,1,100,3,0.965645,0.948282,0.948282,333.540,2.998,2.964,3.253,3.345,3.580,16.395,0.449,,128,2400,250,160,5,gpu_search,/scratch3/workspace/juelinliu_umass_edu-gpu-mvr/gpu-mvr/profiling/chimera_topk_baseline/logs/20260429T182345Z/msmarco/chimera/all_k100_slots1_runs3.log,0,/scratch3/workspace/juelinliu_umass_edu-gpu-mvr/gpu-mvr/gpu-mvr/build/gpu_search --query /scratch3/workspace/juelinliu_umass_edu-gpu-mvr/gpu-mvr/dataset/msmarco/raw/query.bin --gt /scratch3/workspace/juelinliu_umass_edu-gpu-mvr/gpu-mvr/dataset/msmarco/raw/gt.tsv --index /scratch3/workspace/juelinliu_umass_edu-gpu-mvr/gpu-mvr/dataset/msmarco/gpu_mvr_2m --k 100 --nq -1 --warmup 5 --concurrent-queries 1 --config-file /scratch3/workspace/juelinliu_umass_edu-gpu-mvr/gpu-mvr/config/tmp/chimera_topk_baseline/20260429T182345Z/msmarco/chimera/all_k100_slots1_runs3.csv,,1,20927.008,,2.334,-1,32,5
chimera_topk_baseline,chimera,msmarco,f1,f1_run1,1,100,1,0.966074,0.959473,0.959473,313.664,3.188,3.171,3.465,3.552,3.764,9.028,0.248,,128,4000,400,192,5,gpu_search,/scratch3/workspace/juelinliu_umass_edu-gpu-mvr/gpu-mvr/profiling/chimera_topk_baseline/logs/20260429T182345Z/msmarco/chimera/all_k100_slots1_runs3.log,0,/scratch3/workspace/juelinliu_umass_edu-gpu-mvr/gpu-mvr/gpu-mvr/build/gpu_search --query /scratch3/workspace/juelinliu_umass_edu-gpu-mvr/gpu-mvr/dataset/msmarco/raw/query.bin --gt /scratch3/workspace/juelinliu_umass_edu-gpu-mvr/gpu-mvr/dataset/msmarco/raw/gt.tsv --index /scratch3/workspace/juelinliu_umass_edu-gpu-mvr/gpu-mvr/dataset/msmarco/gpu_mvr_2m --k 100 --nq -1 --warmup 5 --concurrent-queries 1 --config-file /scratch3/workspace/juelinliu_umass_edu-gpu-mvr/gpu-mvr/config/tmp/chimera_topk_baseline/20260429T182345Z/msmarco/chimera/all_k100_slots1_runs3.csv,,1,22253.095,,2.535,-1,32,5
chimera_topk_baseline,chimera,msmarco,f1,f1_run2,1,100,2,0.96606,0.959474,0.959474,312.599,3.199,3.166,3.461,3.556,3.833,9.444,0.370,,128,4000,400,192,5,gpu_search,/scratch3/workspace/juelinliu_umass_edu-gpu-mvr/gpu-mvr/profiling/chimera_topk_baseline/logs/20260429T182345Z/msmarco/chimera/all_k100_slots1_runs3.log,0,/scratch3/workspace/juelinliu_umass_edu-gpu-mvr/gpu-mvr/gpu-mvr/build/gpu_search --query /scratch3/workspace/juelinliu_umass_edu-gpu-mvr/gpu-mvr/dataset/msmarco/raw/query.bin --gt /scratch3/workspace/juelinliu_umass_edu-gpu-mvr/gpu-mvr/dataset/msmarco/raw/gt.tsv --index /scratch3/workspace/juelinliu_umass_edu-gpu-mvr/gpu-mvr/dataset/msmarco/gpu_mvr_2m --k 100 --nq -1 --warmup 5 --concurrent-queries 1 --config-file /scratch3/workspace/juelinliu_umass_edu-gpu-mvr/gpu-mvr/config/tmp/chimera_topk_baseline/20260429T182345Z/msmarco/chimera/all_k100_slots1_runs3.csv,,1,22328.905,,2.556,-1,32,5
chimera_topk_baseline,chimera,msmarco,f1,f1_run3,1,100,3,0.96606,0.95947,0.95947,313.229,3.192,3.167,3.457,3.547,3.797,9.217,0.284,,128,4000,400,192,5,gpu_search,/scratch3/workspace/juelinliu_umass_edu-gpu-mvr/gpu-mvr/profiling/chimera_topk_baseline/logs/20260429T182345Z/msmarco/chimera/all_k100_slots1_runs3.log,0,/scratch3/workspace/juelinliu_umass_edu-gpu-mvr/gpu-mvr/gpu-mvr/build/gpu_search --query /scratch3/workspace/juelinliu_umass_edu-gpu-mvr/gpu-mvr/dataset/msmarco/raw/query.bin --gt /scratch3/workspace/juelinliu_umass_edu-gpu-mvr/gpu-mvr/dataset/msmarco/raw/gt.tsv --index /scratch3/workspace/juelinliu_umass_edu-gpu-mvr/gpu-mvr/dataset/msmarco/gpu_mvr_2m --k 100 --nq -1 --warmup 5 --concurrent-queries 1 --config-file /scratch3/workspace/juelinliu_umass_edu-gpu-mvr/gpu-mvr/config/tmp/chimera_topk_baseline/20260429T182345Z/msmarco/chimera/all_k100_slots1_runs3.csv,,1,22284.050,,2.505,-1,32,5
chimera_topk_baseline,chimera,msmarco,f2,f2_run1,1,100,1,0.966203,0.960229,0.960229,276.815,3.612,3.590,3.937,4.045,4.294,8.548,0.279,,160,3800,360,192,5,gpu_search,/scratch3/workspace/juelinliu_umass_edu-gpu-mvr/gpu-mvr/profiling/chimera_topk_baseline/logs/20260429T182345Z/msmarco/chimera/all_k100_slots1_runs3.log,0,/scratch3/workspace/juelinliu_umass_edu-gpu-mvr/gpu-mvr/gpu-mvr/build/gpu_search --query /scratch3/workspace/juelinliu_umass_edu-gpu-mvr/gpu-mvr/dataset/msmarco/raw/query.bin --gt /scratch3/workspace/juelinliu_umass_edu-gpu-mvr/gpu-mvr/dataset/msmarco/raw/gt.tsv --index /scratch3/workspace/juelinliu_umass_edu-gpu-mvr/gpu-mvr/dataset/msmarco/gpu_mvr_2m --k 100 --nq -1 --warmup 5 --concurrent-queries 1 --config-file /scratch3/workspace/juelinliu_umass_edu-gpu-mvr/gpu-mvr/config/tmp/chimera_topk_baseline/20260429T182345Z/msmarco/chimera/all_k100_slots1_runs3.csv,,1,25215.425,,2.853,-1,32,5
chimera_topk_baseline,chimera,msmarco,f2,f2_run2,1,100,2,0.966175,0.960262,0.960262,276.240,3.620,3.596,3.943,4.049,4.317,9.746,0.291,,160,3800,360,192,5,gpu_search,/scratch3/workspace/juelinliu_umass_edu-gpu-mvr/gpu-mvr/profiling/chimera_topk_baseline/logs/20260429T182345Z/msmarco/chimera/all_k100_slots1_runs3.log,0,/scratch3/workspace/juelinliu_umass_edu-gpu-mvr/gpu-mvr/gpu-mvr/build/gpu_search --query /scratch3/workspace/juelinliu_umass_edu-gpu-mvr/gpu-mvr/dataset/msmarco/raw/query.bin --gt /scratch3/workspace/juelinliu_umass_edu-gpu-mvr/gpu-mvr/dataset/msmarco/raw/gt.tsv --index /scratch3/workspace/juelinliu_umass_edu-gpu-mvr/gpu-mvr/dataset/msmarco/gpu_mvr_2m --k 100 --nq -1 --warmup 5 --concurrent-queries 1 --config-file /scratch3/workspace/juelinliu_umass_edu-gpu-mvr/gpu-mvr/config/tmp/chimera_topk_baseline/20260429T182345Z/msmarco/chimera/all_k100_slots1_runs3.csv,,1,25267.857,,2.780,-1,32,5
chimera_topk_baseline,chimera,msmarco,f2,f2_run3,1,100,3,0.96616,0.960242,0.960242,272.907,3.664,3.622,3.975,4.092,4.418,10.857,0.436,,160,3800,360,192,5,gpu_search,/scratch3/workspace/juelinliu_umass_edu-gpu-mvr/gpu-mvr/profiling/chimera_topk_baseline/logs/20260429T182345Z/msmarco/chimera/all_k100_slots1_runs3.log,0,/scratch3/workspace/juelinliu_umass_edu-gpu-mvr/gpu-mvr/gpu-mvr/build/gpu_search --query /scratch3/workspace/juelinliu_umass_edu-gpu-mvr/gpu-mvr/dataset/msmarco/raw/query.bin --gt /scratch3/workspace/juelinliu_umass_edu-gpu-mvr/gpu-mvr/dataset/msmarco/raw/gt.tsv --index /scratch3/workspace/juelinliu_umass_edu-gpu-mvr/gpu-mvr/dataset/msmarco/gpu_mvr_2m --k 100 --nq -1 --warmup 5 --concurrent-queries 1 --config-file /scratch3/workspace/juelinliu_umass_edu-gpu-mvr/gpu-mvr/config/tmp/chimera_topk_baseline/20260429T182345Z/msmarco/chimera/all_k100_slots1_runs3.csv,,1,25576.522,,2.847,-1,32,5
chimera_topk_baseline,chimera,msmarco,g1,g1_run1,1,100,1,0.966289,0.963784,0.963784,263.757,3.791,3.772,4.120,4.228,4.464,8.687,0.258,,160,5000,500,224,5,gpu_search,/scratch3/workspace/juelinliu_umass_edu-gpu-mvr/gpu-mvr/profiling/chimera_topk_baseline/logs/20260429T182345Z/msmarco/chimera/all_k100_slots1_runs3.log,0,/scratch3/workspace/juelinliu_umass_edu-gpu-mvr/gpu-mvr/gpu-mvr/build/gpu_search --query /scratch3/workspace/juelinliu_umass_edu-gpu-mvr/gpu-mvr/dataset/msmarco/raw/query.bin --gt /scratch3/workspace/juelinliu_umass_edu-gpu-mvr/gpu-mvr/dataset/msmarco/raw/gt.tsv --index /scratch3/workspace/juelinliu_umass_edu-gpu-mvr/gpu-mvr/dataset/msmarco/gpu_mvr_2m --k 100 --nq -1 --warmup 5 --concurrent-queries 1 --config-file /scratch3/workspace/juelinliu_umass_edu-gpu-mvr/gpu-mvr/config/tmp/chimera_topk_baseline/20260429T182345Z/msmarco/chimera/all_k100_slots1_runs3.csv,,1,26463.774,,3.108,-1,32,5
chimera_topk_baseline,chimera,msmarco,g1,g1_run2,1,100,2,0.966275,0.963769,0.963769,257.024,3.890,3.825,4.209,4.335,4.947,17.932,0.621,,160,5000,500,224,5,gpu_search,/scratch3/workspace/juelinliu_umass_edu-gpu-mvr/gpu-mvr/profiling/chimera_topk_baseline/logs/20260429T182345Z/msmarco/chimera/all_k100_slots1_runs3.log,0,/scratch3/workspace/juelinliu_umass_edu-gpu-mvr/gpu-mvr/gpu-mvr/build/gpu_search --query /scratch3/workspace/juelinliu_umass_edu-gpu-mvr/gpu-mvr/dataset/msmarco/raw/query.bin --gt /scratch3/workspace/juelinliu_umass_edu-gpu-mvr/gpu-mvr/dataset/msmarco/raw/gt.tsv --index /scratch3/workspace/juelinliu_umass_edu-gpu-mvr/gpu-mvr/dataset/msmarco/gpu_mvr_2m --k 100 --nq -1 --warmup 5 --concurrent-queries 1 --config-file /scratch3/workspace/juelinliu_umass_edu-gpu-mvr/gpu-mvr/config/tmp/chimera_topk_baseline/20260429T182345Z/msmarco/chimera/all_k100_slots1_runs3.csv,,1,27157.025,,3.052,-1,32,5
chimera_topk_baseline,chimera,msmarco,g1,g1_run3,1,100,3,0.966289,0.963775,0.963775,261.515,3.824,3.785,4.145,4.262,4.588,11.227,0.427,,160,5000,500,224,5,gpu_search,/scratch3/workspace/juelinliu_umass_edu-gpu-mvr/gpu-mvr/profiling/chimera_topk_baseline/logs/20260429T182345Z/msmarco/chimera/all_k100_slots1_runs3.log,0,/scratch3/workspace/juelinliu_umass_edu-gpu-mvr/gpu-mvr/gpu-mvr/build/gpu_search --query /scratch3/workspace/juelinliu_umass_edu-gpu-mvr/gpu-mvr/dataset/msmarco/raw/query.bin --gt /scratch3/workspace/juelinliu_umass_edu-gpu-mvr/gpu-mvr/dataset/msmarco/raw/gt.tsv --index /scratch3/workspace/juelinliu_umass_edu-gpu-mvr/gpu-mvr/dataset/msmarco/gpu_mvr_2m --k 100 --nq -1 --warmup 5 --concurrent-queries 1 --config-file /scratch3/workspace/juelinliu_umass_edu-gpu-mvr/gpu-mvr/config/tmp/chimera_topk_baseline/20260429T182345Z/msmarco/chimera/all_k100_slots1_runs3.csv,,1,26690.635,,2.975,-1,32,5
chimera_topk_baseline,chimera,msmarco,g2,g2_run1,1,100,1,0.966304,0.964639,0.964639,262.123,3.815,3.790,4.146,4.262,4.569,9.093,0.297,,160,6000,500,224,5,gpu_search,/scratch3/workspace/juelinliu_umass_edu-gpu-mvr/gpu-mvr/profiling/chimera_topk_baseline/logs/20260429T182345Z/msmarco/chimera/all_k100_slots1_runs3.log,0,/scratch3/workspace/juelinliu_umass_edu-gpu-mvr/gpu-mvr/gpu-mvr/build/gpu_search --query /scratch3/workspace/juelinliu_umass_edu-gpu-mvr/gpu-mvr/dataset/msmarco/raw/query.bin --gt /scratch3/workspace/juelinliu_umass_edu-gpu-mvr/gpu-mvr/dataset/msmarco/raw/gt.tsv --index /scratch3/workspace/juelinliu_umass_edu-gpu-mvr/gpu-mvr/dataset/msmarco/gpu_mvr_2m --k 100 --nq -1 --warmup 5 --concurrent-queries 1 --config-file /scratch3/workspace/juelinliu_umass_edu-gpu-mvr/gpu-mvr/config/tmp/chimera_topk_baseline/20260429T182345Z/msmarco/chimera/all_k100_slots1_runs3.csv,,1,26628.725,,3.068,-1,32,5
chimera_topk_baseline,chimera,msmarco,g2,g2_run2,1,100,2,0.966304,0.96464,0.96464,262.533,3.809,3.785,4.138,4.246,4.532,10.416,0.301,,160,6000,500,224,5,gpu_search,/scratch3/workspace/juelinliu_umass_edu-gpu-mvr/gpu-mvr/profiling/chimera_topk_baseline/logs/20260429T182345Z/msmarco/chimera/all_k100_slots1_runs3.log,0,/scratch3/workspace/juelinliu_umass_edu-gpu-mvr/gpu-mvr/gpu-mvr/build/gpu_search --query /scratch3/workspace/juelinliu_umass_edu-gpu-mvr/gpu-mvr/dataset/msmarco/raw/query.bin --gt /scratch3/workspace/juelinliu_umass_edu-gpu-mvr/gpu-mvr/dataset/msmarco/raw/gt.tsv --index /scratch3/workspace/juelinliu_umass_edu-gpu-mvr/gpu-mvr/dataset/msmarco/gpu_mvr_2m --k 100 --nq -1 --warmup 5 --concurrent-queries 1 --config-file /scratch3/workspace/juelinliu_umass_edu-gpu-mvr/gpu-mvr/config/tmp/chimera_topk_baseline/20260429T182345Z/msmarco/chimera/all_k100_slots1_runs3.csv,,1,26587.117,,3.039,-1,32,5
chimera_topk_baseline,chimera,msmarco,g2,g2_run3,1,100,3,0.966289,0.964638,0.964638,260.644,3.836,3.808,4.165,4.277,4.565,9.145,0.313,,160,6000,500,224,5,gpu_search,/scratch3/workspace/juelinliu_umass_edu-gpu-mvr/gpu-mvr/profiling/chimera_topk_baseline/logs/20260429T182345Z/msmarco/chimera/all_k100_slots1_runs3.log,0,/scratch3/workspace/juelinliu_umass_edu-gpu-mvr/gpu-mvr/gpu-mvr/build/gpu_search --query /scratch3/workspace/juelinliu_umass_edu-gpu-mvr/gpu-mvr/dataset/msmarco/raw/query.bin --gt /scratch3/workspace/juelinliu_umass_edu-gpu-mvr/gpu-mvr/dataset/msmarco/raw/gt.tsv --index /scratch3/workspace/juelinliu_umass_edu-gpu-mvr/gpu-mvr/dataset/msmarco/gpu_mvr_2m --k 100 --nq -1 --warmup 5 --concurrent-queries 1 --config-file /scratch3/workspace/juelinliu_umass_edu-gpu-mvr/gpu-mvr/config/tmp/chimera_topk_baseline/20260429T182345Z/msmarco/chimera/all_k100_slots1_runs3.csv,,1,26779.849,,3.033,-1,32,5
chimera_topk_baseline,chimera,msmarco,h1,h1_run1,1,100,1,0.96639,0.966405,0.966405,216.597,4.617,4.555,4.987,5.124,5.496,20.732,0.689,,192,6500,650,256,5,gpu_search,/scratch3/workspace/juelinliu_umass_edu-gpu-mvr/gpu-mvr/profiling/chimera_topk_baseline/logs/20260429T182345Z/msmarco/chimera/all_k100_slots1_runs3.log,0,/scratch3/workspace/juelinliu_umass_edu-gpu-mvr/gpu-mvr/gpu-mvr/build/gpu_search --query /scratch3/workspace/juelinliu_umass_edu-gpu-mvr/gpu-mvr/dataset/msmarco/raw/query.bin --gt /scratch3/workspace/juelinliu_umass_edu-gpu-mvr/gpu-mvr/dataset/msmarco/raw/gt.tsv --index /scratch3/workspace/juelinliu_umass_edu-gpu-mvr/gpu-mvr/dataset/msmarco/gpu_mvr_2m --k 100 --nq -1 --warmup 5 --concurrent-queries 1 --config-file /scratch3/workspace/juelinliu_umass_edu-gpu-mvr/gpu-mvr/config/tmp/chimera_topk_baseline/20260429T182345Z/msmarco/chimera/all_k100_slots1_runs3.csv,,1,32225.764,,3.597,-1,32,5
chimera_topk_baseline,chimera,msmarco,h1,h1_run2,1,100,2,0.96639,0.966427,0.966427,221.666,4.511,4.488,4.900,5.029,5.328,9.370,0.329,,192,6500,650,256,5,gpu_search,/scratch3/workspace/juelinliu_umass_edu-gpu-mvr/gpu-mvr/profiling/chimera_topk_baseline/logs/20260429T182345Z/msmarco/chimera/all_k100_slots1_runs3.log,0,/scratch3/workspace/juelinliu_umass_edu-gpu-mvr/gpu-mvr/gpu-mvr/build/gpu_search --query /scratch3/workspace/juelinliu_umass_edu-gpu-mvr/gpu-mvr/dataset/msmarco/raw/query.bin --gt /scratch3/workspace/juelinliu_umass_edu-gpu-mvr/gpu-mvr/dataset/msmarco/raw/gt.tsv --index /scratch3/workspace/juelinliu_umass_edu-gpu-mvr/gpu-mvr/dataset/msmarco/gpu_mvr_2m --k 100 --nq -1 --warmup 5 --concurrent-queries 1 --config-file /scratch3/workspace/juelinliu_umass_edu-gpu-mvr/gpu-mvr/config/tmp/chimera_topk_baseline/20260429T182345Z/msmarco/chimera/all_k100_slots1_runs3.csv,,1,31488.788,,3.605,-1,32,5
chimera_topk_baseline,chimera,msmarco,h1,h1_run3,1,100,3,0.96639,0.96645,0.96645,219.814,4.549,4.509,4.935,5.072,5.454,11.457,0.416,,192,6500,650,256,5,gpu_search,/scratch3/workspace/juelinliu_umass_edu-gpu-mvr/gpu-mvr/profiling/chimera_topk_baseline/logs/20260429T182345Z/msmarco/chimera/all_k100_slots1_runs3.log,0,/scratch3/workspace/juelinliu_umass_edu-gpu-mvr/gpu-mvr/gpu-mvr/build/gpu_search --query /scratch3/workspace/juelinliu_umass_edu-gpu-mvr/gpu-mvr/dataset/msmarco/raw/query.bin --gt /scratch3/workspace/juelinliu_umass_edu-gpu-mvr/gpu-mvr/dataset/msmarco/raw/gt.tsv --index /scratch3/workspace/juelinliu_umass_edu-gpu-mvr/gpu-mvr/dataset/msmarco/gpu_mvr_2m --k 100 --nq -1 --warmup 5 --concurrent-queries 1 --config-file /scratch3/workspace/juelinliu_umass_edu-gpu-mvr/gpu-mvr/config/tmp/chimera_topk_baseline/20260429T182345Z/msmarco/chimera/all_k100_slots1_runs3.csv,,1,31754.097,,3.576,-1,32,5
chimera_topk_baseline,chimera,msmarco,i1,i1_run1,1,100,1,0.966476,0.967844,0.967844,186.797,5.353,5.308,5.789,5.952,6.407,12.313,0.436,,224,8000,800,288,5,gpu_search,/scratch3/workspace/juelinliu_umass_edu-gpu-mvr/gpu-mvr/profiling/chimera_topk_baseline/logs/20260429T182345Z/msmarco/chimera/all_k100_slots1_runs3.log,0,/scratch3/workspace/juelinliu_umass_edu-gpu-mvr/gpu-mvr/gpu-mvr/build/gpu_search --query /scratch3/workspace/juelinliu_umass_edu-gpu-mvr/gpu-mvr/dataset/msmarco/raw/query.bin --gt /scratch3/workspace/juelinliu_umass_edu-gpu-mvr/gpu-mvr/dataset/msmarco/raw/gt.tsv --index /scratch3/workspace/juelinliu_umass_edu-gpu-mvr/gpu-mvr/dataset/msmarco/gpu_mvr_2m --k 100 --nq -1 --warmup 5 --concurrent-queries 1 --config-file /scratch3/workspace/juelinliu_umass_edu-gpu-mvr/gpu-mvr/config/tmp/chimera_topk_baseline/20260429T182345Z/msmarco/chimera/all_k100_slots1_runs3.csv,,1,37366.825,,4.288,-1,32,5
chimera_topk_baseline,chimera,msmarco,i1,i1_run2,1,100,2,0.966476,0.967851,0.967851,188.067,5.317,5.285,5.759,5.897,6.263,13.175,0.388,,224,8000,800,288,5,gpu_search,/scratch3/workspace/juelinliu_umass_edu-gpu-mvr/gpu-mvr/profiling/chimera_topk_baseline/logs/20260429T182345Z/msmarco/chimera/all_k100_slots1_runs3.log,0,/scratch3/workspace/juelinliu_umass_edu-gpu-mvr/gpu-mvr/gpu-mvr/build/gpu_search --query /scratch3/workspace/juelinliu_umass_edu-gpu-mvr/gpu-mvr/dataset/msmarco/raw/query.bin --gt /scratch3/workspace/juelinliu_umass_edu-gpu-mvr/gpu-mvr/dataset/msmarco/raw/gt.tsv --index /scratch3/workspace/juelinliu_umass_edu-gpu-mvr/gpu-mvr/dataset/msmarco/gpu_mvr_2m --k 100 --nq -1 --warmup 5 --concurrent-queries 1 --config-file /scratch3/workspace/juelinliu_umass_edu-gpu-mvr/gpu-mvr/config/tmp/chimera_topk_baseline/20260429T182345Z/msmarco/chimera/all_k100_slots1_runs3.csv,,1,37114.529,,4.264,-1,32,5
chimera_topk_baseline,chimera,msmarco,i1,i1_run3,1,100,3,0.966476,0.967871,0.967871,187.204,5.342,5.291,5.776,5.918,6.347,13.064,0.519,,224,8000,800,288,5,gpu_search,/scratch3/workspace/juelinliu_umass_edu-gpu-mvr/gpu-mvr/profiling/chimera_topk_baseline/logs/20260429T182345Z/msmarco/chimera/all_k100_slots1_runs3.log,0,/scratch3/workspace/juelinliu_umass_edu-gpu-mvr/gpu-mvr/gpu-mvr/build/gpu_search --query /scratch3/workspace/juelinliu_umass_edu-gpu-mvr/gpu-mvr/dataset/msmarco/raw/query.bin --gt /scratch3/workspace/juelinliu_umass_edu-gpu-mvr/gpu-mvr/dataset/msmarco/raw/gt.tsv --index /scratch3/workspace/juelinliu_umass_edu-gpu-mvr/gpu-mvr/dataset/msmarco/gpu_mvr_2m --k 100 --nq -1 --warmup 5 --concurrent-queries 1 --config-file /scratch3/workspace/juelinliu_umass_edu-gpu-mvr/gpu-mvr/config/tmp/chimera_topk_baseline/20260429T182345Z/msmarco/chimera/all_k100_slots1_runs3.csv,,1,37285.545,,4.322,-1,32,5
chimera_topk_baseline,chimera,msmarco,j1,j1_run1,1,100,1,0.966504,0.968905,0.968905,162.647,6.148,6.106,6.619,6.776,7.153,21.767,0.647,,256,10000,1000,320,5,gpu_search,/scratch3/workspace/juelinliu_umass_edu-gpu-mvr/gpu-mvr/profiling/chimera_topk_baseline/logs/20260429T182345Z/msmarco/chimera/all_k100_slots1_runs3.log,0,/scratch3/workspace/juelinliu_umass_edu-gpu-mvr/gpu-mvr/gpu-mvr/build/gpu_search --query /scratch3/workspace/juelinliu_umass_edu-gpu-mvr/gpu-mvr/dataset/msmarco/raw/query.bin --gt /scratch3/workspace/juelinliu_umass_edu-gpu-mvr/gpu-mvr/dataset/msmarco/raw/gt.tsv --index /scratch3/workspace/juelinliu_umass_edu-gpu-mvr/gpu-mvr/dataset/msmarco/gpu_mvr_2m --k 100 --nq -1 --warmup 5 --concurrent-queries 1 --config-file /scratch3/workspace/juelinliu_umass_edu-gpu-mvr/gpu-mvr/config/tmp/chimera_topk_baseline/20260429T182345Z/msmarco/chimera/all_k100_slots1_runs3.csv,,1,42914.935,,5.000,-1,32,5
chimera_topk_baseline,chimera,msmarco,j1,j1_run2,1,100,2,0.966504,0.968913,0.968913,161.471,6.193,6.130,6.673,6.891,8.308,13.994,0.581,,256,10000,1000,320,5,gpu_search,/scratch3/workspace/juelinliu_umass_edu-gpu-mvr/gpu-mvr/profiling/chimera_topk_baseline/logs/20260429T182345Z/msmarco/chimera/all_k100_slots1_runs3.log,0,/scratch3/workspace/juelinliu_umass_edu-gpu-mvr/gpu-mvr/gpu-mvr/build/gpu_search --query /scratch3/workspace/juelinliu_umass_edu-gpu-mvr/gpu-mvr/dataset/msmarco/raw/query.bin --gt /scratch3/workspace/juelinliu_umass_edu-gpu-mvr/gpu-mvr/dataset/msmarco/raw/gt.tsv --index /scratch3/workspace/juelinliu_umass_edu-gpu-mvr/gpu-mvr/dataset/msmarco/gpu_mvr_2m --k 100 --nq -1 --warmup 5 --concurrent-queries 1 --config-file /scratch3/workspace/juelinliu_umass_edu-gpu-mvr/gpu-mvr/config/tmp/chimera_topk_baseline/20260429T182345Z/msmarco/chimera/all_k100_slots1_runs3.csv,,1,43227.615,,5.049,-1,32,5
chimera_topk_baseline,chimera,msmarco,j1,j1_run3,1,100,3,0.966504,0.968898,0.968898,161.744,6.182,6.148,6.670,6.837,7.308,13.523,0.465,18297.38,256,10000,1000,320,5,gpu_search,/scratch3/workspace/juelinliu_umass_edu-gpu-mvr/gpu-mvr/profiling/chimera_topk_baseline/logs/20260429T182345Z/msmarco/chimera/all_k100_slots1_runs3.log,0,/scratch3/workspace/juelinliu_umass_edu-gpu-mvr/gpu-mvr/gpu-mvr/build/gpu_search --query /scratch3/workspace/juelinliu_umass_edu-gpu-mvr/gpu-mvr/dataset/msmarco/raw/query.bin --gt /scratch3/workspace/juelinliu_umass_edu-gpu-mvr/gpu-mvr/dataset/msmarco/raw/gt.tsv --index /scratch3/workspace/juelinliu_umass_edu-gpu-mvr/gpu-mvr/dataset/msmarco/gpu_mvr_2m --k 100 --nq -1 --warmup 5 --concurrent-queries 1 --config-file /scratch3/workspace/juelinliu_umass_edu-gpu-mvr/gpu-mvr/config/tmp/chimera_topk_baseline/20260429T182345Z/msmarco/chimera/all_k100_slots1_runs3.csv,,1,43154.608,18297.38,5.062,-1,32,5
chimera_topk_baseline,chimera,hotpot,a1,a1_run1,1,100,1,0.8101,0.53976,0.53976,579.492,1.721,1.647,1.754,1.800,6.032,9.880,0.702,,16,800,100,64,5,gpu_search,/scratch3/workspace/juelinliu_umass_edu-gpu-mvr/gpu-mvr/profiling/chimera_topk_baseline/logs/20260429T182345Z/hotpot/chimera/all_k100_slots1_runs3.log,0,/scratch3/workspace/juelinliu_umass_edu-gpu-mvr/gpu-mvr/gpu-mvr/build/gpu_search --query /scratch3/workspace/juelinliu_umass_edu-gpu-mvr/gpu-mvr/dataset/hotpot/raw/query.bin --gt /scratch3/workspace/juelinliu_umass_edu-gpu-mvr/gpu-mvr/dataset/hotpot/raw/gt.tsv --index /scratch3/workspace/juelinliu_umass_edu-gpu-mvr/gpu-mvr/dataset/hotpot/gpu_mvr_2m --k 100 --nq -1 --warmup 5 --concurrent-queries 1 --config-file /scratch3/workspace/juelinliu_umass_edu-gpu-mvr/gpu-mvr/config/tmp/chimera_topk_baseline/20260429T182345Z/hotpot/chimera/all_k100_slots1_runs3.csv,,1,1725.650,,1.429,-1,32,5
chimera_topk_baseline,chimera,hotpot,a1,a1_run2,1,100,2,0.8093,0.53958,0.53958,627.199,1.591,1.513,1.695,1.744,4.314,9.525,0.645,,16,800,100,64,5,gpu_search,/scratch3/workspace/juelinliu_umass_edu-gpu-mvr/gpu-mvr/profiling/chimera_topk_baseline/logs/20260429T182345Z/hotpot/chimera/all_k100_slots1_runs3.log,0,/scratch3/workspace/juelinliu_umass_edu-gpu-mvr/gpu-mvr/gpu-mvr/build/gpu_search --query /scratch3/workspace/juelinliu_umass_edu-gpu-mvr/gpu-mvr/dataset/hotpot/raw/query.bin --gt /scratch3/workspace/juelinliu_umass_edu-gpu-mvr/gpu-mvr/dataset/hotpot/raw/gt.tsv --index /scratch3/workspace/juelinliu_umass_edu-gpu-mvr/gpu-mvr/dataset/hotpot/gpu_mvr_2m --k 100 --nq -1 --warmup 5 --concurrent-queries 1 --config-file /scratch3/workspace/juelinliu_umass_edu-gpu-mvr/gpu-mvr/config/tmp/chimera_topk_baseline/20260429T182345Z/hotpot/chimera/all_k100_slots1_runs3.csv,,1,1594.391,,1.251,-1,32,5
chimera_topk_baseline,chimera,hotpot,a1,a1_run3,1,100,3,0.81,0.53974,0.53974,607.375,1.644,1.608,1.713,1.742,2.069,11.371,0.661,,16,800,100,64,5,gpu_search,/scratch3/workspace/juelinliu_umass_edu-gpu-mvr/gpu-mvr/profiling/chimera_topk_baseline/logs/20260429T182345Z/hotpot/chimera/all_k100_slots1_runs3.log,0,/scratch3/workspace/juelinliu_umass_edu-gpu-mvr/gpu-mvr/gpu-mvr/build/gpu_search --query /scratch3/workspace/juelinliu_umass_edu-gpu-mvr/gpu-mvr/dataset/hotpot/raw/query.bin --gt /scratch3/workspace/juelinliu_umass_edu-gpu-mvr/gpu-mvr/dataset/hotpot/raw/gt.tsv --index /scratch3/workspace/juelinliu_umass_edu-gpu-mvr/gpu-mvr/dataset/hotpot/gpu_mvr_2m --k 100 --nq -1 --warmup 5 --concurrent-queries 1 --config-file /scratch3/workspace/juelinliu_umass_edu-gpu-mvr/gpu-mvr/config/tmp/chimera_topk_baseline/20260429T182345Z/hotpot/chimera/all_k100_slots1_runs3.csv,,1,1646.430,,1.168,-1,32,5
chimera_topk_baseline,chimera,hotpot,a2,a2_run1,1,100,1,0.8518,0.61474,0.61474,635.228,1.574,1.514,1.714,1.768,2.397,9.751,0.570,,24,1000,120,64,5,gpu_search,/scratch3/workspace/juelinliu_umass_edu-gpu-mvr/gpu-mvr/profiling/chimera_topk_baseline/logs/20260429T182345Z/hotpot/chimera/all_k100_slots1_runs3.log,0,/scratch3/workspace/juelinliu_umass_edu-gpu-mvr/gpu-mvr/gpu-mvr/build/gpu_search --query /scratch3/workspace/juelinliu_umass_edu-gpu-mvr/gpu-mvr/dataset/hotpot/raw/query.bin --gt /scratch3/workspace/juelinliu_umass_edu-gpu-mvr/gpu-mvr/dataset/hotpot/raw/gt.tsv --index /scratch3/workspace/juelinliu_umass_edu-gpu-mvr/gpu-mvr/dataset/hotpot/gpu_mvr_2m --k 100 --nq -1 --warmup 5 --concurrent-queries 1 --config-file /scratch3/workspace/juelinliu_umass_edu-gpu-mvr/gpu-mvr/config/tmp/chimera_topk_baseline/20260429T182345Z/hotpot/chimera/all_k100_slots1_runs3.csv,,1,1574.239,,1.230,-1,32,5
chimera_topk_baseline,chimera,hotpot,a2,a2_run2,1,100,2,0.8518,0.61465,0.61465,643.265,1.554,1.482,1.688,1.715,1.881,17.637,0.709,,24,1000,120,64,5,gpu_search,/scratch3/workspace/juelinliu_umass_edu-gpu-mvr/gpu-mvr/profiling/chimera_topk_baseline/logs/20260429T182345Z/hotpot/chimera/all_k100_slots1_runs3.log,0,/scratch3/workspace/juelinliu_umass_edu-gpu-mvr/gpu-mvr/gpu-mvr/build/gpu_search --query /scratch3/workspace/juelinliu_umass_edu-gpu-mvr/gpu-mvr/dataset/hotpot/raw/query.bin --gt /scratch3/workspace/juelinliu_umass_edu-gpu-mvr/gpu-mvr/dataset/hotpot/raw/gt.tsv --index /scratch3/workspace/juelinliu_umass_edu-gpu-mvr/gpu-mvr/dataset/hotpot/gpu_mvr_2m --k 100 --nq -1 --warmup 5 --concurrent-queries 1 --config-file /scratch3/workspace/juelinliu_umass_edu-gpu-mvr/gpu-mvr/config/tmp/chimera_topk_baseline/20260429T182345Z/hotpot/chimera/all_k100_slots1_runs3.csv,,1,1554.570,,1.251,-1,32,5
chimera_topk_baseline,chimera,hotpot,a2,a2_run3,1,100,3,0.8525,0.61493,0.61493,592.186,1.688,1.621,1.731,1.771,2.089,17.347,1.012,,24,1000,120,64,5,gpu_search,/scratch3/workspace/juelinliu_umass_edu-gpu-mvr/gpu-mvr/profiling/chimera_topk_baseline/logs/20260429T182345Z/hotpot/chimera/all_k100_slots1_runs3.log,0,/scratch3/workspace/juelinliu_umass_edu-gpu-mvr/gpu-mvr/gpu-mvr/build/gpu_search --query /scratch3/workspace/juelinliu_umass_edu-gpu-mvr/gpu-mvr/dataset/hotpot/raw/query.bin --gt /scratch3/workspace/juelinliu_umass_edu-gpu-mvr/gpu-mvr/dataset/hotpot/raw/gt.tsv --index /scratch3/workspace/juelinliu_umass_edu-gpu-mvr/gpu-mvr/dataset/hotpot/gpu_mvr_2m --k 100 --nq -1 --warmup 5 --concurrent-queries 1 --config-file /scratch3/workspace/juelinliu_umass_edu-gpu-mvr/gpu-mvr/config/tmp/chimera_topk_baseline/20260429T182345Z/hotpot/chimera/all_k100_slots1_runs3.csv,,1,1688.660,,1.280,-1,32,5
chimera_topk_baseline,chimera,hotpot,a3,a3_run1,1,100,1,0.8611,0.65668,0.65668,645.315,1.549,1.545,1.716,1.758,2.117,8.587,0.333,,24,1200,150,64,5,gpu_search,/scratch3/workspace/juelinliu_umass_edu-gpu-mvr/gpu-mvr/profiling/chimera_topk_baseline/logs/20260429T182345Z/hotpot/chimera/all_k100_slots1_runs3.log,0,/scratch3/workspace/juelinliu_umass_edu-gpu-mvr/gpu-mvr/gpu-mvr/build/gpu_search --query /scratch3/workspace/juelinliu_umass_edu-gpu-mvr/gpu-mvr/dataset/hotpot/raw/query.bin --gt /scratch3/workspace/juelinliu_umass_edu-gpu-mvr/gpu-mvr/dataset/hotpot/raw/gt.tsv --index /scratch3/workspace/juelinliu_umass_edu-gpu-mvr/gpu-mvr/dataset/hotpot/gpu_mvr_2m --k 100 --nq -1 --warmup 5 --concurrent-queries 1 --config-file /scratch3/workspace/juelinliu_umass_edu-gpu-mvr/gpu-mvr/config/tmp/chimera_topk_baseline/20260429T182345Z/hotpot/chimera/all_k100_slots1_runs3.csv,,1,1549.632,,1.251,-1,32,5
chimera_topk_baseline,chimera,hotpot,a3,a3_run2,1,100,2,0.8618,0.65675,0.65675,688.340,1.452,1.435,1.556,1.601,1.702,5.698,0.185,,24,1200,150,64,5,gpu_search,/scratch3/workspace/juelinliu_umass_edu-gpu-mvr/gpu-mvr/profiling/chimera_topk_baseline/logs/20260429T182345Z/hotpot/chimera/all_k100_slots1_runs3.log,0,/scratch3/workspace/juelinliu_umass_edu-gpu-mvr/gpu-mvr/gpu-mvr/build/gpu_search --query /scratch3/workspace/juelinliu_umass_edu-gpu-mvr/gpu-mvr/dataset/hotpot/raw/query.bin --gt /scratch3/workspace/juelinliu_umass_edu-gpu-mvr/gpu-mvr/dataset/hotpot/raw/gt.tsv --index /scratch3/workspace/juelinliu_umass_edu-gpu-mvr/gpu-mvr/dataset/hotpot/gpu_mvr_2m --k 100 --nq -1 --warmup 5 --concurrent-queries 1 --config-file /scratch3/workspace/juelinliu_umass_edu-gpu-mvr/gpu-mvr/config/tmp/chimera_topk_baseline/20260429T182345Z/hotpot/chimera/all_k100_slots1_runs3.csv,,1,1452.771,,1.225,-1,32,5
chimera_topk_baseline,chimera,hotpot,a3,a3_run3,1,100,3,0.8611,0.65649,0.65649,717.476,1.393,1.386,1.465,1.491,1.568,5.571,0.155,,24,1200,150,64,5,gpu_search,/scratch3/workspace/juelinliu_umass_edu-gpu-mvr/gpu-mvr/profiling/chimera_topk_baseline/logs/20260429T182345Z/hotpot/chimera/all_k100_slots1_runs3.log,0,/scratch3/workspace/juelinliu_umass_edu-gpu-mvr/gpu-mvr/gpu-mvr/build/gpu_search --query /scratch3/workspace/juelinliu_umass_edu-gpu-mvr/gpu-mvr/dataset/hotpot/raw/query.bin --gt /scratch3/workspace/juelinliu_umass_edu-gpu-mvr/gpu-mvr/dataset/hotpot/raw/gt.tsv --index /scratch3/workspace/juelinliu_umass_edu-gpu-mvr/gpu-mvr/dataset/hotpot/gpu_mvr_2m --k 100 --nq -1 --warmup 5 --concurrent-queries 1 --config-file /scratch3/workspace/juelinliu_umass_edu-gpu-mvr/gpu-mvr/config/tmp/chimera_topk_baseline/20260429T182345Z/hotpot/chimera/all_k100_slots1_runs3.csv,,1,1393.775,,1.220,-1,32,5
chimera_topk_baseline,chimera,hotpot,a4,a4_run1,1,100,1,0.857,0.58895,0.58895,678.360,1.474,1.464,1.552,1.586,1.752,5.556,0.168,,32,800,100,64,5,gpu_search,/scratch3/workspace/juelinliu_umass_edu-gpu-mvr/gpu-mvr/profiling/chimera_topk_baseline/logs/20260429T182345Z/hotpot/chimera/all_k100_slots1_runs3.log,0,/scratch3/workspace/juelinliu_umass_edu-gpu-mvr/gpu-mvr/gpu-mvr/build/gpu_search --query /scratch3/workspace/juelinliu_umass_edu-gpu-mvr/gpu-mvr/dataset/hotpot/raw/query.bin --gt /scratch3/workspace/juelinliu_umass_edu-gpu-mvr/gpu-mvr/dataset/hotpot/raw/gt.tsv --index /scratch3/workspace/juelinliu_umass_edu-gpu-mvr/gpu-mvr/dataset/hotpot/gpu_mvr_2m --k 100 --nq -1 --warmup 5 --concurrent-queries 1 --config-file /scratch3/workspace/juelinliu_umass_edu-gpu-mvr/gpu-mvr/config/tmp/chimera_topk_baseline/20260429T182345Z/hotpot/chimera/all_k100_slots1_runs3.csv,,1,1474.142,,1.253,-1,32,5
chimera_topk_baseline,chimera,hotpot,a4,a4_run2,1,100,2,0.857,0.589,0.589,697.743,1.433,1.421,1.507,1.537,1.630,5.635,0.156,,32,800,100,64,5,gpu_search,/scratch3/workspace/juelinliu_umass_edu-gpu-mvr/gpu-mvr/profiling/chimera_topk_baseline/logs/20260429T182345Z/hotpot/chimera/all_k100_slots1_runs3.log,0,/scratch3/workspace/juelinliu_umass_edu-gpu-mvr/gpu-mvr/gpu-mvr/build/gpu_search --query /scratch3/workspace/juelinliu_umass_edu-gpu-mvr/gpu-mvr/dataset/hotpot/raw/query.bin --gt /scratch3/workspace/juelinliu_umass_edu-gpu-mvr/gpu-mvr/dataset/hotpot/raw/gt.tsv --index /scratch3/workspace/juelinliu_umass_edu-gpu-mvr/gpu-mvr/dataset/hotpot/gpu_mvr_2m --k 100 --nq -1 --warmup 5 --concurrent-queries 1 --config-file /scratch3/workspace/juelinliu_umass_edu-gpu-mvr/gpu-mvr/config/tmp/chimera_topk_baseline/20260429T182345Z/hotpot/chimera/all_k100_slots1_runs3.csv,,1,1433.193,,1.237,-1,32,5
chimera_topk_baseline,chimera,hotpot,a4,a4_run3,1,100,3,0.8569,0.58886,0.58886,675.741,1.479,1.466,1.560,1.587,1.715,5.507,0.183,,32,800,100,64,5,gpu_search,/scratch3/workspace/juelinliu_umass_edu-gpu-mvr/gpu-mvr/profiling/chimera_topk_baseline/logs/20260429T182345Z/hotpot/chimera/all_k100_slots1_runs3.log,0,/scratch3/workspace/juelinliu_umass_edu-gpu-mvr/gpu-mvr/gpu-mvr/build/gpu_search --query /scratch3/workspace/juelinliu_umass_edu-gpu-mvr/gpu-mvr/dataset/hotpot/raw/query.bin --gt /scratch3/workspace/juelinliu_umass_edu-gpu-mvr/gpu-mvr/dataset/hotpot/raw/gt.tsv --index /scratch3/workspace/juelinliu_umass_edu-gpu-mvr/gpu-mvr/dataset/hotpot/gpu_mvr_2m --k 100 --nq -1 --warmup 5 --concurrent-queries 1 --config-file /scratch3/workspace/juelinliu_umass_edu-gpu-mvr/gpu-mvr/config/tmp/chimera_topk_baseline/20260429T182345Z/hotpot/chimera/all_k100_slots1_runs3.csv,,1,1479.856,,1.257,-1,32,5
chimera_topk_baseline,chimera,hotpot,b1,b1_run1,1,100,1,0.8915,0.66206,0.66206,603.625,1.655,1.641,1.791,1.850,1.987,5.582,0.193,,48,1000,120,96,5,gpu_search,/scratch3/workspace/juelinliu_umass_edu-gpu-mvr/gpu-mvr/profiling/chimera_topk_baseline/logs/20260429T182345Z/hotpot/chimera/all_k100_slots1_runs3.log,0,/scratch3/workspace/juelinliu_umass_edu-gpu-mvr/gpu-mvr/gpu-mvr/build/gpu_search --query /scratch3/workspace/juelinliu_umass_edu-gpu-mvr/gpu-mvr/dataset/hotpot/raw/query.bin --gt /scratch3/workspace/juelinliu_umass_edu-gpu-mvr/gpu-mvr/dataset/hotpot/raw/gt.tsv --index /scratch3/workspace/juelinliu_umass_edu-gpu-mvr/gpu-mvr/dataset/hotpot/gpu_mvr_2m --k 100 --nq -1 --warmup 5 --concurrent-queries 1 --config-file /scratch3/workspace/juelinliu_umass_edu-gpu-mvr/gpu-mvr/config/tmp/chimera_topk_baseline/20260429T182345Z/hotpot/chimera/all_k100_slots1_runs3.csv,,1,1656.657,,1.346,-1,32,5
chimera_topk_baseline,chimera,hotpot,b1,b1_run2,1,100,2,0.8919,0.66206,0.66206,585.699,1.707,1.698,1.837,1.883,1.993,5.886,0.194,,48,1000,120,96,5,gpu_search,/scratch3/workspace/juelinliu_umass_edu-gpu-mvr/gpu-mvr/profiling/chimera_topk_baseline/logs/20260429T182345Z/hotpot/chimera/all_k100_slots1_runs3.log,0,/scratch3/workspace/juelinliu_umass_edu-gpu-mvr/gpu-mvr/gpu-mvr/build/gpu_search --query /scratch3/workspace/juelinliu_umass_edu-gpu-mvr/gpu-mvr/dataset/hotpot/raw/query.bin --gt /scratch3/workspace/juelinliu_umass_edu-gpu-mvr/gpu-mvr/dataset/hotpot/raw/gt.tsv --index /scratch3/workspace/juelinliu_umass_edu-gpu-mvr/gpu-mvr/dataset/hotpot/gpu_mvr_2m --k 100 --nq -1 --warmup 5 --concurrent-queries 1 --config-file /scratch3/workspace/juelinliu_umass_edu-gpu-mvr/gpu-mvr/config/tmp/chimera_topk_baseline/20260429T182345Z/hotpot/chimera/all_k100_slots1_runs3.csv,,1,1707.360,,1.367,-1,32,5
chimera_topk_baseline,chimera,hotpot,b1,b1_run3,1,100,3,0.892,0.66214,0.66214,619.259,1.614,1.601,1.698,1.733,1.912,5.936,0.164,,48,1000,120,96,5,gpu_search,/scratch3/workspace/juelinliu_umass_edu-gpu-mvr/gpu-mvr/profiling/chimera_topk_baseline/logs/20260429T182345Z/hotpot/chimera/all_k100_slots1_runs3.log,0,/scratch3/workspace/juelinliu_umass_edu-gpu-mvr/gpu-mvr/gpu-mvr/build/gpu_search --query /scratch3/workspace/juelinliu_umass_edu-gpu-mvr/gpu-mvr/dataset/hotpot/raw/query.bin --gt /scratch3/workspace/juelinliu_umass_edu-gpu-mvr/gpu-mvr/dataset/hotpot/raw/gt.tsv --index /scratch3/workspace/juelinliu_umass_edu-gpu-mvr/gpu-mvr/dataset/hotpot/gpu_mvr_2m --k 100 --nq -1 --warmup 5 --concurrent-queries 1 --config-file /scratch3/workspace/juelinliu_umass_edu-gpu-mvr/gpu-mvr/config/tmp/chimera_topk_baseline/20260429T182345Z/hotpot/chimera/all_k100_slots1_runs3.csv,,1,1614.834,,1.419,-1,32,5
chimera_topk_baseline,chimera,hotpot,b2,b2_run1,1,100,1,0.9092,0.72595,0.72595,630.574,1.585,1.567,1.695,1.750,1.895,5.767,0.177,,48,1500,150,96,5,gpu_search,/scratch3/workspace/juelinliu_umass_edu-gpu-mvr/gpu-mvr/profiling/chimera_topk_baseline/logs/20260429T182345Z/hotpot/chimera/all_k100_slots1_runs3.log,0,/scratch3/workspace/juelinliu_umass_edu-gpu-mvr/gpu-mvr/gpu-mvr/build/gpu_search --query /scratch3/workspace/juelinliu_umass_edu-gpu-mvr/gpu-mvr/dataset/hotpot/raw/query.bin --gt /scratch3/workspace/juelinliu_umass_edu-gpu-mvr/gpu-mvr/dataset/hotpot/raw/gt.tsv --index /scratch3/workspace/juelinliu_umass_edu-gpu-mvr/gpu-mvr/dataset/hotpot/gpu_mvr_2m --k 100 --nq -1 --warmup 5 --concurrent-queries 1 --config-file /scratch3/workspace/juelinliu_umass_edu-gpu-mvr/gpu-mvr/config/tmp/chimera_topk_baseline/20260429T182345Z/hotpot/chimera/all_k100_slots1_runs3.csv,,1,1585.858,,1.352,-1,32,5
chimera_topk_baseline,chimera,hotpot,b2,b2_run2,1,100,2,0.9093,0.72592,0.72592,596.761,1.675,1.657,1.778,1.824,1.992,5.450,0.181,,48,1500,150,96,5,gpu_search,/scratch3/workspace/juelinliu_umass_edu-gpu-mvr/gpu-mvr/profiling/chimera_topk_baseline/logs/20260429T182345Z/hotpot/chimera/all_k100_slots1_runs3.log,0,/scratch3/workspace/juelinliu_umass_edu-gpu-mvr/gpu-mvr/gpu-mvr/build/gpu_search --query /scratch3/workspace/juelinliu_umass_edu-gpu-mvr/gpu-mvr/dataset/hotpot/raw/query.bin --gt /scratch3/workspace/juelinliu_umass_edu-gpu-mvr/gpu-mvr/dataset/hotpot/raw/gt.tsv --index /scratch3/workspace/juelinliu_umass_edu-gpu-mvr/gpu-mvr/dataset/hotpot/gpu_mvr_2m --k 100 --nq -1 --warmup 5 --concurrent-queries 1 --config-file /scratch3/workspace/juelinliu_umass_edu-gpu-mvr/gpu-mvr/config/tmp/chimera_topk_baseline/20260429T182345Z/hotpot/chimera/all_k100_slots1_runs3.csv,,1,1675.712,,1.382,-1,32,5
chimera_topk_baseline,chimera,hotpot,b2,b2_run3,1,100,3,0.9094,0.7259,0.7259,619.098,1.615,1.571,1.746,1.813,2.006,6.844,0.325,,48,1500,150,96,5,gpu_search,/scratch3/workspace/juelinliu_umass_edu-gpu-mvr/gpu-mvr/profiling/chimera_topk_baseline/logs/20260429T182345Z/hotpot/chimera/all_k100_slots1_runs3.log,0,/scratch3/workspace/juelinliu_umass_edu-gpu-mvr/gpu-mvr/gpu-mvr/build/gpu_search --query /scratch3/workspace/juelinliu_umass_edu-gpu-mvr/gpu-mvr/dataset/hotpot/raw/query.bin --gt /scratch3/workspace/juelinliu_umass_edu-gpu-mvr/gpu-mvr/dataset/hotpot/raw/gt.tsv --index /scratch3/workspace/juelinliu_umass_edu-gpu-mvr/gpu-mvr/dataset/hotpot/gpu_mvr_2m --k 100 --nq -1 --warmup 5 --concurrent-queries 1 --config-file /scratch3/workspace/juelinliu_umass_edu-gpu-mvr/gpu-mvr/config/tmp/chimera_topk_baseline/20260429T182345Z/hotpot/chimera/all_k100_slots1_runs3.csv,,1,1615.254,,1.334,-1,32,5
chimera_topk_baseline,chimera,hotpot,b3,b3_run1,1,100,1,0.9082,0.72649,0.72649,540.090,1.851,1.825,1.945,2.007,2.854,7.075,0.300,,64,1200,150,96,5,gpu_search,/scratch3/workspace/juelinliu_umass_edu-gpu-mvr/gpu-mvr/profiling/chimera_topk_baseline/logs/20260429T182345Z/hotpot/chimera/all_k100_slots1_runs3.log,0,/scratch3/workspace/juelinliu_umass_edu-gpu-mvr/gpu-mvr/gpu-mvr/build/gpu_search --query /scratch3/workspace/juelinliu_umass_edu-gpu-mvr/gpu-mvr/dataset/hotpot/raw/query.bin --gt /scratch3/workspace/juelinliu_umass_edu-gpu-mvr/gpu-mvr/dataset/hotpot/raw/gt.tsv --index /scratch3/workspace/juelinliu_umass_edu-gpu-mvr/gpu-mvr/dataset/hotpot/gpu_mvr_2m --k 100 --nq -1 --warmup 5 --concurrent-queries 1 --config-file /scratch3/workspace/juelinliu_umass_edu-gpu-mvr/gpu-mvr/config/tmp/chimera_topk_baseline/20260429T182345Z/hotpot/chimera/all_k100_slots1_runs3.csv,,1,1851.545,,1.457,-1,32,5
chimera_topk_baseline,chimera,hotpot,b3,b3_run2,1,100,2,0.9084,0.72654,0.72654,562.737,1.776,1.757,1.921,1.964,2.409,6.968,0.233,,64,1200,150,96,5,gpu_search,/scratch3/workspace/juelinliu_umass_edu-gpu-mvr/gpu-mvr/profiling/chimera_topk_baseline/logs/20260429T182345Z/hotpot/chimera/all_k100_slots1_runs3.log,0,/scratch3/workspace/juelinliu_umass_edu-gpu-mvr/gpu-mvr/gpu-mvr/build/gpu_search --query /scratch3/workspace/juelinliu_umass_edu-gpu-mvr/gpu-mvr/dataset/hotpot/raw/query.bin --gt /scratch3/workspace/juelinliu_umass_edu-gpu-mvr/gpu-mvr/dataset/hotpot/raw/gt.tsv --index /scratch3/workspace/juelinliu_umass_edu-gpu-mvr/gpu-mvr/dataset/hotpot/gpu_mvr_2m --k 100 --nq -1 --warmup 5 --concurrent-queries 1 --config-file /scratch3/workspace/juelinliu_umass_edu-gpu-mvr/gpu-mvr/config/tmp/chimera_topk_baseline/20260429T182345Z/hotpot/chimera/all_k100_slots1_runs3.csv,,1,1777.031,,1.458,-1,32,5
chimera_topk_baseline,chimera,hotpot,b3,b3_run3,1,100,3,0.9082,0.72676,0.72676,599.267,1.668,1.650,1.791,1.846,1.970,7.122,0.213,,64,1200,150,96,5,gpu_search,/scratch3/workspace/juelinliu_umass_edu-gpu-mvr/gpu-mvr/profiling/chimera_topk_baseline/logs/20260429T182345Z/hotpot/chimera/all_k100_slots1_runs3.log,0,/scratch3/workspace/juelinliu_umass_edu-gpu-mvr/gpu-mvr/gpu-mvr/build/gpu_search --query /scratch3/workspace/juelinliu_umass_edu-gpu-mvr/gpu-mvr/dataset/hotpot/raw/query.bin --gt /scratch3/workspace/juelinliu_umass_edu-gpu-mvr/gpu-mvr/dataset/hotpot/raw/gt.tsv --index /scratch3/workspace/juelinliu_umass_edu-gpu-mvr/gpu-mvr/dataset/hotpot/gpu_mvr_2m --k 100 --nq -1 --warmup 5 --concurrent-queries 1 --config-file /scratch3/workspace/juelinliu_umass_edu-gpu-mvr/gpu-mvr/config/tmp/chimera_topk_baseline/20260429T182345Z/hotpot/chimera/all_k100_slots1_runs3.csv,,1,1668.706,,1.366,-1,32,5
chimera_topk_baseline,chimera,hotpot,b4,b4_run1,1,100,1,0.9201,0.77656,0.77656,580.689,1.722,1.707,1.836,1.881,2.010,5.804,0.180,,64,1800,180,96,5,gpu_search,/scratch3/workspace/juelinliu_umass_edu-gpu-mvr/gpu-mvr/profiling/chimera_topk_baseline/logs/20260429T182345Z/hotpot/chimera/all_k100_slots1_runs3.log,0,/scratch3/workspace/juelinliu_umass_edu-gpu-mvr/gpu-mvr/gpu-mvr/build/gpu_search --query /scratch3/workspace/juelinliu_umass_edu-gpu-mvr/gpu-mvr/dataset/hotpot/raw/query.bin --gt /scratch3/workspace/juelinliu_umass_edu-gpu-mvr/gpu-mvr/dataset/hotpot/raw/gt.tsv --index /scratch3/workspace/juelinliu_umass_edu-gpu-mvr/gpu-mvr/dataset/hotpot/gpu_mvr_2m --k 100 --nq -1 --warmup 5 --concurrent-queries 1 --config-file /scratch3/workspace/juelinliu_umass_edu-gpu-mvr/gpu-mvr/config/tmp/chimera_topk_baseline/20260429T182345Z/hotpot/chimera/all_k100_slots1_runs3.csv,,1,1722.094,,1.411,-1,32,5
chimera_topk_baseline,chimera,hotpot,b4,b4_run2,1,100,2,0.9196,0.77648,0.77648,593.965,1.683,1.667,1.813,1.855,2.329,5.900,0.196,,64,1800,180,96,5,gpu_search,/scratch3/workspace/juelinliu_umass_edu-gpu-mvr/gpu-mvr/profiling/chimera_topk_baseline/logs/20260429T182345Z/hotpot/chimera/all_k100_slots1_runs3.log,0,/scratch3/workspace/juelinliu_umass_edu-gpu-mvr/gpu-mvr/gpu-mvr/build/gpu_search --query /scratch3/workspace/juelinliu_umass_edu-gpu-mvr/gpu-mvr/dataset/hotpot/raw/query.bin --gt /scratch3/workspace/juelinliu_umass_edu-gpu-mvr/gpu-mvr/dataset/hotpot/raw/gt.tsv --index /scratch3/workspace/juelinliu_umass_edu-gpu-mvr/gpu-mvr/dataset/hotpot/gpu_mvr_2m --k 100 --nq -1 --warmup 5 --concurrent-queries 1 --config-file /scratch3/workspace/juelinliu_umass_edu-gpu-mvr/gpu-mvr/config/tmp/chimera_topk_baseline/20260429T182345Z/hotpot/chimera/all_k100_slots1_runs3.csv,,1,1683.602,,1.406,-1,32,5
chimera_topk_baseline,chimera,hotpot,b4,b4_run3,1,100,3,0.9202,0.77676,0.77676,576.321,1.735,1.713,1.843,1.892,2.093,5.748,0.219,,64,1800,180,96,5,gpu_search,/scratch3/workspace/juelinliu_umass_edu-gpu-mvr/gpu-mvr/profiling/chimera_topk_baseline/logs/20260429T182345Z/hotpot/chimera/all_k100_slots1_runs3.log,0,/scratch3/workspace/juelinliu_umass_edu-gpu-mvr/gpu-mvr/gpu-mvr/build/gpu_search --query /scratch3/workspace/juelinliu_umass_edu-gpu-mvr/gpu-mvr/dataset/hotpot/raw/query.bin --gt /scratch3/workspace/juelinliu_umass_edu-gpu-mvr/gpu-mvr/dataset/hotpot/raw/gt.tsv --index /scratch3/workspace/juelinliu_umass_edu-gpu-mvr/gpu-mvr/dataset/hotpot/gpu_mvr_2m --k 100 --nq -1 --warmup 5 --concurrent-queries 1 --config-file /scratch3/workspace/juelinliu_umass_edu-gpu-mvr/gpu-mvr/config/tmp/chimera_topk_baseline/20260429T182345Z/hotpot/chimera/all_k100_slots1_runs3.csv,,1,1735.145,,1.464,-1,32,5
chimera_topk_baseline,chimera,hotpot,c1,c1_run1,1,100,1,0.927,0.82113,0.82113,566.941,1.763,1.744,1.880,1.928,2.121,7.238,0.212,,64,2400,240,128,5,gpu_search,/scratch3/workspace/juelinliu_umass_edu-gpu-mvr/gpu-mvr/profiling/chimera_topk_baseline/logs/20260429T182345Z/hotpot/chimera/all_k100_slots1_runs3.log,0,/scratch3/workspace/juelinliu_umass_edu-gpu-mvr/gpu-mvr/gpu-mvr/build/gpu_search --query /scratch3/workspace/juelinliu_umass_edu-gpu-mvr/gpu-mvr/dataset/hotpot/raw/query.bin --gt /scratch3/workspace/juelinliu_umass_edu-gpu-mvr/gpu-mvr/dataset/hotpot/raw/gt.tsv --index /scratch3/workspace/juelinliu_umass_edu-gpu-mvr/gpu-mvr/dataset/hotpot/gpu_mvr_2m --k 100 --nq -1 --warmup 5 --concurrent-queries 1 --config-file /scratch3/workspace/juelinliu_umass_edu-gpu-mvr/gpu-mvr/config/tmp/chimera_topk_baseline/20260429T182345Z/hotpot/chimera/all_k100_slots1_runs3.csv,,1,1763.852,,1.493,-1,32,5
chimera_topk_baseline,chimera,hotpot,c1,c1_run2,1,100,2,0.9271,0.82114,0.82114,569.481,1.756,1.748,1.869,1.911,1.996,5.870,0.175,,64,2400,240,128,5,gpu_search,/scratch3/workspace/juelinliu_umass_edu-gpu-mvr/gpu-mvr/profiling/chimera_topk_baseline/logs/20260429T182345Z/hotpot/chimera/all_k100_slots1_runs3.log,0,/scratch3/workspace/juelinliu_umass_edu-gpu-mvr/gpu-mvr/gpu-mvr/build/gpu_search --query /scratch3/workspace/juelinliu_umass_edu-gpu-mvr/gpu-mvr/dataset/hotpot/raw/query.bin --gt /scratch3/workspace/juelinliu_umass_edu-gpu-mvr/gpu-mvr/dataset/hotpot/raw/gt.tsv --index /scratch3/workspace/juelinliu_umass_edu-gpu-mvr/gpu-mvr/dataset/hotpot/gpu_mvr_2m --k 100 --nq -1 --warmup 5 --concurrent-queries 1 --config-file /scratch3/workspace/juelinliu_umass_edu-gpu-mvr/gpu-mvr/config/tmp/chimera_topk_baseline/20260429T182345Z/hotpot/chimera/all_k100_slots1_runs3.csv,,1,1755.984,,1.490,-1,32,5
chimera_topk_baseline,chimera,hotpot,c1,c1_run3,1,100,3,0.927,0.82093,0.82093,587.036,1.703,1.683,1.836,1.877,2.004,5.995,0.194,,64,2400,240,128,5,gpu_search,/scratch3/workspace/juelinliu_umass_edu-gpu-mvr/gpu-mvr/profiling/chimera_topk_baseline/logs/20260429T182345Z/hotpot/chimera/all_k100_slots1_runs3.log,0,/scratch3/workspace/juelinliu_umass_edu-gpu-mvr/gpu-mvr/gpu-mvr/build/gpu_search --query /scratch3/workspace/juelinliu_umass_edu-gpu-mvr/gpu-mvr/dataset/hotpot/raw/query.bin --gt /scratch3/workspace/juelinliu_umass_edu-gpu-mvr/gpu-mvr/dataset/hotpot/raw/gt.tsv --index /scratch3/workspace/juelinliu_umass_edu-gpu-mvr/gpu-mvr/dataset/hotpot/gpu_mvr_2m --k 100 --nq -1 --warmup 5 --concurrent-queries 1 --config-file /scratch3/workspace/juelinliu_umass_edu-gpu-mvr/gpu-mvr/config/tmp/chimera_topk_baseline/20260429T182345Z/hotpot/chimera/all_k100_slots1_runs3.csv,,1,1703.473,,1.426,-1,32,5
chimera_topk_baseline,chimera,hotpot,c2,c2_run1,1,100,1,0.9249,0.80634,0.80634,511.983,1.953,1.931,2.091,2.141,2.390,6.004,0.209,,96,1800,200,128,5,gpu_search,/scratch3/workspace/juelinliu_umass_edu-gpu-mvr/gpu-mvr/profiling/chimera_topk_baseline/logs/20260429T182345Z/hotpot/chimera/all_k100_slots1_runs3.log,0,/scratch3/workspace/juelinliu_umass_edu-gpu-mvr/gpu-mvr/gpu-mvr/build/gpu_search --query /scratch3/workspace/juelinliu_umass_edu-gpu-mvr/gpu-mvr/dataset/hotpot/raw/query.bin --gt /scratch3/workspace/juelinliu_umass_edu-gpu-mvr/gpu-mvr/dataset/hotpot/raw/gt.tsv --index /scratch3/workspace/juelinliu_umass_edu-gpu-mvr/gpu-mvr/dataset/hotpot/gpu_mvr_2m --k 100 --nq -1 --warmup 5 --concurrent-queries 1 --config-file /scratch3/workspace/juelinliu_umass_edu-gpu-mvr/gpu-mvr/config/tmp/chimera_topk_baseline/20260429T182345Z/hotpot/chimera/all_k100_slots1_runs3.csv,,1,1953.190,,1.635,-1,32,5
chimera_topk_baseline,chimera,hotpot,c2,c2_run2,1,100,2,0.9249,0.80628,0.80628,521.933,1.916,1.899,2.049,2.106,2.222,6.367,0.191,,96,1800,200,128,5,gpu_search,/scratch3/workspace/juelinliu_umass_edu-gpu-mvr/gpu-mvr/profiling/chimera_topk_baseline/logs/20260429T182345Z/hotpot/chimera/all_k100_slots1_runs3.log,0,/scratch3/workspace/juelinliu_umass_edu-gpu-mvr/gpu-mvr/gpu-mvr/build/gpu_search --query /scratch3/workspace/juelinliu_umass_edu-gpu-mvr/gpu-mvr/dataset/hotpot/raw/query.bin --gt /scratch3/workspace/juelinliu_umass_edu-gpu-mvr/gpu-mvr/dataset/hotpot/raw/gt.tsv --index /scratch3/workspace/juelinliu_umass_edu-gpu-mvr/gpu-mvr/dataset/hotpot/gpu_mvr_2m --k 100 --nq -1 --warmup 5 --concurrent-queries 1 --config-file /scratch3/workspace/juelinliu_umass_edu-gpu-mvr/gpu-mvr/config/tmp/chimera_topk_baseline/20260429T182345Z/hotpot/chimera/all_k100_slots1_runs3.csv,,1,1915.954,,1.632,-1,32,5
chimera_topk_baseline,chimera,hotpot,c2,c2_run3,1,100,3,0.925,0.80631,0.80631,513.144,1.948,1.931,2.077,2.132,2.302,6.041,0.216,,96,1800,200,128,5,gpu_search,/scratch3/workspace/juelinliu_umass_edu-gpu-mvr/gpu-mvr/profiling/chimera_topk_baseline/logs/20260429T182345Z/hotpot/chimera/all_k100_slots1_runs3.log,0,/scratch3/workspace/juelinliu_umass_edu-gpu-mvr/gpu-mvr/gpu-mvr/build/gpu_search --query /scratch3/workspace/juelinliu_umass_edu-gpu-mvr/gpu-mvr/dataset/hotpot/raw/query.bin --gt /scratch3/workspace/juelinliu_umass_edu-gpu-mvr/gpu-mvr/dataset/hotpot/raw/gt.tsv --index /scratch3/workspace/juelinliu_umass_edu-gpu-mvr/gpu-mvr/dataset/hotpot/gpu_mvr_2m --k 100 --nq -1 --warmup 5 --concurrent-queries 1 --config-file /scratch3/workspace/juelinliu_umass_edu-gpu-mvr/gpu-mvr/config/tmp/chimera_topk_baseline/20260429T182345Z/hotpot/chimera/all_k100_slots1_runs3.csv,,1,1948.773,,1.568,-1,32,5
chimera_topk_baseline,chimera,hotpot,c3,c3_run1,1,100,1,0.9312,0.84077,0.84077,517.332,1.933,1.923,2.081,2.130,2.232,6.196,0.181,,96,2400,250,128,5,gpu_search,/scratch3/workspace/juelinliu_umass_edu-gpu-mvr/gpu-mvr/profiling/chimera_topk_baseline/logs/20260429T182345Z/hotpot/chimera/all_k100_slots1_runs3.log,0,/scratch3/workspace/juelinliu_umass_edu-gpu-mvr/gpu-mvr/gpu-mvr/build/gpu_search --query /scratch3/workspace/juelinliu_umass_edu-gpu-mvr/gpu-mvr/dataset/hotpot/raw/query.bin --gt /scratch3/workspace/juelinliu_umass_edu-gpu-mvr/gpu-mvr/dataset/hotpot/raw/gt.tsv --index /scratch3/workspace/juelinliu_umass_edu-gpu-mvr/gpu-mvr/dataset/hotpot/gpu_mvr_2m --k 100 --nq -1 --warmup 5 --concurrent-queries 1 --config-file /scratch3/workspace/juelinliu_umass_edu-gpu-mvr/gpu-mvr/config/tmp/chimera_topk_baseline/20260429T182345Z/hotpot/chimera/all_k100_slots1_runs3.csv,,1,1932.994,,1.562,-1,32,5
chimera_topk_baseline,chimera,hotpot,c3,c3_run2,1,100,2,0.9315,0.84067,0.84067,525.854,1.901,1.894,2.052,2.091,2.194,5.904,0.170,,96,2400,250,128,5,gpu_search,/scratch3/workspace/juelinliu_umass_edu-gpu-mvr/gpu-mvr/profiling/chimera_topk_baseline/logs/20260429T182345Z/hotpot/chimera/all_k100_slots1_runs3.log,0,/scratch3/workspace/juelinliu_umass_edu-gpu-mvr/gpu-mvr/gpu-mvr/build/gpu_search --query /scratch3/workspace/juelinliu_umass_edu-gpu-mvr/gpu-mvr/dataset/hotpot/raw/query.bin --gt /scratch3/workspace/juelinliu_umass_edu-gpu-mvr/gpu-mvr/dataset/hotpot/raw/gt.tsv --index /scratch3/workspace/juelinliu_umass_edu-gpu-mvr/gpu-mvr/dataset/hotpot/gpu_mvr_2m --k 100 --nq -1 --warmup 5 --concurrent-queries 1 --config-file /scratch3/workspace/juelinliu_umass_edu-gpu-mvr/gpu-mvr/config/tmp/chimera_topk_baseline/20260429T182345Z/hotpot/chimera/all_k100_slots1_runs3.csv,,1,1901.667,,1.602,-1,32,5
chimera_topk_baseline,chimera,hotpot,c3,c3_run3,1,100,3,0.9313,0.8406,0.8406,527.077,1.897,1.881,2.045,2.093,2.201,5.690,0.202,,96,2400,250,128,5,gpu_search,/scratch3/workspace/juelinliu_umass_edu-gpu-mvr/gpu-mvr/profiling/chimera_topk_baseline/logs/20260429T182345Z/hotpot/chimera/all_k100_slots1_runs3.log,0,/scratch3/workspace/juelinliu_umass_edu-gpu-mvr/gpu-mvr/gpu-mvr/build/gpu_search --query /scratch3/workspace/juelinliu_umass_edu-gpu-mvr/gpu-mvr/dataset/hotpot/raw/query.bin --gt /scratch3/workspace/juelinliu_umass_edu-gpu-mvr/gpu-mvr/dataset/hotpot/raw/gt.tsv --index /scratch3/workspace/juelinliu_umass_edu-gpu-mvr/gpu-mvr/dataset/hotpot/gpu_mvr_2m --k 100 --nq -1 --warmup 5 --concurrent-queries 1 --config-file /scratch3/workspace/juelinliu_umass_edu-gpu-mvr/gpu-mvr/config/tmp/chimera_topk_baseline/20260429T182345Z/hotpot/chimera/all_k100_slots1_runs3.csv,,1,1897.257,,1.590,-1,32,5
chimera_topk_baseline,chimera,hotpot,d1,d1_run1,1,100,1,0.9387,0.87299,0.87299,451.762,2.213,2.192,2.384,2.441,2.614,6.553,0.197,,128,3000,300,150,5,gpu_search,/scratch3/workspace/juelinliu_umass_edu-gpu-mvr/gpu-mvr/profiling/chimera_topk_baseline/logs/20260429T182345Z/hotpot/chimera/all_k100_slots1_runs3.log,0,/scratch3/workspace/juelinliu_umass_edu-gpu-mvr/gpu-mvr/gpu-mvr/build/gpu_search --query /scratch3/workspace/juelinliu_umass_edu-gpu-mvr/gpu-mvr/dataset/hotpot/raw/query.bin --gt /scratch3/workspace/juelinliu_umass_edu-gpu-mvr/gpu-mvr/dataset/hotpot/raw/gt.tsv --index /scratch3/workspace/juelinliu_umass_edu-gpu-mvr/gpu-mvr/dataset/hotpot/gpu_mvr_2m --k 100 --nq -1 --warmup 5 --concurrent-queries 1 --config-file /scratch3/workspace/juelinliu_umass_edu-gpu-mvr/gpu-mvr/config/tmp/chimera_topk_baseline/20260429T182345Z/hotpot/chimera/all_k100_slots1_runs3.csv,,1,2213.554,,1.845,-1,32,5
chimera_topk_baseline,chimera,hotpot,d1,d1_run2,1,100,2,0.939,0.87303,0.87303,452.020,2.212,2.189,2.375,2.432,2.574,6.294,0.262,,128,3000,300,150,5,gpu_search,/scratch3/workspace/juelinliu_umass_edu-gpu-mvr/gpu-mvr/profiling/chimera_topk_baseline/logs/20260429T182345Z/hotpot/chimera/all_k100_slots1_runs3.log,0,/scratch3/workspace/juelinliu_umass_edu-gpu-mvr/gpu-mvr/gpu-mvr/build/gpu_search --query /scratch3/workspace/juelinliu_umass_edu-gpu-mvr/gpu-mvr/dataset/hotpot/raw/query.bin --gt /scratch3/workspace/juelinliu_umass_edu-gpu-mvr/gpu-mvr/dataset/hotpot/raw/gt.tsv --index /scratch3/workspace/juelinliu_umass_edu-gpu-mvr/gpu-mvr/dataset/hotpot/gpu_mvr_2m --k 100 --nq -1 --warmup 5 --concurrent-queries 1 --config-file /scratch3/workspace/juelinliu_umass_edu-gpu-mvr/gpu-mvr/config/tmp/chimera_topk_baseline/20260429T182345Z/hotpot/chimera/all_k100_slots1_runs3.csv,,1,2212.291,,1.796,-1,32,5
chimera_topk_baseline,chimera,hotpot,d1,d1_run3,1,100,3,0.9386,0.87292,0.87292,447.136,2.236,2.216,2.392,2.460,2.615,8.901,0.268,,128,3000,300,150,5,gpu_search,/scratch3/workspace/juelinliu_umass_edu-gpu-mvr/gpu-mvr/profiling/chimera_topk_baseline/logs/20260429T182345Z/hotpot/chimera/all_k100_slots1_runs3.log,0,/scratch3/workspace/juelinliu_umass_edu-gpu-mvr/gpu-mvr/gpu-mvr/build/gpu_search --query /scratch3/workspace/juelinliu_umass_edu-gpu-mvr/gpu-mvr/dataset/hotpot/raw/query.bin --gt /scratch3/workspace/juelinliu_umass_edu-gpu-mvr/gpu-mvr/dataset/hotpot/raw/gt.tsv --index /scratch3/workspace/juelinliu_umass_edu-gpu-mvr/gpu-mvr/dataset/hotpot/gpu_mvr_2m --k 100 --nq -1 --warmup 5 --concurrent-queries 1 --config-file /scratch3/workspace/juelinliu_umass_edu-gpu-mvr/gpu-mvr/config/tmp/chimera_topk_baseline/20260429T182345Z/hotpot/chimera/all_k100_slots1_runs3.csv,,1,2236.456,,1.794,-1,32,5
chimera_topk_baseline,chimera,hotpot,e1,e1_run1,1,100,1,0.9381,0.86984,0.86984,458.372,2.181,2.124,2.332,2.413,3.634,13.303,0.617,,96,3200,320,160,5,gpu_search,/scratch3/workspace/juelinliu_umass_edu-gpu-mvr/gpu-mvr/profiling/chimera_topk_baseline/logs/20260429T182345Z/hotpot/chimera/all_k100_slots1_runs3.log,0,/scratch3/workspace/juelinliu_umass_edu-gpu-mvr/gpu-mvr/gpu-mvr/build/gpu_search --query /scratch3/workspace/juelinliu_umass_edu-gpu-mvr/gpu-mvr/dataset/hotpot/raw/query.bin --gt /scratch3/workspace/juelinliu_umass_edu-gpu-mvr/gpu-mvr/dataset/hotpot/raw/gt.tsv --index /scratch3/workspace/juelinliu_umass_edu-gpu-mvr/gpu-mvr/dataset/hotpot/gpu_mvr_2m --k 100 --nq -1 --warmup 5 --concurrent-queries 1 --config-file /scratch3/workspace/juelinliu_umass_edu-gpu-mvr/gpu-mvr/config/tmp/chimera_topk_baseline/20260429T182345Z/hotpot/chimera/all_k100_slots1_runs3.csv,,1,2181.635,,1.680,-1,32,5
chimera_topk_baseline,chimera,hotpot,e1,e1_run2,1,100,2,0.9373,0.86951,0.86951,482.466,2.072,2.049,2.211,2.267,2.523,6.392,0.276,,96,3200,320,160,5,gpu_search,/scratch3/workspace/juelinliu_umass_edu-gpu-mvr/gpu-mvr/profiling/chimera_topk_baseline/logs/20260429T182345Z/hotpot/chimera/all_k100_slots1_runs3.log,0,/scratch3/workspace/juelinliu_umass_edu-gpu-mvr/gpu-mvr/gpu-mvr/build/gpu_search --query /scratch3/workspace/juelinliu_umass_edu-gpu-mvr/gpu-mvr/dataset/hotpot/raw/query.bin --gt /scratch3/workspace/juelinliu_umass_edu-gpu-mvr/gpu-mvr/dataset/hotpot/raw/gt.tsv --index /scratch3/workspace/juelinliu_umass_edu-gpu-mvr/gpu-mvr/dataset/hotpot/gpu_mvr_2m --k 100 --nq -1 --warmup 5 --concurrent-queries 1 --config-file /scratch3/workspace/juelinliu_umass_edu-gpu-mvr/gpu-mvr/config/tmp/chimera_topk_baseline/20260429T182345Z/hotpot/chimera/all_k100_slots1_runs3.csv,,1,2072.686,,1.586,-1,32,5
chimera_topk_baseline,chimera,hotpot,e1,e1_run3,1,100,3,0.9378,0.86977,0.86977,491.742,2.033,2.014,2.168,2.232,2.523,6.479,0.217,,96,3200,320,160,5,gpu_search,/scratch3/workspace/juelinliu_umass_edu-gpu-mvr/gpu-mvr/profiling/chimera_topk_baseline/logs/20260429T182345Z/hotpot/chimera/all_k100_slots1_runs3.log,0,/scratch3/workspace/juelinliu_umass_edu-gpu-mvr/gpu-mvr/gpu-mvr/build/gpu_search --query /scratch3/workspace/juelinliu_umass_edu-gpu-mvr/gpu-mvr/dataset/hotpot/raw/query.bin --gt /scratch3/workspace/juelinliu_umass_edu-gpu-mvr/gpu-mvr/dataset/hotpot/raw/gt.tsv --index /scratch3/workspace/juelinliu_umass_edu-gpu-mvr/gpu-mvr/dataset/hotpot/gpu_mvr_2m --k 100 --nq -1 --warmup 5 --concurrent-queries 1 --config-file /scratch3/workspace/juelinliu_umass_edu-gpu-mvr/gpu-mvr/config/tmp/chimera_topk_baseline/20260429T182345Z/hotpot/chimera/all_k100_slots1_runs3.csv,,1,2033.588,,1.642,-1,32,5
chimera_topk_baseline,chimera,hotpot,e2,e2_run1,1,100,1,0.9352,0.85181,0.85181,450.583,2.219,2.199,2.385,2.452,2.760,6.092,0.261,,128,2400,250,160,5,gpu_search,/scratch3/workspace/juelinliu_umass_edu-gpu-mvr/gpu-mvr/profiling/chimera_topk_baseline/logs/20260429T182345Z/hotpot/chimera/all_k100_slots1_runs3.log,0,/scratch3/workspace/juelinliu_umass_edu-gpu-mvr/gpu-mvr/gpu-mvr/build/gpu_search --query /scratch3/workspace/juelinliu_umass_edu-gpu-mvr/gpu-mvr/dataset/hotpot/raw/query.bin --gt /scratch3/workspace/juelinliu_umass_edu-gpu-mvr/gpu-mvr/dataset/hotpot/raw/gt.tsv --index /scratch3/workspace/juelinliu_umass_edu-gpu-mvr/gpu-mvr/dataset/hotpot/gpu_mvr_2m --k 100 --nq -1 --warmup 5 --concurrent-queries 1 --config-file /scratch3/workspace/juelinliu_umass_edu-gpu-mvr/gpu-mvr/config/tmp/chimera_topk_baseline/20260429T182345Z/hotpot/chimera/all_k100_slots1_runs3.csv,,1,2219.346,,1.785,-1,32,5
chimera_topk_baseline,chimera,hotpot,e2,e2_run2,1,100,2,0.9357,0.85158,0.85158,461.155,2.168,2.150,2.331,2.413,2.582,6.187,0.220,,128,2400,250,160,5,gpu_search,/scratch3/workspace/juelinliu_umass_edu-gpu-mvr/gpu-mvr/profiling/chimera_topk_baseline/logs/20260429T182345Z/hotpot/chimera/all_k100_slots1_runs3.log,0,/scratch3/workspace/juelinliu_umass_edu-gpu-mvr/gpu-mvr/gpu-mvr/build/gpu_search --query /scratch3/workspace/juelinliu_umass_edu-gpu-mvr/gpu-mvr/dataset/hotpot/raw/query.bin --gt /scratch3/workspace/juelinliu_umass_edu-gpu-mvr/gpu-mvr/dataset/hotpot/raw/gt.tsv --index /scratch3/workspace/juelinliu_umass_edu-gpu-mvr/gpu-mvr/dataset/hotpot/gpu_mvr_2m --k 100 --nq -1 --warmup 5 --concurrent-queries 1 --config-file /scratch3/workspace/juelinliu_umass_edu-gpu-mvr/gpu-mvr/config/tmp/chimera_topk_baseline/20260429T182345Z/hotpot/chimera/all_k100_slots1_runs3.csv,,1,2168.469,,1.799,-1,32,5
chimera_topk_baseline,chimera,hotpot,e2,e2_run3,1,100,3,0.9357,0.85164,0.85164,456.015,2.192,2.168,2.377,2.442,3.646,6.315,0.297,,128,2400,250,160,5,gpu_search,/scratch3/workspace/juelinliu_umass_edu-gpu-mvr/gpu-mvr/profiling/chimera_topk_baseline/logs/20260429T182345Z/hotpot/chimera/all_k100_slots1_runs3.log,0,/scratch3/workspace/juelinliu_umass_edu-gpu-mvr/gpu-mvr/gpu-mvr/build/gpu_search --query /scratch3/workspace/juelinliu_umass_edu-gpu-mvr/gpu-mvr/dataset/hotpot/raw/query.bin --gt /scratch3/workspace/juelinliu_umass_edu-gpu-mvr/gpu-mvr/dataset/hotpot/raw/gt.tsv --index /scratch3/workspace/juelinliu_umass_edu-gpu-mvr/gpu-mvr/dataset/hotpot/gpu_mvr_2m --k 100 --nq -1 --warmup 5 --concurrent-queries 1 --config-file /scratch3/workspace/juelinliu_umass_edu-gpu-mvr/gpu-mvr/config/tmp/chimera_topk_baseline/20260429T182345Z/hotpot/chimera/all_k100_slots1_runs3.csv,,1,2192.911,,1.768,-1,32,5
chimera_topk_baseline,chimera,hotpot,f1,f1_run1,1,100,1,0.942,0.89596,0.89596,401.405,2.490,2.443,2.698,2.760,3.922,7.700,0.322,,128,4000,400,192,5,gpu_search,/scratch3/workspace/juelinliu_umass_edu-gpu-mvr/gpu-mvr/profiling/chimera_topk_baseline/logs/20260429T182345Z/hotpot/chimera/all_k100_slots1_runs3.log,0,/scratch3/workspace/juelinliu_umass_edu-gpu-mvr/gpu-mvr/gpu-mvr/build/gpu_search --query /scratch3/workspace/juelinliu_umass_edu-gpu-mvr/gpu-mvr/dataset/hotpot/raw/query.bin --gt /scratch3/workspace/juelinliu_umass_edu-gpu-mvr/gpu-mvr/dataset/hotpot/raw/gt.tsv --index /scratch3/workspace/juelinliu_umass_edu-gpu-mvr/gpu-mvr/dataset/hotpot/gpu_mvr_2m --k 100 --nq -1 --warmup 5 --concurrent-queries 1 --config-file /scratch3/workspace/juelinliu_umass_edu-gpu-mvr/gpu-mvr/config/tmp/chimera_topk_baseline/20260429T182345Z/hotpot/chimera/all_k100_slots1_runs3.csv,,1,2491.250,,1.914,-1,32,5
chimera_topk_baseline,chimera,hotpot,f1,f1_run2,1,100,2,0.9417,0.89591,0.89591,408.217,2.449,2.409,2.650,2.723,3.762,7.746,0.318,,128,4000,400,192,5,gpu_search,/scratch3/workspace/juelinliu_umass_edu-gpu-mvr/gpu-mvr/profiling/chimera_topk_baseline/logs/20260429T182345Z/hotpot/chimera/all_k100_slots1_runs3.log,0,/scratch3/workspace/juelinliu_umass_edu-gpu-mvr/gpu-mvr/gpu-mvr/build/gpu_search --query /scratch3/workspace/juelinliu_umass_edu-gpu-mvr/gpu-mvr/dataset/hotpot/raw/query.bin --gt /scratch3/workspace/juelinliu_umass_edu-gpu-mvr/gpu-mvr/dataset/hotpot/raw/gt.tsv --index /scratch3/workspace/juelinliu_umass_edu-gpu-mvr/gpu-mvr/dataset/hotpot/gpu_mvr_2m --k 100 --nq -1 --warmup 5 --concurrent-queries 1 --config-file /scratch3/workspace/juelinliu_umass_edu-gpu-mvr/gpu-mvr/config/tmp/chimera_topk_baseline/20260429T182345Z/hotpot/chimera/all_k100_slots1_runs3.csv,,1,2449.680,,1.965,-1,32,5
chimera_topk_baseline,chimera,hotpot,f1,f1_run3,1,100,3,0.942,0.89616,0.89616,410.910,2.433,2.409,2.634,2.723,2.901,7.206,0.308,,128,4000,400,192,5,gpu_search,/scratch3/workspace/juelinliu_umass_edu-gpu-mvr/gpu-mvr/profiling/chimera_topk_baseline/logs/20260429T182345Z/hotpot/chimera/all_k100_slots1_runs3.log,0,/scratch3/workspace/juelinliu_umass_edu-gpu-mvr/gpu-mvr/gpu-mvr/build/gpu_search --query /scratch3/workspace/juelinliu_umass_edu-gpu-mvr/gpu-mvr/dataset/hotpot/raw/query.bin --gt /scratch3/workspace/juelinliu_umass_edu-gpu-mvr/gpu-mvr/dataset/hotpot/raw/gt.tsv --index /scratch3/workspace/juelinliu_umass_edu-gpu-mvr/gpu-mvr/dataset/hotpot/gpu_mvr_2m --k 100 --nq -1 --warmup 5 --concurrent-queries 1 --config-file /scratch3/workspace/juelinliu_umass_edu-gpu-mvr/gpu-mvr/config/tmp/chimera_topk_baseline/20260429T182345Z/hotpot/chimera/all_k100_slots1_runs3.csv,,1,2433.621,,1.936,-1,32,5
chimera_topk_baseline,chimera,hotpot,f2,f2_run1,1,100,1,0.9422,0.89585,0.89585,382.492,2.614,2.592,2.821,2.913,3.139,6.452,0.231,,160,3800,360,192,5,gpu_search,/scratch3/workspace/juelinliu_umass_edu-gpu-mvr/gpu-mvr/profiling/chimera_topk_baseline/logs/20260429T182345Z/hotpot/chimera/all_k100_slots1_runs3.log,0,/scratch3/workspace/juelinliu_umass_edu-gpu-mvr/gpu-mvr/gpu-mvr/build/gpu_search --query /scratch3/workspace/juelinliu_umass_edu-gpu-mvr/gpu-mvr/dataset/hotpot/raw/query.bin --gt /scratch3/workspace/juelinliu_umass_edu-gpu-mvr/gpu-mvr/dataset/hotpot/raw/gt.tsv --index /scratch3/workspace/juelinliu_umass_edu-gpu-mvr/gpu-mvr/dataset/hotpot/gpu_mvr_2m --k 100 --nq -1 --warmup 5 --concurrent-queries 1 --config-file /scratch3/workspace/juelinliu_umass_edu-gpu-mvr/gpu-mvr/config/tmp/chimera_topk_baseline/20260429T182345Z/hotpot/chimera/all_k100_slots1_runs3.csv,,1,2614.433,,2.092,-1,32,5
chimera_topk_baseline,chimera,hotpot,f2,f2_run2,1,100,2,0.9422,0.89604,0.89604,383.646,2.606,2.584,2.811,2.887,3.044,6.996,0.214,,160,3800,360,192,5,gpu_search,/scratch3/workspace/juelinliu_umass_edu-gpu-mvr/gpu-mvr/profiling/chimera_topk_baseline/logs/20260429T182345Z/hotpot/chimera/all_k100_slots1_runs3.log,0,/scratch3/workspace/juelinliu_umass_edu-gpu-mvr/gpu-mvr/gpu-mvr/build/gpu_search --query /scratch3/workspace/juelinliu_umass_edu-gpu-mvr/gpu-mvr/dataset/hotpot/raw/query.bin --gt /scratch3/workspace/juelinliu_umass_edu-gpu-mvr/gpu-mvr/dataset/hotpot/raw/gt.tsv --index /scratch3/workspace/juelinliu_umass_edu-gpu-mvr/gpu-mvr/dataset/hotpot/gpu_mvr_2m --k 100 --nq -1 --warmup 5 --concurrent-queries 1 --config-file /scratch3/workspace/juelinliu_umass_edu-gpu-mvr/gpu-mvr/config/tmp/chimera_topk_baseline/20260429T182345Z/hotpot/chimera/all_k100_slots1_runs3.csv,,1,2606.570,,2.164,-1,32,5
chimera_topk_baseline,chimera,hotpot,f2,f2_run3,1,100,3,0.9421,0.89583,0.89583,382.590,2.613,2.585,2.820,2.909,3.084,7.074,0.259,,160,3800,360,192,5,gpu_search,/scratch3/workspace/juelinliu_umass_edu-gpu-mvr/gpu-mvr/profiling/chimera_topk_baseline/logs/20260429T182345Z/hotpot/chimera/all_k100_slots1_runs3.log,0,/scratch3/workspace/juelinliu_umass_edu-gpu-mvr/gpu-mvr/gpu-mvr/build/gpu_search --query /scratch3/workspace/juelinliu_umass_edu-gpu-mvr/gpu-mvr/dataset/hotpot/raw/query.bin --gt /scratch3/workspace/juelinliu_umass_edu-gpu-mvr/gpu-mvr/dataset/hotpot/raw/gt.tsv --index /scratch3/workspace/juelinliu_umass_edu-gpu-mvr/gpu-mvr/dataset/hotpot/gpu_mvr_2m --k 100 --nq -1 --warmup 5 --concurrent-queries 1 --config-file /scratch3/workspace/juelinliu_umass_edu-gpu-mvr/gpu-mvr/config/tmp/chimera_topk_baseline/20260429T182345Z/hotpot/chimera/all_k100_slots1_runs3.csv,,1,2613.764,,2.077,-1,32,5
chimera_topk_baseline,chimera,hotpot,g1,g1_run1,1,100,1,0.9441,0.91376,0.91376,355.636,2.811,2.785,3.055,3.146,3.404,7.668,0.252,,160,5000,500,224,5,gpu_search,/scratch3/workspace/juelinliu_umass_edu-gpu-mvr/gpu-mvr/profiling/chimera_topk_baseline/logs/20260429T182345Z/hotpot/chimera/all_k100_slots1_runs3.log,0,/scratch3/workspace/juelinliu_umass_edu-gpu-mvr/gpu-mvr/gpu-mvr/build/gpu_search --query /scratch3/workspace/juelinliu_umass_edu-gpu-mvr/gpu-mvr/dataset/hotpot/raw/query.bin --gt /scratch3/workspace/juelinliu_umass_edu-gpu-mvr/gpu-mvr/dataset/hotpot/raw/gt.tsv --index /scratch3/workspace/juelinliu_umass_edu-gpu-mvr/gpu-mvr/dataset/hotpot/gpu_mvr_2m --k 100 --nq -1 --warmup 5 --concurrent-queries 1 --config-file /scratch3/workspace/juelinliu_umass_edu-gpu-mvr/gpu-mvr/config/tmp/chimera_topk_baseline/20260429T182345Z/hotpot/chimera/all_k100_slots1_runs3.csv,,1,2811.863,,2.317,-1,32,5
chimera_topk_baseline,chimera,hotpot,g1,g1_run2,1,100,2,0.9442,0.91383,0.91383,358.985,2.785,2.762,3.029,3.101,3.310,7.512,0.253,,160,5000,500,224,5,gpu_search,/scratch3/workspace/juelinliu_umass_edu-gpu-mvr/gpu-mvr/profiling/chimera_topk_baseline/logs/20260429T182345Z/hotpot/chimera/all_k100_slots1_runs3.log,0,/scratch3/workspace/juelinliu_umass_edu-gpu-mvr/gpu-mvr/gpu-mvr/build/gpu_search --query /scratch3/workspace/juelinliu_umass_edu-gpu-mvr/gpu-mvr/dataset/hotpot/raw/query.bin --gt /scratch3/workspace/juelinliu_umass_edu-gpu-mvr/gpu-mvr/dataset/hotpot/raw/gt.tsv --index /scratch3/workspace/juelinliu_umass_edu-gpu-mvr/gpu-mvr/dataset/hotpot/gpu_mvr_2m --k 100 --nq -1 --warmup 5 --concurrent-queries 1 --config-file /scratch3/workspace/juelinliu_umass_edu-gpu-mvr/gpu-mvr/config/tmp/chimera_topk_baseline/20260429T182345Z/hotpot/chimera/all_k100_slots1_runs3.csv,,1,2785.633,,2.237,-1,32,5
chimera_topk_baseline,chimera,hotpot,g1,g1_run3,1,100,3,0.9442,0.91382,0.91382,339.458,2.942,2.850,3.143,3.253,5.418,15.286,0.744,,160,5000,500,224,5,gpu_search,/scratch3/workspace/juelinliu_umass_edu-gpu-mvr/gpu-mvr/profiling/chimera_topk_baseline/logs/20260429T182345Z/hotpot/chimera/all_k100_slots1_runs3.log,0,/scratch3/workspace/juelinliu_umass_edu-gpu-mvr/gpu-mvr/gpu-mvr/build/gpu_search --query /scratch3/workspace/juelinliu_umass_edu-gpu-mvr/gpu-mvr/dataset/hotpot/raw/query.bin --gt /scratch3/workspace/juelinliu_umass_edu-gpu-mvr/gpu-mvr/dataset/hotpot/raw/gt.tsv --index /scratch3/workspace/juelinliu_umass_edu-gpu-mvr/gpu-mvr/dataset/hotpot/gpu_mvr_2m --k 100 --nq -1 --warmup 5 --concurrent-queries 1 --config-file /scratch3/workspace/juelinliu_umass_edu-gpu-mvr/gpu-mvr/config/tmp/chimera_topk_baseline/20260429T182345Z/hotpot/chimera/all_k100_slots1_runs3.csv,,1,2945.873,,2.323,-1,32,5
chimera_topk_baseline,chimera,hotpot,g2,g2_run1,1,100,1,0.9454,0.92004,0.92004,346.948,2.882,2.846,3.130,3.222,3.511,6.987,0.317,,160,6000,500,224,5,gpu_search,/scratch3/workspace/juelinliu_umass_edu-gpu-mvr/gpu-mvr/profiling/chimera_topk_baseline/logs/20260429T182345Z/hotpot/chimera/all_k100_slots1_runs3.log,0,/scratch3/workspace/juelinliu_umass_edu-gpu-mvr/gpu-mvr/gpu-mvr/build/gpu_search --query /scratch3/workspace/juelinliu_umass_edu-gpu-mvr/gpu-mvr/dataset/hotpot/raw/query.bin --gt /scratch3/workspace/juelinliu_umass_edu-gpu-mvr/gpu-mvr/dataset/hotpot/raw/gt.tsv --index /scratch3/workspace/juelinliu_umass_edu-gpu-mvr/gpu-mvr/dataset/hotpot/gpu_mvr_2m --k 100 --nq -1 --warmup 5 --concurrent-queries 1 --config-file /scratch3/workspace/juelinliu_umass_edu-gpu-mvr/gpu-mvr/config/tmp/chimera_topk_baseline/20260429T182345Z/hotpot/chimera/all_k100_slots1_runs3.csv,,1,2882.273,,2.307,-1,32,5
chimera_topk_baseline,chimera,hotpot,g2,g2_run2,1,100,2,0.9455,0.91997,0.91997,348.543,2.869,2.821,3.107,3.196,3.886,6.758,0.366,,160,6000,500,224,5,gpu_search,/scratch3/workspace/juelinliu_umass_edu-gpu-mvr/gpu-mvr/profiling/chimera_topk_baseline/logs/20260429T182345Z/hotpot/chimera/all_k100_slots1_runs3.log,0,/scratch3/workspace/juelinliu_umass_edu-gpu-mvr/gpu-mvr/gpu-mvr/build/gpu_search --query /scratch3/workspace/juelinliu_umass_edu-gpu-mvr/gpu-mvr/dataset/hotpot/raw/query.bin --gt /scratch3/workspace/juelinliu_umass_edu-gpu-mvr/gpu-mvr/dataset/hotpot/raw/gt.tsv --index /scratch3/workspace/juelinliu_umass_edu-gpu-mvr/gpu-mvr/dataset/hotpot/gpu_mvr_2m --k 100 --nq -1 --warmup 5 --concurrent-queries 1 --config-file /scratch3/workspace/juelinliu_umass_edu-gpu-mvr/gpu-mvr/config/tmp/chimera_topk_baseline/20260429T182345Z/hotpot/chimera/all_k100_slots1_runs3.csv,,1,2869.084,,2.261,-1,32,5
chimera_topk_baseline,chimera,hotpot,g2,g2_run3,1,100,3,0.9456,0.92016,0.92016,352.666,2.835,2.795,3.072,3.185,4.198,7.073,0.327,,160,6000,500,224,5,gpu_search,/scratch3/workspace/juelinliu_umass_edu-gpu-mvr/gpu-mvr/profiling/chimera_topk_baseline/logs/20260429T182345Z/hotpot/chimera/all_k100_slots1_runs3.log,0,/scratch3/workspace/juelinliu_umass_edu-gpu-mvr/gpu-mvr/gpu-mvr/build/gpu_search --query /scratch3/workspace/juelinliu_umass_edu-gpu-mvr/gpu-mvr/dataset/hotpot/raw/query.bin --gt /scratch3/workspace/juelinliu_umass_edu-gpu-mvr/gpu-mvr/dataset/hotpot/raw/gt.tsv --index /scratch3/workspace/juelinliu_umass_edu-gpu-mvr/gpu-mvr/dataset/hotpot/gpu_mvr_2m --k 100 --nq -1 --warmup 5 --concurrent-queries 1 --config-file /scratch3/workspace/juelinliu_umass_edu-gpu-mvr/gpu-mvr/config/tmp/chimera_topk_baseline/20260429T182345Z/hotpot/chimera/all_k100_slots1_runs3.csv,,1,2835.548,,2.264,-1,32,5
chimera_topk_baseline,chimera,hotpot,h1,h1_run1,1,100,1,0.9471,0.92757,0.92757,298.601,3.348,3.310,3.651,3.753,4.048,7.489,0.363,,192,6500,650,256,5,gpu_search,/scratch3/workspace/juelinliu_umass_edu-gpu-mvr/gpu-mvr/profiling/chimera_topk_baseline/logs/20260429T182345Z/hotpot/chimera/all_k100_slots1_runs3.log,0,/scratch3/workspace/juelinliu_umass_edu-gpu-mvr/gpu-mvr/gpu-mvr/build/gpu_search --query /scratch3/workspace/juelinliu_umass_edu-gpu-mvr/gpu-mvr/dataset/hotpot/raw/query.bin --gt /scratch3/workspace/juelinliu_umass_edu-gpu-mvr/gpu-mvr/dataset/hotpot/raw/gt.tsv --index /scratch3/workspace/juelinliu_umass_edu-gpu-mvr/gpu-mvr/dataset/hotpot/gpu_mvr_2m --k 100 --nq -1 --warmup 5 --concurrent-queries 1 --config-file /scratch3/workspace/juelinliu_umass_edu-gpu-mvr/gpu-mvr/config/tmp/chimera_topk_baseline/20260429T182345Z/hotpot/chimera/all_k100_slots1_runs3.csv,,1,3348.945,,2.624,-1,32,5
chimera_topk_baseline,chimera,hotpot,h1,h1_run2,1,100,2,0.947,0.92758,0.92758,306.522,3.262,3.221,3.535,3.652,4.595,7.300,0.415,,192,6500,650,256,5,gpu_search,/scratch3/workspace/juelinliu_umass_edu-gpu-mvr/gpu-mvr/profiling/chimera_topk_baseline/logs/20260429T182345Z/hotpot/chimera/all_k100_slots1_runs3.log,0,/scratch3/workspace/juelinliu_umass_edu-gpu-mvr/gpu-mvr/gpu-mvr/build/gpu_search --query /scratch3/workspace/juelinliu_umass_edu-gpu-mvr/gpu-mvr/dataset/hotpot/raw/query.bin --gt /scratch3/workspace/juelinliu_umass_edu-gpu-mvr/gpu-mvr/dataset/hotpot/raw/gt.tsv --index /scratch3/workspace/juelinliu_umass_edu-gpu-mvr/gpu-mvr/dataset/hotpot/gpu_mvr_2m --k 100 --nq -1 --warmup 5 --concurrent-queries 1 --config-file /scratch3/workspace/juelinliu_umass_edu-gpu-mvr/gpu-mvr/config/tmp/chimera_topk_baseline/20260429T182345Z/hotpot/chimera/all_k100_slots1_runs3.csv,,1,3262.405,,2.584,-1,32,5
chimera_topk_baseline,chimera,hotpot,h1,h1_run3,1,100,3,0.947,0.92752,0.92752,305.992,3.268,3.214,3.548,3.654,4.200,7.417,0.389,,192,6500,650,256,5,gpu_search,/scratch3/workspace/juelinliu_umass_edu-gpu-mvr/gpu-mvr/profiling/chimera_topk_baseline/logs/20260429T182345Z/hotpot/chimera/all_k100_slots1_runs3.log,0,/scratch3/workspace/juelinliu_umass_edu-gpu-mvr/gpu-mvr/gpu-mvr/build/gpu_search --query /scratch3/workspace/juelinliu_umass_edu-gpu-mvr/gpu-mvr/dataset/hotpot/raw/query.bin --gt /scratch3/workspace/juelinliu_umass_edu-gpu-mvr/gpu-mvr/dataset/hotpot/raw/gt.tsv --index /scratch3/workspace/juelinliu_umass_edu-gpu-mvr/gpu-mvr/dataset/hotpot/gpu_mvr_2m --k 100 --nq -1 --warmup 5 --concurrent-queries 1 --config-file /scratch3/workspace/juelinliu_umass_edu-gpu-mvr/gpu-mvr/config/tmp/chimera_topk_baseline/20260429T182345Z/hotpot/chimera/all_k100_slots1_runs3.csv,,1,3268.059,,2.689,-1,32,5
chimera_topk_baseline,chimera,hotpot,i1,i1_run1,1,100,1,0.9479,0.93561,0.93561,262.710,3.806,3.751,4.152,4.253,4.816,8.357,0.461,,224,8000,800,288,5,gpu_search,/scratch3/workspace/juelinliu_umass_edu-gpu-mvr/gpu-mvr/profiling/chimera_topk_baseline/logs/20260429T182345Z/hotpot/chimera/all_k100_slots1_runs3.log,0,/scratch3/workspace/juelinliu_umass_edu-gpu-mvr/gpu-mvr/gpu-mvr/build/gpu_search --query /scratch3/workspace/juelinliu_umass_edu-gpu-mvr/gpu-mvr/dataset/hotpot/raw/query.bin --gt /scratch3/workspace/juelinliu_umass_edu-gpu-mvr/gpu-mvr/dataset/hotpot/raw/gt.tsv --index /scratch3/workspace/juelinliu_umass_edu-gpu-mvr/gpu-mvr/dataset/hotpot/gpu_mvr_2m --k 100 --nq -1 --warmup 5 --concurrent-queries 1 --config-file /scratch3/workspace/juelinliu_umass_edu-gpu-mvr/gpu-mvr/config/tmp/chimera_topk_baseline/20260429T182345Z/hotpot/chimera/all_k100_slots1_runs3.csv,,1,3806.475,,2.967,-1,32,5
chimera_topk_baseline,chimera,hotpot,i1,i1_run2,1,100,2,0.9478,0.93548,0.93548,271.221,3.687,3.657,4.032,4.140,4.451,7.845,0.333,,224,8000,800,288,5,gpu_search,/scratch3/workspace/juelinliu_umass_edu-gpu-mvr/gpu-mvr/profiling/chimera_topk_baseline/logs/20260429T182345Z/hotpot/chimera/all_k100_slots1_runs3.log,0,/scratch3/workspace/juelinliu_umass_edu-gpu-mvr/gpu-mvr/gpu-mvr/build/gpu_search --query /scratch3/workspace/juelinliu_umass_edu-gpu-mvr/gpu-mvr/dataset/hotpot/raw/query.bin --gt /scratch3/workspace/juelinliu_umass_edu-gpu-mvr/gpu-mvr/dataset/hotpot/raw/gt.tsv --index /scratch3/workspace/juelinliu_umass_edu-gpu-mvr/gpu-mvr/dataset/hotpot/gpu_mvr_2m --k 100 --nq -1 --warmup 5 --concurrent-queries 1 --config-file /scratch3/workspace/juelinliu_umass_edu-gpu-mvr/gpu-mvr/config/tmp/chimera_topk_baseline/20260429T182345Z/hotpot/chimera/all_k100_slots1_runs3.csv,,1,3687.028,,2.948,-1,32,5
chimera_topk_baseline,chimera,hotpot,i1,i1_run3,1,100,3,0.9478,0.9355,0.9355,275.126,3.634,3.607,3.950,4.049,4.333,8.042,0.303,,224,8000,800,288,5,gpu_search,/scratch3/workspace/juelinliu_umass_edu-gpu-mvr/gpu-mvr/profiling/chimera_topk_baseline/logs/20260429T182345Z/hotpot/chimera/all_k100_slots1_runs3.log,0,/scratch3/workspace/juelinliu_umass_edu-gpu-mvr/gpu-mvr/gpu-mvr/build/gpu_search --query /scratch3/workspace/juelinliu_umass_edu-gpu-mvr/gpu-mvr/dataset/hotpot/raw/query.bin --gt /scratch3/workspace/juelinliu_umass_edu-gpu-mvr/gpu-mvr/dataset/hotpot/raw/gt.tsv --index /scratch3/workspace/juelinliu_umass_edu-gpu-mvr/gpu-mvr/dataset/hotpot/gpu_mvr_2m --k 100 --nq -1 --warmup 5 --concurrent-queries 1 --config-file /scratch3/workspace/juelinliu_umass_edu-gpu-mvr/gpu-mvr/config/tmp/chimera_topk_baseline/20260429T182345Z/hotpot/chimera/all_k100_slots1_runs3.csv,,1,3634.700,,2.932,-1,32,5
chimera_topk_baseline,chimera,hotpot,j1,j1_run1,1,100,1,0.9482,0.94154,0.94154,234.559,4.263,4.224,4.678,4.800,5.060,8.781,0.376,,256,10000,1000,320,5,gpu_search,/scratch3/workspace/juelinliu_umass_edu-gpu-mvr/gpu-mvr/profiling/chimera_topk_baseline/logs/20260429T182345Z/hotpot/chimera/all_k100_slots1_runs3.log,0,/scratch3/workspace/juelinliu_umass_edu-gpu-mvr/gpu-mvr/gpu-mvr/build/gpu_search --query /scratch3/workspace/juelinliu_umass_edu-gpu-mvr/gpu-mvr/dataset/hotpot/raw/query.bin --gt /scratch3/workspace/juelinliu_umass_edu-gpu-mvr/gpu-mvr/dataset/hotpot/raw/gt.tsv --index /scratch3/workspace/juelinliu_umass_edu-gpu-mvr/gpu-mvr/dataset/hotpot/gpu_mvr_2m --k 100 --nq -1 --warmup 5 --concurrent-queries 1 --config-file /scratch3/workspace/juelinliu_umass_edu-gpu-mvr/gpu-mvr/config/tmp/chimera_topk_baseline/20260429T182345Z/hotpot/chimera/all_k100_slots1_runs3.csv,,1,4263.317,,3.413,-1,32,5
chimera_topk_baseline,chimera,hotpot,j1,j1_run2,1,100,2,0.9481,0.94141,0.94141,238.210,4.197,4.170,4.601,4.731,4.959,7.824,0.317,,256,10000,1000,320,5,gpu_search,/scratch3/workspace/juelinliu_umass_edu-gpu-mvr/gpu-mvr/profiling/chimera_topk_baseline/logs/20260429T182345Z/hotpot/chimera/all_k100_slots1_runs3.log,0,/scratch3/workspace/juelinliu_umass_edu-gpu-mvr/gpu-mvr/gpu-mvr/build/gpu_search --query /scratch3/workspace/juelinliu_umass_edu-gpu-mvr/gpu-mvr/dataset/hotpot/raw/query.bin --gt /scratch3/workspace/juelinliu_umass_edu-gpu-mvr/gpu-mvr/dataset/hotpot/raw/gt.tsv --index /scratch3/workspace/juelinliu_umass_edu-gpu-mvr/gpu-mvr/dataset/hotpot/gpu_mvr_2m --k 100 --nq -1 --warmup 5 --concurrent-queries 1 --config-file /scratch3/workspace/juelinliu_umass_edu-gpu-mvr/gpu-mvr/config/tmp/chimera_topk_baseline/20260429T182345Z/hotpot/chimera/all_k100_slots1_runs3.csv,,1,4197.979,,3.340,-1,32,5
chimera_topk_baseline,chimera,hotpot,j1,j1_run3,1,100,3,0.9481,0.94133,0.94133,228.991,4.366,4.236,4.720,4.878,9.994,19.219,1.060,,256,10000,1000,320,5,gpu_search,/scratch3/workspace/juelinliu_umass_edu-gpu-mvr/gpu-mvr/profiling/chimera_topk_baseline/logs/20260429T182345Z/hotpot/chimera/all_k100_slots1_runs3.log,0,/scratch3/workspace/juelinliu_umass_edu-gpu-mvr/gpu-mvr/gpu-mvr/build/gpu_search --query /scratch3/workspace/juelinliu_umass_edu-gpu-mvr/gpu-mvr/dataset/hotpot/raw/query.bin --gt /scratch3/workspace/juelinliu_umass_edu-gpu-mvr/gpu-mvr/dataset/hotpot/raw/gt.tsv --index /scratch3/workspace/juelinliu_umass_edu-gpu-mvr/gpu-mvr/dataset/hotpot/gpu_mvr_2m --k 100 --nq -1 --warmup 5 --concurrent-queries 1 --config-file /scratch3/workspace/juelinliu_umass_edu-gpu-mvr/gpu-mvr/config/tmp/chimera_topk_baseline/20260429T182345Z/hotpot/chimera/all_k100_slots1_runs3.csv,,1,4366.991,,3.362,-1,32,5
chimera_topk_baseline,chimera,hotpot,k1,k1_run1,1,100,1,0.9495,0.95012,0.95012,133.000,7.518,7.445,8.174,8.371,12.911,14.579,0.882,,384,28000,1800,448,5,gpu_search,/scratch3/workspace/juelinliu_umass_edu-gpu-mvr/gpu-mvr/profiling/chimera_topk_baseline/logs/20260429T182345Z/hotpot/chimera/all_k100_slots1_runs3.log,0,/scratch3/workspace/juelinliu_umass_edu-gpu-mvr/gpu-mvr/gpu-mvr/build/gpu_search --query /scratch3/workspace/juelinliu_umass_edu-gpu-mvr/gpu-mvr/dataset/hotpot/raw/query.bin --gt /scratch3/workspace/juelinliu_umass_edu-gpu-mvr/gpu-mvr/dataset/hotpot/raw/gt.tsv --index /scratch3/workspace/juelinliu_umass_edu-gpu-mvr/gpu-mvr/dataset/hotpot/gpu_mvr_2m --k 100 --nq -1 --warmup 5 --concurrent-queries 1 --config-file /scratch3/workspace/juelinliu_umass_edu-gpu-mvr/gpu-mvr/config/tmp/chimera_topk_baseline/20260429T182345Z/hotpot/chimera/all_k100_slots1_runs3.csv,,1,7518.799,,5.853,-1,32,5
chimera_topk_baseline,chimera,hotpot,k1,k1_run2,1,100,2,0.9495,0.95007,0.95007,132.997,7.518,7.403,8.169,8.374,13.591,15.429,0.991,,384,28000,1800,448,5,gpu_search,/scratch3/workspace/juelinliu_umass_edu-gpu-mvr/gpu-mvr/profiling/chimera_topk_baseline/logs/20260429T182345Z/hotpot/chimera/all_k100_slots1_runs3.log,0,/scratch3/workspace/juelinliu_umass_edu-gpu-mvr/gpu-mvr/gpu-mvr/build/gpu_search --query /scratch3/workspace/juelinliu_umass_edu-gpu-mvr/gpu-mvr/dataset/hotpot/raw/query.bin --gt /scratch3/workspace/juelinliu_umass_edu-gpu-mvr/gpu-mvr/dataset/hotpot/raw/gt.tsv --index /scratch3/workspace/juelinliu_umass_edu-gpu-mvr/gpu-mvr/dataset/hotpot/gpu_mvr_2m --k 100 --nq -1 --warmup 5 --concurrent-queries 1 --config-file /scratch3/workspace/juelinliu_umass_edu-gpu-mvr/gpu-mvr/config/tmp/chimera_topk_baseline/20260429T182345Z/hotpot/chimera/all_k100_slots1_runs3.csv,,1,7518.989,,5.808,-1,32,5
chimera_topk_baseline,chimera,hotpot,k1,k1_run3,1,100,3,0.9495,0.95007,0.95007,134.683,7.424,7.390,8.115,8.299,8.972,13.845,0.653,,384,28000,1800,448,5,gpu_search,/scratch3/workspace/juelinliu_umass_edu-gpu-mvr/gpu-mvr/profiling/chimera_topk_baseline/logs/20260429T182345Z/hotpot/chimera/all_k100_slots1_runs3.log,0,/scratch3/workspace/juelinliu_umass_edu-gpu-mvr/gpu-mvr/gpu-mvr/build/gpu_search --query /scratch3/workspace/juelinliu_umass_edu-gpu-mvr/gpu-mvr/dataset/hotpot/raw/query.bin --gt /scratch3/workspace/juelinliu_umass_edu-gpu-mvr/gpu-mvr/dataset/hotpot/raw/gt.tsv --index /scratch3/workspace/juelinliu_umass_edu-gpu-mvr/gpu-mvr/dataset/hotpot/gpu_mvr_2m --k 100 --nq -1 --warmup 5 --concurrent-queries 1 --config-file /scratch3/workspace/juelinliu_umass_edu-gpu-mvr/gpu-mvr/config/tmp/chimera_topk_baseline/20260429T182345Z/hotpot/chimera/all_k100_slots1_runs3.csv,,1,7424.853,,5.749,-1,32,5
chimera_topk_baseline,chimera,hotpot,l1,l1_run1,1,100,1,0.9496,0.95034,0.95034,123.105,8.123,8.056,8.827,9.004,10.608,15.601,0.763,,448,28000,2200,512,5,gpu_search,/scratch3/workspace/juelinliu_umass_edu-gpu-mvr/gpu-mvr/profiling/chimera_topk_baseline/logs/20260429T182345Z/hotpot/chimera/all_k100_slots1_runs3.log,0,/scratch3/workspace/juelinliu_umass_edu-gpu-mvr/gpu-mvr/gpu-mvr/build/gpu_search --query /scratch3/workspace/juelinliu_umass_edu-gpu-mvr/gpu-mvr/dataset/hotpot/raw/query.bin --gt /scratch3/workspace/juelinliu_umass_edu-gpu-mvr/gpu-mvr/dataset/hotpot/raw/gt.tsv --index /scratch3/workspace/juelinliu_umass_edu-gpu-mvr/gpu-mvr/dataset/hotpot/gpu_mvr_2m --k 100 --nq -1 --warmup 5 --concurrent-queries 1 --config-file /scratch3/workspace/juelinliu_umass_edu-gpu-mvr/gpu-mvr/config/tmp/chimera_topk_baseline/20260429T182345Z/hotpot/chimera/all_k100_slots1_runs3.csv,,1,8123.121,,6.382,-1,32,5
chimera_topk_baseline,chimera,hotpot,l1,l1_run2,1,100,2,0.9496,0.95034,0.95034,124.334,8.042,8.017,8.759,8.925,9.505,15.011,0.600,,448,28000,2200,512,5,gpu_search,/scratch3/workspace/juelinliu_umass_edu-gpu-mvr/gpu-mvr/profiling/chimera_topk_baseline/logs/20260429T182345Z/hotpot/chimera/all_k100_slots1_runs3.log,0,/scratch3/workspace/juelinliu_umass_edu-gpu-mvr/gpu-mvr/gpu-mvr/build/gpu_search --query /scratch3/workspace/juelinliu_umass_edu-gpu-mvr/gpu-mvr/dataset/hotpot/raw/query.bin --gt /scratch3/workspace/juelinliu_umass_edu-gpu-mvr/gpu-mvr/dataset/hotpot/raw/gt.tsv --index /scratch3/workspace/juelinliu_umass_edu-gpu-mvr/gpu-mvr/dataset/hotpot/gpu_mvr_2m --k 100 --nq -1 --warmup 5 --concurrent-queries 1 --config-file /scratch3/workspace/juelinliu_umass_edu-gpu-mvr/gpu-mvr/config/tmp/chimera_topk_baseline/20260429T182345Z/hotpot/chimera/all_k100_slots1_runs3.csv,,1,8042.857,,6.324,-1,32,5
chimera_topk_baseline,chimera,hotpot,l1,l1_run3,1,100,3,0.9497,0.95037,0.95037,124.396,8.038,8.001,8.766,8.922,9.457,11.467,0.578,10231.38,448,28000,2200,512,5,gpu_search,/scratch3/workspace/juelinliu_umass_edu-gpu-mvr/gpu-mvr/profiling/chimera_topk_baseline/logs/20260429T182345Z/hotpot/chimera/all_k100_slots1_runs3.log,0,/scratch3/workspace/juelinliu_umass_edu-gpu-mvr/gpu-mvr/gpu-mvr/build/gpu_search --query /scratch3/workspace/juelinliu_umass_edu-gpu-mvr/gpu-mvr/dataset/hotpot/raw/query.bin --gt /scratch3/workspace/juelinliu_umass_edu-gpu-mvr/gpu-mvr/dataset/hotpot/raw/gt.tsv --index /scratch3/workspace/juelinliu_umass_edu-gpu-mvr/gpu-mvr/dataset/hotpot/gpu_mvr_2m --k 100 --nq -1 --warmup 5 --concurrent-queries 1 --config-file /scratch3/workspace/juelinliu_umass_edu-gpu-mvr/gpu-mvr/config/tmp/chimera_topk_baseline/20260429T182345Z/hotpot/chimera/all_k100_slots1_runs3.csv,,1,8038.867,10231.38,6.362,-1,32,5
