implementation,dataset,batch_id,label,nprobe,k_rank_cluster,k_rank_all_tokens,itopk_size,overlap_chunks,index_source,index_path,queries,k,warmup,search_seconds,end_to_end_ms,qps,recall,avg_latency_ms,p50_ms,p90_ms,p95_ms,p99_ms,max_ms,stddev_ms,cpu_bind,omp_num_threads,trial_count,trial_batch_ids,trial_log_files,search_seconds_std,end_to_end_ms_std,qps_std,recall_std,avg_latency_ms_std,p50_ms_std,p90_ms_std,p95_ms_std,p99_ms_std,max_ms_std,stddev_ms_std,log_file
cpu_search_fast_dynamic,hotpot,avg_cpu_v3_fast_vs_parallel_t32_3trial_20260425T203556Z_cpu_search_fast_dynamic_k10,a1,16,800,100,64,5,nfs,/mnt/nfs/home/juelinliu/work1/gpu-mvr/dataset/hotpot/gpu_mvr_2m,1000,10,5,2.273137,2273.137333,440.091333,0.816600,2.273000,2.237000,2.505333,2.643000,3.223667,4.188000,0.244000,openmp,32,3,"cpu_v3_fast_vs_parallel_t32_3trial_20260425T203556Z_cpu_search_fast_dynamic_k10_t1,cpu_v3_fast_vs_parallel_t32_3trial_20260425T203556Z_cpu_search_fast_dynamic_k10_t2,cpu_v3_fast_vs_parallel_t32_3trial_20260425T203556Z_cpu_search_fast_dynamic_k10_t3","/mnt/nfs/home/juelinliu/work1/gpu-mvr/slurm/logs/cpu_search_fast_dynamic/hotpot/benchmark_k10_20260425T203558Z_job28679168_task1_config_chunk_001.log,/mnt/nfs/home/juelinliu/work1/gpu-mvr/slurm/logs/cpu_search_fast_dynamic/hotpot/benchmark_k10_20260425T203558Z_job28679170_task1_config_chunk_001.log,/mnt/nfs/home/juelinliu/work1/gpu-mvr/slurm/logs/cpu_search_fast_dynamic/hotpot/benchmark_k10_20260425T203558Z_job28679172_task1_config_chunk_001.log",0.054936,54.938005,10.590733,0.000000,0.054836,0.059808,0.053594,0.027622,0.470627,0.633663,0.044306,
cpu_search_fast_dynamic,hotpot,avg_cpu_v3_fast_vs_parallel_t32_3trial_20260425T203556Z_cpu_search_fast_dynamic_k10,a2,24,1000,120,64,5,nfs,/mnt/nfs/home/juelinliu/work1/gpu-mvr/dataset/hotpot/gpu_mvr_2m,1000,10,5,2.511163,2511.164333,398.259667,0.861800,2.510667,2.448667,2.711333,2.790000,3.283667,25.649333,0.897000,openmp,32,3,"cpu_v3_fast_vs_parallel_t32_3trial_20260425T203556Z_cpu_search_fast_dynamic_k10_t1,cpu_v3_fast_vs_parallel_t32_3trial_20260425T203556Z_cpu_search_fast_dynamic_k10_t2,cpu_v3_fast_vs_parallel_t32_3trial_20260425T203556Z_cpu_search_fast_dynamic_k10_t3","/mnt/nfs/home/juelinliu/work1/gpu-mvr/slurm/logs/cpu_search_fast_dynamic/hotpot/benchmark_k10_20260425T203558Z_job28679168_task1_config_chunk_001.log,/mnt/nfs/home/juelinliu/work1/gpu-mvr/slurm/logs/cpu_search_fast_dynamic/hotpot/benchmark_k10_20260425T203558Z_job28679170_task1_config_chunk_001.log,/mnt/nfs/home/juelinliu/work1/gpu-mvr/slurm/logs/cpu_search_fast_dynamic/hotpot/benchmark_k10_20260425T203558Z_job28679172_task1_config_chunk_001.log",0.029920,29.920779,4.775172,0.000000,0.030288,0.048418,0.049136,0.040632,0.483079,36.975245,1.215046,
cpu_search_fast_dynamic,hotpot,avg_cpu_v3_fast_vs_parallel_t32_3trial_20260425T203556Z_cpu_search_fast_dynamic_k10,a3,24,1200,150,64,5,nfs,/mnt/nfs/home/juelinliu/work1/gpu-mvr/dataset/hotpot/gpu_mvr_2m,1000,10,5,2.731687,2731.686667,366.192667,0.873500,2.731000,2.655667,3.034333,3.326667,4.339333,5.659000,0.376000,openmp,32,3,"cpu_v3_fast_vs_parallel_t32_3trial_20260425T203556Z_cpu_search_fast_dynamic_k10_t1,cpu_v3_fast_vs_parallel_t32_3trial_20260425T203556Z_cpu_search_fast_dynamic_k10_t2,cpu_v3_fast_vs_parallel_t32_3trial_20260425T203556Z_cpu_search_fast_dynamic_k10_t3","/mnt/nfs/home/juelinliu/work1/gpu-mvr/slurm/logs/cpu_search_fast_dynamic/hotpot/benchmark_k10_20260425T203558Z_job28679168_task1_config_chunk_001.log,/mnt/nfs/home/juelinliu/work1/gpu-mvr/slurm/logs/cpu_search_fast_dynamic/hotpot/benchmark_k10_20260425T203558Z_job28679170_task1_config_chunk_001.log,/mnt/nfs/home/juelinliu/work1/gpu-mvr/slurm/logs/cpu_search_fast_dynamic/hotpot/benchmark_k10_20260425T203558Z_job28679172_task1_config_chunk_001.log",0.060602,60.603953,8.022585,0.000000,0.060696,0.014434,0.117857,0.442697,1.579503,2.496610,0.260398,
cpu_search_fast_dynamic,hotpot,avg_cpu_v3_fast_vs_parallel_t32_3trial_20260425T203556Z_cpu_search_fast_dynamic_k10,a4,32,800,100,64,5,nfs,/mnt/nfs/home/juelinliu/work1/gpu-mvr/dataset/hotpot/gpu_mvr_2m,1000,10,5,2.557070,2557.070333,391.501000,0.867400,2.556333,2.492333,2.896667,3.138000,3.706333,4.813000,0.318333,openmp,32,3,"cpu_v3_fast_vs_parallel_t32_3trial_20260425T203556Z_cpu_search_fast_dynamic_k10_t1,cpu_v3_fast_vs_parallel_t32_3trial_20260425T203556Z_cpu_search_fast_dynamic_k10_t2,cpu_v3_fast_vs_parallel_t32_3trial_20260425T203556Z_cpu_search_fast_dynamic_k10_t3","/mnt/nfs/home/juelinliu/work1/gpu-mvr/slurm/logs/cpu_search_fast_dynamic/hotpot/benchmark_k10_20260425T203558Z_job28679168_task1_config_chunk_001.log,/mnt/nfs/home/juelinliu/work1/gpu-mvr/slurm/logs/cpu_search_fast_dynamic/hotpot/benchmark_k10_20260425T203558Z_job28679170_task1_config_chunk_001.log,/mnt/nfs/home/juelinliu/work1/gpu-mvr/slurm/logs/cpu_search_fast_dynamic/hotpot/benchmark_k10_20260425T203558Z_job28679172_task1_config_chunk_001.log",0.102991,102.992514,15.954137,0.000000,0.102919,0.073853,0.279593,0.554271,1.262009,1.406387,0.215410,
cpu_search_fast_dynamic,hotpot,avg_cpu_v3_fast_vs_parallel_t32_3trial_20260425T203556Z_cpu_search_fast_dynamic_k10,b1,48,1000,120,96,5,nfs,/mnt/nfs/home/juelinliu/work1/gpu-mvr/dataset/hotpot/gpu_mvr_2m,1000,10,5,3.125867,3125.867000,320.034000,0.906000,3.125333,3.100000,3.418000,3.516000,3.812333,4.770000,0.244333,openmp,32,3,"cpu_v3_fast_vs_parallel_t32_3trial_20260425T203556Z_cpu_search_fast_dynamic_k10_t1,cpu_v3_fast_vs_parallel_t32_3trial_20260425T203556Z_cpu_search_fast_dynamic_k10_t2,cpu_v3_fast_vs_parallel_t32_3trial_20260425T203556Z_cpu_search_fast_dynamic_k10_t3","/mnt/nfs/home/juelinliu/work1/gpu-mvr/slurm/logs/cpu_search_fast_dynamic/hotpot/benchmark_k10_20260425T203558Z_job28679168_task1_config_chunk_001.log,/mnt/nfs/home/juelinliu/work1/gpu-mvr/slurm/logs/cpu_search_fast_dynamic/hotpot/benchmark_k10_20260425T203558Z_job28679170_task1_config_chunk_001.log,/mnt/nfs/home/juelinliu/work1/gpu-mvr/slurm/logs/cpu_search_fast_dynamic/hotpot/benchmark_k10_20260425T203558Z_job28679172_task1_config_chunk_001.log",0.074621,74.617194,7.707760,0.000000,0.074474,0.069721,0.103184,0.107615,0.168708,0.110594,0.019858,
cpu_search_fast_dynamic,hotpot,avg_cpu_v3_fast_vs_parallel_t32_3trial_20260425T203556Z_cpu_search_fast_dynamic_k10,b2,48,1500,150,96,5,nfs,/mnt/nfs/home/juelinliu/work1/gpu-mvr/dataset/hotpot/gpu_mvr_2m,1000,10,5,3.565353,3565.351667,280.518333,0.925500,3.565000,3.550000,3.917333,4.032000,4.346000,5.500333,0.282667,openmp,32,3,"cpu_v3_fast_vs_parallel_t32_3trial_20260425T203556Z_cpu_search_fast_dynamic_k10_t1,cpu_v3_fast_vs_parallel_t32_3trial_20260425T203556Z_cpu_search_fast_dynamic_k10_t2,cpu_v3_fast_vs_parallel_t32_3trial_20260425T203556Z_cpu_search_fast_dynamic_k10_t3","/mnt/nfs/home/juelinliu/work1/gpu-mvr/slurm/logs/cpu_search_fast_dynamic/hotpot/benchmark_k10_20260425T203558Z_job28679168_task1_config_chunk_001.log,/mnt/nfs/home/juelinliu/work1/gpu-mvr/slurm/logs/cpu_search_fast_dynamic/hotpot/benchmark_k10_20260425T203558Z_job28679170_task1_config_chunk_001.log,/mnt/nfs/home/juelinliu/work1/gpu-mvr/slurm/logs/cpu_search_fast_dynamic/hotpot/benchmark_k10_20260425T203558Z_job28679172_task1_config_chunk_001.log",0.053027,53.025906,4.157082,0.000000,0.053075,0.061992,0.060542,0.048135,0.110036,0.241247,0.006506,
cpu_search_fast_dynamic,hotpot,avg_cpu_v3_fast_vs_parallel_t32_3trial_20260425T203556Z_cpu_search_fast_dynamic_k10,b3,64,1200,150,96,5,nfs,/mnt/nfs/home/juelinliu/work1/gpu-mvr/dataset/hotpot/gpu_mvr_2m,1000,10,5,3.901450,3901.449667,256.316667,0.925900,3.900667,3.877000,4.277333,4.402000,4.807667,5.740333,0.307667,openmp,32,3,"cpu_v3_fast_vs_parallel_t32_3trial_20260425T203556Z_cpu_search_fast_dynamic_k10_t1,cpu_v3_fast_vs_parallel_t32_3trial_20260425T203556Z_cpu_search_fast_dynamic_k10_t2,cpu_v3_fast_vs_parallel_t32_3trial_20260425T203556Z_cpu_search_fast_dynamic_k10_t3","/mnt/nfs/home/juelinliu/work1/gpu-mvr/slurm/logs/cpu_search_fast_dynamic/hotpot/benchmark_k10_20260425T203558Z_job28679168_task1_config_chunk_001.log,/mnt/nfs/home/juelinliu/work1/gpu-mvr/slurm/logs/cpu_search_fast_dynamic/hotpot/benchmark_k10_20260425T203558Z_job28679170_task1_config_chunk_001.log,/mnt/nfs/home/juelinliu/work1/gpu-mvr/slurm/logs/cpu_search_fast_dynamic/hotpot/benchmark_k10_20260425T203558Z_job28679172_task1_config_chunk_001.log",0.011736,11.737210,0.769890,0.000000,0.011719,0.010000,0.010017,0.026000,0.159378,0.284858,0.017616,
cpu_search_fast_dynamic,hotpot,avg_cpu_v3_fast_vs_parallel_t32_3trial_20260425T203556Z_cpu_search_fast_dynamic_k10,b4,64,1800,180,96,5,nfs,/mnt/nfs/home/juelinliu/work1/gpu-mvr/dataset/hotpot/gpu_mvr_2m,1000,10,5,4.417337,4417.333333,226.577333,0.939900,4.417000,4.362333,4.861000,5.072667,6.024333,8.299000,0.484333,openmp,32,3,"cpu_v3_fast_vs_parallel_t32_3trial_20260425T203556Z_cpu_search_fast_dynamic_k10_t1,cpu_v3_fast_vs_parallel_t32_3trial_20260425T203556Z_cpu_search_fast_dynamic_k10_t2,cpu_v3_fast_vs_parallel_t32_3trial_20260425T203556Z_cpu_search_fast_dynamic_k10_t3","/mnt/nfs/home/juelinliu/work1/gpu-mvr/slurm/logs/cpu_search_fast_dynamic/hotpot/benchmark_k10_20260425T203558Z_job28679168_task1_config_chunk_001.log,/mnt/nfs/home/juelinliu/work1/gpu-mvr/slurm/logs/cpu_search_fast_dynamic/hotpot/benchmark_k10_20260425T203558Z_job28679170_task1_config_chunk_001.log,/mnt/nfs/home/juelinliu/work1/gpu-mvr/slurm/logs/cpu_search_fast_dynamic/hotpot/benchmark_k10_20260425T203558Z_job28679172_task1_config_chunk_001.log",0.159108,159.106601,8.173691,0.000000,0.159521,0.102812,0.195056,0.319162,1.492468,4.410680,0.267021,
cpu_search_fast_dynamic,hotpot,avg_cpu_v3_fast_vs_parallel_t32_3trial_20260425T203556Z_cpu_search_fast_dynamic_k10,c1,64,2400,240,128,5,nfs,/mnt/nfs/home/juelinliu/work1/gpu-mvr/dataset/hotpot/gpu_mvr_2m,1000,10,5,4.929667,4929.669667,202.951333,0.947500,4.929000,4.899667,5.382667,5.551667,5.856667,6.706333,0.358000,openmp,32,3,"cpu_v3_fast_vs_parallel_t32_3trial_20260425T203556Z_cpu_search_fast_dynamic_k10_t1,cpu_v3_fast_vs_parallel_t32_3trial_20260425T203556Z_cpu_search_fast_dynamic_k10_t2,cpu_v3_fast_vs_parallel_t32_3trial_20260425T203556Z_cpu_search_fast_dynamic_k10_t3","/mnt/nfs/home/juelinliu/work1/gpu-mvr/slurm/logs/cpu_search_fast_dynamic/hotpot/benchmark_k10_20260425T203558Z_job28679168_task1_config_chunk_001.log,/mnt/nfs/home/juelinliu/work1/gpu-mvr/slurm/logs/cpu_search_fast_dynamic/hotpot/benchmark_k10_20260425T203558Z_job28679170_task1_config_chunk_001.log,/mnt/nfs/home/juelinliu/work1/gpu-mvr/slurm/logs/cpu_search_fast_dynamic/hotpot/benchmark_k10_20260425T203558Z_job28679172_task1_config_chunk_001.log",0.131752,131.750718,5.502665,0.000000,0.131936,0.121080,0.151163,0.185904,0.122818,0.411637,0.016093,
cpu_search_fast_dynamic,hotpot,avg_cpu_v3_fast_vs_parallel_t32_3trial_20260425T203556Z_cpu_search_fast_dynamic_k10,c2,96,1800,200,128,5,nfs,/mnt/nfs/home/juelinliu/work1/gpu-mvr/dataset/hotpot/gpu_mvr_2m,1000,10,5,5.490380,5490.381333,182.263000,0.947600,5.489667,5.419333,5.986333,6.164333,6.576000,44.814333,1.485333,openmp,32,3,"cpu_v3_fast_vs_parallel_t32_3trial_20260425T203556Z_cpu_search_fast_dynamic_k10_t1,cpu_v3_fast_vs_parallel_t32_3trial_20260425T203556Z_cpu_search_fast_dynamic_k10_t2,cpu_v3_fast_vs_parallel_t32_3trial_20260425T203556Z_cpu_search_fast_dynamic_k10_t3","/mnt/nfs/home/juelinliu/work1/gpu-mvr/slurm/logs/cpu_search_fast_dynamic/hotpot/benchmark_k10_20260425T203558Z_job28679168_task1_config_chunk_001.log,/mnt/nfs/home/juelinliu/work1/gpu-mvr/slurm/logs/cpu_search_fast_dynamic/hotpot/benchmark_k10_20260425T203558Z_job28679170_task1_config_chunk_001.log,/mnt/nfs/home/juelinliu/work1/gpu-mvr/slurm/logs/cpu_search_fast_dynamic/hotpot/benchmark_k10_20260425T203558Z_job28679172_task1_config_chunk_001.log",0.176671,176.671187,5.884654,0.000000,0.176727,0.116903,0.135508,0.156260,0.255740,65.300031,1.887655,
cpu_search_fast_dynamic,hotpot,avg_cpu_v3_fast_vs_parallel_t32_3trial_20260425T203556Z_cpu_search_fast_dynamic_k10,c3,96,2400,250,128,5,nfs,/mnt/nfs/home/juelinliu/work1/gpu-mvr/dataset/hotpot/gpu_mvr_2m,1000,10,5,6.020527,6020.526000,166.139333,0.954200,6.020000,5.993333,6.596667,6.775667,7.133333,7.670667,0.438000,openmp,32,3,"cpu_v3_fast_vs_parallel_t32_3trial_20260425T203556Z_cpu_search_fast_dynamic_k10_t1,cpu_v3_fast_vs_parallel_t32_3trial_20260425T203556Z_cpu_search_fast_dynamic_k10_t2,cpu_v3_fast_vs_parallel_t32_3trial_20260425T203556Z_cpu_search_fast_dynamic_k10_t3","/mnt/nfs/home/juelinliu/work1/gpu-mvr/slurm/logs/cpu_search_fast_dynamic/hotpot/benchmark_k10_20260425T203558Z_job28679168_task1_config_chunk_001.log,/mnt/nfs/home/juelinliu/work1/gpu-mvr/slurm/logs/cpu_search_fast_dynamic/hotpot/benchmark_k10_20260425T203558Z_job28679170_task1_config_chunk_001.log,/mnt/nfs/home/juelinliu/work1/gpu-mvr/slurm/logs/cpu_search_fast_dynamic/hotpot/benchmark_k10_20260425T203558Z_job28679172_task1_config_chunk_001.log",0.115206,115.208189,3.208325,0.000000,0.115113,0.112167,0.167279,0.163500,0.185446,0.124649,0.023065,
cpu_search_fast_dynamic,hotpot,avg_cpu_v3_fast_vs_parallel_t32_3trial_20260425T203556Z_cpu_search_fast_dynamic_k10,d1,128,3000,300,150,5,nfs,/mnt/nfs/home/juelinliu/work1/gpu-mvr/dataset/hotpot/gpu_mvr_2m,1000,10,5,7.581023,7581.024000,132.023667,0.963600,7.580333,7.548333,8.279667,8.543667,9.277667,10.707000,0.584000,openmp,32,3,"cpu_v3_fast_vs_parallel_t32_3trial_20260425T203556Z_cpu_search_fast_dynamic_k10_t1,cpu_v3_fast_vs_parallel_t32_3trial_20260425T203556Z_cpu_search_fast_dynamic_k10_t2,cpu_v3_fast_vs_parallel_t32_3trial_20260425T203556Z_cpu_search_fast_dynamic_k10_t3","/mnt/nfs/home/juelinliu/work1/gpu-mvr/slurm/logs/cpu_search_fast_dynamic/hotpot/benchmark_k10_20260425T203558Z_job28679168_task1_config_chunk_001.log,/mnt/nfs/home/juelinliu/work1/gpu-mvr/slurm/logs/cpu_search_fast_dynamic/hotpot/benchmark_k10_20260425T203558Z_job28679170_task1_config_chunk_001.log,/mnt/nfs/home/juelinliu/work1/gpu-mvr/slurm/logs/cpu_search_fast_dynamic/hotpot/benchmark_k10_20260425T203558Z_job28679172_task1_config_chunk_001.log",0.271705,271.707776,4.824662,0.000000,0.271758,0.268284,0.327857,0.362473,0.744154,1.967912,0.097015,
cpu_search_fast_dynamic,hotpot,avg_cpu_v3_fast_vs_parallel_t32_3trial_20260425T203556Z_cpu_search_fast_dynamic_k10,e1,96,3200,320,160,5,nfs,/mnt/nfs/home/juelinliu/work1/gpu-mvr/dataset/hotpot/gpu_mvr_2m,1000,10,5,6.637573,6637.570667,150.812000,0.960800,6.637000,6.593000,7.233667,7.444667,8.120667,9.990000,0.511333,openmp,32,3,"cpu_v3_fast_vs_parallel_t32_3trial_20260425T203556Z_cpu_search_fast_dynamic_k10_t1,cpu_v3_fast_vs_parallel_t32_3trial_20260425T203556Z_cpu_search_fast_dynamic_k10_t2,cpu_v3_fast_vs_parallel_t32_3trial_20260425T203556Z_cpu_search_fast_dynamic_k10_t3","/mnt/nfs/home/juelinliu/work1/gpu-mvr/slurm/logs/cpu_search_fast_dynamic/hotpot/benchmark_k10_20260425T203558Z_job28679168_task1_config_chunk_001.log,/mnt/nfs/home/juelinliu/work1/gpu-mvr/slurm/logs/cpu_search_fast_dynamic/hotpot/benchmark_k10_20260425T203558Z_job28679170_task1_config_chunk_001.log,/mnt/nfs/home/juelinliu/work1/gpu-mvr/slurm/logs/cpu_search_fast_dynamic/hotpot/benchmark_k10_20260425T203558Z_job28679172_task1_config_chunk_001.log",0.260440,260.441469,5.921277,0.000000,0.260501,0.254501,0.298986,0.323002,0.681969,1.653964,0.070002,
cpu_search_fast_dynamic,hotpot,avg_cpu_v3_fast_vs_parallel_t32_3trial_20260425T203556Z_cpu_search_fast_dynamic_k10,e2,128,2400,250,160,5,nfs,/mnt/nfs/home/juelinliu/work1/gpu-mvr/dataset/hotpot/gpu_mvr_2m,1000,10,5,6.988003,6988.005333,143.201667,0.960100,6.987333,6.903333,7.636667,7.906667,9.220667,19.655667,0.843000,openmp,32,3,"cpu_v3_fast_vs_parallel_t32_3trial_20260425T203556Z_cpu_search_fast_dynamic_k10_t1,cpu_v3_fast_vs_parallel_t32_3trial_20260425T203556Z_cpu_search_fast_dynamic_k10_t2,cpu_v3_fast_vs_parallel_t32_3trial_20260425T203556Z_cpu_search_fast_dynamic_k10_t3","/mnt/nfs/home/juelinliu/work1/gpu-mvr/slurm/logs/cpu_search_fast_dynamic/hotpot/benchmark_k10_20260425T203558Z_job28679168_task1_config_chunk_001.log,/mnt/nfs/home/juelinliu/work1/gpu-mvr/slurm/logs/cpu_search_fast_dynamic/hotpot/benchmark_k10_20260425T203558Z_job28679170_task1_config_chunk_001.log,/mnt/nfs/home/juelinliu/work1/gpu-mvr/slurm/logs/cpu_search_fast_dynamic/hotpot/benchmark_k10_20260425T203558Z_job28679172_task1_config_chunk_001.log",0.223885,223.882606,4.659584,0.000000,0.224164,0.169158,0.300776,0.319581,1.660922,9.901047,0.336909,
cpu_search_fast_dynamic,hotpot,avg_cpu_v3_fast_vs_parallel_t32_3trial_20260425T203556Z_cpu_search_fast_dynamic_k10,f1,128,4000,400,192,5,nfs,/mnt/nfs/home/juelinliu/work1/gpu-mvr/dataset/hotpot/gpu_mvr_2m,1000,10,5,8.497960,8497.962333,117.896000,0.967600,8.497000,8.400000,9.355000,9.651000,10.409000,47.452000,1.611667,openmp,32,3,"cpu_v3_fast_vs_parallel_t32_3trial_20260425T203556Z_cpu_search_fast_dynamic_k10_t1,cpu_v3_fast_vs_parallel_t32_3trial_20260425T203556Z_cpu_search_fast_dynamic_k10_t2,cpu_v3_fast_vs_parallel_t32_3trial_20260425T203556Z_cpu_search_fast_dynamic_k10_t3","/mnt/nfs/home/juelinliu/work1/gpu-mvr/slurm/logs/cpu_search_fast_dynamic/hotpot/benchmark_k10_20260425T203558Z_job28679168_task1_config_chunk_001.log,/mnt/nfs/home/juelinliu/work1/gpu-mvr/slurm/logs/cpu_search_fast_dynamic/hotpot/benchmark_k10_20260425T203558Z_job28679170_task1_config_chunk_001.log,/mnt/nfs/home/juelinliu/work1/gpu-mvr/slurm/logs/cpu_search_fast_dynamic/hotpot/benchmark_k10_20260425T203558Z_job28679172_task1_config_chunk_001.log",0.452701,452.701460,6.220995,0.000000,0.452799,0.359939,0.591124,0.660827,0.979565,63.435480,1.754593,
cpu_search_fast_dynamic,hotpot,avg_cpu_v3_fast_vs_parallel_t32_3trial_20260425T203556Z_cpu_search_fast_dynamic_k10,f2,160,3800,360,192,5,nfs,/mnt/nfs/home/juelinliu/work1/gpu-mvr/dataset/hotpot/gpu_mvr_2m,1000,10,5,9.134373,9134.372000,109.481333,0.968200,9.133667,9.072000,10.019000,10.304667,11.150333,16.093333,0.732667,openmp,32,3,"cpu_v3_fast_vs_parallel_t32_3trial_20260425T203556Z_cpu_search_fast_dynamic_k10_t1,cpu_v3_fast_vs_parallel_t32_3trial_20260425T203556Z_cpu_search_fast_dynamic_k10_t2,cpu_v3_fast_vs_parallel_t32_3trial_20260425T203556Z_cpu_search_fast_dynamic_k10_t3","/mnt/nfs/home/juelinliu/work1/gpu-mvr/slurm/logs/cpu_search_fast_dynamic/hotpot/benchmark_k10_20260425T203558Z_job28679168_task1_config_chunk_001.log,/mnt/nfs/home/juelinliu/work1/gpu-mvr/slurm/logs/cpu_search_fast_dynamic/hotpot/benchmark_k10_20260425T203558Z_job28679170_task1_config_chunk_001.log,/mnt/nfs/home/juelinliu/work1/gpu-mvr/slurm/logs/cpu_search_fast_dynamic/hotpot/benchmark_k10_20260425T203558Z_job28679172_task1_config_chunk_001.log",0.072727,72.728703,0.873138,0.000000,0.072666,0.054111,0.119202,0.107058,0.354791,3.435777,0.068193,
cpu_search_fast_dynamic,hotpot,avg_cpu_v3_fast_vs_parallel_t32_3trial_20260425T203556Z_cpu_search_fast_dynamic_k10,g1,160,5000,500,224,5,nfs,/mnt/nfs/home/juelinliu/work1/gpu-mvr/dataset/hotpot/gpu_mvr_2m,1000,10,5,10.296867,10296.829333,97.138000,0.970900,10.296333,10.207333,11.254667,11.606000,12.954000,17.838000,0.854333,openmp,32,3,"cpu_v3_fast_vs_parallel_t32_3trial_20260425T203556Z_cpu_search_fast_dynamic_k10_t1,cpu_v3_fast_vs_parallel_t32_3trial_20260425T203556Z_cpu_search_fast_dynamic_k10_t2,cpu_v3_fast_vs_parallel_t32_3trial_20260425T203556Z_cpu_search_fast_dynamic_k10_t3","/mnt/nfs/home/juelinliu/work1/gpu-mvr/slurm/logs/cpu_search_fast_dynamic/hotpot/benchmark_k10_20260425T203558Z_job28679168_task1_config_chunk_001.log,/mnt/nfs/home/juelinliu/work1/gpu-mvr/slurm/logs/cpu_search_fast_dynamic/hotpot/benchmark_k10_20260425T203558Z_job28679170_task1_config_chunk_001.log,/mnt/nfs/home/juelinliu/work1/gpu-mvr/slurm/logs/cpu_search_fast_dynamic/hotpot/benchmark_k10_20260425T203558Z_job28679172_task1_config_chunk_001.log",0.184942,184.935496,1.741422,0.000000,0.184479,0.142075,0.267096,0.369582,0.943303,5.798943,0.174506,
cpu_search_fast_dynamic,hotpot,avg_cpu_v3_fast_vs_parallel_t32_3trial_20260425T203556Z_cpu_search_fast_dynamic_k10,g2,160,6000,500,224,5,nfs,/mnt/nfs/home/juelinliu/work1/gpu-mvr/dataset/hotpot/gpu_mvr_2m,1000,10,5,10.855567,10855.583333,92.130333,0.972500,10.855000,10.690000,11.828000,12.251000,13.005667,100.911333,3.266333,openmp,32,3,"cpu_v3_fast_vs_parallel_t32_3trial_20260425T203556Z_cpu_search_fast_dynamic_k10_t1,cpu_v3_fast_vs_parallel_t32_3trial_20260425T203556Z_cpu_search_fast_dynamic_k10_t2,cpu_v3_fast_vs_parallel_t32_3trial_20260425T203556Z_cpu_search_fast_dynamic_k10_t3","/mnt/nfs/home/juelinliu/work1/gpu-mvr/slurm/logs/cpu_search_fast_dynamic/hotpot/benchmark_k10_20260425T203558Z_job28679168_task1_config_chunk_001.log,/mnt/nfs/home/juelinliu/work1/gpu-mvr/slurm/logs/cpu_search_fast_dynamic/hotpot/benchmark_k10_20260425T203558Z_job28679170_task1_config_chunk_001.log,/mnt/nfs/home/juelinliu/work1/gpu-mvr/slurm/logs/cpu_search_fast_dynamic/hotpot/benchmark_k10_20260425T203558Z_job28679172_task1_config_chunk_001.log",0.150260,150.256769,1.270292,0.000000,0.149923,0.032512,0.150960,0.294623,0.591609,134.176925,3.919348,
cpu_search_fast_dynamic,hotpot,avg_cpu_v3_fast_vs_parallel_t32_3trial_20260425T203556Z_cpu_search_fast_dynamic_k10,h1,192,6500,650,256,5,nfs,/mnt/nfs/home/juelinliu/work1/gpu-mvr/dataset/hotpot/gpu_mvr_2m,1000,10,5,13.079133,13079.139667,76.496667,0.973300,13.078667,12.970333,14.446667,14.841000,16.257333,29.433667,1.299667,openmp,32,3,"cpu_v3_fast_vs_parallel_t32_3trial_20260425T203556Z_cpu_search_fast_dynamic_k10_t1,cpu_v3_fast_vs_parallel_t32_3trial_20260425T203556Z_cpu_search_fast_dynamic_k10_t2,cpu_v3_fast_vs_parallel_t32_3trial_20260425T203556Z_cpu_search_fast_dynamic_k10_t3","/mnt/nfs/home/juelinliu/work1/gpu-mvr/slurm/logs/cpu_search_fast_dynamic/hotpot/benchmark_k10_20260425T203558Z_job28679168_task1_config_chunk_001.log,/mnt/nfs/home/juelinliu/work1/gpu-mvr/slurm/logs/cpu_search_fast_dynamic/hotpot/benchmark_k10_20260425T203558Z_job28679170_task1_config_chunk_001.log,/mnt/nfs/home/juelinliu/work1/gpu-mvr/slurm/logs/cpu_search_fast_dynamic/hotpot/benchmark_k10_20260425T203558Z_job28679172_task1_config_chunk_001.log",0.364154,364.176606,2.096392,0.000000,0.364308,0.390371,0.631026,0.627031,0.612234,9.615242,0.050639,
cpu_search_fast_dynamic,hotpot,avg_cpu_v3_fast_vs_parallel_t32_3trial_20260425T203556Z_cpu_search_fast_dynamic_k10,i1,224,8000,800,288,5,nfs,/mnt/nfs/home/juelinliu/work1/gpu-mvr/dataset/hotpot/gpu_mvr_2m,1000,10,5,15.369967,15369.953000,65.062667,0.974700,15.369333,15.161000,16.720000,17.236333,19.132667,119.518667,3.619667,openmp,32,3,"cpu_v3_fast_vs_parallel_t32_3trial_20260425T203556Z_cpu_search_fast_dynamic_k10_t1,cpu_v3_fast_vs_parallel_t32_3trial_20260425T203556Z_cpu_search_fast_dynamic_k10_t2,cpu_v3_fast_vs_parallel_t32_3trial_20260425T203556Z_cpu_search_fast_dynamic_k10_t3","/mnt/nfs/home/juelinliu/work1/gpu-mvr/slurm/logs/cpu_search_fast_dynamic/hotpot/benchmark_k10_20260425T203558Z_job28679168_task1_config_chunk_001.log,/mnt/nfs/home/juelinliu/work1/gpu-mvr/slurm/logs/cpu_search_fast_dynamic/hotpot/benchmark_k10_20260425T203558Z_job28679170_task1_config_chunk_001.log,/mnt/nfs/home/juelinliu/work1/gpu-mvr/slurm/logs/cpu_search_fast_dynamic/hotpot/benchmark_k10_20260425T203558Z_job28679172_task1_config_chunk_001.log",0.068008,67.999871,0.287406,0.000000,0.068069,0.077929,0.172601,0.265304,0.927440,86.161534,2.472554,
cpu_search_fast_dynamic,hotpot,avg_cpu_v3_fast_vs_parallel_t32_3trial_20260425T203556Z_cpu_search_fast_dynamic_k10,j1,256,10000,1000,320,5,nfs,/mnt/nfs/home/juelinliu/work1/gpu-mvr/dataset/hotpot/gpu_mvr_2m,1000,10,5,18.322200,18322.212000,54.590333,0.975500,18.321667,18.236667,20.073000,20.625000,21.790000,28.885667,1.395000,openmp,32,3,"cpu_v3_fast_vs_parallel_t32_3trial_20260425T203556Z_cpu_search_fast_dynamic_k10_t1,cpu_v3_fast_vs_parallel_t32_3trial_20260425T203556Z_cpu_search_fast_dynamic_k10_t2,cpu_v3_fast_vs_parallel_t32_3trial_20260425T203556Z_cpu_search_fast_dynamic_k10_t3","/mnt/nfs/home/juelinliu/work1/gpu-mvr/slurm/logs/cpu_search_fast_dynamic/hotpot/benchmark_k10_20260425T203558Z_job28679168_task1_config_chunk_001.log,/mnt/nfs/home/juelinliu/work1/gpu-mvr/slurm/logs/cpu_search_fast_dynamic/hotpot/benchmark_k10_20260425T203558Z_job28679170_task1_config_chunk_001.log,/mnt/nfs/home/juelinliu/work1/gpu-mvr/slurm/logs/cpu_search_fast_dynamic/hotpot/benchmark_k10_20260425T203558Z_job28679172_task1_config_chunk_001.log",0.328955,328.915533,0.975619,0.000000,0.329051,0.283588,0.411902,0.564357,1.168503,8.243013,0.206419,
cpu_search_fast_dynamic,hotpot,avg_cpu_v3_fast_vs_parallel_t32_3trial_20260425T203556Z_cpu_search_fast_dynamic_k10,k1,384,28000,1800,448,5,nfs,/mnt/nfs/home/juelinliu/work1/gpu-mvr/dataset/hotpot/gpu_mvr_2m,1000,10,5,34.900833,34900.807667,28.654667,0.977100,34.900333,34.488667,38.073333,39.272667,41.738333,189.415000,5.675000,openmp,32,3,"cpu_v3_fast_vs_parallel_t32_3trial_20260425T203556Z_cpu_search_fast_dynamic_k10_t1,cpu_v3_fast_vs_parallel_t32_3trial_20260425T203556Z_cpu_search_fast_dynamic_k10_t2,cpu_v3_fast_vs_parallel_t32_3trial_20260425T203556Z_cpu_search_fast_dynamic_k10_t3","/mnt/nfs/home/juelinliu/work1/gpu-mvr/slurm/logs/cpu_search_fast_dynamic/hotpot/benchmark_k10_20260425T203558Z_job28679168_task1_config_chunk_001.log,/mnt/nfs/home/juelinliu/work1/gpu-mvr/slurm/logs/cpu_search_fast_dynamic/hotpot/benchmark_k10_20260425T203558Z_job28679170_task1_config_chunk_001.log,/mnt/nfs/home/juelinliu/work1/gpu-mvr/slurm/logs/cpu_search_fast_dynamic/hotpot/benchmark_k10_20260425T203558Z_job28679172_task1_config_chunk_001.log",0.334243,334.230895,0.274179,0.000000,0.334566,0.430796,0.522092,0.430304,0.293868,73.662171,1.957050,
cpu_search_fast_dynamic,hotpot,avg_cpu_v3_fast_vs_parallel_t32_3trial_20260425T203556Z_cpu_search_fast_dynamic_k10,l1,448,28000,2200,512,5,nfs,/mnt/nfs/home/juelinliu/work1/gpu-mvr/dataset/hotpot/gpu_mvr_2m,1000,10,5,40.285033,40284.993667,24.826333,0.977200,40.284333,39.677333,44.258000,45.672667,49.553333,175.409000,6.952667,openmp,32,3,"cpu_v3_fast_vs_parallel_t32_3trial_20260425T203556Z_cpu_search_fast_dynamic_k10_t1,cpu_v3_fast_vs_parallel_t32_3trial_20260425T203556Z_cpu_search_fast_dynamic_k10_t2,cpu_v3_fast_vs_parallel_t32_3trial_20260425T203556Z_cpu_search_fast_dynamic_k10_t3","/mnt/nfs/home/juelinliu/work1/gpu-mvr/slurm/logs/cpu_search_fast_dynamic/hotpot/benchmark_k10_20260425T203558Z_job28679168_task1_config_chunk_001.log,/mnt/nfs/home/juelinliu/work1/gpu-mvr/slurm/logs/cpu_search_fast_dynamic/hotpot/benchmark_k10_20260425T203558Z_job28679170_task1_config_chunk_001.log,/mnt/nfs/home/juelinliu/work1/gpu-mvr/slurm/logs/cpu_search_fast_dynamic/hotpot/benchmark_k10_20260425T203558Z_job28679172_task1_config_chunk_001.log",0.563959,563.962668,0.347788,0.000000,0.563812,0.316105,0.537171,0.724713,0.920394,115.654072,4.553472,
cpu_search_fast_dynamic,hotpot,avg_cpu_v3_fast_vs_parallel_t32_3trial_20260425T203556Z_cpu_search_fast_dynamic_k100,a1,16,800,100,64,5,nfs,/mnt/nfs/home/juelinliu/work1/gpu-mvr/dataset/hotpot/gpu_mvr_2m,1000,100,5,2.098963,2098.964333,476.537667,0.535070,2.098333,2.067667,2.266333,2.333333,2.862333,9.944333,0.389000,openmp,32,3,"cpu_v3_fast_vs_parallel_t32_3trial_20260425T203556Z_cpu_search_fast_dynamic_k100_t1,cpu_v3_fast_vs_parallel_t32_3trial_20260425T203556Z_cpu_search_fast_dynamic_k100_t2,cpu_v3_fast_vs_parallel_t32_3trial_20260425T203556Z_cpu_search_fast_dynamic_k100_t3","/mnt/nfs/home/juelinliu/work1/gpu-mvr/slurm/logs/cpu_search_fast_dynamic/hotpot/benchmark_k100_20260425T203601Z_job28679192_task1_config_chunk_001.log,/mnt/nfs/home/juelinliu/work1/gpu-mvr/slurm/logs/cpu_search_fast_dynamic/hotpot/benchmark_k100_20260425T203601Z_job28679194_task1_config_chunk_001.log,/mnt/nfs/home/juelinliu/work1/gpu-mvr/slurm/logs/cpu_search_fast_dynamic/hotpot/benchmark_k100_20260425T204314Z_job28679198_task1_config_chunk_001.log",0.039647,39.644167,8.938314,0.000000,0.039526,0.011930,0.022502,0.027538,0.695148,10.808085,0.388961,
cpu_search_fast_dynamic,hotpot,avg_cpu_v3_fast_vs_parallel_t32_3trial_20260425T203556Z_cpu_search_fast_dynamic_k100,a2,24,1000,120,64,5,nfs,/mnt/nfs/home/juelinliu/work1/gpu-mvr/dataset/hotpot/gpu_mvr_2m,1000,100,5,2.473820,2473.820000,404.484333,0.610680,2.473333,2.448000,2.727333,2.810000,3.007333,4.045667,0.209667,openmp,32,3,"cpu_v3_fast_vs_parallel_t32_3trial_20260425T203556Z_cpu_search_fast_dynamic_k100_t1,cpu_v3_fast_vs_parallel_t32_3trial_20260425T203556Z_cpu_search_fast_dynamic_k100_t2,cpu_v3_fast_vs_parallel_t32_3trial_20260425T203556Z_cpu_search_fast_dynamic_k100_t3","/mnt/nfs/home/juelinliu/work1/gpu-mvr/slurm/logs/cpu_search_fast_dynamic/hotpot/benchmark_k100_20260425T203601Z_job28679192_task1_config_chunk_001.log,/mnt/nfs/home/juelinliu/work1/gpu-mvr/slurm/logs/cpu_search_fast_dynamic/hotpot/benchmark_k100_20260425T203601Z_job28679194_task1_config_chunk_001.log,/mnt/nfs/home/juelinliu/work1/gpu-mvr/slurm/logs/cpu_search_fast_dynamic/hotpot/benchmark_k100_20260425T204314Z_job28679198_task1_config_chunk_001.log",0.075324,75.327177,12.387522,0.000000,0.075375,0.074505,0.118154,0.134904,0.167840,0.240654,0.040067,
cpu_search_fast_dynamic,hotpot,avg_cpu_v3_fast_vs_parallel_t32_3trial_20260425T203556Z_cpu_search_fast_dynamic_k100,a3,24,1200,150,64,5,nfs,/mnt/nfs/home/juelinliu/work1/gpu-mvr/dataset/hotpot/gpu_mvr_2m,1000,100,5,2.630410,2630.410333,380.288000,0.653310,2.629667,2.607333,2.893333,2.973333,3.140333,4.171667,0.208667,openmp,32,3,"cpu_v3_fast_vs_parallel_t32_3trial_20260425T203556Z_cpu_search_fast_dynamic_k100_t1,cpu_v3_fast_vs_parallel_t32_3trial_20260425T203556Z_cpu_search_fast_dynamic_k100_t2,cpu_v3_fast_vs_parallel_t32_3trial_20260425T203556Z_cpu_search_fast_dynamic_k100_t3","/mnt/nfs/home/juelinliu/work1/gpu-mvr/slurm/logs/cpu_search_fast_dynamic/hotpot/benchmark_k100_20260425T203601Z_job28679192_task1_config_chunk_001.log,/mnt/nfs/home/juelinliu/work1/gpu-mvr/slurm/logs/cpu_search_fast_dynamic/hotpot/benchmark_k100_20260425T203601Z_job28679194_task1_config_chunk_001.log,/mnt/nfs/home/juelinliu/work1/gpu-mvr/slurm/logs/cpu_search_fast_dynamic/hotpot/benchmark_k100_20260425T204314Z_job28679198_task1_config_chunk_001.log",0.057365,57.367317,8.191854,0.000000,0.057501,0.052577,0.104978,0.106359,0.119249,0.134812,0.029771,
cpu_search_fast_dynamic,hotpot,avg_cpu_v3_fast_vs_parallel_t32_3trial_20260425T203556Z_cpu_search_fast_dynamic_k100,a4,32,800,100,64,5,nfs,/mnt/nfs/home/juelinliu/work1/gpu-mvr/dataset/hotpot/gpu_mvr_2m,1000,100,5,2.473330,2473.329333,404.420667,0.585120,2.473000,2.456333,2.721000,2.799667,2.993667,4.252000,0.211667,openmp,32,3,"cpu_v3_fast_vs_parallel_t32_3trial_20260425T203556Z_cpu_search_fast_dynamic_k100_t1,cpu_v3_fast_vs_parallel_t32_3trial_20260425T203556Z_cpu_search_fast_dynamic_k100_t2,cpu_v3_fast_vs_parallel_t32_3trial_20260425T203556Z_cpu_search_fast_dynamic_k100_t3","/mnt/nfs/home/juelinliu/work1/gpu-mvr/slurm/logs/cpu_search_fast_dynamic/hotpot/benchmark_k100_20260425T203601Z_job28679192_task1_config_chunk_001.log,/mnt/nfs/home/juelinliu/work1/gpu-mvr/slurm/logs/cpu_search_fast_dynamic/hotpot/benchmark_k100_20260425T203601Z_job28679194_task1_config_chunk_001.log,/mnt/nfs/home/juelinliu/work1/gpu-mvr/slurm/logs/cpu_search_fast_dynamic/hotpot/benchmark_k100_20260425T204314Z_job28679198_task1_config_chunk_001.log",0.049622,49.622137,8.022168,0.000000,0.049427,0.038889,0.101385,0.114094,0.139102,0.433810,0.026502,
cpu_search_fast_dynamic,hotpot,avg_cpu_v3_fast_vs_parallel_t32_3trial_20260425T203556Z_cpu_search_fast_dynamic_k100,b1,48,1000,120,96,5,nfs,/mnt/nfs/home/juelinliu/work1/gpu-mvr/dataset/hotpot/gpu_mvr_2m,1000,100,5,3.190083,3190.085000,314.040000,0.658660,3.190000,3.167000,3.525000,3.644000,3.913333,5.423000,0.282667,openmp,32,3,"cpu_v3_fast_vs_parallel_t32_3trial_20260425T203556Z_cpu_search_fast_dynamic_k100_t1,cpu_v3_fast_vs_parallel_t32_3trial_20260425T203556Z_cpu_search_fast_dynamic_k100_t2,cpu_v3_fast_vs_parallel_t32_3trial_20260425T203556Z_cpu_search_fast_dynamic_k100_t3","/mnt/nfs/home/juelinliu/work1/gpu-mvr/slurm/logs/cpu_search_fast_dynamic/hotpot/benchmark_k100_20260425T203601Z_job28679192_task1_config_chunk_001.log,/mnt/nfs/home/juelinliu/work1/gpu-mvr/slurm/logs/cpu_search_fast_dynamic/hotpot/benchmark_k100_20260425T203601Z_job28679194_task1_config_chunk_001.log,/mnt/nfs/home/juelinliu/work1/gpu-mvr/slurm/logs/cpu_search_fast_dynamic/hotpot/benchmark_k100_20260425T204314Z_job28679198_task1_config_chunk_001.log",0.168706,168.708005,16.136955,0.000000,0.168769,0.151433,0.246830,0.307439,0.389438,1.772124,0.095710,
cpu_search_fast_dynamic,hotpot,avg_cpu_v3_fast_vs_parallel_t32_3trial_20260425T203556Z_cpu_search_fast_dynamic_k100,b2,48,1500,150,96,5,nfs,/mnt/nfs/home/juelinliu/work1/gpu-mvr/dataset/hotpot/gpu_mvr_2m,1000,100,5,3.622337,3622.338667,276.263333,0.723250,3.622000,3.601333,3.946333,4.049667,4.275000,5.201667,0.259667,openmp,32,3,"cpu_v3_fast_vs_parallel_t32_3trial_20260425T203556Z_cpu_search_fast_dynamic_k100_t1,cpu_v3_fast_vs_parallel_t32_3trial_20260425T203556Z_cpu_search_fast_dynamic_k100_t2,cpu_v3_fast_vs_parallel_t32_3trial_20260425T203556Z_cpu_search_fast_dynamic_k100_t3","/mnt/nfs/home/juelinliu/work1/gpu-mvr/slurm/logs/cpu_search_fast_dynamic/hotpot/benchmark_k100_20260425T203601Z_job28679192_task1_config_chunk_001.log,/mnt/nfs/home/juelinliu/work1/gpu-mvr/slurm/logs/cpu_search_fast_dynamic/hotpot/benchmark_k100_20260425T203601Z_job28679194_task1_config_chunk_001.log,/mnt/nfs/home/juelinliu/work1/gpu-mvr/slurm/logs/cpu_search_fast_dynamic/hotpot/benchmark_k100_20260425T204314Z_job28679198_task1_config_chunk_001.log",0.118177,118.179852,9.130315,0.000000,0.118013,0.114256,0.138298,0.124649,0.139173,0.212284,0.016073,
cpu_search_fast_dynamic,hotpot,avg_cpu_v3_fast_vs_parallel_t32_3trial_20260425T203556Z_cpu_search_fast_dynamic_k100,b3,64,1200,150,96,5,nfs,/mnt/nfs/home/juelinliu/work1/gpu-mvr/dataset/hotpot/gpu_mvr_2m,1000,100,5,3.949157,3949.156000,253.291667,0.724510,3.948667,3.925333,4.312333,4.425667,4.723000,5.426000,0.287333,openmp,32,3,"cpu_v3_fast_vs_parallel_t32_3trial_20260425T203556Z_cpu_search_fast_dynamic_k100_t1,cpu_v3_fast_vs_parallel_t32_3trial_20260425T203556Z_cpu_search_fast_dynamic_k100_t2,cpu_v3_fast_vs_parallel_t32_3trial_20260425T203556Z_cpu_search_fast_dynamic_k100_t3","/mnt/nfs/home/juelinliu/work1/gpu-mvr/slurm/logs/cpu_search_fast_dynamic/hotpot/benchmark_k100_20260425T203601Z_job28679192_task1_config_chunk_001.log,/mnt/nfs/home/juelinliu/work1/gpu-mvr/slurm/logs/cpu_search_fast_dynamic/hotpot/benchmark_k100_20260425T203601Z_job28679194_task1_config_chunk_001.log,/mnt/nfs/home/juelinliu/work1/gpu-mvr/slurm/logs/cpu_search_fast_dynamic/hotpot/benchmark_k100_20260425T204314Z_job28679198_task1_config_chunk_001.log",0.081943,81.944844,5.267854,0.000000,0.082130,0.086581,0.079223,0.056889,0.139689,0.450754,0.020984,
cpu_search_fast_dynamic,hotpot,avg_cpu_v3_fast_vs_parallel_t32_3trial_20260425T203556Z_cpu_search_fast_dynamic_k100,b4,64,1800,180,96,5,nfs,/mnt/nfs/home/juelinliu/work1/gpu-mvr/dataset/hotpot/gpu_mvr_2m,1000,100,5,4.424037,4424.038667,226.486000,0.776160,4.423667,4.338667,4.950333,5.386333,6.424667,9.104667,0.573000,openmp,32,3,"cpu_v3_fast_vs_parallel_t32_3trial_20260425T203556Z_cpu_search_fast_dynamic_k100_t1,cpu_v3_fast_vs_parallel_t32_3trial_20260425T203556Z_cpu_search_fast_dynamic_k100_t2,cpu_v3_fast_vs_parallel_t32_3trial_20260425T203556Z_cpu_search_fast_dynamic_k100_t3","/mnt/nfs/home/juelinliu/work1/gpu-mvr/slurm/logs/cpu_search_fast_dynamic/hotpot/benchmark_k100_20260425T203601Z_job28679192_task1_config_chunk_001.log,/mnt/nfs/home/juelinliu/work1/gpu-mvr/slurm/logs/cpu_search_fast_dynamic/hotpot/benchmark_k100_20260425T203601Z_job28679194_task1_config_chunk_001.log,/mnt/nfs/home/juelinliu/work1/gpu-mvr/slurm/logs/cpu_search_fast_dynamic/hotpot/benchmark_k100_20260425T204314Z_job28679198_task1_config_chunk_001.log",0.244672,244.674402,12.163442,0.000000,0.244443,0.112882,0.468007,1.006331,2.448920,5.563674,0.450333,
cpu_search_fast_dynamic,hotpot,avg_cpu_v3_fast_vs_parallel_t32_3trial_20260425T203556Z_cpu_search_fast_dynamic_k100,c1,64,2400,240,128,5,nfs,/mnt/nfs/home/juelinliu/work1/gpu-mvr/dataset/hotpot/gpu_mvr_2m,1000,100,5,4.842970,4842.966667,206.503000,0.823290,4.842667,4.806333,5.300000,5.448667,5.781667,16.675667,0.581667,openmp,32,3,"cpu_v3_fast_vs_parallel_t32_3trial_20260425T203556Z_cpu_search_fast_dynamic_k100_t1,cpu_v3_fast_vs_parallel_t32_3trial_20260425T203556Z_cpu_search_fast_dynamic_k100_t2,cpu_v3_fast_vs_parallel_t32_3trial_20260425T203556Z_cpu_search_fast_dynamic_k100_t3","/mnt/nfs/home/juelinliu/work1/gpu-mvr/slurm/logs/cpu_search_fast_dynamic/hotpot/benchmark_k100_20260425T203601Z_job28679192_task1_config_chunk_001.log,/mnt/nfs/home/juelinliu/work1/gpu-mvr/slurm/logs/cpu_search_fast_dynamic/hotpot/benchmark_k100_20260425T203601Z_job28679194_task1_config_chunk_001.log,/mnt/nfs/home/juelinliu/work1/gpu-mvr/slurm/logs/cpu_search_fast_dynamic/hotpot/benchmark_k100_20260425T204314Z_job28679198_task1_config_chunk_001.log",0.055362,55.361730,2.346050,0.000000,0.055293,0.073528,0.076315,0.077022,0.103520,15.023461,0.355402,
cpu_search_fast_dynamic,hotpot,avg_cpu_v3_fast_vs_parallel_t32_3trial_20260425T203556Z_cpu_search_fast_dynamic_k100,c2,96,1800,200,128,5,nfs,/mnt/nfs/home/juelinliu/work1/gpu-mvr/dataset/hotpot/gpu_mvr_2m,1000,100,5,5.377357,5377.356667,185.985000,0.806970,5.377000,5.337667,5.842000,6.014333,6.393333,8.825000,0.416333,openmp,32,3,"cpu_v3_fast_vs_parallel_t32_3trial_20260425T203556Z_cpu_search_fast_dynamic_k100_t1,cpu_v3_fast_vs_parallel_t32_3trial_20260425T203556Z_cpu_search_fast_dynamic_k100_t2,cpu_v3_fast_vs_parallel_t32_3trial_20260425T203556Z_cpu_search_fast_dynamic_k100_t3","/mnt/nfs/home/juelinliu/work1/gpu-mvr/slurm/logs/cpu_search_fast_dynamic/hotpot/benchmark_k100_20260425T203601Z_job28679192_task1_config_chunk_001.log,/mnt/nfs/home/juelinliu/work1/gpu-mvr/slurm/logs/cpu_search_fast_dynamic/hotpot/benchmark_k100_20260425T203601Z_job28679194_task1_config_chunk_001.log,/mnt/nfs/home/juelinliu/work1/gpu-mvr/slurm/logs/cpu_search_fast_dynamic/hotpot/benchmark_k100_20260425T204314Z_job28679198_task1_config_chunk_001.log",0.068202,68.200271,2.351910,0.000000,0.068169,0.066905,0.051884,0.047899,0.098399,1.168307,0.041187,
cpu_search_fast_dynamic,hotpot,avg_cpu_v3_fast_vs_parallel_t32_3trial_20260425T203556Z_cpu_search_fast_dynamic_k100,c3,96,2400,250,128,5,nfs,/mnt/nfs/home/juelinliu/work1/gpu-mvr/dataset/hotpot/gpu_mvr_2m,1000,100,5,5.901713,5901.710333,169.469333,0.844930,5.901333,5.843667,6.385333,6.579667,7.483667,16.199000,0.653667,openmp,32,3,"cpu_v3_fast_vs_parallel_t32_3trial_20260425T203556Z_cpu_search_fast_dynamic_k100_t1,cpu_v3_fast_vs_parallel_t32_3trial_20260425T203556Z_cpu_search_fast_dynamic_k100_t2,cpu_v3_fast_vs_parallel_t32_3trial_20260425T203556Z_cpu_search_fast_dynamic_k100_t3","/mnt/nfs/home/juelinliu/work1/gpu-mvr/slurm/logs/cpu_search_fast_dynamic/hotpot/benchmark_k100_20260425T203601Z_job28679192_task1_config_chunk_001.log,/mnt/nfs/home/juelinliu/work1/gpu-mvr/slurm/logs/cpu_search_fast_dynamic/hotpot/benchmark_k100_20260425T203601Z_job28679194_task1_config_chunk_001.log,/mnt/nfs/home/juelinliu/work1/gpu-mvr/slurm/logs/cpu_search_fast_dynamic/hotpot/benchmark_k100_20260425T204314Z_job28679198_task1_config_chunk_001.log",0.090435,90.433638,2.597066,0.000000,0.090500,0.060435,0.068981,0.084109,0.959054,12.939742,0.389544,
cpu_search_fast_dynamic,hotpot,avg_cpu_v3_fast_vs_parallel_t32_3trial_20260425T203556Z_cpu_search_fast_dynamic_k100,d1,128,3000,300,150,5,nfs,/mnt/nfs/home/juelinliu/work1/gpu-mvr/dataset/hotpot/gpu_mvr_2m,1000,100,5,7.645187,7645.186000,130.860667,0.882860,7.645000,7.587333,8.480333,8.711000,9.174667,10.928333,0.636667,openmp,32,3,"cpu_v3_fast_vs_parallel_t32_3trial_20260425T203556Z_cpu_search_fast_dynamic_k100_t1,cpu_v3_fast_vs_parallel_t32_3trial_20260425T203556Z_cpu_search_fast_dynamic_k100_t2,cpu_v3_fast_vs_parallel_t32_3trial_20260425T203556Z_cpu_search_fast_dynamic_k100_t3","/mnt/nfs/home/juelinliu/work1/gpu-mvr/slurm/logs/cpu_search_fast_dynamic/hotpot/benchmark_k100_20260425T203601Z_job28679192_task1_config_chunk_001.log,/mnt/nfs/home/juelinliu/work1/gpu-mvr/slurm/logs/cpu_search_fast_dynamic/hotpot/benchmark_k100_20260425T203601Z_job28679194_task1_config_chunk_001.log,/mnt/nfs/home/juelinliu/work1/gpu-mvr/slurm/logs/cpu_search_fast_dynamic/hotpot/benchmark_k100_20260425T204314Z_job28679198_task1_config_chunk_001.log",0.200347,200.345472,3.399903,0.000000,0.200360,0.187164,0.354650,0.343004,0.398879,1.531121,0.094854,
cpu_search_fast_dynamic,hotpot,avg_cpu_v3_fast_vs_parallel_t32_3trial_20260425T203556Z_cpu_search_fast_dynamic_k100,e1,96,3200,320,160,5,nfs,/mnt/nfs/home/juelinliu/work1/gpu-mvr/dataset/hotpot/gpu_mvr_2m,1000,100,5,6.822107,6822.106333,146.772333,0.877440,6.821667,6.760000,7.577667,7.846333,8.380667,16.293667,0.711000,openmp,32,3,"cpu_v3_fast_vs_parallel_t32_3trial_20260425T203556Z_cpu_search_fast_dynamic_k100_t1,cpu_v3_fast_vs_parallel_t32_3trial_20260425T203556Z_cpu_search_fast_dynamic_k100_t2,cpu_v3_fast_vs_parallel_t32_3trial_20260425T203556Z_cpu_search_fast_dynamic_k100_t3","/mnt/nfs/home/juelinliu/work1/gpu-mvr/slurm/logs/cpu_search_fast_dynamic/hotpot/benchmark_k100_20260425T203601Z_job28679192_task1_config_chunk_001.log,/mnt/nfs/home/juelinliu/work1/gpu-mvr/slurm/logs/cpu_search_fast_dynamic/hotpot/benchmark_k100_20260425T203601Z_job28679194_task1_config_chunk_001.log,/mnt/nfs/home/juelinliu/work1/gpu-mvr/slurm/logs/cpu_search_fast_dynamic/hotpot/benchmark_k100_20260425T204314Z_job28679198_task1_config_chunk_001.log",0.303620,303.622720,6.411354,0.000000,0.303523,0.321453,0.441357,0.493844,0.369156,10.592599,0.232265,
cpu_search_fast_dynamic,hotpot,avg_cpu_v3_fast_vs_parallel_t32_3trial_20260425T203556Z_cpu_search_fast_dynamic_k100,e2,128,2400,250,160,5,nfs,/mnt/nfs/home/juelinliu/work1/gpu-mvr/dataset/hotpot/gpu_mvr_2m,1000,100,5,7.206123,7206.121667,138.860667,0.858150,7.205667,7.167667,7.937000,8.164667,8.788667,10.847333,0.603333,openmp,32,3,"cpu_v3_fast_vs_parallel_t32_3trial_20260425T203556Z_cpu_search_fast_dynamic_k100_t1,cpu_v3_fast_vs_parallel_t32_3trial_20260425T203556Z_cpu_search_fast_dynamic_k100_t2,cpu_v3_fast_vs_parallel_t32_3trial_20260425T203556Z_cpu_search_fast_dynamic_k100_t3","/mnt/nfs/home/juelinliu/work1/gpu-mvr/slurm/logs/cpu_search_fast_dynamic/hotpot/benchmark_k100_20260425T203601Z_job28679192_task1_config_chunk_001.log,/mnt/nfs/home/juelinliu/work1/gpu-mvr/slurm/logs/cpu_search_fast_dynamic/hotpot/benchmark_k100_20260425T203601Z_job28679194_task1_config_chunk_001.log,/mnt/nfs/home/juelinliu/work1/gpu-mvr/slurm/logs/cpu_search_fast_dynamic/hotpot/benchmark_k100_20260425T204314Z_job28679198_task1_config_chunk_001.log",0.224346,224.343948,4.313939,0.000000,0.224268,0.245663,0.386932,0.402439,0.397816,2.875038,0.102929,
cpu_search_fast_dynamic,hotpot,avg_cpu_v3_fast_vs_parallel_t32_3trial_20260425T203556Z_cpu_search_fast_dynamic_k100,f1,128,4000,400,192,5,nfs,/mnt/nfs/home/juelinliu/work1/gpu-mvr/dataset/hotpot/gpu_mvr_2m,1000,100,5,8.721107,8721.104667,114.853333,0.909710,8.720333,8.578333,9.570667,10.116667,12.723000,16.221667,0.946333,openmp,32,3,"cpu_v3_fast_vs_parallel_t32_3trial_20260425T203556Z_cpu_search_fast_dynamic_k100_t1,cpu_v3_fast_vs_parallel_t32_3trial_20260425T203556Z_cpu_search_fast_dynamic_k100_t2,cpu_v3_fast_vs_parallel_t32_3trial_20260425T203556Z_cpu_search_fast_dynamic_k100_t3","/mnt/nfs/home/juelinliu/work1/gpu-mvr/slurm/logs/cpu_search_fast_dynamic/hotpot/benchmark_k100_20260425T203601Z_job28679192_task1_config_chunk_001.log,/mnt/nfs/home/juelinliu/work1/gpu-mvr/slurm/logs/cpu_search_fast_dynamic/hotpot/benchmark_k100_20260425T203601Z_job28679194_task1_config_chunk_001.log,/mnt/nfs/home/juelinliu/work1/gpu-mvr/slurm/logs/cpu_search_fast_dynamic/hotpot/benchmark_k100_20260425T204314Z_job28679198_task1_config_chunk_001.log",0.427867,427.868404,5.781308,0.000000,0.427646,0.377047,0.522322,0.937011,2.949252,7.435384,0.429083,
cpu_search_fast_dynamic,hotpot,avg_cpu_v3_fast_vs_parallel_t32_3trial_20260425T203556Z_cpu_search_fast_dynamic_k100,f2,160,3800,360,192,5,nfs,/mnt/nfs/home/juelinliu/work1/gpu-mvr/dataset/hotpot/gpu_mvr_2m,1000,100,5,9.221507,9221.508333,108.480000,0.910210,9.220667,9.080000,10.074333,10.512000,13.776667,17.272000,1.001000,openmp,32,3,"cpu_v3_fast_vs_parallel_t32_3trial_20260425T203556Z_cpu_search_fast_dynamic_k100_t1,cpu_v3_fast_vs_parallel_t32_3trial_20260425T203556Z_cpu_search_fast_dynamic_k100_t2,cpu_v3_fast_vs_parallel_t32_3trial_20260425T203556Z_cpu_search_fast_dynamic_k100_t3","/mnt/nfs/home/juelinliu/work1/gpu-mvr/slurm/logs/cpu_search_fast_dynamic/hotpot/benchmark_k100_20260425T203601Z_job28679192_task1_config_chunk_001.log,/mnt/nfs/home/juelinliu/work1/gpu-mvr/slurm/logs/cpu_search_fast_dynamic/hotpot/benchmark_k100_20260425T203601Z_job28679194_task1_config_chunk_001.log,/mnt/nfs/home/juelinliu/work1/gpu-mvr/slurm/logs/cpu_search_fast_dynamic/hotpot/benchmark_k100_20260425T204314Z_job28679198_task1_config_chunk_001.log",0.211897,211.896804,2.478317,0.000000,0.212024,0.113609,0.235037,0.453953,3.384391,6.445531,0.432091,
cpu_search_fast_dynamic,hotpot,avg_cpu_v3_fast_vs_parallel_t32_3trial_20260425T203556Z_cpu_search_fast_dynamic_k100,g1,160,5000,500,224,5,nfs,/mnt/nfs/home/juelinliu/work1/gpu-mvr/dataset/hotpot/gpu_mvr_2m,1000,100,5,10.248767,10248.784333,97.573000,0.931110,10.248000,10.195667,11.214000,11.533667,12.313333,14.184667,0.749333,openmp,32,3,"cpu_v3_fast_vs_parallel_t32_3trial_20260425T203556Z_cpu_search_fast_dynamic_k100_t1,cpu_v3_fast_vs_parallel_t32_3trial_20260425T203556Z_cpu_search_fast_dynamic_k100_t2,cpu_v3_fast_vs_parallel_t32_3trial_20260425T203556Z_cpu_search_fast_dynamic_k100_t3","/mnt/nfs/home/juelinliu/work1/gpu-mvr/slurm/logs/cpu_search_fast_dynamic/hotpot/benchmark_k100_20260425T203601Z_job28679192_task1_config_chunk_001.log,/mnt/nfs/home/juelinliu/work1/gpu-mvr/slurm/logs/cpu_search_fast_dynamic/hotpot/benchmark_k100_20260425T203601Z_job28679194_task1_config_chunk_001.log,/mnt/nfs/home/juelinliu/work1/gpu-mvr/slurm/logs/cpu_search_fast_dynamic/hotpot/benchmark_k100_20260425T204314Z_job28679198_task1_config_chunk_001.log",0.026733,26.738707,0.254629,0.000000,0.026851,0.017010,0.053028,0.096257,0.449315,0.775673,0.052080,
cpu_search_fast_dynamic,hotpot,avg_cpu_v3_fast_vs_parallel_t32_3trial_20260425T203556Z_cpu_search_fast_dynamic_k100,g2,160,6000,500,224,5,nfs,/mnt/nfs/home/juelinliu/work1/gpu-mvr/dataset/hotpot/gpu_mvr_2m,1000,100,5,10.681400,10681.372000,93.622000,0.938180,10.680667,10.609000,11.703667,12.035000,13.177333,18.200000,0.898667,openmp,32,3,"cpu_v3_fast_vs_parallel_t32_3trial_20260425T203556Z_cpu_search_fast_dynamic_k100_t1,cpu_v3_fast_vs_parallel_t32_3trial_20260425T203556Z_cpu_search_fast_dynamic_k100_t2,cpu_v3_fast_vs_parallel_t32_3trial_20260425T203556Z_cpu_search_fast_dynamic_k100_t3","/mnt/nfs/home/juelinliu/work1/gpu-mvr/slurm/logs/cpu_search_fast_dynamic/hotpot/benchmark_k100_20260425T203601Z_job28679192_task1_config_chunk_001.log,/mnt/nfs/home/juelinliu/work1/gpu-mvr/slurm/logs/cpu_search_fast_dynamic/hotpot/benchmark_k100_20260425T203601Z_job28679194_task1_config_chunk_001.log,/mnt/nfs/home/juelinliu/work1/gpu-mvr/slurm/logs/cpu_search_fast_dynamic/hotpot/benchmark_k100_20260425T204314Z_job28679198_task1_config_chunk_001.log",0.044048,44.032196,0.385164,0.000000,0.044004,0.017436,0.030172,0.052716,1.104093,7.597400,0.223768,
cpu_search_fast_dynamic,hotpot,avg_cpu_v3_fast_vs_parallel_t32_3trial_20260425T203556Z_cpu_search_fast_dynamic_k100,h1,192,6500,650,256,5,nfs,/mnt/nfs/home/juelinliu/work1/gpu-mvr/dataset/hotpot/gpu_mvr_2m,1000,100,5,12.777167,12777.130000,78.268000,0.947930,12.776667,12.638333,13.976667,14.360000,15.879000,32.999333,1.356000,openmp,32,3,"cpu_v3_fast_vs_parallel_t32_3trial_20260425T203556Z_cpu_search_fast_dynamic_k100_t1,cpu_v3_fast_vs_parallel_t32_3trial_20260425T203556Z_cpu_search_fast_dynamic_k100_t2,cpu_v3_fast_vs_parallel_t32_3trial_20260425T203556Z_cpu_search_fast_dynamic_k100_t3","/mnt/nfs/home/juelinliu/work1/gpu-mvr/slurm/logs/cpu_search_fast_dynamic/hotpot/benchmark_k100_20260425T203601Z_job28679192_task1_config_chunk_001.log,/mnt/nfs/home/juelinliu/work1/gpu-mvr/slurm/logs/cpu_search_fast_dynamic/hotpot/benchmark_k100_20260425T203601Z_job28679194_task1_config_chunk_001.log,/mnt/nfs/home/juelinliu/work1/gpu-mvr/slurm/logs/cpu_search_fast_dynamic/hotpot/benchmark_k100_20260425T204314Z_job28679198_task1_config_chunk_001.log",0.100819,100.811785,0.615074,0.000000,0.100485,0.088286,0.140873,0.105485,0.547862,13.879773,0.321588,
cpu_search_fast_dynamic,hotpot,avg_cpu_v3_fast_vs_parallel_t32_3trial_20260425T203556Z_cpu_search_fast_dynamic_k100,i1,224,8000,800,288,5,nfs,/mnt/nfs/home/juelinliu/work1/gpu-mvr/dataset/hotpot/gpu_mvr_2m,1000,100,5,15.556567,15556.578000,64.315667,0.957730,15.556000,15.280333,16.943667,17.554000,19.605667,109.511333,3.507000,openmp,32,3,"cpu_v3_fast_vs_parallel_t32_3trial_20260425T203556Z_cpu_search_fast_dynamic_k100_t1,cpu_v3_fast_vs_parallel_t32_3trial_20260425T203556Z_cpu_search_fast_dynamic_k100_t2,cpu_v3_fast_vs_parallel_t32_3trial_20260425T203556Z_cpu_search_fast_dynamic_k100_t3","/mnt/nfs/home/juelinliu/work1/gpu-mvr/slurm/logs/cpu_search_fast_dynamic/hotpot/benchmark_k100_20260425T203601Z_job28679192_task1_config_chunk_001.log,/mnt/nfs/home/juelinliu/work1/gpu-mvr/slurm/logs/cpu_search_fast_dynamic/hotpot/benchmark_k100_20260425T203601Z_job28679194_task1_config_chunk_001.log,/mnt/nfs/home/juelinliu/work1/gpu-mvr/slurm/logs/cpu_search_fast_dynamic/hotpot/benchmark_k100_20260425T204314Z_job28679198_task1_config_chunk_001.log",0.442546,442.538959,1.802506,0.000000,0.442695,0.371948,0.466599,0.530265,0.875832,31.008878,0.934971,
cpu_search_fast_dynamic,hotpot,avg_cpu_v3_fast_vs_parallel_t32_3trial_20260425T203556Z_cpu_search_fast_dynamic_k100,j1,256,10000,1000,320,5,nfs,/mnt/nfs/home/juelinliu/work1/gpu-mvr/dataset/hotpot/gpu_mvr_2m,1000,100,5,18.167500,18167.495333,55.054333,0.965350,18.167000,18.090667,19.886333,20.353667,22.032333,35.424000,1.521667,openmp,32,3,"cpu_v3_fast_vs_parallel_t32_3trial_20260425T203556Z_cpu_search_fast_dynamic_k100_t1,cpu_v3_fast_vs_parallel_t32_3trial_20260425T203556Z_cpu_search_fast_dynamic_k100_t2,cpu_v3_fast_vs_parallel_t32_3trial_20260425T203556Z_cpu_search_fast_dynamic_k100_t3","/mnt/nfs/home/juelinliu/work1/gpu-mvr/slurm/logs/cpu_search_fast_dynamic/hotpot/benchmark_k100_20260425T203601Z_job28679192_task1_config_chunk_001.log,/mnt/nfs/home/juelinliu/work1/gpu-mvr/slurm/logs/cpu_search_fast_dynamic/hotpot/benchmark_k100_20260425T203601Z_job28679194_task1_config_chunk_001.log,/mnt/nfs/home/juelinliu/work1/gpu-mvr/slurm/logs/cpu_search_fast_dynamic/hotpot/benchmark_k100_20260425T204314Z_job28679198_task1_config_chunk_001.log",0.314983,314.970423,0.945051,0.000000,0.314911,0.268962,0.348311,0.380148,1.250504,18.470449,0.366977,
cpu_search_fast_dynamic,hotpot,avg_cpu_v3_fast_vs_parallel_t32_3trial_20260425T203556Z_cpu_search_fast_dynamic_k100,k1,384,28000,1800,448,5,nfs,/mnt/nfs/home/juelinliu/work1/gpu-mvr/dataset/hotpot/gpu_mvr_2m,1000,100,5,34.825167,34825.179000,28.717000,0.976490,34.824333,34.366667,38.044333,39.196667,42.369667,156.365667,5.389000,openmp,32,3,"cpu_v3_fast_vs_parallel_t32_3trial_20260425T203556Z_cpu_search_fast_dynamic_k100_t1,cpu_v3_fast_vs_parallel_t32_3trial_20260425T203556Z_cpu_search_fast_dynamic_k100_t2,cpu_v3_fast_vs_parallel_t32_3trial_20260425T203556Z_cpu_search_fast_dynamic_k100_t3","/mnt/nfs/home/juelinliu/work1/gpu-mvr/slurm/logs/cpu_search_fast_dynamic/hotpot/benchmark_k100_20260425T203601Z_job28679192_task1_config_chunk_001.log,/mnt/nfs/home/juelinliu/work1/gpu-mvr/slurm/logs/cpu_search_fast_dynamic/hotpot/benchmark_k100_20260425T203601Z_job28679194_task1_config_chunk_001.log,/mnt/nfs/home/juelinliu/work1/gpu-mvr/slurm/logs/cpu_search_fast_dynamic/hotpot/benchmark_k100_20260425T204314Z_job28679198_task1_config_chunk_001.log",0.374282,374.281890,0.307488,0.000000,0.374135,0.231623,0.287058,0.236526,0.855370,116.304569,2.989141,
cpu_search_fast_dynamic,hotpot,avg_cpu_v3_fast_vs_parallel_t32_3trial_20260425T203556Z_cpu_search_fast_dynamic_k100,l1,448,28000,2200,512,5,nfs,/mnt/nfs/home/juelinliu/work1/gpu-mvr/dataset/hotpot/gpu_mvr_2m,1000,100,5,39.868700,39868.683000,25.086000,0.976910,39.868000,39.425000,43.805667,45.081000,48.442333,127.287333,5.023333,openmp,32,3,"cpu_v3_fast_vs_parallel_t32_3trial_20260425T203556Z_cpu_search_fast_dynamic_k100_t1,cpu_v3_fast_vs_parallel_t32_3trial_20260425T203556Z_cpu_search_fast_dynamic_k100_t2,cpu_v3_fast_vs_parallel_t32_3trial_20260425T203556Z_cpu_search_fast_dynamic_k100_t3","/mnt/nfs/home/juelinliu/work1/gpu-mvr/slurm/logs/cpu_search_fast_dynamic/hotpot/benchmark_k100_20260425T203601Z_job28679192_task1_config_chunk_001.log,/mnt/nfs/home/juelinliu/work1/gpu-mvr/slurm/logs/cpu_search_fast_dynamic/hotpot/benchmark_k100_20260425T203601Z_job28679194_task1_config_chunk_001.log,/mnt/nfs/home/juelinliu/work1/gpu-mvr/slurm/logs/cpu_search_fast_dynamic/hotpot/benchmark_k100_20260425T204314Z_job28679198_task1_config_chunk_001.log",0.600406,600.439379,0.379166,0.000000,0.600677,0.397524,0.607352,0.580835,1.421265,118.658584,3.300846,
cpu_search_fast_dynamic,lotte,avg_cpu_v3_fast_vs_parallel_t32_3trial_20260425T203556Z_cpu_search_fast_dynamic_k10,a1,16,800,100,64,5,nfs,/mnt/nfs/home/juelinliu/work1/gpu-mvr/dataset/lotte/gpu_mvr_2m,2931,10,5,6.949273,6949.271667,421.874333,0.898226,2.370667,2.350667,2.607000,2.704000,2.920000,11.895333,0.314667,openmp,32,3,"cpu_v3_fast_vs_parallel_t32_3trial_20260425T203556Z_cpu_search_fast_dynamic_k10_t1,cpu_v3_fast_vs_parallel_t32_3trial_20260425T203556Z_cpu_search_fast_dynamic_k10_t2,cpu_v3_fast_vs_parallel_t32_3trial_20260425T203556Z_cpu_search_fast_dynamic_k10_t3","/mnt/nfs/home/juelinliu/work1/gpu-mvr/slurm/logs/cpu_search_fast_dynamic/lotte/benchmark_k10_20260425T203558Z_job28679167_task0_config_chunk_001.log,/mnt/nfs/home/juelinliu/work1/gpu-mvr/slurm/logs/cpu_search_fast_dynamic/lotte/benchmark_k10_20260425T203558Z_job28679169_task0_config_chunk_001.log,/mnt/nfs/home/juelinliu/work1/gpu-mvr/slurm/logs/cpu_search_fast_dynamic/lotte/benchmark_k10_20260425T203559Z_job28679171_task0_config_chunk_001.log",0.133931,133.929797,8.041214,0.000000,0.045325,0.044456,0.062746,0.068608,0.119109,10.700625,0.117738,
cpu_search_fast_dynamic,lotte,avg_cpu_v3_fast_vs_parallel_t32_3trial_20260425T203556Z_cpu_search_fast_dynamic_k10,a2,24,1000,120,64,5,nfs,/mnt/nfs/home/juelinliu/work1/gpu-mvr/dataset/lotte/gpu_mvr_2m,2931,10,5,8.127340,8127.337333,360.652667,0.929410,2.772333,2.744000,3.031000,3.123000,3.385667,10.345667,0.319000,openmp,32,3,"cpu_v3_fast_vs_parallel_t32_3trial_20260425T203556Z_cpu_search_fast_dynamic_k10_t1,cpu_v3_fast_vs_parallel_t32_3trial_20260425T203556Z_cpu_search_fast_dynamic_k10_t2,cpu_v3_fast_vs_parallel_t32_3trial_20260425T203556Z_cpu_search_fast_dynamic_k10_t3","/mnt/nfs/home/juelinliu/work1/gpu-mvr/slurm/logs/cpu_search_fast_dynamic/lotte/benchmark_k10_20260425T203558Z_job28679167_task0_config_chunk_001.log,/mnt/nfs/home/juelinliu/work1/gpu-mvr/slurm/logs/cpu_search_fast_dynamic/lotte/benchmark_k10_20260425T203558Z_job28679169_task0_config_chunk_001.log,/mnt/nfs/home/juelinliu/work1/gpu-mvr/slurm/logs/cpu_search_fast_dynamic/lotte/benchmark_k10_20260425T203559Z_job28679171_task0_config_chunk_001.log",0.070010,70.012821,3.099255,0.000000,0.023798,0.041328,0.016093,0.007550,0.104184,10.308687,0.198598,
cpu_search_fast_dynamic,lotte,avg_cpu_v3_fast_vs_parallel_t32_3trial_20260425T203556Z_cpu_search_fast_dynamic_k10,a3,24,1200,150,64,5,nfs,/mnt/nfs/home/juelinliu/work1/gpu-mvr/dataset/lotte/gpu_mvr_2m,2931,10,5,9.033760,9033.763000,324.553333,0.933470,3.081333,3.055667,3.337333,3.437333,3.691667,22.386667,0.518000,openmp,32,3,"cpu_v3_fast_vs_parallel_t32_3trial_20260425T203556Z_cpu_search_fast_dynamic_k10_t1,cpu_v3_fast_vs_parallel_t32_3trial_20260425T203556Z_cpu_search_fast_dynamic_k10_t2,cpu_v3_fast_vs_parallel_t32_3trial_20260425T203556Z_cpu_search_fast_dynamic_k10_t3","/mnt/nfs/home/juelinliu/work1/gpu-mvr/slurm/logs/cpu_search_fast_dynamic/lotte/benchmark_k10_20260425T203558Z_job28679167_task0_config_chunk_001.log,/mnt/nfs/home/juelinliu/work1/gpu-mvr/slurm/logs/cpu_search_fast_dynamic/lotte/benchmark_k10_20260425T203558Z_job28679169_task0_config_chunk_001.log,/mnt/nfs/home/juelinliu/work1/gpu-mvr/slurm/logs/cpu_search_fast_dynamic/lotte/benchmark_k10_20260425T203559Z_job28679171_task0_config_chunk_001.log",0.196884,196.884926,7.150042,0.000000,0.067278,0.066666,0.052539,0.046361,0.048232,26.686895,0.396792,
cpu_search_fast_dynamic,lotte,avg_cpu_v3_fast_vs_parallel_t32_3trial_20260425T203556Z_cpu_search_fast_dynamic_k10,a4,32,800,100,64,5,nfs,/mnt/nfs/home/juelinliu/work1/gpu-mvr/dataset/lotte/gpu_mvr_2m,2931,10,5,7.990447,7990.445333,366.823000,0.938588,2.726000,2.665333,2.959667,3.056667,3.663333,74.175000,1.427000,openmp,32,3,"cpu_v3_fast_vs_parallel_t32_3trial_20260425T203556Z_cpu_search_fast_dynamic_k10_t1,cpu_v3_fast_vs_parallel_t32_3trial_20260425T203556Z_cpu_search_fast_dynamic_k10_t2,cpu_v3_fast_vs_parallel_t32_3trial_20260425T203556Z_cpu_search_fast_dynamic_k10_t3","/mnt/nfs/home/juelinliu/work1/gpu-mvr/slurm/logs/cpu_search_fast_dynamic/lotte/benchmark_k10_20260425T203558Z_job28679167_task0_config_chunk_001.log,/mnt/nfs/home/juelinliu/work1/gpu-mvr/slurm/logs/cpu_search_fast_dynamic/lotte/benchmark_k10_20260425T203558Z_job28679169_task0_config_chunk_001.log,/mnt/nfs/home/juelinliu/work1/gpu-mvr/slurm/logs/cpu_search_fast_dynamic/lotte/benchmark_k10_20260425T203559Z_job28679171_task0_config_chunk_001.log",0.050760,50.760465,2.325335,0.000000,0.017349,0.022546,0.017474,0.023180,0.740187,58.507288,1.012680,
cpu_search_fast_dynamic,lotte,avg_cpu_v3_fast_vs_parallel_t32_3trial_20260425T203556Z_cpu_search_fast_dynamic_k10,b1,48,1000,120,96,5,nfs,/mnt/nfs/home/juelinliu/work1/gpu-mvr/dataset/lotte/gpu_mvr_2m,2931,10,5,10.112383,10112.372667,289.967667,0.959297,3.449667,3.377333,3.833333,4.112667,5.001333,15.931333,0.553333,openmp,32,3,"cpu_v3_fast_vs_parallel_t32_3trial_20260425T203556Z_cpu_search_fast_dynamic_k10_t1,cpu_v3_fast_vs_parallel_t32_3trial_20260425T203556Z_cpu_search_fast_dynamic_k10_t2,cpu_v3_fast_vs_parallel_t32_3trial_20260425T203556Z_cpu_search_fast_dynamic_k10_t3","/mnt/nfs/home/juelinliu/work1/gpu-mvr/slurm/logs/cpu_search_fast_dynamic/lotte/benchmark_k10_20260425T203558Z_job28679167_task0_config_chunk_001.log,/mnt/nfs/home/juelinliu/work1/gpu-mvr/slurm/logs/cpu_search_fast_dynamic/lotte/benchmark_k10_20260425T203558Z_job28679169_task0_config_chunk_001.log,/mnt/nfs/home/juelinliu/work1/gpu-mvr/slurm/logs/cpu_search_fast_dynamic/lotte/benchmark_k10_20260425T203559Z_job28679171_task0_config_chunk_001.log",0.256710,256.722400,7.358514,0.000000,0.087512,0.058876,0.183930,0.391971,0.852421,5.437486,0.019088,
cpu_search_fast_dynamic,lotte,avg_cpu_v3_fast_vs_parallel_t32_3trial_20260425T203556Z_cpu_search_fast_dynamic_k10,b2,48,1500,150,96,5,nfs,/mnt/nfs/home/juelinliu/work1/gpu-mvr/dataset/lotte/gpu_mvr_2m,2931,10,5,11.613100,11613.127667,252.400667,0.964654,3.962000,3.925667,4.377667,4.559000,5.049333,7.122333,0.350000,openmp,32,3,"cpu_v3_fast_vs_parallel_t32_3trial_20260425T203556Z_cpu_search_fast_dynamic_k10_t1,cpu_v3_fast_vs_parallel_t32_3trial_20260425T203556Z_cpu_search_fast_dynamic_k10_t2,cpu_v3_fast_vs_parallel_t32_3trial_20260425T203556Z_cpu_search_fast_dynamic_k10_t3","/mnt/nfs/home/juelinliu/work1/gpu-mvr/slurm/logs/cpu_search_fast_dynamic/lotte/benchmark_k10_20260425T203558Z_job28679167_task0_config_chunk_001.log,/mnt/nfs/home/juelinliu/work1/gpu-mvr/slurm/logs/cpu_search_fast_dynamic/lotte/benchmark_k10_20260425T203558Z_job28679169_task0_config_chunk_001.log,/mnt/nfs/home/juelinliu/work1/gpu-mvr/slurm/logs/cpu_search_fast_dynamic/lotte/benchmark_k10_20260425T203559Z_job28679171_task0_config_chunk_001.log",0.104875,104.875502,2.278191,0.000000,0.036042,0.034962,0.063571,0.108669,0.244656,1.382921,0.036756,
cpu_search_fast_dynamic,lotte,avg_cpu_v3_fast_vs_parallel_t32_3trial_20260425T203556Z_cpu_search_fast_dynamic_k10,b3,64,1200,150,96,5,nfs,/mnt/nfs/home/juelinliu/work1/gpu-mvr/dataset/lotte/gpu_mvr_2m,2931,10,5,12.373600,12373.559333,236.878667,0.970147,4.221333,4.135667,4.620000,4.831333,5.855667,37.765000,1.006333,openmp,32,3,"cpu_v3_fast_vs_parallel_t32_3trial_20260425T203556Z_cpu_search_fast_dynamic_k10_t1,cpu_v3_fast_vs_parallel_t32_3trial_20260425T203556Z_cpu_search_fast_dynamic_k10_t2,cpu_v3_fast_vs_parallel_t32_3trial_20260425T203556Z_cpu_search_fast_dynamic_k10_t3","/mnt/nfs/home/juelinliu/work1/gpu-mvr/slurm/logs/cpu_search_fast_dynamic/lotte/benchmark_k10_20260425T203558Z_job28679167_task0_config_chunk_001.log,/mnt/nfs/home/juelinliu/work1/gpu-mvr/slurm/logs/cpu_search_fast_dynamic/lotte/benchmark_k10_20260425T203558Z_job28679169_task0_config_chunk_001.log,/mnt/nfs/home/juelinliu/work1/gpu-mvr/slurm/logs/cpu_search_fast_dynamic/lotte/benchmark_k10_20260425T203559Z_job28679171_task0_config_chunk_001.log",0.049898,49.890735,0.956324,0.000000,0.017156,0.034501,0.103116,0.192212,0.522403,49.043060,0.899587,
cpu_search_fast_dynamic,lotte,avg_cpu_v3_fast_vs_parallel_t32_3trial_20260425T203556Z_cpu_search_fast_dynamic_k10,b4,64,1800,180,96,5,nfs,/mnt/nfs/home/juelinliu/work1/gpu-mvr/dataset/lotte/gpu_mvr_2m,2931,10,5,13.987700,13987.711667,209.551667,0.973456,4.771667,4.738667,5.258000,5.424000,5.990667,7.307667,0.403667,openmp,32,3,"cpu_v3_fast_vs_parallel_t32_3trial_20260425T203556Z_cpu_search_fast_dynamic_k10_t1,cpu_v3_fast_vs_parallel_t32_3trial_20260425T203556Z_cpu_search_fast_dynamic_k10_t2,cpu_v3_fast_vs_parallel_t32_3trial_20260425T203556Z_cpu_search_fast_dynamic_k10_t3","/mnt/nfs/home/juelinliu/work1/gpu-mvr/slurm/logs/cpu_search_fast_dynamic/lotte/benchmark_k10_20260425T203558Z_job28679167_task0_config_chunk_001.log,/mnt/nfs/home/juelinliu/work1/gpu-mvr/slurm/logs/cpu_search_fast_dynamic/lotte/benchmark_k10_20260425T203558Z_job28679169_task0_config_chunk_001.log,/mnt/nfs/home/juelinliu/work1/gpu-mvr/slurm/logs/cpu_search_fast_dynamic/lotte/benchmark_k10_20260425T203559Z_job28679171_task0_config_chunk_001.log",0.121689,121.667389,1.832117,0.000000,0.041284,0.028746,0.072021,0.088000,0.299081,0.919560,0.050203,
cpu_search_fast_dynamic,lotte,avg_cpu_v3_fast_vs_parallel_t32_3trial_20260425T203556Z_cpu_search_fast_dynamic_k10,c1,64,2400,240,128,5,nfs,/mnt/nfs/home/juelinliu/work1/gpu-mvr/dataset/lotte/gpu_mvr_2m,2931,10,5,16.011867,16011.858667,183.079667,0.975060,5.462667,5.413000,5.947667,6.125000,6.967333,24.706667,0.656667,openmp,32,3,"cpu_v3_fast_vs_parallel_t32_3trial_20260425T203556Z_cpu_search_fast_dynamic_k10_t1,cpu_v3_fast_vs_parallel_t32_3trial_20260425T203556Z_cpu_search_fast_dynamic_k10_t2,cpu_v3_fast_vs_parallel_t32_3trial_20260425T203556Z_cpu_search_fast_dynamic_k10_t3","/mnt/nfs/home/juelinliu/work1/gpu-mvr/slurm/logs/cpu_search_fast_dynamic/lotte/benchmark_k10_20260425T203558Z_job28679167_task0_config_chunk_001.log,/mnt/nfs/home/juelinliu/work1/gpu-mvr/slurm/logs/cpu_search_fast_dynamic/lotte/benchmark_k10_20260425T203558Z_job28679169_task0_config_chunk_001.log,/mnt/nfs/home/juelinliu/work1/gpu-mvr/slurm/logs/cpu_search_fast_dynamic/lotte/benchmark_k10_20260425T203559Z_job28679171_task0_config_chunk_001.log",0.240131,240.143070,2.769056,0.000000,0.082282,0.075941,0.109610,0.135857,0.181566,5.487288,0.132447,
cpu_search_fast_dynamic,lotte,avg_cpu_v3_fast_vs_parallel_t32_3trial_20260425T203556Z_cpu_search_fast_dynamic_k10,c2,96,1800,200,128,5,nfs,/mnt/nfs/home/juelinliu/work1/gpu-mvr/dataset/lotte/gpu_mvr_2m,2931,10,5,16.682000,16682.015667,175.741333,0.978301,5.691000,5.614333,6.169333,6.356667,7.450000,88.155667,1.807667,openmp,32,3,"cpu_v3_fast_vs_parallel_t32_3trial_20260425T203556Z_cpu_search_fast_dynamic_k10_t1,cpu_v3_fast_vs_parallel_t32_3trial_20260425T203556Z_cpu_search_fast_dynamic_k10_t2,cpu_v3_fast_vs_parallel_t32_3trial_20260425T203556Z_cpu_search_fast_dynamic_k10_t3","/mnt/nfs/home/juelinliu/work1/gpu-mvr/slurm/logs/cpu_search_fast_dynamic/lotte/benchmark_k10_20260425T203558Z_job28679167_task0_config_chunk_001.log,/mnt/nfs/home/juelinliu/work1/gpu-mvr/slurm/logs/cpu_search_fast_dynamic/lotte/benchmark_k10_20260425T203558Z_job28679169_task0_config_chunk_001.log,/mnt/nfs/home/juelinliu/work1/gpu-mvr/slurm/logs/cpu_search_fast_dynamic/lotte/benchmark_k10_20260425T203559Z_job28679171_task0_config_chunk_001.log",0.320681,320.707653,3.344786,0.000000,0.109357,0.052539,0.078015,0.100729,0.680699,134.578393,2.294088,
cpu_search_fast_dynamic,lotte,avg_cpu_v3_fast_vs_parallel_t32_3trial_20260425T203556Z_cpu_search_fast_dynamic_k10,c3,96,2400,250,128,5,nfs,/mnt/nfs/home/juelinliu/work1/gpu-mvr/dataset/lotte/gpu_mvr_2m,2931,10,5,18.650433,18650.459667,157.171000,0.979120,6.362667,6.293333,6.966000,7.199333,8.207000,21.206333,0.670000,openmp,32,3,"cpu_v3_fast_vs_parallel_t32_3trial_20260425T203556Z_cpu_search_fast_dynamic_k10_t1,cpu_v3_fast_vs_parallel_t32_3trial_20260425T203556Z_cpu_search_fast_dynamic_k10_t2,cpu_v3_fast_vs_parallel_t32_3trial_20260425T203556Z_cpu_search_fast_dynamic_k10_t3","/mnt/nfs/home/juelinliu/work1/gpu-mvr/slurm/logs/cpu_search_fast_dynamic/lotte/benchmark_k10_20260425T203558Z_job28679167_task0_config_chunk_001.log,/mnt/nfs/home/juelinliu/work1/gpu-mvr/slurm/logs/cpu_search_fast_dynamic/lotte/benchmark_k10_20260425T203558Z_job28679169_task0_config_chunk_001.log,/mnt/nfs/home/juelinliu/work1/gpu-mvr/slurm/logs/cpu_search_fast_dynamic/lotte/benchmark_k10_20260425T203559Z_job28679171_task0_config_chunk_001.log",0.237535,237.534575,1.991583,0.000000,0.080872,0.041356,0.138935,0.232091,0.825221,10.437160,0.168057,
cpu_search_fast_dynamic,lotte,avg_cpu_v3_fast_vs_parallel_t32_3trial_20260425T203556Z_cpu_search_fast_dynamic_k10,d1,128,3000,300,150,5,nfs,/mnt/nfs/home/juelinliu/work1/gpu-mvr/dataset/lotte/gpu_mvr_2m,2931,10,5,23.607667,23607.650000,124.160000,0.981303,8.054000,7.960667,8.719333,8.964667,10.200333,107.852667,2.085333,openmp,32,3,"cpu_v3_fast_vs_parallel_t32_3trial_20260425T203556Z_cpu_search_fast_dynamic_k10_t1,cpu_v3_fast_vs_parallel_t32_3trial_20260425T203556Z_cpu_search_fast_dynamic_k10_t2,cpu_v3_fast_vs_parallel_t32_3trial_20260425T203556Z_cpu_search_fast_dynamic_k10_t3","/mnt/nfs/home/juelinliu/work1/gpu-mvr/slurm/logs/cpu_search_fast_dynamic/lotte/benchmark_k10_20260425T203558Z_job28679167_task0_config_chunk_001.log,/mnt/nfs/home/juelinliu/work1/gpu-mvr/slurm/logs/cpu_search_fast_dynamic/lotte/benchmark_k10_20260425T203558Z_job28679169_task0_config_chunk_001.log,/mnt/nfs/home/juelinliu/work1/gpu-mvr/slurm/logs/cpu_search_fast_dynamic/lotte/benchmark_k10_20260425T203559Z_job28679171_task0_config_chunk_001.log",0.191717,191.727743,1.003877,0.000000,0.065276,0.021939,0.025325,0.033232,0.431612,104.834689,1.815983,
cpu_search_fast_dynamic,lotte,avg_cpu_v3_fast_vs_parallel_t32_3trial_20260425T203556Z_cpu_search_fast_dynamic_k10,e1,96,3200,320,160,5,nfs,/mnt/nfs/home/juelinliu/work1/gpu-mvr/dataset/lotte/gpu_mvr_2m,2931,10,5,21.361133,21361.120667,137.249333,0.979904,7.287667,7.243667,7.952667,8.190000,9.426000,13.188000,0.614333,openmp,32,3,"cpu_v3_fast_vs_parallel_t32_3trial_20260425T203556Z_cpu_search_fast_dynamic_k10_t1,cpu_v3_fast_vs_parallel_t32_3trial_20260425T203556Z_cpu_search_fast_dynamic_k10_t2,cpu_v3_fast_vs_parallel_t32_3trial_20260425T203556Z_cpu_search_fast_dynamic_k10_t3","/mnt/nfs/home/juelinliu/work1/gpu-mvr/slurm/logs/cpu_search_fast_dynamic/lotte/benchmark_k10_20260425T203558Z_job28679167_task0_config_chunk_001.log,/mnt/nfs/home/juelinliu/work1/gpu-mvr/slurm/logs/cpu_search_fast_dynamic/lotte/benchmark_k10_20260425T203558Z_job28679169_task0_config_chunk_001.log,/mnt/nfs/home/juelinliu/work1/gpu-mvr/slurm/logs/cpu_search_fast_dynamic/lotte/benchmark_k10_20260425T203559Z_job28679171_task0_config_chunk_001.log",0.435159,435.137346,2.767682,0.000000,0.148170,0.136310,0.176500,0.235587,0.885137,2.620979,0.102080,
cpu_search_fast_dynamic,lotte,avg_cpu_v3_fast_vs_parallel_t32_3trial_20260425T203556Z_cpu_search_fast_dynamic_k10,e2,128,2400,250,160,5,nfs,/mnt/nfs/home/juelinliu/work1/gpu-mvr/dataset/lotte/gpu_mvr_2m,2931,10,5,21.154633,21154.633667,138.553000,0.981064,7.217000,7.164667,7.871667,8.113000,8.860333,34.876667,0.878667,openmp,32,3,"cpu_v3_fast_vs_parallel_t32_3trial_20260425T203556Z_cpu_search_fast_dynamic_k10_t1,cpu_v3_fast_vs_parallel_t32_3trial_20260425T203556Z_cpu_search_fast_dynamic_k10_t2,cpu_v3_fast_vs_parallel_t32_3trial_20260425T203556Z_cpu_search_fast_dynamic_k10_t3","/mnt/nfs/home/juelinliu/work1/gpu-mvr/slurm/logs/cpu_search_fast_dynamic/lotte/benchmark_k10_20260425T203558Z_job28679167_task0_config_chunk_001.log,/mnt/nfs/home/juelinliu/work1/gpu-mvr/slurm/logs/cpu_search_fast_dynamic/lotte/benchmark_k10_20260425T203558Z_job28679169_task0_config_chunk_001.log,/mnt/nfs/home/juelinliu/work1/gpu-mvr/slurm/logs/cpu_search_fast_dynamic/lotte/benchmark_k10_20260425T203559Z_job28679171_task0_config_chunk_001.log",0.099103,99.080785,0.650295,0.000000,0.033451,0.051072,0.016258,0.051798,0.255469,34.515023,0.520452,
cpu_search_fast_dynamic,lotte,avg_cpu_v3_fast_vs_parallel_t32_3trial_20260425T203556Z_cpu_search_fast_dynamic_k10,f1,128,4000,400,192,5,nfs,/mnt/nfs/home/juelinliu/work1/gpu-mvr/dataset/lotte/gpu_mvr_2m,2931,10,5,26.729833,26729.837000,109.655667,0.981713,9.119000,9.055667,9.878333,10.139667,11.686000,23.357667,0.780000,openmp,32,3,"cpu_v3_fast_vs_parallel_t32_3trial_20260425T203556Z_cpu_search_fast_dynamic_k10_t1,cpu_v3_fast_vs_parallel_t32_3trial_20260425T203556Z_cpu_search_fast_dynamic_k10_t2,cpu_v3_fast_vs_parallel_t32_3trial_20260425T203556Z_cpu_search_fast_dynamic_k10_t3","/mnt/nfs/home/juelinliu/work1/gpu-mvr/slurm/logs/cpu_search_fast_dynamic/lotte/benchmark_k10_20260425T203558Z_job28679167_task0_config_chunk_001.log,/mnt/nfs/home/juelinliu/work1/gpu-mvr/slurm/logs/cpu_search_fast_dynamic/lotte/benchmark_k10_20260425T203558Z_job28679169_task0_config_chunk_001.log,/mnt/nfs/home/juelinliu/work1/gpu-mvr/slurm/logs/cpu_search_fast_dynamic/lotte/benchmark_k10_20260425T203559Z_job28679171_task0_config_chunk_001.log",0.161209,161.204829,0.660740,0.000000,0.054672,0.065501,0.095086,0.121558,0.810141,8.799193,0.126147,
cpu_search_fast_dynamic,lotte,avg_cpu_v3_fast_vs_parallel_t32_3trial_20260425T203556Z_cpu_search_fast_dynamic_k10,f2,160,3800,360,192,5,nfs,/mnt/nfs/home/juelinliu/work1/gpu-mvr/dataset/lotte/gpu_mvr_2m,2931,10,5,28.051767,28051.806333,104.490000,0.982156,9.570000,9.499333,10.428667,10.756667,11.666667,40.942667,1.091667,openmp,32,3,"cpu_v3_fast_vs_parallel_t32_3trial_20260425T203556Z_cpu_search_fast_dynamic_k10_t1,cpu_v3_fast_vs_parallel_t32_3trial_20260425T203556Z_cpu_search_fast_dynamic_k10_t2,cpu_v3_fast_vs_parallel_t32_3trial_20260425T203556Z_cpu_search_fast_dynamic_k10_t3","/mnt/nfs/home/juelinliu/work1/gpu-mvr/slurm/logs/cpu_search_fast_dynamic/lotte/benchmark_k10_20260425T203558Z_job28679167_task0_config_chunk_001.log,/mnt/nfs/home/juelinliu/work1/gpu-mvr/slurm/logs/cpu_search_fast_dynamic/lotte/benchmark_k10_20260425T203558Z_job28679169_task0_config_chunk_001.log,/mnt/nfs/home/juelinliu/work1/gpu-mvr/slurm/logs/cpu_search_fast_dynamic/lotte/benchmark_k10_20260425T203559Z_job28679171_task0_config_chunk_001.log",0.239456,239.464150,0.894847,0.000000,0.081554,0.072342,0.039119,0.021197,0.148937,38.174479,0.546855,
cpu_search_fast_dynamic,lotte,avg_cpu_v3_fast_vs_parallel_t32_3trial_20260425T203556Z_cpu_search_fast_dynamic_k10,g1,160,5000,500,224,5,nfs,/mnt/nfs/home/juelinliu/work1/gpu-mvr/dataset/lotte/gpu_mvr_2m,2931,10,5,32.808333,32808.361000,89.338667,0.982293,11.193000,11.143333,12.120667,12.438000,13.364333,55.719000,1.248333,openmp,32,3,"cpu_v3_fast_vs_parallel_t32_3trial_20260425T203556Z_cpu_search_fast_dynamic_k10_t1,cpu_v3_fast_vs_parallel_t32_3trial_20260425T203556Z_cpu_search_fast_dynamic_k10_t2,cpu_v3_fast_vs_parallel_t32_3trial_20260425T203556Z_cpu_search_fast_dynamic_k10_t3","/mnt/nfs/home/juelinliu/work1/gpu-mvr/slurm/logs/cpu_search_fast_dynamic/lotte/benchmark_k10_20260425T203558Z_job28679167_task0_config_chunk_001.log,/mnt/nfs/home/juelinliu/work1/gpu-mvr/slurm/logs/cpu_search_fast_dynamic/lotte/benchmark_k10_20260425T203558Z_job28679169_task0_config_chunk_001.log,/mnt/nfs/home/juelinliu/work1/gpu-mvr/slurm/logs/cpu_search_fast_dynamic/lotte/benchmark_k10_20260425T203559Z_job28679171_task0_config_chunk_001.log",0.173425,173.430445,0.470584,0.000000,0.059195,0.067352,0.074009,0.084018,0.398485,46.935643,0.623799,
cpu_search_fast_dynamic,lotte,avg_cpu_v3_fast_vs_parallel_t32_3trial_20260425T203556Z_cpu_search_fast_dynamic_k10,g2,160,6000,500,224,5,nfs,/mnt/nfs/home/juelinliu/work1/gpu-mvr/dataset/lotte/gpu_mvr_2m,2931,10,5,34.451933,34451.915667,85.075667,0.982429,11.753667,11.688000,12.772333,13.119333,14.167333,53.350000,1.342000,openmp,32,3,"cpu_v3_fast_vs_parallel_t32_3trial_20260425T203556Z_cpu_search_fast_dynamic_k10_t1,cpu_v3_fast_vs_parallel_t32_3trial_20260425T203556Z_cpu_search_fast_dynamic_k10_t2,cpu_v3_fast_vs_parallel_t32_3trial_20260425T203556Z_cpu_search_fast_dynamic_k10_t3","/mnt/nfs/home/juelinliu/work1/gpu-mvr/slurm/logs/cpu_search_fast_dynamic/lotte/benchmark_k10_20260425T203558Z_job28679167_task0_config_chunk_001.log,/mnt/nfs/home/juelinliu/work1/gpu-mvr/slurm/logs/cpu_search_fast_dynamic/lotte/benchmark_k10_20260425T203558Z_job28679169_task0_config_chunk_001.log,/mnt/nfs/home/juelinliu/work1/gpu-mvr/slurm/logs/cpu_search_fast_dynamic/lotte/benchmark_k10_20260425T203559Z_job28679171_task0_config_chunk_001.log",0.061228,61.247169,0.151269,0.000000,0.020984,0.024269,0.032083,0.056190,0.565217,61.799413,0.830511,
cpu_search_fast_dynamic,lotte,avg_cpu_v3_fast_vs_parallel_t32_3trial_20260425T203556Z_cpu_search_fast_dynamic_k10,h1,192,6500,650,256,5,nfs,/mnt/nfs/home/juelinliu/work1/gpu-mvr/dataset/lotte/gpu_mvr_2m,2931,10,5,41.092967,41092.951000,71.330333,0.982634,14.019333,13.900000,15.135333,15.523667,16.505333,162.890000,3.273000,openmp,32,3,"cpu_v3_fast_vs_parallel_t32_3trial_20260425T203556Z_cpu_search_fast_dynamic_k10_t1,cpu_v3_fast_vs_parallel_t32_3trial_20260425T203556Z_cpu_search_fast_dynamic_k10_t2,cpu_v3_fast_vs_parallel_t32_3trial_20260425T203556Z_cpu_search_fast_dynamic_k10_t3","/mnt/nfs/home/juelinliu/work1/gpu-mvr/slurm/logs/cpu_search_fast_dynamic/lotte/benchmark_k10_20260425T203558Z_job28679167_task0_config_chunk_001.log,/mnt/nfs/home/juelinliu/work1/gpu-mvr/slurm/logs/cpu_search_fast_dynamic/lotte/benchmark_k10_20260425T203558Z_job28679169_task0_config_chunk_001.log,/mnt/nfs/home/juelinliu/work1/gpu-mvr/slurm/logs/cpu_search_fast_dynamic/lotte/benchmark_k10_20260425T203559Z_job28679171_task0_config_chunk_001.log",0.392553,392.549332,0.683692,0.000000,0.133986,0.102630,0.105078,0.112500,0.079387,131.200049,2.308163,
cpu_search_fast_dynamic,lotte,avg_cpu_v3_fast_vs_parallel_t32_3trial_20260425T203556Z_cpu_search_fast_dynamic_k10,i1,224,8000,800,288,5,nfs,/mnt/nfs/home/juelinliu/work1/gpu-mvr/dataset/lotte/gpu_mvr_2m,2931,10,5,48.826067,48826.061333,60.030667,0.982839,16.658000,16.547333,18.101667,18.601333,19.934333,170.286333,3.119000,openmp,32,3,"cpu_v3_fast_vs_parallel_t32_3trial_20260425T203556Z_cpu_search_fast_dynamic_k10_t1,cpu_v3_fast_vs_parallel_t32_3trial_20260425T203556Z_cpu_search_fast_dynamic_k10_t2,cpu_v3_fast_vs_parallel_t32_3trial_20260425T203556Z_cpu_search_fast_dynamic_k10_t3","/mnt/nfs/home/juelinliu/work1/gpu-mvr/slurm/logs/cpu_search_fast_dynamic/lotte/benchmark_k10_20260425T203558Z_job28679167_task0_config_chunk_001.log,/mnt/nfs/home/juelinliu/work1/gpu-mvr/slurm/logs/cpu_search_fast_dynamic/lotte/benchmark_k10_20260425T203558Z_job28679169_task0_config_chunk_001.log,/mnt/nfs/home/juelinliu/work1/gpu-mvr/slurm/logs/cpu_search_fast_dynamic/lotte/benchmark_k10_20260425T203559Z_job28679171_task0_config_chunk_001.log",0.310508,310.520987,0.383083,0.000000,0.106127,0.086962,0.144673,0.141642,0.451879,58.004532,0.930794,
cpu_search_fast_dynamic,lotte,avg_cpu_v3_fast_vs_parallel_t32_3trial_20260425T203556Z_cpu_search_fast_dynamic_k10,j1,256,10000,1000,320,5,nfs,/mnt/nfs/home/juelinliu/work1/gpu-mvr/dataset/lotte/gpu_mvr_2m,2931,10,5,58.944367,58944.378000,49.726333,0.983009,20.110000,20.002667,21.870333,22.429000,23.748000,121.983333,2.658667,openmp,32,3,"cpu_v3_fast_vs_parallel_t32_3trial_20260425T203556Z_cpu_search_fast_dynamic_k10_t1,cpu_v3_fast_vs_parallel_t32_3trial_20260425T203556Z_cpu_search_fast_dynamic_k10_t2,cpu_v3_fast_vs_parallel_t32_3trial_20260425T203556Z_cpu_search_fast_dynamic_k10_t3","/mnt/nfs/home/juelinliu/work1/gpu-mvr/slurm/logs/cpu_search_fast_dynamic/lotte/benchmark_k10_20260425T203558Z_job28679167_task0_config_chunk_001.log,/mnt/nfs/home/juelinliu/work1/gpu-mvr/slurm/logs/cpu_search_fast_dynamic/lotte/benchmark_k10_20260425T203558Z_job28679169_task0_config_chunk_001.log,/mnt/nfs/home/juelinliu/work1/gpu-mvr/slurm/logs/cpu_search_fast_dynamic/lotte/benchmark_k10_20260425T203559Z_job28679171_task0_config_chunk_001.log",0.357882,357.891468,0.303167,0.000000,0.122233,0.123005,0.154079,0.211629,0.182239,109.865825,1.619170,
cpu_search_fast_dynamic,lotte,avg_cpu_v3_fast_vs_parallel_t32_3trial_20260425T203556Z_cpu_search_fast_dynamic_k10,k1,384,28000,1800,448,5,nfs,/mnt/nfs/home/juelinliu/work1/gpu-mvr/dataset/lotte/gpu_mvr_2m,2931,10,5,116.387333,116387.440000,25.183667,0.983316,39.708333,39.304667,43.764000,45.176333,48.093333,217.429667,4.665667,openmp,32,3,"cpu_v3_fast_vs_parallel_t32_3trial_20260425T203556Z_cpu_search_fast_dynamic_k10_t1,cpu_v3_fast_vs_parallel_t32_3trial_20260425T203556Z_cpu_search_fast_dynamic_k10_t2,cpu_v3_fast_vs_parallel_t32_3trial_20260425T203556Z_cpu_search_fast_dynamic_k10_t3","/mnt/nfs/home/juelinliu/work1/gpu-mvr/slurm/logs/cpu_search_fast_dynamic/lotte/benchmark_k10_20260425T203558Z_job28679167_task0_config_chunk_001.log,/mnt/nfs/home/juelinliu/work1/gpu-mvr/slurm/logs/cpu_search_fast_dynamic/lotte/benchmark_k10_20260425T203558Z_job28679169_task0_config_chunk_001.log,/mnt/nfs/home/juelinliu/work1/gpu-mvr/slurm/logs/cpu_search_fast_dynamic/lotte/benchmark_k10_20260425T203559Z_job28679171_task0_config_chunk_001.log",0.712553,712.281314,0.154329,0.000000,0.242780,0.252659,0.293297,0.282605,0.321002,62.389490,0.797111,
cpu_search_fast_dynamic,lotte,avg_cpu_v3_fast_vs_parallel_t32_3trial_20260425T203556Z_cpu_search_fast_dynamic_k10,l1,448,28000,2200,512,5,nfs,/mnt/nfs/home/juelinliu/work1/gpu-mvr/dataset/lotte/gpu_mvr_2m,2931,10,5,142.988667,142988.819000,20.504667,0.983282,48.784333,45.336333,64.478000,67.638333,72.106667,339.784333,12.455333,openmp,32,3,"cpu_v3_fast_vs_parallel_t32_3trial_20260425T203556Z_cpu_search_fast_dynamic_k10_t1,cpu_v3_fast_vs_parallel_t32_3trial_20260425T203556Z_cpu_search_fast_dynamic_k10_t2,cpu_v3_fast_vs_parallel_t32_3trial_20260425T203556Z_cpu_search_fast_dynamic_k10_t3","/mnt/nfs/home/juelinliu/work1/gpu-mvr/slurm/logs/cpu_search_fast_dynamic/lotte/benchmark_k10_20260425T203558Z_job28679167_task0_config_chunk_001.log,/mnt/nfs/home/juelinliu/work1/gpu-mvr/slurm/logs/cpu_search_fast_dynamic/lotte/benchmark_k10_20260425T203558Z_job28679169_task0_config_chunk_001.log,/mnt/nfs/home/juelinliu/work1/gpu-mvr/slurm/logs/cpu_search_fast_dynamic/lotte/benchmark_k10_20260425T203559Z_job28679171_task0_config_chunk_001.log",3.143434,3143.394958,0.457039,0.000000,1.072465,0.559965,1.308003,0.906401,0.637477,176.215803,3.166126,
cpu_search_fast_dynamic,lotte,avg_cpu_v3_fast_vs_parallel_t32_3trial_20260425T203556Z_cpu_search_fast_dynamic_k100,a1,16,800,100,64,5,nfs,/mnt/nfs/home/juelinliu/work1/gpu-mvr/dataset/lotte/gpu_mvr_2m,2931,100,5,6.945123,6945.122667,422.312667,0.660102,2.369000,2.316667,2.605000,2.748667,3.627333,38.296000,0.872000,openmp,32,3,"cpu_v3_fast_vs_parallel_t32_3trial_20260425T203556Z_cpu_search_fast_dynamic_k100_t1,cpu_v3_fast_vs_parallel_t32_3trial_20260425T203556Z_cpu_search_fast_dynamic_k100_t2,cpu_v3_fast_vs_parallel_t32_3trial_20260425T203556Z_cpu_search_fast_dynamic_k100_t3","/mnt/nfs/home/juelinliu/work1/gpu-mvr/slurm/logs/cpu_search_fast_dynamic/lotte/benchmark_k100_20260425T203601Z_job28679191_task0_config_chunk_001.log,/mnt/nfs/home/juelinliu/work1/gpu-mvr/slurm/logs/cpu_search_fast_dynamic/lotte/benchmark_k100_20260425T203601Z_job28679193_task0_config_chunk_001.log,/mnt/nfs/home/juelinliu/work1/gpu-mvr/slurm/logs/cpu_search_fast_dynamic/lotte/benchmark_k100_20260425T204053Z_job28679197_task0_config_chunk_001.log",0.224670,224.669584,13.439037,0.000000,0.077149,0.047057,0.099353,0.186658,1.270807,54.712722,0.856876,
cpu_search_fast_dynamic,lotte,avg_cpu_v3_fast_vs_parallel_t32_3trial_20260425T203556Z_cpu_search_fast_dynamic_k100,a2,24,1000,120,64,5,nfs,/mnt/nfs/home/juelinliu/work1/gpu-mvr/dataset/lotte/gpu_mvr_2m,2931,100,5,8.055750,8055.751000,363.903000,0.739734,2.748000,2.726000,3.009333,3.110333,3.339000,5.700667,0.248333,openmp,32,3,"cpu_v3_fast_vs_parallel_t32_3trial_20260425T203556Z_cpu_search_fast_dynamic_k100_t1,cpu_v3_fast_vs_parallel_t32_3trial_20260425T203556Z_cpu_search_fast_dynamic_k100_t2,cpu_v3_fast_vs_parallel_t32_3trial_20260425T203556Z_cpu_search_fast_dynamic_k100_t3","/mnt/nfs/home/juelinliu/work1/gpu-mvr/slurm/logs/cpu_search_fast_dynamic/lotte/benchmark_k100_20260425T203601Z_job28679191_task0_config_chunk_001.log,/mnt/nfs/home/juelinliu/work1/gpu-mvr/slurm/logs/cpu_search_fast_dynamic/lotte/benchmark_k100_20260425T203601Z_job28679193_task0_config_chunk_001.log,/mnt/nfs/home/juelinliu/work1/gpu-mvr/slurm/logs/cpu_search_fast_dynamic/lotte/benchmark_k100_20260425T204053Z_job28679197_task0_config_chunk_001.log",0.130749,130.749251,5.854759,0.000000,0.044508,0.046936,0.047427,0.052013,0.119817,2.136911,0.035445,
cpu_search_fast_dynamic,lotte,avg_cpu_v3_fast_vs_parallel_t32_3trial_20260425T203556Z_cpu_search_fast_dynamic_k100,a3,24,1200,150,64,5,nfs,/mnt/nfs/home/juelinliu/work1/gpu-mvr/dataset/lotte/gpu_mvr_2m,2931,100,5,9.078027,9078.025667,323.243000,0.779754,3.097000,3.051000,3.378333,3.572333,4.051333,24.997333,0.607333,openmp,32,3,"cpu_v3_fast_vs_parallel_t32_3trial_20260425T203556Z_cpu_search_fast_dynamic_k100_t1,cpu_v3_fast_vs_parallel_t32_3trial_20260425T203556Z_cpu_search_fast_dynamic_k100_t2,cpu_v3_fast_vs_parallel_t32_3trial_20260425T203556Z_cpu_search_fast_dynamic_k100_t3","/mnt/nfs/home/juelinliu/work1/gpu-mvr/slurm/logs/cpu_search_fast_dynamic/lotte/benchmark_k100_20260425T203601Z_job28679191_task0_config_chunk_001.log,/mnt/nfs/home/juelinliu/work1/gpu-mvr/slurm/logs/cpu_search_fast_dynamic/lotte/benchmark_k100_20260425T203601Z_job28679193_task0_config_chunk_001.log,/mnt/nfs/home/juelinliu/work1/gpu-mvr/slurm/logs/cpu_search_fast_dynamic/lotte/benchmark_k100_20260425T204053Z_job28679197_task0_config_chunk_001.log",0.383555,383.553299,13.335395,0.000000,0.130931,0.100504,0.173125,0.360894,0.796490,29.366254,0.403165,
cpu_search_fast_dynamic,lotte,avg_cpu_v3_fast_vs_parallel_t32_3trial_20260425T203556Z_cpu_search_fast_dynamic_k100,a4,32,800,100,64,5,nfs,/mnt/nfs/home/juelinliu/work1/gpu-mvr/dataset/lotte/gpu_mvr_2m,2931,100,5,7.957173,7957.171333,368.448667,0.709492,2.714667,2.664333,2.970333,3.084333,3.421333,37.449667,0.868000,openmp,32,3,"cpu_v3_fast_vs_parallel_t32_3trial_20260425T203556Z_cpu_search_fast_dynamic_k100_t1,cpu_v3_fast_vs_parallel_t32_3trial_20260425T203556Z_cpu_search_fast_dynamic_k100_t2,cpu_v3_fast_vs_parallel_t32_3trial_20260425T203556Z_cpu_search_fast_dynamic_k100_t3","/mnt/nfs/home/juelinliu/work1/gpu-mvr/slurm/logs/cpu_search_fast_dynamic/lotte/benchmark_k100_20260425T203601Z_job28679191_task0_config_chunk_001.log,/mnt/nfs/home/juelinliu/work1/gpu-mvr/slurm/logs/cpu_search_fast_dynamic/lotte/benchmark_k100_20260425T203601Z_job28679193_task0_config_chunk_001.log,/mnt/nfs/home/juelinliu/work1/gpu-mvr/slurm/logs/cpu_search_fast_dynamic/lotte/benchmark_k100_20260425T204053Z_job28679197_task0_config_chunk_001.log",0.162725,162.727333,7.446737,0.000000,0.055717,0.025423,0.037846,0.057951,0.189571,47.241402,0.921181,
cpu_search_fast_dynamic,lotte,avg_cpu_v3_fast_vs_parallel_t32_3trial_20260425T203556Z_cpu_search_fast_dynamic_k100,b1,48,1000,120,96,5,nfs,/mnt/nfs/home/juelinliu/work1/gpu-mvr/dataset/lotte/gpu_mvr_2m,2931,100,5,9.707450,9707.449333,301.936667,0.789038,3.311667,3.281000,3.633000,3.757667,4.145667,5.297667,0.268000,openmp,32,3,"cpu_v3_fast_vs_parallel_t32_3trial_20260425T203556Z_cpu_search_fast_dynamic_k100_t1,cpu_v3_fast_vs_parallel_t32_3trial_20260425T203556Z_cpu_search_fast_dynamic_k100_t2,cpu_v3_fast_vs_parallel_t32_3trial_20260425T203556Z_cpu_search_fast_dynamic_k100_t3","/mnt/nfs/home/juelinliu/work1/gpu-mvr/slurm/logs/cpu_search_fast_dynamic/lotte/benchmark_k100_20260425T203601Z_job28679191_task0_config_chunk_001.log,/mnt/nfs/home/juelinliu/work1/gpu-mvr/slurm/logs/cpu_search_fast_dynamic/lotte/benchmark_k100_20260425T203601Z_job28679193_task0_config_chunk_001.log,/mnt/nfs/home/juelinliu/work1/gpu-mvr/slurm/logs/cpu_search_fast_dynamic/lotte/benchmark_k100_20260425T204053Z_job28679197_task0_config_chunk_001.log",0.042535,42.538800,1.321541,0.000000,0.014189,0.021000,0.024269,0.057934,0.252199,0.178889,0.035000,
cpu_search_fast_dynamic,lotte,avg_cpu_v3_fast_vs_parallel_t32_3trial_20260425T203556Z_cpu_search_fast_dynamic_k100,b2,48,1500,150,96,5,nfs,/mnt/nfs/home/juelinliu/work1/gpu-mvr/dataset/lotte/gpu_mvr_2m,2931,100,5,11.370400,11370.392667,257.949333,0.843514,3.879000,3.838000,4.241000,4.411000,5.010333,8.230000,0.355000,openmp,32,3,"cpu_v3_fast_vs_parallel_t32_3trial_20260425T203556Z_cpu_search_fast_dynamic_k100_t1,cpu_v3_fast_vs_parallel_t32_3trial_20260425T203556Z_cpu_search_fast_dynamic_k100_t2,cpu_v3_fast_vs_parallel_t32_3trial_20260425T203556Z_cpu_search_fast_dynamic_k100_t3","/mnt/nfs/home/juelinliu/work1/gpu-mvr/slurm/logs/cpu_search_fast_dynamic/lotte/benchmark_k100_20260425T203601Z_job28679191_task0_config_chunk_001.log,/mnt/nfs/home/juelinliu/work1/gpu-mvr/slurm/logs/cpu_search_fast_dynamic/lotte/benchmark_k100_20260425T203601Z_job28679193_task0_config_chunk_001.log,/mnt/nfs/home/juelinliu/work1/gpu-mvr/slurm/logs/cpu_search_fast_dynamic/lotte/benchmark_k100_20260425T204053Z_job28679197_task0_config_chunk_001.log",0.365046,365.060566,8.157650,0.000000,0.124543,0.103058,0.171310,0.265908,0.696421,1.824580,0.097709,
cpu_search_fast_dynamic,lotte,avg_cpu_v3_fast_vs_parallel_t32_3trial_20260425T203556Z_cpu_search_fast_dynamic_k100,b3,64,1200,150,96,5,nfs,/mnt/nfs/home/juelinliu/work1/gpu-mvr/dataset/lotte/gpu_mvr_2m,2931,100,5,11.741333,11741.314667,249.660000,0.854766,4.005333,3.948333,4.338000,4.471333,5.227667,69.653000,1.331000,openmp,32,3,"cpu_v3_fast_vs_parallel_t32_3trial_20260425T203556Z_cpu_search_fast_dynamic_k100_t1,cpu_v3_fast_vs_parallel_t32_3trial_20260425T203556Z_cpu_search_fast_dynamic_k100_t2,cpu_v3_fast_vs_parallel_t32_3trial_20260425T203556Z_cpu_search_fast_dynamic_k100_t3","/mnt/nfs/home/juelinliu/work1/gpu-mvr/slurm/logs/cpu_search_fast_dynamic/lotte/benchmark_k100_20260425T203601Z_job28679191_task0_config_chunk_001.log,/mnt/nfs/home/juelinliu/work1/gpu-mvr/slurm/logs/cpu_search_fast_dynamic/lotte/benchmark_k100_20260425T203601Z_job28679193_task0_config_chunk_001.log,/mnt/nfs/home/juelinliu/work1/gpu-mvr/slurm/logs/cpu_search_fast_dynamic/lotte/benchmark_k100_20260425T204053Z_job28679197_task0_config_chunk_001.log",0.154090,154.076671,3.251542,0.000000,0.052577,0.073146,0.075346,0.059366,0.667585,54.102697,0.904431,
cpu_search_fast_dynamic,lotte,avg_cpu_v3_fast_vs_parallel_t32_3trial_20260425T203556Z_cpu_search_fast_dynamic_k100,b4,64,1800,180,96,5,nfs,/mnt/nfs/home/juelinliu/work1/gpu-mvr/dataset/lotte/gpu_mvr_2m,2931,100,5,13.735867,13735.869000,213.385000,0.889454,4.686333,4.652000,5.098667,5.258000,6.022333,13.261000,0.471333,openmp,32,3,"cpu_v3_fast_vs_parallel_t32_3trial_20260425T203556Z_cpu_search_fast_dynamic_k100_t1,cpu_v3_fast_vs_parallel_t32_3trial_20260425T203556Z_cpu_search_fast_dynamic_k100_t2,cpu_v3_fast_vs_parallel_t32_3trial_20260425T203556Z_cpu_search_fast_dynamic_k100_t3","/mnt/nfs/home/juelinliu/work1/gpu-mvr/slurm/logs/cpu_search_fast_dynamic/lotte/benchmark_k100_20260425T203601Z_job28679191_task0_config_chunk_001.log,/mnt/nfs/home/juelinliu/work1/gpu-mvr/slurm/logs/cpu_search_fast_dynamic/lotte/benchmark_k100_20260425T203601Z_job28679193_task0_config_chunk_001.log,/mnt/nfs/home/juelinliu/work1/gpu-mvr/slurm/logs/cpu_search_fast_dynamic/lotte/benchmark_k100_20260425T204053Z_job28679197_task0_config_chunk_001.log",0.049994,49.979923,0.777554,0.000000,0.017214,0.023896,0.023438,0.040037,0.565672,6.604574,0.111038,
cpu_search_fast_dynamic,lotte,avg_cpu_v3_fast_vs_parallel_t32_3trial_20260425T203556Z_cpu_search_fast_dynamic_k100,c1,64,2400,240,128,5,nfs,/mnt/nfs/home/juelinliu/work1/gpu-mvr/dataset/lotte/gpu_mvr_2m,2931,100,5,16.051767,16051.761333,182.723667,0.916196,5.476000,5.440000,5.987333,6.190333,7.067667,15.919333,0.568667,openmp,32,3,"cpu_v3_fast_vs_parallel_t32_3trial_20260425T203556Z_cpu_search_fast_dynamic_k100_t1,cpu_v3_fast_vs_parallel_t32_3trial_20260425T203556Z_cpu_search_fast_dynamic_k100_t2,cpu_v3_fast_vs_parallel_t32_3trial_20260425T203556Z_cpu_search_fast_dynamic_k100_t3","/mnt/nfs/home/juelinliu/work1/gpu-mvr/slurm/logs/cpu_search_fast_dynamic/lotte/benchmark_k100_20260425T203601Z_job28679191_task0_config_chunk_001.log,/mnt/nfs/home/juelinliu/work1/gpu-mvr/slurm/logs/cpu_search_fast_dynamic/lotte/benchmark_k100_20260425T203601Z_job28679193_task0_config_chunk_001.log,/mnt/nfs/home/juelinliu/work1/gpu-mvr/slurm/logs/cpu_search_fast_dynamic/lotte/benchmark_k100_20260425T204053Z_job28679197_task0_config_chunk_001.log",0.514982,515.019979,5.911565,0.000000,0.175929,0.181794,0.227898,0.238584,0.489766,8.902113,0.127618,
cpu_search_fast_dynamic,lotte,avg_cpu_v3_fast_vs_parallel_t32_3trial_20260425T203556Z_cpu_search_fast_dynamic_k100,c2,96,1800,200,128,5,nfs,/mnt/nfs/home/juelinliu/work1/gpu-mvr/dataset/lotte/gpu_mvr_2m,2931,100,5,16.180300,16180.289000,181.166333,0.917489,5.520000,5.467667,5.995000,6.167333,7.131000,15.283667,0.531000,openmp,32,3,"cpu_v3_fast_vs_parallel_t32_3trial_20260425T203556Z_cpu_search_fast_dynamic_k100_t1,cpu_v3_fast_vs_parallel_t32_3trial_20260425T203556Z_cpu_search_fast_dynamic_k100_t2,cpu_v3_fast_vs_parallel_t32_3trial_20260425T203556Z_cpu_search_fast_dynamic_k100_t3","/mnt/nfs/home/juelinliu/work1/gpu-mvr/slurm/logs/cpu_search_fast_dynamic/lotte/benchmark_k100_20260425T203601Z_job28679191_task0_config_chunk_001.log,/mnt/nfs/home/juelinliu/work1/gpu-mvr/slurm/logs/cpu_search_fast_dynamic/lotte/benchmark_k100_20260425T203601Z_job28679193_task0_config_chunk_001.log,/mnt/nfs/home/juelinliu/work1/gpu-mvr/slurm/logs/cpu_search_fast_dynamic/lotte/benchmark_k100_20260425T204053Z_job28679197_task0_config_chunk_001.log",0.206531,206.516083,2.329227,0.000000,0.070164,0.066425,0.085750,0.081770,0.553531,5.178312,0.065108,
cpu_search_fast_dynamic,lotte,avg_cpu_v3_fast_vs_parallel_t32_3trial_20260425T203556Z_cpu_search_fast_dynamic_k100,c3,96,2400,250,128,5,nfs,/mnt/nfs/home/juelinliu/work1/gpu-mvr/dataset/lotte/gpu_mvr_2m,2931,100,5,18.426133,18426.110667,159.116000,0.936800,6.286333,6.233333,6.828000,7.040333,8.131667,14.235667,0.555667,openmp,32,3,"cpu_v3_fast_vs_parallel_t32_3trial_20260425T203556Z_cpu_search_fast_dynamic_k100_t1,cpu_v3_fast_vs_parallel_t32_3trial_20260425T203556Z_cpu_search_fast_dynamic_k100_t2,cpu_v3_fast_vs_parallel_t32_3trial_20260425T203556Z_cpu_search_fast_dynamic_k100_t3","/mnt/nfs/home/juelinliu/work1/gpu-mvr/slurm/logs/cpu_search_fast_dynamic/lotte/benchmark_k100_20260425T203601Z_job28679191_task0_config_chunk_001.log,/mnt/nfs/home/juelinliu/work1/gpu-mvr/slurm/logs/cpu_search_fast_dynamic/lotte/benchmark_k100_20260425T203601Z_job28679193_task0_config_chunk_001.log,/mnt/nfs/home/juelinliu/work1/gpu-mvr/slurm/logs/cpu_search_fast_dynamic/lotte/benchmark_k100_20260425T204053Z_job28679197_task0_config_chunk_001.log",0.391047,391.042234,3.401325,0.000000,0.133350,0.112571,0.135348,0.190637,1.118873,6.067886,0.118255,
cpu_search_fast_dynamic,lotte,avg_cpu_v3_fast_vs_parallel_t32_3trial_20260425T203556Z_cpu_search_fast_dynamic_k100,d1,128,3000,300,150,5,nfs,/mnt/nfs/home/juelinliu/work1/gpu-mvr/dataset/lotte/gpu_mvr_2m,2931,100,5,23.713067,23713.083000,123.603333,0.956093,8.090000,7.989000,8.754000,9.009333,10.465000,105.858333,2.119667,openmp,32,3,"cpu_v3_fast_vs_parallel_t32_3trial_20260425T203556Z_cpu_search_fast_dynamic_k100_t1,cpu_v3_fast_vs_parallel_t32_3trial_20260425T203556Z_cpu_search_fast_dynamic_k100_t2,cpu_v3_fast_vs_parallel_t32_3trial_20260425T203556Z_cpu_search_fast_dynamic_k100_t3","/mnt/nfs/home/juelinliu/work1/gpu-mvr/slurm/logs/cpu_search_fast_dynamic/lotte/benchmark_k100_20260425T203601Z_job28679191_task0_config_chunk_001.log,/mnt/nfs/home/juelinliu/work1/gpu-mvr/slurm/logs/cpu_search_fast_dynamic/lotte/benchmark_k100_20260425T203601Z_job28679193_task0_config_chunk_001.log,/mnt/nfs/home/juelinliu/work1/gpu-mvr/slurm/logs/cpu_search_fast_dynamic/lotte/benchmark_k100_20260425T204053Z_job28679197_task0_config_chunk_001.log",0.052379,52.348132,0.272918,0.000000,0.018028,0.028160,0.038974,0.051984,0.696690,87.981490,1.451511,
cpu_search_fast_dynamic,lotte,avg_cpu_v3_fast_vs_parallel_t32_3trial_20260425T203556Z_cpu_search_fast_dynamic_k100,e1,96,3200,320,160,5,nfs,/mnt/nfs/home/juelinliu/work1/gpu-mvr/dataset/lotte/gpu_mvr_2m,2931,100,5,21.415333,21415.324333,136.867333,0.949594,7.306333,7.245667,7.941667,8.214333,9.819667,14.726667,0.650667,openmp,32,3,"cpu_v3_fast_vs_parallel_t32_3trial_20260425T203556Z_cpu_search_fast_dynamic_k100_t1,cpu_v3_fast_vs_parallel_t32_3trial_20260425T203556Z_cpu_search_fast_dynamic_k100_t2,cpu_v3_fast_vs_parallel_t32_3trial_20260425T203556Z_cpu_search_fast_dynamic_k100_t3","/mnt/nfs/home/juelinliu/work1/gpu-mvr/slurm/logs/cpu_search_fast_dynamic/lotte/benchmark_k100_20260425T203601Z_job28679191_task0_config_chunk_001.log,/mnt/nfs/home/juelinliu/work1/gpu-mvr/slurm/logs/cpu_search_fast_dynamic/lotte/benchmark_k100_20260425T203601Z_job28679193_task0_config_chunk_001.log,/mnt/nfs/home/juelinliu/work1/gpu-mvr/slurm/logs/cpu_search_fast_dynamic/lotte/benchmark_k100_20260425T204053Z_job28679197_task0_config_chunk_001.log",0.120426,120.414328,0.770704,0.000000,0.041041,0.027592,0.066643,0.101422,0.977298,3.293251,0.114234,
cpu_search_fast_dynamic,lotte,avg_cpu_v3_fast_vs_parallel_t32_3trial_20260425T203556Z_cpu_search_fast_dynamic_k100,e2,128,2400,250,160,5,nfs,/mnt/nfs/home/juelinliu/work1/gpu-mvr/dataset/lotte/gpu_mvr_2m,2931,100,5,21.225933,21225.925000,138.096333,0.946438,7.241333,7.192000,7.864667,8.078667,9.036000,16.295333,0.622333,openmp,32,3,"cpu_v3_fast_vs_parallel_t32_3trial_20260425T203556Z_cpu_search_fast_dynamic_k100_t1,cpu_v3_fast_vs_parallel_t32_3trial_20260425T203556Z_cpu_search_fast_dynamic_k100_t2,cpu_v3_fast_vs_parallel_t32_3trial_20260425T203556Z_cpu_search_fast_dynamic_k100_t3","/mnt/nfs/home/juelinliu/work1/gpu-mvr/slurm/logs/cpu_search_fast_dynamic/lotte/benchmark_k100_20260425T203601Z_job28679191_task0_config_chunk_001.log,/mnt/nfs/home/juelinliu/work1/gpu-mvr/slurm/logs/cpu_search_fast_dynamic/lotte/benchmark_k100_20260425T203601Z_job28679193_task0_config_chunk_001.log,/mnt/nfs/home/juelinliu/work1/gpu-mvr/slurm/logs/cpu_search_fast_dynamic/lotte/benchmark_k100_20260425T204053Z_job28679197_task0_config_chunk_001.log",0.229355,229.368885,1.484381,0.000000,0.077880,0.053675,0.052786,0.070571,0.638113,9.020915,0.155886,
cpu_search_fast_dynamic,lotte,avg_cpu_v3_fast_vs_parallel_t32_3trial_20260425T203556Z_cpu_search_fast_dynamic_k100,f1,128,4000,400,192,5,nfs,/mnt/nfs/home/juelinliu/work1/gpu-mvr/dataset/lotte/gpu_mvr_2m,2931,100,5,26.796600,26796.624667,109.391333,0.964674,9.142000,9.062667,9.926333,10.220667,12.213667,27.243667,0.888667,openmp,32,3,"cpu_v3_fast_vs_parallel_t32_3trial_20260425T203556Z_cpu_search_fast_dynamic_k100_t1,cpu_v3_fast_vs_parallel_t32_3trial_20260425T203556Z_cpu_search_fast_dynamic_k100_t2,cpu_v3_fast_vs_parallel_t32_3trial_20260425T203556Z_cpu_search_fast_dynamic_k100_t3","/mnt/nfs/home/juelinliu/work1/gpu-mvr/slurm/logs/cpu_search_fast_dynamic/lotte/benchmark_k100_20260425T203601Z_job28679191_task0_config_chunk_001.log,/mnt/nfs/home/juelinliu/work1/gpu-mvr/slurm/logs/cpu_search_fast_dynamic/lotte/benchmark_k100_20260425T203601Z_job28679193_task0_config_chunk_001.log,/mnt/nfs/home/juelinliu/work1/gpu-mvr/slurm/logs/cpu_search_fast_dynamic/lotte/benchmark_k100_20260425T204053Z_job28679197_task0_config_chunk_001.log",0.346109,346.109517,1.402983,0.000000,0.118203,0.119274,0.159594,0.217215,0.164713,7.612082,0.045369,
cpu_search_fast_dynamic,lotte,avg_cpu_v3_fast_vs_parallel_t32_3trial_20260425T203556Z_cpu_search_fast_dynamic_k100,f2,160,3800,360,192,5,nfs,/mnt/nfs/home/juelinliu/work1/gpu-mvr/dataset/lotte/gpu_mvr_2m,2931,100,5,28.705400,28705.373000,102.116667,0.967390,9.793000,9.722667,10.620667,10.904667,12.318333,47.292667,1.149667,openmp,32,3,"cpu_v3_fast_vs_parallel_t32_3trial_20260425T203556Z_cpu_search_fast_dynamic_k100_t1,cpu_v3_fast_vs_parallel_t32_3trial_20260425T203556Z_cpu_search_fast_dynamic_k100_t2,cpu_v3_fast_vs_parallel_t32_3trial_20260425T203556Z_cpu_search_fast_dynamic_k100_t3","/mnt/nfs/home/juelinliu/work1/gpu-mvr/slurm/logs/cpu_search_fast_dynamic/lotte/benchmark_k100_20260425T203601Z_job28679191_task0_config_chunk_001.log,/mnt/nfs/home/juelinliu/work1/gpu-mvr/slurm/logs/cpu_search_fast_dynamic/lotte/benchmark_k100_20260425T203601Z_job28679193_task0_config_chunk_001.log,/mnt/nfs/home/juelinliu/work1/gpu-mvr/slurm/logs/cpu_search_fast_dynamic/lotte/benchmark_k100_20260425T204053Z_job28679197_task0_config_chunk_001.log",0.353080,353.103283,1.248286,0.000000,0.120715,0.123440,0.088444,0.082367,0.483957,44.295525,0.574467,
cpu_search_fast_dynamic,lotte,avg_cpu_v3_fast_vs_parallel_t32_3trial_20260425T203556Z_cpu_search_fast_dynamic_k100,g1,160,5000,500,224,5,nfs,/mnt/nfs/home/juelinliu/work1/gpu-mvr/dataset/lotte/gpu_mvr_2m,2931,100,5,32.704700,32704.669667,89.624000,0.972941,11.157333,11.079000,12.124333,12.457333,13.853000,29.265667,0.953333,openmp,32,3,"cpu_v3_fast_vs_parallel_t32_3trial_20260425T203556Z_cpu_search_fast_dynamic_k100_t1,cpu_v3_fast_vs_parallel_t32_3trial_20260425T203556Z_cpu_search_fast_dynamic_k100_t2,cpu_v3_fast_vs_parallel_t32_3trial_20260425T203556Z_cpu_search_fast_dynamic_k100_t3","/mnt/nfs/home/juelinliu/work1/gpu-mvr/slurm/logs/cpu_search_fast_dynamic/lotte/benchmark_k100_20260425T203601Z_job28679191_task0_config_chunk_001.log,/mnt/nfs/home/juelinliu/work1/gpu-mvr/slurm/logs/cpu_search_fast_dynamic/lotte/benchmark_k100_20260425T203601Z_job28679193_task0_config_chunk_001.log,/mnt/nfs/home/juelinliu/work1/gpu-mvr/slurm/logs/cpu_search_fast_dynamic/lotte/benchmark_k100_20260425T204053Z_job28679197_task0_config_chunk_001.log",0.255498,255.499893,0.697185,0.000000,0.087077,0.074539,0.103394,0.115760,0.589878,9.812855,0.058774,
cpu_search_fast_dynamic,lotte,avg_cpu_v3_fast_vs_parallel_t32_3trial_20260425T203556Z_cpu_search_fast_dynamic_k100,g2,160,6000,500,224,5,nfs,/mnt/nfs/home/juelinliu/work1/gpu-mvr/dataset/lotte/gpu_mvr_2m,2931,100,5,34.431700,34431.723333,85.127333,0.974261,11.747000,11.691667,12.804333,13.138333,14.392000,21.567333,0.905333,openmp,32,3,"cpu_v3_fast_vs_parallel_t32_3trial_20260425T203556Z_cpu_search_fast_dynamic_k100_t1,cpu_v3_fast_vs_parallel_t32_3trial_20260425T203556Z_cpu_search_fast_dynamic_k100_t2,cpu_v3_fast_vs_parallel_t32_3trial_20260425T203556Z_cpu_search_fast_dynamic_k100_t3","/mnt/nfs/home/juelinliu/work1/gpu-mvr/slurm/logs/cpu_search_fast_dynamic/lotte/benchmark_k100_20260425T203601Z_job28679191_task0_config_chunk_001.log,/mnt/nfs/home/juelinliu/work1/gpu-mvr/slurm/logs/cpu_search_fast_dynamic/lotte/benchmark_k100_20260425T203601Z_job28679193_task0_config_chunk_001.log,/mnt/nfs/home/juelinliu/work1/gpu-mvr/slurm/logs/cpu_search_fast_dynamic/lotte/benchmark_k100_20260425T204053Z_job28679197_task0_config_chunk_001.log",0.221849,221.864153,0.550645,0.000000,0.075359,0.077436,0.083608,0.116663,0.569664,2.121859,0.064841,
cpu_search_fast_dynamic,lotte,avg_cpu_v3_fast_vs_parallel_t32_3trial_20260425T203556Z_cpu_search_fast_dynamic_k100,h1,192,6500,650,256,5,nfs,/mnt/nfs/home/juelinliu/work1/gpu-mvr/dataset/lotte/gpu_mvr_2m,2931,100,5,40.722200,40722.243000,71.978667,0.977772,13.893333,13.807000,15.031000,15.417000,16.472333,101.053667,2.159000,openmp,32,3,"cpu_v3_fast_vs_parallel_t32_3trial_20260425T203556Z_cpu_search_fast_dynamic_k100_t1,cpu_v3_fast_vs_parallel_t32_3trial_20260425T203556Z_cpu_search_fast_dynamic_k100_t2,cpu_v3_fast_vs_parallel_t32_3trial_20260425T203556Z_cpu_search_fast_dynamic_k100_t3","/mnt/nfs/home/juelinliu/work1/gpu-mvr/slurm/logs/cpu_search_fast_dynamic/lotte/benchmark_k100_20260425T203601Z_job28679191_task0_config_chunk_001.log,/mnt/nfs/home/juelinliu/work1/gpu-mvr/slurm/logs/cpu_search_fast_dynamic/lotte/benchmark_k100_20260425T203601Z_job28679193_task0_config_chunk_001.log,/mnt/nfs/home/juelinliu/work1/gpu-mvr/slurm/logs/cpu_search_fast_dynamic/lotte/benchmark_k100_20260425T204053Z_job28679197_task0_config_chunk_001.log",0.339553,339.546703,0.600028,0.000000,0.116001,0.054690,0.062233,0.100015,0.300269,75.300647,1.180996,
cpu_search_fast_dynamic,lotte,avg_cpu_v3_fast_vs_parallel_t32_3trial_20260425T203556Z_cpu_search_fast_dynamic_k100,i1,224,8000,800,288,5,nfs,/mnt/nfs/home/juelinliu/work1/gpu-mvr/dataset/lotte/gpu_mvr_2m,2931,100,5,49.088833,49088.818667,59.714000,0.980092,16.747667,16.661667,18.181667,18.665667,19.957667,100.895667,2.338667,openmp,32,3,"cpu_v3_fast_vs_parallel_t32_3trial_20260425T203556Z_cpu_search_fast_dynamic_k100_t1,cpu_v3_fast_vs_parallel_t32_3trial_20260425T203556Z_cpu_search_fast_dynamic_k100_t2,cpu_v3_fast_vs_parallel_t32_3trial_20260425T203556Z_cpu_search_fast_dynamic_k100_t3","/mnt/nfs/home/juelinliu/work1/gpu-mvr/slurm/logs/cpu_search_fast_dynamic/lotte/benchmark_k100_20260425T203601Z_job28679191_task0_config_chunk_001.log,/mnt/nfs/home/juelinliu/work1/gpu-mvr/slurm/logs/cpu_search_fast_dynamic/lotte/benchmark_k100_20260425T203601Z_job28679193_task0_config_chunk_001.log,/mnt/nfs/home/juelinliu/work1/gpu-mvr/slurm/logs/cpu_search_fast_dynamic/lotte/benchmark_k100_20260425T204053Z_job28679197_task0_config_chunk_001.log",0.587553,587.560852,0.711290,0.000000,0.200543,0.227531,0.229666,0.259354,0.492242,130.879962,1.967032,
cpu_search_fast_dynamic,lotte,avg_cpu_v3_fast_vs_parallel_t32_3trial_20260425T203556Z_cpu_search_fast_dynamic_k100,j1,256,10000,1000,320,5,nfs,/mnt/nfs/home/juelinliu/work1/gpu-mvr/dataset/lotte/gpu_mvr_2m,2931,100,5,58.703767,58703.786667,49.930667,0.981658,20.028000,19.888667,21.806333,22.391333,23.983667,121.969333,2.865000,openmp,32,3,"cpu_v3_fast_vs_parallel_t32_3trial_20260425T203556Z_cpu_search_fast_dynamic_k100_t1,cpu_v3_fast_vs_parallel_t32_3trial_20260425T203556Z_cpu_search_fast_dynamic_k100_t2,cpu_v3_fast_vs_parallel_t32_3trial_20260425T203556Z_cpu_search_fast_dynamic_k100_t3","/mnt/nfs/home/juelinliu/work1/gpu-mvr/slurm/logs/cpu_search_fast_dynamic/lotte/benchmark_k100_20260425T203601Z_job28679191_task0_config_chunk_001.log,/mnt/nfs/home/juelinliu/work1/gpu-mvr/slurm/logs/cpu_search_fast_dynamic/lotte/benchmark_k100_20260425T203601Z_job28679193_task0_config_chunk_001.log,/mnt/nfs/home/juelinliu/work1/gpu-mvr/slurm/logs/cpu_search_fast_dynamic/lotte/benchmark_k100_20260425T204053Z_job28679197_task0_config_chunk_001.log",0.457899,457.871543,0.388652,0.000000,0.156195,0.146729,0.169477,0.228494,0.408686,79.045045,1.256836,
cpu_search_fast_dynamic,lotte,avg_cpu_v3_fast_vs_parallel_t32_3trial_20260425T203556Z_cpu_search_fast_dynamic_k100,k1,384,28000,1800,448,5,nfs,/mnt/nfs/home/juelinliu/work1/gpu-mvr/dataset/lotte/gpu_mvr_2m,2931,100,5,116.525667,116525.235667,25.153667,0.983695,39.755333,39.287667,43.926333,45.332333,48.864000,192.132667,4.863333,openmp,32,3,"cpu_v3_fast_vs_parallel_t32_3trial_20260425T203556Z_cpu_search_fast_dynamic_k100_t1,cpu_v3_fast_vs_parallel_t32_3trial_20260425T203556Z_cpu_search_fast_dynamic_k100_t2,cpu_v3_fast_vs_parallel_t32_3trial_20260425T203556Z_cpu_search_fast_dynamic_k100_t3","/mnt/nfs/home/juelinliu/work1/gpu-mvr/slurm/logs/cpu_search_fast_dynamic/lotte/benchmark_k100_20260425T203601Z_job28679191_task0_config_chunk_001.log,/mnt/nfs/home/juelinliu/work1/gpu-mvr/slurm/logs/cpu_search_fast_dynamic/lotte/benchmark_k100_20260425T203601Z_job28679193_task0_config_chunk_001.log,/mnt/nfs/home/juelinliu/work1/gpu-mvr/slurm/logs/cpu_search_fast_dynamic/lotte/benchmark_k100_20260425T204053Z_job28679197_task0_config_chunk_001.log",0.569131,569.169836,0.122920,0.000000,0.194058,0.201966,0.342252,0.308801,0.226874,51.133971,0.785501,
cpu_search_fast_dynamic,lotte,avg_cpu_v3_fast_vs_parallel_t32_3trial_20260425T203556Z_cpu_search_fast_dynamic_k100,l1,448,28000,2200,512,5,nfs,/mnt/nfs/home/juelinliu/work1/gpu-mvr/dataset/lotte/gpu_mvr_2m,2931,100,5,153.129667,153129.638000,19.164667,0.983797,52.244333,50.272667,66.653667,69.145667,73.112333,396.711667,14.965333,openmp,32,3,"cpu_v3_fast_vs_parallel_t32_3trial_20260425T203556Z_cpu_search_fast_dynamic_k100_t1,cpu_v3_fast_vs_parallel_t32_3trial_20260425T203556Z_cpu_search_fast_dynamic_k100_t2,cpu_v3_fast_vs_parallel_t32_3trial_20260425T203556Z_cpu_search_fast_dynamic_k100_t3","/mnt/nfs/home/juelinliu/work1/gpu-mvr/slurm/logs/cpu_search_fast_dynamic/lotte/benchmark_k100_20260425T203601Z_job28679191_task0_config_chunk_001.log,/mnt/nfs/home/juelinliu/work1/gpu-mvr/slurm/logs/cpu_search_fast_dynamic/lotte/benchmark_k100_20260425T203601Z_job28679193_task0_config_chunk_001.log,/mnt/nfs/home/juelinliu/work1/gpu-mvr/slurm/logs/cpu_search_fast_dynamic/lotte/benchmark_k100_20260425T204053Z_job28679197_task0_config_chunk_001.log",6.721761,6721.621113,0.826061,0.000000,2.293217,6.583063,0.569005,0.238739,0.351327,44.139211,0.115993,
cpu_search_fast_dynamic,msmarco,avg_cpu_v3_fast_vs_parallel_t32_3trial_20260425T203556Z_cpu_search_fast_dynamic_k10,a1,16,800,100,64,5,nfs,/mnt/nfs/home/juelinliu/work1/gpu-mvr/dataset/msmarco/gpu_mvr_2m,6980,10,5,19.153867,19153.857667,367.006667,0.951132,2.744000,2.683667,3.031667,3.268333,4.308333,7.203000,0.364667,openmp,32,3,"cpu_v3_fast_vs_parallel_t32_3trial_20260425T203556Z_cpu_search_fast_dynamic_k10_t1,cpu_v3_fast_vs_parallel_t32_3trial_20260425T203556Z_cpu_search_fast_dynamic_k10_t2,cpu_v3_fast_vs_parallel_t32_3trial_20260425T203556Z_cpu_search_fast_dynamic_k10_t3","/mnt/nfs/home/juelinliu/work1/gpu-mvr/slurm/logs/cpu_search_fast_dynamic/msmarco/benchmark_k10_20260425T203558Z_job28679161_task2_config_chunk_001.log,/mnt/nfs/home/juelinliu/work1/gpu-mvr/slurm/logs/cpu_search_fast_dynamic/msmarco/benchmark_k10_20260425T203558Z_job28679163_task2_config_chunk_001.log,/mnt/nfs/home/juelinliu/work1/gpu-mvr/slurm/logs/cpu_search_fast_dynamic/msmarco/benchmark_k10_20260425T203558Z_job28679165_task2_config_chunk_001.log",1.920759,1920.755549,38.746298,0.000000,0.275158,0.276301,0.273942,0.330976,0.291646,1.328293,0.064516,
cpu_search_fast_dynamic,msmarco,avg_cpu_v3_fast_vs_parallel_t32_3trial_20260425T203556Z_cpu_search_fast_dynamic_k10,a2,24,1000,120,64,5,nfs,/mnt/nfs/home/juelinliu/work1/gpu-mvr/dataset/msmarco/gpu_mvr_2m,6980,10,5,21.945200,21945.236000,319.361000,0.962894,3.143333,3.080333,3.457000,3.582333,4.654667,97.605333,1.348000,openmp,32,3,"cpu_v3_fast_vs_parallel_t32_3trial_20260425T203556Z_cpu_search_fast_dynamic_k10_t1,cpu_v3_fast_vs_parallel_t32_3trial_20260425T203556Z_cpu_search_fast_dynamic_k10_t2,cpu_v3_fast_vs_parallel_t32_3trial_20260425T203556Z_cpu_search_fast_dynamic_k10_t3","/mnt/nfs/home/juelinliu/work1/gpu-mvr/slurm/logs/cpu_search_fast_dynamic/msmarco/benchmark_k10_20260425T203558Z_job28679161_task2_config_chunk_001.log,/mnt/nfs/home/juelinliu/work1/gpu-mvr/slurm/logs/cpu_search_fast_dynamic/msmarco/benchmark_k10_20260425T203558Z_job28679163_task2_config_chunk_001.log,/mnt/nfs/home/juelinliu/work1/gpu-mvr/slurm/logs/cpu_search_fast_dynamic/msmarco/benchmark_k10_20260425T203558Z_job28679165_task2_config_chunk_001.log",1.680719,1680.718066,25.403374,0.000000,0.240783,0.244304,0.266321,0.270873,0.424436,147.204765,1.647500,
cpu_search_fast_dynamic,msmarco,avg_cpu_v3_fast_vs_parallel_t32_3trial_20260425T203556Z_cpu_search_fast_dynamic_k10,a3,24,1200,150,64,5,nfs,/mnt/nfs/home/juelinliu/work1/gpu-mvr/dataset/msmarco/gpu_mvr_2m,6980,10,5,22.239700,22239.701333,314.047667,0.964499,3.185667,3.132667,3.523333,3.676333,4.929000,13.393000,0.421667,openmp,32,3,"cpu_v3_fast_vs_parallel_t32_3trial_20260425T203556Z_cpu_search_fast_dynamic_k10_t1,cpu_v3_fast_vs_parallel_t32_3trial_20260425T203556Z_cpu_search_fast_dynamic_k10_t2,cpu_v3_fast_vs_parallel_t32_3trial_20260425T203556Z_cpu_search_fast_dynamic_k10_t3","/mnt/nfs/home/juelinliu/work1/gpu-mvr/slurm/logs/cpu_search_fast_dynamic/msmarco/benchmark_k10_20260425T203558Z_job28679161_task2_config_chunk_001.log,/mnt/nfs/home/juelinliu/work1/gpu-mvr/slurm/logs/cpu_search_fast_dynamic/msmarco/benchmark_k10_20260425T203558Z_job28679163_task2_config_chunk_001.log,/mnt/nfs/home/juelinliu/work1/gpu-mvr/slurm/logs/cpu_search_fast_dynamic/msmarco/benchmark_k10_20260425T203558Z_job28679165_task2_config_chunk_001.log",0.675937,675.947262,9.596385,0.000000,0.096914,0.093943,0.128629,0.146200,0.479954,7.372839,0.079940,
cpu_search_fast_dynamic,msmarco,avg_cpu_v3_fast_vs_parallel_t32_3trial_20260425T203556Z_cpu_search_fast_dynamic_k10,a4,32,800,100,64,5,nfs,/mnt/nfs/home/juelinliu/work1/gpu-mvr/dataset/msmarco/gpu_mvr_2m,6980,10,5,21.345000,21344.981000,327.029000,0.966533,3.057333,3.005000,3.410333,3.543000,4.335667,61.158667,0.854333,openmp,32,3,"cpu_v3_fast_vs_parallel_t32_3trial_20260425T203556Z_cpu_search_fast_dynamic_k10_t1,cpu_v3_fast_vs_parallel_t32_3trial_20260425T203556Z_cpu_search_fast_dynamic_k10_t2,cpu_v3_fast_vs_parallel_t32_3trial_20260425T203556Z_cpu_search_fast_dynamic_k10_t3","/mnt/nfs/home/juelinliu/work1/gpu-mvr/slurm/logs/cpu_search_fast_dynamic/msmarco/benchmark_k10_20260425T203558Z_job28679161_task2_config_chunk_001.log,/mnt/nfs/home/juelinliu/work1/gpu-mvr/slurm/logs/cpu_search_fast_dynamic/msmarco/benchmark_k10_20260425T203558Z_job28679163_task2_config_chunk_001.log,/mnt/nfs/home/juelinliu/work1/gpu-mvr/slurm/logs/cpu_search_fast_dynamic/msmarco/benchmark_k10_20260425T203558Z_job28679165_task2_config_chunk_001.log",0.203410,203.402255,3.129094,0.000000,0.028989,0.033151,0.034990,0.037041,0.078341,37.572443,0.325208,
cpu_search_fast_dynamic,msmarco,avg_cpu_v3_fast_vs_parallel_t32_3trial_20260425T203556Z_cpu_search_fast_dynamic_k10,b1,48,1000,120,96,5,nfs,/mnt/nfs/home/juelinliu/work1/gpu-mvr/dataset/msmarco/gpu_mvr_2m,6980,10,5,27.960633,27960.637333,249.648333,0.974284,4.005333,3.944333,4.484667,4.664000,5.500333,42.267667,0.747667,openmp,32,3,"cpu_v3_fast_vs_parallel_t32_3trial_20260425T203556Z_cpu_search_fast_dynamic_k10_t1,cpu_v3_fast_vs_parallel_t32_3trial_20260425T203556Z_cpu_search_fast_dynamic_k10_t2,cpu_v3_fast_vs_parallel_t32_3trial_20260425T203556Z_cpu_search_fast_dynamic_k10_t3","/mnt/nfs/home/juelinliu/work1/gpu-mvr/slurm/logs/cpu_search_fast_dynamic/msmarco/benchmark_k10_20260425T203558Z_job28679161_task2_config_chunk_001.log,/mnt/nfs/home/juelinliu/work1/gpu-mvr/slurm/logs/cpu_search_fast_dynamic/msmarco/benchmark_k10_20260425T203558Z_job28679163_task2_config_chunk_001.log,/mnt/nfs/home/juelinliu/work1/gpu-mvr/slurm/logs/cpu_search_fast_dynamic/msmarco/benchmark_k10_20260425T203558Z_job28679165_task2_config_chunk_001.log",0.231585,231.593393,2.077776,0.000000,0.033232,0.046199,0.033546,0.029103,0.220783,44.261579,0.405199,
cpu_search_fast_dynamic,msmarco,avg_cpu_v3_fast_vs_parallel_t32_3trial_20260425T203556Z_cpu_search_fast_dynamic_k10,b2,48,1500,150,96,5,nfs,/mnt/nfs/home/juelinliu/work1/gpu-mvr/dataset/msmarco/gpu_mvr_2m,6980,10,5,30.542567,30542.579000,228.534333,0.976304,4.375333,4.322000,4.883000,5.073333,6.172000,22.048333,0.554000,openmp,32,3,"cpu_v3_fast_vs_parallel_t32_3trial_20260425T203556Z_cpu_search_fast_dynamic_k10_t1,cpu_v3_fast_vs_parallel_t32_3trial_20260425T203556Z_cpu_search_fast_dynamic_k10_t2,cpu_v3_fast_vs_parallel_t32_3trial_20260425T203556Z_cpu_search_fast_dynamic_k10_t3","/mnt/nfs/home/juelinliu/work1/gpu-mvr/slurm/logs/cpu_search_fast_dynamic/msmarco/benchmark_k10_20260425T203558Z_job28679161_task2_config_chunk_001.log,/mnt/nfs/home/juelinliu/work1/gpu-mvr/slurm/logs/cpu_search_fast_dynamic/msmarco/benchmark_k10_20260425T203558Z_job28679163_task2_config_chunk_001.log,/mnt/nfs/home/juelinliu/work1/gpu-mvr/slurm/logs/cpu_search_fast_dynamic/msmarco/benchmark_k10_20260425T203558Z_job28679165_task2_config_chunk_001.log",0.072432,72.458335,0.541158,0.000000,0.010116,0.015716,0.041328,0.046972,0.560741,9.284443,0.120254,
cpu_search_fast_dynamic,msmarco,avg_cpu_v3_fast_vs_parallel_t32_3trial_20260425T203556Z_cpu_search_fast_dynamic_k10,b3,64,1200,150,96,5,nfs,/mnt/nfs/home/juelinliu/work1/gpu-mvr/dataset/msmarco/gpu_mvr_2m,6980,10,5,94.213600,94213.695333,144.669667,0.977421,13.497000,16.864000,23.871000,25.624667,29.682333,157.357667,9.367333,openmp,32,3,"cpu_v3_fast_vs_parallel_t32_3trial_20260425T203556Z_cpu_search_fast_dynamic_k10_t1,cpu_v3_fast_vs_parallel_t32_3trial_20260425T203556Z_cpu_search_fast_dynamic_k10_t2,cpu_v3_fast_vs_parallel_t32_3trial_20260425T203556Z_cpu_search_fast_dynamic_k10_t3","/mnt/nfs/home/juelinliu/work1/gpu-mvr/slurm/logs/cpu_search_fast_dynamic/msmarco/benchmark_k10_20260425T203558Z_job28679161_task2_config_chunk_001.log,/mnt/nfs/home/juelinliu/work1/gpu-mvr/slurm/logs/cpu_search_fast_dynamic/msmarco/benchmark_k10_20260425T203558Z_job28679163_task2_config_chunk_001.log,/mnt/nfs/home/juelinliu/work1/gpu-mvr/slurm/logs/cpu_search_fast_dynamic/msmarco/benchmark_k10_20260425T203558Z_job28679165_task2_config_chunk_001.log",102.920699,102920.829742,96.921458,0.000000,14.744971,20.657328,31.644581,34.291435,40.322721,247.435042,15.250478,
cpu_search_fast_dynamic,msmarco,avg_cpu_v3_fast_vs_parallel_t32_3trial_20260425T203556Z_cpu_search_fast_dynamic_k10,b4,64,1800,180,96,5,nfs,/mnt/nfs/home/juelinliu/work1/gpu-mvr/dataset/msmarco/gpu_mvr_2m,6980,10,5,154.779067,154778.985000,128.954000,0.978840,22.173333,21.736667,26.286667,27.712667,30.877667,229.999000,5.043000,openmp,32,3,"cpu_v3_fast_vs_parallel_t32_3trial_20260425T203556Z_cpu_search_fast_dynamic_k10_t1,cpu_v3_fast_vs_parallel_t32_3trial_20260425T203556Z_cpu_search_fast_dynamic_k10_t2,cpu_v3_fast_vs_parallel_t32_3trial_20260425T203556Z_cpu_search_fast_dynamic_k10_t3","/mnt/nfs/home/juelinliu/work1/gpu-mvr/slurm/logs/cpu_search_fast_dynamic/msmarco/benchmark_k10_20260425T203558Z_job28679161_task2_config_chunk_001.log,/mnt/nfs/home/juelinliu/work1/gpu-mvr/slurm/logs/cpu_search_fast_dynamic/msmarco/benchmark_k10_20260425T203558Z_job28679163_task2_config_chunk_001.log,/mnt/nfs/home/juelinliu/work1/gpu-mvr/slurm/logs/cpu_search_fast_dynamic/msmarco/benchmark_k10_20260425T203558Z_job28679165_task2_config_chunk_001.log",202.539137,202538.972864,96.128701,0.000000,29.015907,28.361758,35.005908,37.140658,41.625889,257.523509,6.536743,
cpu_search_fast_dynamic,msmarco,avg_cpu_v3_fast_vs_parallel_t32_3trial_20260425T203556Z_cpu_search_fast_dynamic_k10,c1,64,2400,240,128,5,nfs,/mnt/nfs/home/juelinliu/work1/gpu-mvr/dataset/msmarco/gpu_mvr_2m,6980,10,5,162.280633,162280.649000,118.213667,0.979656,23.248000,22.871000,27.255333,28.677667,31.809000,211.211667,4.166333,openmp,32,3,"cpu_v3_fast_vs_parallel_t32_3trial_20260425T203556Z_cpu_search_fast_dynamic_k10_t1,cpu_v3_fast_vs_parallel_t32_3trial_20260425T203556Z_cpu_search_fast_dynamic_k10_t2,cpu_v3_fast_vs_parallel_t32_3trial_20260425T203556Z_cpu_search_fast_dynamic_k10_t3","/mnt/nfs/home/juelinliu/work1/gpu-mvr/slurm/logs/cpu_search_fast_dynamic/msmarco/benchmark_k10_20260425T203558Z_job28679161_task2_config_chunk_001.log,/mnt/nfs/home/juelinliu/work1/gpu-mvr/slurm/logs/cpu_search_fast_dynamic/msmarco/benchmark_k10_20260425T203558Z_job28679163_task2_config_chunk_001.log,/mnt/nfs/home/juelinliu/work1/gpu-mvr/slurm/logs/cpu_search_fast_dynamic/msmarco/benchmark_k10_20260425T203558Z_job28679165_task2_config_chunk_001.log",209.407010,209407.033266,87.417043,0.000000,29.999989,29.423215,35.755329,37.856020,42.173741,338.566912,6.181401,
cpu_search_fast_dynamic,msmarco,avg_cpu_v3_fast_vs_parallel_t32_3trial_20260425T203556Z_cpu_search_fast_dynamic_k10,c2,96,1800,200,128,5,nfs,/mnt/nfs/home/juelinliu/work1/gpu-mvr/dataset/msmarco/gpu_mvr_2m,6980,10,5,214.793200,214793.346333,99.679000,0.980774,30.771333,29.959667,35.808667,37.605333,41.609000,341.651333,9.788000,openmp,32,3,"cpu_v3_fast_vs_parallel_t32_3trial_20260425T203556Z_cpu_search_fast_dynamic_k10_t1,cpu_v3_fast_vs_parallel_t32_3trial_20260425T203556Z_cpu_search_fast_dynamic_k10_t2,cpu_v3_fast_vs_parallel_t32_3trial_20260425T203556Z_cpu_search_fast_dynamic_k10_t3","/mnt/nfs/home/juelinliu/work1/gpu-mvr/slurm/logs/cpu_search_fast_dynamic/msmarco/benchmark_k10_20260425T203558Z_job28679161_task2_config_chunk_001.log,/mnt/nfs/home/juelinliu/work1/gpu-mvr/slurm/logs/cpu_search_fast_dynamic/msmarco/benchmark_k10_20260425T203558Z_job28679163_task2_config_chunk_001.log,/mnt/nfs/home/juelinliu/work1/gpu-mvr/slurm/logs/cpu_search_fast_dynamic/msmarco/benchmark_k10_20260425T203558Z_job28679165_task2_config_chunk_001.log",287.569626,287569.894432,75.270662,0.000000,41.197406,39.970848,48.428436,51.021601,56.881451,319.217628,11.994039,
cpu_search_fast_dynamic,msmarco,avg_cpu_v3_fast_vs_parallel_t32_3trial_20260425T203556Z_cpu_search_fast_dynamic_k10,c3,96,2400,250,128,5,nfs,/mnt/nfs/home/juelinliu/work1/gpu-mvr/dataset/msmarco/gpu_mvr_2m,6980,10,5,220.215200,220215.256667,93.444000,0.981318,31.548333,31.070333,36.746000,38.602333,42.469333,168.950333,4.421333,openmp,32,3,"cpu_v3_fast_vs_parallel_t32_3trial_20260425T203556Z_cpu_search_fast_dynamic_k10_t1,cpu_v3_fast_vs_parallel_t32_3trial_20260425T203556Z_cpu_search_fast_dynamic_k10_t2,cpu_v3_fast_vs_parallel_t32_3trial_20260425T203556Z_cpu_search_fast_dynamic_k10_t3","/mnt/nfs/home/juelinliu/work1/gpu-mvr/slurm/logs/cpu_search_fast_dynamic/msmarco/benchmark_k10_20260425T203558Z_job28679161_task2_config_chunk_001.log,/mnt/nfs/home/juelinliu/work1/gpu-mvr/slurm/logs/cpu_search_fast_dynamic/msmarco/benchmark_k10_20260425T203558Z_job28679163_task2_config_chunk_001.log,/mnt/nfs/home/juelinliu/work1/gpu-mvr/slurm/logs/cpu_search_fast_dynamic/msmarco/benchmark_k10_20260425T203558Z_job28679165_task2_config_chunk_001.log",291.123313,291123.465199,70.071184,0.000000,41.706684,40.965385,49.148710,51.857350,57.317608,258.634792,6.349618,
cpu_search_fast_dynamic,msmarco,avg_cpu_v3_fast_vs_parallel_t32_3trial_20260425T203556Z_cpu_search_fast_dynamic_k10,d1,128,3000,300,150,5,nfs,/mnt/nfs/home/juelinliu/work1/gpu-mvr/dataset/msmarco/gpu_mvr_2m,6980,10,5,291.091233,291091.090333,72.178333,0.981805,41.702000,40.780333,47.910667,50.156333,55.948333,525.343333,11.657333,openmp,32,3,"cpu_v3_fast_vs_parallel_t32_3trial_20260425T203556Z_cpu_search_fast_dynamic_k10_t1,cpu_v3_fast_vs_parallel_t32_3trial_20260425T203556Z_cpu_search_fast_dynamic_k10_t2,cpu_v3_fast_vs_parallel_t32_3trial_20260425T203556Z_cpu_search_fast_dynamic_k10_t3","/mnt/nfs/home/juelinliu/work1/gpu-mvr/slurm/logs/cpu_search_fast_dynamic/msmarco/benchmark_k10_20260425T203558Z_job28679161_task2_config_chunk_001.log,/mnt/nfs/home/juelinliu/work1/gpu-mvr/slurm/logs/cpu_search_fast_dynamic/msmarco/benchmark_k10_20260425T203558Z_job28679163_task2_config_chunk_001.log,/mnt/nfs/home/juelinliu/work1/gpu-mvr/slurm/logs/cpu_search_fast_dynamic/msmarco/benchmark_k10_20260425T203558Z_job28679165_task2_config_chunk_001.log",387.381192,387380.931047,54.358170,0.000000,55.496952,54.116975,64.188676,67.356041,75.774200,427.937786,13.674988,
cpu_search_fast_dynamic,msmarco,avg_cpu_v3_fast_vs_parallel_t32_3trial_20260425T203556Z_cpu_search_fast_dynamic_k10,e1,96,3200,320,160,5,nfs,/mnt/nfs/home/juelinliu/work1/gpu-mvr/dataset/msmarco/gpu_mvr_2m,6980,10,5,233.629233,233629.303667,86.052667,0.981547,33.470000,33.091333,38.572667,40.377333,44.082000,65.326667,3.917333,openmp,32,3,"cpu_v3_fast_vs_parallel_t32_3trial_20260425T203556Z_cpu_search_fast_dynamic_k10_t1,cpu_v3_fast_vs_parallel_t32_3trial_20260425T203556Z_cpu_search_fast_dynamic_k10_t2,cpu_v3_fast_vs_parallel_t32_3trial_20260425T203556Z_cpu_search_fast_dynamic_k10_t3","/mnt/nfs/home/juelinliu/work1/gpu-mvr/slurm/logs/cpu_search_fast_dynamic/msmarco/benchmark_k10_20260425T203558Z_job28679161_task2_config_chunk_001.log,/mnt/nfs/home/juelinliu/work1/gpu-mvr/slurm/logs/cpu_search_fast_dynamic/msmarco/benchmark_k10_20260425T203558Z_job28679163_task2_config_chunk_001.log,/mnt/nfs/home/juelinliu/work1/gpu-mvr/slurm/logs/cpu_search_fast_dynamic/msmarco/benchmark_k10_20260425T203558Z_job28679165_task2_config_chunk_001.log",306.463614,306463.772924,64.252731,0.000000,43.904140,43.322752,51.068201,53.637981,58.877656,76.328941,5.425363,
cpu_search_fast_dynamic,msmarco,avg_cpu_v3_fast_vs_parallel_t32_3trial_20260425T203556Z_cpu_search_fast_dynamic_k10,e2,128,2400,250,160,5,nfs,/mnt/nfs/home/juelinliu/work1/gpu-mvr/dataset/msmarco/gpu_mvr_2m,6980,10,5,277.990167,277990.004000,76.577333,0.981519,39.825000,39.379667,46.087000,48.220000,52.496000,69.909000,4.740667,openmp,32,3,"cpu_v3_fast_vs_parallel_t32_3trial_20260425T203556Z_cpu_search_fast_dynamic_k10_t1,cpu_v3_fast_vs_parallel_t32_3trial_20260425T203556Z_cpu_search_fast_dynamic_k10_t2,cpu_v3_fast_vs_parallel_t32_3trial_20260425T203556Z_cpu_search_fast_dynamic_k10_t3","/mnt/nfs/home/juelinliu/work1/gpu-mvr/slurm/logs/cpu_search_fast_dynamic/msmarco/benchmark_k10_20260425T203558Z_job28679161_task2_config_chunk_001.log,/mnt/nfs/home/juelinliu/work1/gpu-mvr/slurm/logs/cpu_search_fast_dynamic/msmarco/benchmark_k10_20260425T203558Z_job28679163_task2_config_chunk_001.log,/mnt/nfs/home/juelinliu/work1/gpu-mvr/slurm/logs/cpu_search_fast_dynamic/msmarco/benchmark_k10_20260425T203558Z_job28679165_task2_config_chunk_001.log",371.511970,371511.706839,57.771632,0.000000,53.223353,52.519569,61.989244,65.028121,71.029678,96.915403,6.616724,
cpu_search_fast_dynamic,msmarco,avg_cpu_v3_fast_vs_parallel_t32_3trial_20260425T203556Z_cpu_search_fast_dynamic_k10,f1,128,4000,400,192,5,nfs,/mnt/nfs/home/juelinliu/work1/gpu-mvr/dataset/msmarco/gpu_mvr_2m,6980,10,5,296.738400,296738.364667,66.836000,0.981963,42.511000,42.019333,48.784333,50.926667,55.085333,165.449000,4.975333,openmp,32,3,"cpu_v3_fast_vs_parallel_t32_3trial_20260425T203556Z_cpu_search_fast_dynamic_k10_t1,cpu_v3_fast_vs_parallel_t32_3trial_20260425T203556Z_cpu_search_fast_dynamic_k10_t2,cpu_v3_fast_vs_parallel_t32_3trial_20260425T203556Z_cpu_search_fast_dynamic_k10_t3","/mnt/nfs/home/juelinliu/work1/gpu-mvr/slurm/logs/cpu_search_fast_dynamic/msmarco/benchmark_k10_20260425T203558Z_job28679161_task2_config_chunk_001.log,/mnt/nfs/home/juelinliu/work1/gpu-mvr/slurm/logs/cpu_search_fast_dynamic/msmarco/benchmark_k10_20260425T203558Z_job28679163_task2_config_chunk_001.log,/mnt/nfs/home/juelinliu/work1/gpu-mvr/slurm/logs/cpu_search_fast_dynamic/msmarco/benchmark_k10_20260425T203558Z_job28679165_task2_config_chunk_001.log",387.448645,387448.519270,49.764802,0.000000,55.506235,54.717862,64.198209,67.281857,72.954595,240.436526,6.844948,
cpu_search_fast_dynamic,msmarco,avg_cpu_v3_fast_vs_parallel_t32_3trial_20260425T203556Z_cpu_search_fast_dynamic_k10,f2,160,3800,360,192,5,nfs,/mnt/nfs/home/juelinliu/work1/gpu-mvr/dataset/msmarco/gpu_mvr_2m,6980,10,5,350.836333,350836.456667,57.836000,0.982206,50.261333,49.276667,57.119333,59.762000,65.240333,402.575667,12.593333,openmp,32,3,"cpu_v3_fast_vs_parallel_t32_3trial_20260425T203556Z_cpu_search_fast_dynamic_k10_t1,cpu_v3_fast_vs_parallel_t32_3trial_20260425T203556Z_cpu_search_fast_dynamic_k10_t2,cpu_v3_fast_vs_parallel_t32_3trial_20260425T203556Z_cpu_search_fast_dynamic_k10_t3","/mnt/nfs/home/juelinliu/work1/gpu-mvr/slurm/logs/cpu_search_fast_dynamic/msmarco/benchmark_k10_20260425T203558Z_job28679161_task2_config_chunk_001.log,/mnt/nfs/home/juelinliu/work1/gpu-mvr/slurm/logs/cpu_search_fast_dynamic/msmarco/benchmark_k10_20260425T203558Z_job28679163_task2_config_chunk_001.log,/mnt/nfs/home/juelinliu/work1/gpu-mvr/slurm/logs/cpu_search_fast_dynamic/msmarco/benchmark_k10_20260425T203558Z_job28679165_task2_config_chunk_001.log",461.661549,461661.771839,43.249979,0.000000,66.138959,64.623979,75.272044,78.855943,86.306962,421.450384,17.051018,
cpu_search_fast_dynamic,msmarco,avg_cpu_v3_fast_vs_parallel_t32_3trial_20260425T203556Z_cpu_search_fast_dynamic_k10,g1,160,5000,500,224,5,nfs,/mnt/nfs/home/juelinliu/work1/gpu-mvr/dataset/msmarco/gpu_mvr_2m,6980,10,5,368.017233,368017.134000,52.492667,0.982350,52.723000,52.073667,60.025667,62.687333,67.908000,489.822333,9.336333,openmp,32,3,"cpu_v3_fast_vs_parallel_t32_3trial_20260425T203556Z_cpu_search_fast_dynamic_k10_t1,cpu_v3_fast_vs_parallel_t32_3trial_20260425T203556Z_cpu_search_fast_dynamic_k10_t2,cpu_v3_fast_vs_parallel_t32_3trial_20260425T203556Z_cpu_search_fast_dynamic_k10_t3","/mnt/nfs/home/juelinliu/work1/gpu-mvr/slurm/logs/cpu_search_fast_dynamic/msmarco/benchmark_k10_20260425T203558Z_job28679161_task2_config_chunk_001.log,/mnt/nfs/home/juelinliu/work1/gpu-mvr/slurm/logs/cpu_search_fast_dynamic/msmarco/benchmark_k10_20260425T203558Z_job28679163_task2_config_chunk_001.log,/mnt/nfs/home/juelinliu/work1/gpu-mvr/slurm/logs/cpu_search_fast_dynamic/msmarco/benchmark_k10_20260425T203558Z_job28679165_task2_config_chunk_001.log",476.087893,476087.712686,38.874222,0.000000,68.205585,67.303478,78.078565,81.616614,88.743487,298.850546,9.214326,
cpu_search_fast_dynamic,msmarco,avg_cpu_v3_fast_vs_parallel_t32_3trial_20260425T203556Z_cpu_search_fast_dynamic_k10,g2,160,6000,500,224,5,nfs,/mnt/nfs/home/juelinliu/work1/gpu-mvr/dataset/msmarco/gpu_mvr_2m,6980,10,5,377.987800,377987.652333,51.235667,0.982378,54.151333,53.570000,61.593333,64.246333,69.683333,272.193667,6.559667,openmp,32,3,"cpu_v3_fast_vs_parallel_t32_3trial_20260425T203556Z_cpu_search_fast_dynamic_k10_t1,cpu_v3_fast_vs_parallel_t32_3trial_20260425T203556Z_cpu_search_fast_dynamic_k10_t2,cpu_v3_fast_vs_parallel_t32_3trial_20260425T203556Z_cpu_search_fast_dynamic_k10_t3","/mnt/nfs/home/juelinliu/work1/gpu-mvr/slurm/logs/cpu_search_fast_dynamic/msmarco/benchmark_k10_20260425T203558Z_job28679161_task2_config_chunk_001.log,/mnt/nfs/home/juelinliu/work1/gpu-mvr/slurm/logs/cpu_search_fast_dynamic/msmarco/benchmark_k10_20260425T203558Z_job28679163_task2_config_chunk_001.log,/mnt/nfs/home/juelinliu/work1/gpu-mvr/slurm/logs/cpu_search_fast_dynamic/msmarco/benchmark_k10_20260425T203558Z_job28679165_task2_config_chunk_001.log",489.426749,489426.504429,37.962791,0.000000,70.116608,69.222295,79.967638,83.518341,90.967886,420.024006,9.006140,
cpu_search_fast_dynamic,msmarco,avg_cpu_v3_fast_vs_parallel_t32_3trial_20260425T203556Z_cpu_search_fast_dynamic_k10,h1,192,6500,650,256,5,nfs,/mnt/nfs/home/juelinliu/work1/gpu-mvr/dataset/msmarco/gpu_mvr_2m,6980,10,5,445.862333,445863.470333,42.401667,0.982636,63.875667,62.748333,72.343333,75.868667,83.466000,404.726000,13.271000,openmp,32,3,"cpu_v3_fast_vs_parallel_t32_3trial_20260425T203556Z_cpu_search_fast_dynamic_k10_t1,cpu_v3_fast_vs_parallel_t32_3trial_20260425T203556Z_cpu_search_fast_dynamic_k10_t2,cpu_v3_fast_vs_parallel_t32_3trial_20260425T203556Z_cpu_search_fast_dynamic_k10_t3","/mnt/nfs/home/juelinliu/work1/gpu-mvr/slurm/logs/cpu_search_fast_dynamic/msmarco/benchmark_k10_20260425T203558Z_job28679161_task2_config_chunk_001.log,/mnt/nfs/home/juelinliu/work1/gpu-mvr/slurm/logs/cpu_search_fast_dynamic/msmarco/benchmark_k10_20260425T203558Z_job28679163_task2_config_chunk_001.log,/mnt/nfs/home/juelinliu/work1/gpu-mvr/slurm/logs/cpu_search_fast_dynamic/msmarco/benchmark_k10_20260425T203558Z_job28679165_task2_config_chunk_001.log",572.258919,572260.139636,31.258962,0.000000,81.983451,80.273338,92.726857,97.470687,108.218559,514.835829,18.581783,
cpu_search_fast_dynamic,msmarco,avg_cpu_v3_fast_vs_parallel_t32_3trial_20260425T203556Z_cpu_search_fast_dynamic_k10,i1,224,8000,800,288,5,nfs,/mnt/nfs/home/juelinliu/work1/gpu-mvr/dataset/msmarco/gpu_mvr_2m,6980,10,5,522.741333,522741.077667,35.245000,0.982722,74.889667,73.663000,85.203333,88.802333,97.047667,417.974000,13.412667,openmp,32,3,"cpu_v3_fast_vs_parallel_t32_3trial_20260425T203556Z_cpu_search_fast_dynamic_k10_t1,cpu_v3_fast_vs_parallel_t32_3trial_20260425T203556Z_cpu_search_fast_dynamic_k10_t2,cpu_v3_fast_vs_parallel_t32_3trial_20260425T203556Z_cpu_search_fast_dynamic_k10_t3","/mnt/nfs/home/juelinliu/work1/gpu-mvr/slurm/logs/cpu_search_fast_dynamic/msmarco/benchmark_k10_20260425T203558Z_job28679161_task2_config_chunk_001.log,/mnt/nfs/home/juelinliu/work1/gpu-mvr/slurm/logs/cpu_search_fast_dynamic/msmarco/benchmark_k10_20260425T203558Z_job28679163_task2_config_chunk_001.log,/mnt/nfs/home/juelinliu/work1/gpu-mvr/slurm/logs/cpu_search_fast_dynamic/msmarco/benchmark_k10_20260425T203558Z_job28679165_task2_config_chunk_001.log",664.388356,664387.925481,25.839680,0.000000,95.182658,93.361946,108.085095,112.494985,123.457892,523.751856,18.668702,
cpu_search_fast_dynamic,msmarco,avg_cpu_v3_fast_vs_parallel_t32_3trial_20260425T203556Z_cpu_search_fast_dynamic_k10,j1,256,10000,1000,320,5,nfs,/mnt/nfs/home/juelinliu/work1/gpu-mvr/dataset/msmarco/gpu_mvr_2m,6980,10,5,605.979667,605978.328333,29.777667,0.982822,86.814333,85.447333,98.667000,102.942333,112.516333,487.816333,15.683000,openmp,32,3,"cpu_v3_fast_vs_parallel_t32_3trial_20260425T203556Z_cpu_search_fast_dynamic_k10_t1,cpu_v3_fast_vs_parallel_t32_3trial_20260425T203556Z_cpu_search_fast_dynamic_k10_t2,cpu_v3_fast_vs_parallel_t32_3trial_20260425T203556Z_cpu_search_fast_dynamic_k10_t3","/mnt/nfs/home/juelinliu/work1/gpu-mvr/slurm/logs/cpu_search_fast_dynamic/msmarco/benchmark_k10_20260425T203558Z_job28679161_task2_config_chunk_001.log,/mnt/nfs/home/juelinliu/work1/gpu-mvr/slurm/logs/cpu_search_fast_dynamic/msmarco/benchmark_k10_20260425T203558Z_job28679163_task2_config_chunk_001.log,/mnt/nfs/home/juelinliu/work1/gpu-mvr/slurm/logs/cpu_search_fast_dynamic/msmarco/benchmark_k10_20260425T203558Z_job28679165_task2_config_chunk_001.log",763.913063,763910.212270,21.726677,0.000000,109.440269,107.407696,124.060816,128.992558,141.272001,481.818560,20.923762,
cpu_search_fast_dynamic,msmarco,avg_cpu_v3_fast_vs_parallel_t32_3trial_20260425T203556Z_cpu_search_fast_dynamic_k10,k1,384,28000,1800,448,5,nfs,/mnt/nfs/home/juelinliu/work1/gpu-mvr/dataset/msmarco/gpu_mvr_2m,6980,10,5,1138.161667,1138161.525000,15.083667,0.982908,163.057667,160.355000,186.514333,195.446000,224.598000,750.917667,27.554667,openmp,32,3,"cpu_v3_fast_vs_parallel_t32_3trial_20260425T203556Z_cpu_search_fast_dynamic_k10_t1,cpu_v3_fast_vs_parallel_t32_3trial_20260425T203556Z_cpu_search_fast_dynamic_k10_t2,cpu_v3_fast_vs_parallel_t32_3trial_20260425T203556Z_cpu_search_fast_dynamic_k10_t3","/mnt/nfs/home/juelinliu/work1/gpu-mvr/slurm/logs/cpu_search_fast_dynamic/msmarco/benchmark_k10_20260425T203558Z_job28679161_task2_config_chunk_001.log,/mnt/nfs/home/juelinliu/work1/gpu-mvr/slurm/logs/cpu_search_fast_dynamic/msmarco/benchmark_k10_20260425T203558Z_job28679163_task2_config_chunk_001.log,/mnt/nfs/home/juelinliu/work1/gpu-mvr/slurm/logs/cpu_search_fast_dynamic/msmarco/benchmark_k10_20260425T203558Z_job28679165_task2_config_chunk_001.log",1405.369200,1405368.827153,10.874596,0.000000,201.339349,198.074959,229.017763,239.075243,278.821342,593.613496,34.644002,
cpu_search_fast_dynamic,msmarco,avg_cpu_v3_fast_vs_parallel_t32_3trial_20260425T203556Z_cpu_search_fast_dynamic_k10,l1,448,28000,2200,512,5,nfs,/mnt/nfs/home/juelinliu/work1/gpu-mvr/dataset/msmarco/gpu_mvr_2m,6980,10,5,1407.454667,1407455.851333,12.200333,0.982908,201.638000,197.953667,240.423333,255.660000,303.328333,698.596000,35.044000,openmp,32,3,"cpu_v3_fast_vs_parallel_t32_3trial_20260425T203556Z_cpu_search_fast_dynamic_k10_t1,cpu_v3_fast_vs_parallel_t32_3trial_20260425T203556Z_cpu_search_fast_dynamic_k10_t2,cpu_v3_fast_vs_parallel_t32_3trial_20260425T203556Z_cpu_search_fast_dynamic_k10_t3","/mnt/nfs/home/juelinliu/work1/gpu-mvr/slurm/logs/cpu_search_fast_dynamic/msmarco/benchmark_k10_20260425T203558Z_job28679161_task2_config_chunk_001.log,/mnt/nfs/home/juelinliu/work1/gpu-mvr/slurm/logs/cpu_search_fast_dynamic/msmarco/benchmark_k10_20260425T203558Z_job28679163_task2_config_chunk_001.log,/mnt/nfs/home/juelinliu/work1/gpu-mvr/slurm/logs/cpu_search_fast_dynamic/msmarco/benchmark_k10_20260425T203558Z_job28679165_task2_config_chunk_001.log",1737.953681,1737955.938381,8.798985,0.000000,248.987098,244.498159,298.103679,317.577240,388.109646,646.143923,45.827734,
cpu_search_fast_dynamic,msmarco,avg_cpu_v3_fast_vs_parallel_t32_3trial_20260425T203556Z_cpu_search_fast_dynamic_k100,a1,16,800,100,64,5,nfs,/mnt/nfs/home/juelinliu/work1/gpu-mvr/dataset/msmarco/gpu_mvr_2m,6980,100,5,19.344067,19344.079333,361.191667,0.743798,2.770667,2.724333,3.046333,3.205333,4.194667,20.000667,0.447333,openmp,32,3,"cpu_v3_fast_vs_parallel_t32_3trial_20260425T203556Z_cpu_search_fast_dynamic_k100_t1,cpu_v3_fast_vs_parallel_t32_3trial_20260425T203556Z_cpu_search_fast_dynamic_k100_t2,cpu_v3_fast_vs_parallel_t32_3trial_20260425T203556Z_cpu_search_fast_dynamic_k100_t3","/mnt/nfs/home/juelinliu/work1/gpu-mvr/slurm/logs/cpu_search_fast_dynamic/msmarco/benchmark_k100_20260425T203601Z_job28679173_task2_config_chunk_001.log,/mnt/nfs/home/juelinliu/work1/gpu-mvr/slurm/logs/cpu_search_fast_dynamic/msmarco/benchmark_k100_20260425T204039Z_job28679175_task2_config_chunk_001.log,/mnt/nfs/home/juelinliu/work1/gpu-mvr/slurm/logs/cpu_search_fast_dynamic/msmarco/benchmark_k100_20260425T204314Z_job28679177_task2_config_chunk_001.log",0.738218,738.253701,14.064004,0.000000,0.105718,0.108546,0.087615,0.119224,0.491427,19.773440,0.082779,
cpu_search_fast_dynamic,msmarco,avg_cpu_v3_fast_vs_parallel_t32_3trial_20260425T203556Z_cpu_search_fast_dynamic_k100,a2,24,1000,120,64,5,nfs,/mnt/nfs/home/juelinliu/work1/gpu-mvr/dataset/msmarco/gpu_mvr_2m,6980,100,5,22.596733,22596.760333,309.277333,0.814708,3.237000,3.186667,3.588000,3.753667,4.547000,36.113667,0.618000,openmp,32,3,"cpu_v3_fast_vs_parallel_t32_3trial_20260425T203556Z_cpu_search_fast_dynamic_k100_t1,cpu_v3_fast_vs_parallel_t32_3trial_20260425T203556Z_cpu_search_fast_dynamic_k100_t2,cpu_v3_fast_vs_parallel_t32_3trial_20260425T203556Z_cpu_search_fast_dynamic_k100_t3","/mnt/nfs/home/juelinliu/work1/gpu-mvr/slurm/logs/cpu_search_fast_dynamic/msmarco/benchmark_k100_20260425T203601Z_job28679173_task2_config_chunk_001.log,/mnt/nfs/home/juelinliu/work1/gpu-mvr/slurm/logs/cpu_search_fast_dynamic/msmarco/benchmark_k100_20260425T204039Z_job28679175_task2_config_chunk_001.log,/mnt/nfs/home/juelinliu/work1/gpu-mvr/slurm/logs/cpu_search_fast_dynamic/msmarco/benchmark_k100_20260425T204314Z_job28679177_task2_config_chunk_001.log",0.986520,986.533523,13.174535,0.000000,0.141361,0.150164,0.203251,0.203608,0.290248,47.662448,0.411627,
cpu_search_fast_dynamic,msmarco,avg_cpu_v3_fast_vs_parallel_t32_3trial_20260425T203556Z_cpu_search_fast_dynamic_k100,a3,24,1200,150,64,5,nfs,/mnt/nfs/home/juelinliu/work1/gpu-mvr/dataset/msmarco/gpu_mvr_2m,6980,100,5,22.774467,22774.456667,306.794000,0.852059,3.262333,3.209667,3.607000,3.750000,4.988000,51.900667,0.822333,openmp,32,3,"cpu_v3_fast_vs_parallel_t32_3trial_20260425T203556Z_cpu_search_fast_dynamic_k100_t1,cpu_v3_fast_vs_parallel_t32_3trial_20260425T203556Z_cpu_search_fast_dynamic_k100_t2,cpu_v3_fast_vs_parallel_t32_3trial_20260425T203556Z_cpu_search_fast_dynamic_k100_t3","/mnt/nfs/home/juelinliu/work1/gpu-mvr/slurm/logs/cpu_search_fast_dynamic/msmarco/benchmark_k100_20260425T203601Z_job28679173_task2_config_chunk_001.log,/mnt/nfs/home/juelinliu/work1/gpu-mvr/slurm/logs/cpu_search_fast_dynamic/msmarco/benchmark_k100_20260425T204039Z_job28679175_task2_config_chunk_001.log,/mnt/nfs/home/juelinliu/work1/gpu-mvr/slurm/logs/cpu_search_fast_dynamic/msmarco/benchmark_k100_20260425T204314Z_job28679177_task2_config_chunk_001.log",0.896947,896.982185,11.821860,0.000000,0.128235,0.154436,0.190568,0.213888,0.780335,61.656955,0.629222,
cpu_search_fast_dynamic,msmarco,avg_cpu_v3_fast_vs_parallel_t32_3trial_20260425T203556Z_cpu_search_fast_dynamic_k100,a4,32,800,100,64,5,nfs,/mnt/nfs/home/juelinliu/work1/gpu-mvr/dataset/msmarco/gpu_mvr_2m,6980,100,5,22.038467,22038.493333,316.724333,0.772986,3.157000,3.074333,3.472000,3.623667,4.778000,164.107000,2.299333,openmp,32,3,"cpu_v3_fast_vs_parallel_t32_3trial_20260425T203556Z_cpu_search_fast_dynamic_k100_t1,cpu_v3_fast_vs_parallel_t32_3trial_20260425T203556Z_cpu_search_fast_dynamic_k100_t2,cpu_v3_fast_vs_parallel_t32_3trial_20260425T203556Z_cpu_search_fast_dynamic_k100_t3","/mnt/nfs/home/juelinliu/work1/gpu-mvr/slurm/logs/cpu_search_fast_dynamic/msmarco/benchmark_k100_20260425T203601Z_job28679173_task2_config_chunk_001.log,/mnt/nfs/home/juelinliu/work1/gpu-mvr/slurm/logs/cpu_search_fast_dynamic/msmarco/benchmark_k100_20260425T204039Z_job28679175_task2_config_chunk_001.log,/mnt/nfs/home/juelinliu/work1/gpu-mvr/slurm/logs/cpu_search_fast_dynamic/msmarco/benchmark_k100_20260425T204314Z_job28679177_task2_config_chunk_001.log",0.115804,115.821897,1.659812,0.000000,0.016462,0.048789,0.046033,0.041489,0.769710,120.977255,1.935458,
cpu_search_fast_dynamic,msmarco,avg_cpu_v3_fast_vs_parallel_t32_3trial_20260425T203556Z_cpu_search_fast_dynamic_k100,b1,48,1000,120,96,5,nfs,/mnt/nfs/home/juelinliu/work1/gpu-mvr/dataset/msmarco/gpu_mvr_2m,6980,100,5,28.524767,28524.767667,244.762333,0.843815,4.086000,4.027333,4.573333,4.753333,5.266000,99.685667,1.356667,openmp,32,3,"cpu_v3_fast_vs_parallel_t32_3trial_20260425T203556Z_cpu_search_fast_dynamic_k100_t1,cpu_v3_fast_vs_parallel_t32_3trial_20260425T203556Z_cpu_search_fast_dynamic_k100_t2,cpu_v3_fast_vs_parallel_t32_3trial_20260425T203556Z_cpu_search_fast_dynamic_k100_t3","/mnt/nfs/home/juelinliu/work1/gpu-mvr/slurm/logs/cpu_search_fast_dynamic/msmarco/benchmark_k100_20260425T203601Z_job28679173_task2_config_chunk_001.log,/mnt/nfs/home/juelinliu/work1/gpu-mvr/slurm/logs/cpu_search_fast_dynamic/msmarco/benchmark_k100_20260425T204039Z_job28679175_task2_config_chunk_001.log,/mnt/nfs/home/juelinliu/work1/gpu-mvr/slurm/logs/cpu_search_fast_dynamic/msmarco/benchmark_k100_20260425T204314Z_job28679177_task2_config_chunk_001.log",0.560625,560.610481,4.790685,0.000000,0.080672,0.076068,0.095918,0.087157,0.116550,110.596727,1.196196,
cpu_search_fast_dynamic,msmarco,avg_cpu_v3_fast_vs_parallel_t32_3trial_20260425T203556Z_cpu_search_fast_dynamic_k100,b2,48,1500,150,96,5,nfs,/mnt/nfs/home/juelinliu/work1/gpu-mvr/dataset/msmarco/gpu_mvr_2m,6980,100,5,31.263000,31262.970667,223.268000,0.891504,4.478333,4.438667,4.959667,5.136000,6.345000,17.674667,0.554000,openmp,32,3,"cpu_v3_fast_vs_parallel_t32_3trial_20260425T203556Z_cpu_search_fast_dynamic_k100_t1,cpu_v3_fast_vs_parallel_t32_3trial_20260425T203556Z_cpu_search_fast_dynamic_k100_t2,cpu_v3_fast_vs_parallel_t32_3trial_20260425T203556Z_cpu_search_fast_dynamic_k100_t3","/mnt/nfs/home/juelinliu/work1/gpu-mvr/slurm/logs/cpu_search_fast_dynamic/msmarco/benchmark_k100_20260425T203601Z_job28679173_task2_config_chunk_001.log,/mnt/nfs/home/juelinliu/work1/gpu-mvr/slurm/logs/cpu_search_fast_dynamic/msmarco/benchmark_k100_20260425T204039Z_job28679175_task2_config_chunk_001.log,/mnt/nfs/home/juelinliu/work1/gpu-mvr/slurm/logs/cpu_search_fast_dynamic/msmarco/benchmark_k100_20260425T204314Z_job28679177_task2_config_chunk_001.log",0.060985,61.006016,0.436261,0.000000,0.008622,0.018502,0.014572,0.004583,0.657555,8.378415,0.019053,
cpu_search_fast_dynamic,msmarco,avg_cpu_v3_fast_vs_parallel_t32_3trial_20260425T203556Z_cpu_search_fast_dynamic_k100,b3,64,1200,150,96,5,nfs,/mnt/nfs/home/juelinliu/work1/gpu-mvr/dataset/msmarco/gpu_mvr_2m,6980,100,5,34.647833,34647.846000,201.486000,0.894683,4.963333,4.895667,5.531333,5.745000,6.264333,183.113667,2.268667,openmp,32,3,"cpu_v3_fast_vs_parallel_t32_3trial_20260425T203556Z_cpu_search_fast_dynamic_k100_t1,cpu_v3_fast_vs_parallel_t32_3trial_20260425T203556Z_cpu_search_fast_dynamic_k100_t2,cpu_v3_fast_vs_parallel_t32_3trial_20260425T203556Z_cpu_search_fast_dynamic_k100_t3","/mnt/nfs/home/juelinliu/work1/gpu-mvr/slurm/logs/cpu_search_fast_dynamic/msmarco/benchmark_k100_20260425T203601Z_job28679173_task2_config_chunk_001.log,/mnt/nfs/home/juelinliu/work1/gpu-mvr/slurm/logs/cpu_search_fast_dynamic/msmarco/benchmark_k100_20260425T204039Z_job28679175_task2_config_chunk_001.log,/mnt/nfs/home/juelinliu/work1/gpu-mvr/slurm/logs/cpu_search_fast_dynamic/msmarco/benchmark_k100_20260425T204314Z_job28679177_task2_config_chunk_001.log",0.520155,520.163240,3.044925,0.000000,0.074380,0.052548,0.107039,0.114582,0.159594,148.756373,1.627951,
cpu_search_fast_dynamic,msmarco,avg_cpu_v3_fast_vs_parallel_t32_3trial_20260425T203556Z_cpu_search_fast_dynamic_k100,b4,64,1800,180,96,5,nfs,/mnt/nfs/home/juelinliu/work1/gpu-mvr/dataset/msmarco/gpu_mvr_2m,6980,100,5,38.458767,38458.769333,181.574667,0.921818,5.509333,5.473000,6.158667,6.376333,7.010333,37.011667,0.726667,openmp,32,3,"cpu_v3_fast_vs_parallel_t32_3trial_20260425T203556Z_cpu_search_fast_dynamic_k100_t1,cpu_v3_fast_vs_parallel_t32_3trial_20260425T203556Z_cpu_search_fast_dynamic_k100_t2,cpu_v3_fast_vs_parallel_t32_3trial_20260425T203556Z_cpu_search_fast_dynamic_k100_t3","/mnt/nfs/home/juelinliu/work1/gpu-mvr/slurm/logs/cpu_search_fast_dynamic/msmarco/benchmark_k100_20260425T203601Z_job28679173_task2_config_chunk_001.log,/mnt/nfs/home/juelinliu/work1/gpu-mvr/slurm/logs/cpu_search_fast_dynamic/msmarco/benchmark_k100_20260425T204039Z_job28679175_task2_config_chunk_001.log,/mnt/nfs/home/juelinliu/work1/gpu-mvr/slurm/logs/cpu_search_fast_dynamic/msmarco/benchmark_k100_20260425T204314Z_job28679177_task2_config_chunk_001.log",1.003490,1003.506004,4.697425,0.000000,0.143612,0.154544,0.176978,0.158140,0.190568,31.827760,0.209393,
cpu_search_fast_dynamic,msmarco,avg_cpu_v3_fast_vs_parallel_t32_3trial_20260425T203556Z_cpu_search_fast_dynamic_k100,c1,64,2400,240,128,5,nfs,/mnt/nfs/home/juelinliu/work1/gpu-mvr/dataset/msmarco/gpu_mvr_2m,6980,100,5,41.625433,41625.442667,167.693000,0.941812,5.963000,5.926000,6.646000,6.860667,7.451333,18.959000,0.627333,openmp,32,3,"cpu_v3_fast_vs_parallel_t32_3trial_20260425T203556Z_cpu_search_fast_dynamic_k100_t1,cpu_v3_fast_vs_parallel_t32_3trial_20260425T203556Z_cpu_search_fast_dynamic_k100_t2,cpu_v3_fast_vs_parallel_t32_3trial_20260425T203556Z_cpu_search_fast_dynamic_k100_t3","/mnt/nfs/home/juelinliu/work1/gpu-mvr/slurm/logs/cpu_search_fast_dynamic/msmarco/benchmark_k100_20260425T203601Z_job28679173_task2_config_chunk_001.log,/mnt/nfs/home/juelinliu/work1/gpu-mvr/slurm/logs/cpu_search_fast_dynamic/msmarco/benchmark_k100_20260425T204039Z_job28679175_task2_config_chunk_001.log,/mnt/nfs/home/juelinliu/work1/gpu-mvr/slurm/logs/cpu_search_fast_dynamic/msmarco/benchmark_k100_20260425T204314Z_job28679177_task2_config_chunk_001.log",0.333641,333.639718,1.341725,0.000000,0.047508,0.045574,0.050269,0.050213,0.115001,8.628142,0.054794,
cpu_search_fast_dynamic,msmarco,avg_cpu_v3_fast_vs_parallel_t32_3trial_20260425T203556Z_cpu_search_fast_dynamic_k100,c2,96,1800,200,128,5,nfs,/mnt/nfs/home/juelinliu/work1/gpu-mvr/dataset/msmarco/gpu_mvr_2m,6980,100,5,50.319900,50319.914333,138.804667,0.938450,7.208667,7.127333,8.053000,8.334667,8.972667,237.754667,3.243667,openmp,32,3,"cpu_v3_fast_vs_parallel_t32_3trial_20260425T203556Z_cpu_search_fast_dynamic_k100_t1,cpu_v3_fast_vs_parallel_t32_3trial_20260425T203556Z_cpu_search_fast_dynamic_k100_t2,cpu_v3_fast_vs_parallel_t32_3trial_20260425T203556Z_cpu_search_fast_dynamic_k100_t3","/mnt/nfs/home/juelinliu/work1/gpu-mvr/slurm/logs/cpu_search_fast_dynamic/msmarco/benchmark_k100_20260425T203601Z_job28679173_task2_config_chunk_001.log,/mnt/nfs/home/juelinliu/work1/gpu-mvr/slurm/logs/cpu_search_fast_dynamic/msmarco/benchmark_k100_20260425T204039Z_job28679175_task2_config_chunk_001.log,/mnt/nfs/home/juelinliu/work1/gpu-mvr/slurm/logs/cpu_search_fast_dynamic/msmarco/benchmark_k100_20260425T204314Z_job28679177_task2_config_chunk_001.log",1.597866,1597.853275,4.356342,0.000000,0.228819,0.260623,0.220416,0.205887,0.206117,72.734926,0.774642,
cpu_search_fast_dynamic,msmarco,avg_cpu_v3_fast_vs_parallel_t32_3trial_20260425T203556Z_cpu_search_fast_dynamic_k100,c3,96,2400,250,128,5,nfs,/mnt/nfs/home/juelinliu/work1/gpu-mvr/dataset/msmarco/gpu_mvr_2m,6980,100,5,52.668867,52668.861333,132.665000,0.952789,7.545000,7.496333,8.382667,8.679000,9.314667,43.448667,0.898000,openmp,32,3,"cpu_v3_fast_vs_parallel_t32_3trial_20260425T203556Z_cpu_search_fast_dynamic_k100_t1,cpu_v3_fast_vs_parallel_t32_3trial_20260425T203556Z_cpu_search_fast_dynamic_k100_t2,cpu_v3_fast_vs_parallel_t32_3trial_20260425T203556Z_cpu_search_fast_dynamic_k100_t3","/mnt/nfs/home/juelinliu/work1/gpu-mvr/slurm/logs/cpu_search_fast_dynamic/msmarco/benchmark_k100_20260425T203601Z_job28679173_task2_config_chunk_001.log,/mnt/nfs/home/juelinliu/work1/gpu-mvr/slurm/logs/cpu_search_fast_dynamic/msmarco/benchmark_k100_20260425T204039Z_job28679175_task2_config_chunk_001.log,/mnt/nfs/home/juelinliu/work1/gpu-mvr/slurm/logs/cpu_search_fast_dynamic/msmarco/benchmark_k100_20260425T204314Z_job28679177_task2_config_chunk_001.log",2.107244,2107.288852,5.204658,0.000000,0.301478,0.314002,0.327842,0.304206,0.290586,54.743275,0.388000,
cpu_search_fast_dynamic,msmarco,avg_cpu_v3_fast_vs_parallel_t32_3trial_20260425T203556Z_cpu_search_fast_dynamic_k100,d1,128,3000,300,150,5,nfs,/mnt/nfs/home/juelinliu/work1/gpu-mvr/dataset/msmarco/gpu_mvr_2m,6980,100,5,67.952833,67952.839000,102.790333,0.964979,9.735000,9.654333,10.970667,11.380333,12.286333,79.992333,1.404333,openmp,32,3,"cpu_v3_fast_vs_parallel_t32_3trial_20260425T203556Z_cpu_search_fast_dynamic_k100_t1,cpu_v3_fast_vs_parallel_t32_3trial_20260425T203556Z_cpu_search_fast_dynamic_k100_t2,cpu_v3_fast_vs_parallel_t32_3trial_20260425T203556Z_cpu_search_fast_dynamic_k100_t3","/mnt/nfs/home/juelinliu/work1/gpu-mvr/slurm/logs/cpu_search_fast_dynamic/msmarco/benchmark_k100_20260425T203601Z_job28679173_task2_config_chunk_001.log,/mnt/nfs/home/juelinliu/work1/gpu-mvr/slurm/logs/cpu_search_fast_dynamic/msmarco/benchmark_k100_20260425T204039Z_job28679175_task2_config_chunk_001.log,/mnt/nfs/home/juelinliu/work1/gpu-mvr/slurm/logs/cpu_search_fast_dynamic/msmarco/benchmark_k100_20260425T204314Z_job28679177_task2_config_chunk_001.log",2.221262,2221.283425,3.299138,0.000000,0.318369,0.337023,0.297443,0.286098,0.264417,70.135431,0.568271,
cpu_search_fast_dynamic,msmarco,avg_cpu_v3_fast_vs_parallel_t32_3trial_20260425T203556Z_cpu_search_fast_dynamic_k100,e1,96,3200,320,160,5,nfs,/mnt/nfs/home/juelinliu/work1/gpu-mvr/dataset/msmarco/gpu_mvr_2m,6980,100,5,57.483333,57483.335333,121.798000,0.962281,8.234667,8.193333,9.132333,9.437000,10.110667,12.889667,0.729000,openmp,32,3,"cpu_v3_fast_vs_parallel_t32_3trial_20260425T203556Z_cpu_search_fast_dynamic_k100_t1,cpu_v3_fast_vs_parallel_t32_3trial_20260425T203556Z_cpu_search_fast_dynamic_k100_t2,cpu_v3_fast_vs_parallel_t32_3trial_20260425T203556Z_cpu_search_fast_dynamic_k100_t3","/mnt/nfs/home/juelinliu/work1/gpu-mvr/slurm/logs/cpu_search_fast_dynamic/msmarco/benchmark_k100_20260425T203601Z_job28679173_task2_config_chunk_001.log,/mnt/nfs/home/juelinliu/work1/gpu-mvr/slurm/logs/cpu_search_fast_dynamic/msmarco/benchmark_k100_20260425T204039Z_job28679175_task2_config_chunk_001.log,/mnt/nfs/home/juelinliu/work1/gpu-mvr/slurm/logs/cpu_search_fast_dynamic/msmarco/benchmark_k100_20260425T204314Z_job28679177_task2_config_chunk_001.log",3.953830,3953.816663,8.112674,0.000000,0.566569,0.584827,0.583830,0.581608,0.577044,1.694062,0.003464,
cpu_search_fast_dynamic,msmarco,avg_cpu_v3_fast_vs_parallel_t32_3trial_20260425T203556Z_cpu_search_fast_dynamic_k100,e2,128,2400,250,160,5,nfs,/mnt/nfs/home/juelinliu/work1/gpu-mvr/dataset/msmarco/gpu_mvr_2m,6980,100,5,64.534100,64534.098333,108.219667,0.957722,9.245000,9.181667,10.426333,10.834000,11.694333,19.525333,0.945667,openmp,32,3,"cpu_v3_fast_vs_parallel_t32_3trial_20260425T203556Z_cpu_search_fast_dynamic_k100_t1,cpu_v3_fast_vs_parallel_t32_3trial_20260425T203556Z_cpu_search_fast_dynamic_k100_t2,cpu_v3_fast_vs_parallel_t32_3trial_20260425T203556Z_cpu_search_fast_dynamic_k100_t3","/mnt/nfs/home/juelinliu/work1/gpu-mvr/slurm/logs/cpu_search_fast_dynamic/msmarco/benchmark_k100_20260425T203601Z_job28679173_task2_config_chunk_001.log,/mnt/nfs/home/juelinliu/work1/gpu-mvr/slurm/logs/cpu_search_fast_dynamic/msmarco/benchmark_k100_20260425T204039Z_job28679175_task2_config_chunk_001.log,/mnt/nfs/home/juelinliu/work1/gpu-mvr/slurm/logs/cpu_search_fast_dynamic/msmarco/benchmark_k100_20260425T204314Z_job28679177_task2_config_chunk_001.log",1.846884,1846.851301,3.137551,0.000000,0.264958,0.255226,0.267567,0.306795,0.405000,9.150978,0.048056,
cpu_search_fast_dynamic,msmarco,avg_cpu_v3_fast_vs_parallel_t32_3trial_20260425T203556Z_cpu_search_fast_dynamic_k100,f1,128,4000,400,192,5,nfs,/mnt/nfs/home/juelinliu/work1/gpu-mvr/dataset/msmarco/gpu_mvr_2m,6980,100,5,74.637300,74637.326333,93.567667,0.971630,10.692333,10.639667,11.987667,12.401333,13.208667,22.395000,1.030000,openmp,32,3,"cpu_v3_fast_vs_parallel_t32_3trial_20260425T203556Z_cpu_search_fast_dynamic_k100_t1,cpu_v3_fast_vs_parallel_t32_3trial_20260425T203556Z_cpu_search_fast_dynamic_k100_t2,cpu_v3_fast_vs_parallel_t32_3trial_20260425T203556Z_cpu_search_fast_dynamic_k100_t3","/mnt/nfs/home/juelinliu/work1/gpu-mvr/slurm/logs/cpu_search_fast_dynamic/msmarco/benchmark_k100_20260425T203601Z_job28679173_task2_config_chunk_001.log,/mnt/nfs/home/juelinliu/work1/gpu-mvr/slurm/logs/cpu_search_fast_dynamic/msmarco/benchmark_k100_20260425T204039Z_job28679175_task2_config_chunk_001.log,/mnt/nfs/home/juelinliu/work1/gpu-mvr/slurm/logs/cpu_search_fast_dynamic/msmarco/benchmark_k100_20260425T204314Z_job28679177_task2_config_chunk_001.log",2.073195,2073.224010,2.638323,0.000000,0.297113,0.314656,0.272913,0.262710,0.314192,8.332650,0.022271,
cpu_search_fast_dynamic,msmarco,avg_cpu_v3_fast_vs_parallel_t32_3trial_20260425T203556Z_cpu_search_fast_dynamic_k100,f2,160,3800,360,192,5,nfs,/mnt/nfs/home/juelinliu/work1/gpu-mvr/dataset/msmarco/gpu_mvr_2m,6980,100,5,83.882533,83882.512333,83.253000,0.972636,12.016667,11.863667,13.616000,14.213333,15.327667,122.557333,2.507000,openmp,32,3,"cpu_v3_fast_vs_parallel_t32_3trial_20260425T203556Z_cpu_search_fast_dynamic_k100_t1,cpu_v3_fast_vs_parallel_t32_3trial_20260425T203556Z_cpu_search_fast_dynamic_k100_t2,cpu_v3_fast_vs_parallel_t32_3trial_20260425T203556Z_cpu_search_fast_dynamic_k100_t3","/mnt/nfs/home/juelinliu/work1/gpu-mvr/slurm/logs/cpu_search_fast_dynamic/msmarco/benchmark_k100_20260425T203601Z_job28679173_task2_config_chunk_001.log,/mnt/nfs/home/juelinliu/work1/gpu-mvr/slurm/logs/cpu_search_fast_dynamic/msmarco/benchmark_k100_20260425T204039Z_job28679175_task2_config_chunk_001.log,/mnt/nfs/home/juelinliu/work1/gpu-mvr/slurm/logs/cpu_search_fast_dynamic/msmarco/benchmark_k100_20260425T204314Z_job28679177_task2_config_chunk_001.log",2.284787,2284.795245,2.277624,0.000000,0.327276,0.287820,0.348523,0.305974,0.379487,100.096025,1.641503,
cpu_search_fast_dynamic,msmarco,avg_cpu_v3_fast_vs_parallel_t32_3trial_20260425T203556Z_cpu_search_fast_dynamic_k100,g1,160,5000,500,224,5,nfs,/mnt/nfs/home/juelinliu/work1/gpu-mvr/dataset/msmarco/gpu_mvr_2m,6980,100,5,92.407700,92407.720333,75.543333,0.977126,13.238000,13.139000,14.952000,15.557000,16.790333,95.636000,1.864333,openmp,32,3,"cpu_v3_fast_vs_parallel_t32_3trial_20260425T203556Z_cpu_search_fast_dynamic_k100_t1,cpu_v3_fast_vs_parallel_t32_3trial_20260425T203556Z_cpu_search_fast_dynamic_k100_t2,cpu_v3_fast_vs_parallel_t32_3trial_20260425T203556Z_cpu_search_fast_dynamic_k100_t3","/mnt/nfs/home/juelinliu/work1/gpu-mvr/slurm/logs/cpu_search_fast_dynamic/msmarco/benchmark_k100_20260425T203601Z_job28679173_task2_config_chunk_001.log,/mnt/nfs/home/juelinliu/work1/gpu-mvr/slurm/logs/cpu_search_fast_dynamic/msmarco/benchmark_k100_20260425T204039Z_job28679175_task2_config_chunk_001.log,/mnt/nfs/home/juelinliu/work1/gpu-mvr/slurm/logs/cpu_search_fast_dynamic/msmarco/benchmark_k100_20260425T204314Z_job28679177_task2_config_chunk_001.log",1.183456,1183.448888,0.970199,0.000000,0.169281,0.154506,0.263672,0.343017,0.465582,108.925183,0.819626,
cpu_search_fast_dynamic,msmarco,avg_cpu_v3_fast_vs_parallel_t32_3trial_20260425T203556Z_cpu_search_fast_dynamic_k100,g2,160,6000,500,224,5,nfs,/mnt/nfs/home/juelinliu/work1/gpu-mvr/dataset/msmarco/gpu_mvr_2m,6980,100,5,94.587967,94587.973000,73.800667,0.978169,13.550333,13.472000,15.318000,15.894000,17.113000,26.578667,1.370333,openmp,32,3,"cpu_v3_fast_vs_parallel_t32_3trial_20260425T203556Z_cpu_search_fast_dynamic_k100_t1,cpu_v3_fast_vs_parallel_t32_3trial_20260425T203556Z_cpu_search_fast_dynamic_k100_t2,cpu_v3_fast_vs_parallel_t32_3trial_20260425T203556Z_cpu_search_fast_dynamic_k100_t3","/mnt/nfs/home/juelinliu/work1/gpu-mvr/slurm/logs/cpu_search_fast_dynamic/msmarco/benchmark_k100_20260425T203601Z_job28679173_task2_config_chunk_001.log,/mnt/nfs/home/juelinliu/work1/gpu-mvr/slurm/logs/cpu_search_fast_dynamic/msmarco/benchmark_k100_20260425T204039Z_job28679175_task2_config_chunk_001.log,/mnt/nfs/home/juelinliu/work1/gpu-mvr/slurm/logs/cpu_search_fast_dynamic/msmarco/benchmark_k100_20260425T204314Z_job28679177_task2_config_chunk_001.log",1.105767,1105.740105,0.868115,0.000000,0.158399,0.136890,0.223578,0.258093,0.216502,9.401623,0.069082,
cpu_search_fast_dynamic,msmarco,avg_cpu_v3_fast_vs_parallel_t32_3trial_20260425T203556Z_cpu_search_fast_dynamic_k100,h1,192,6500,650,256,5,nfs,/mnt/nfs/home/juelinliu/work1/gpu-mvr/dataset/msmarco/gpu_mvr_2m,6980,100,5,114.776333,114776.353000,60.830333,0.980592,16.443000,16.261333,18.733000,19.546000,21.087667,189.814667,3.801333,openmp,32,3,"cpu_v3_fast_vs_parallel_t32_3trial_20260425T203556Z_cpu_search_fast_dynamic_k100_t1,cpu_v3_fast_vs_parallel_t32_3trial_20260425T203556Z_cpu_search_fast_dynamic_k100_t2,cpu_v3_fast_vs_parallel_t32_3trial_20260425T203556Z_cpu_search_fast_dynamic_k100_t3","/mnt/nfs/home/juelinliu/work1/gpu-mvr/slurm/logs/cpu_search_fast_dynamic/msmarco/benchmark_k100_20260425T203601Z_job28679173_task2_config_chunk_001.log,/mnt/nfs/home/juelinliu/work1/gpu-mvr/slurm/logs/cpu_search_fast_dynamic/msmarco/benchmark_k100_20260425T204039Z_job28679175_task2_config_chunk_001.log,/mnt/nfs/home/juelinliu/work1/gpu-mvr/slurm/logs/cpu_search_fast_dynamic/msmarco/benchmark_k100_20260425T204314Z_job28679177_task2_config_chunk_001.log",2.319875,2319.892321,1.243520,0.000000,0.332090,0.435516,0.437551,0.417113,0.485322,164.461044,2.685093,
cpu_search_fast_dynamic,msmarco,avg_cpu_v3_fast_vs_parallel_t32_3trial_20260425T203556Z_cpu_search_fast_dynamic_k100,i1,224,8000,800,288,5,nfs,/mnt/nfs/home/juelinliu/work1/gpu-mvr/dataset/msmarco/gpu_mvr_2m,6980,100,5,137.938000,137938.018667,50.611333,0.982331,19.761000,19.611333,22.654667,23.671000,25.482667,111.038333,2.534333,openmp,32,3,"cpu_v3_fast_vs_parallel_t32_3trial_20260425T203556Z_cpu_search_fast_dynamic_k100_t1,cpu_v3_fast_vs_parallel_t32_3trial_20260425T203556Z_cpu_search_fast_dynamic_k100_t2,cpu_v3_fast_vs_parallel_t32_3trial_20260425T203556Z_cpu_search_fast_dynamic_k100_t3","/mnt/nfs/home/juelinliu/work1/gpu-mvr/slurm/logs/cpu_search_fast_dynamic/msmarco/benchmark_k100_20260425T203601Z_job28679173_task2_config_chunk_001.log,/mnt/nfs/home/juelinliu/work1/gpu-mvr/slurm/logs/cpu_search_fast_dynamic/msmarco/benchmark_k100_20260425T204039Z_job28679175_task2_config_chunk_001.log,/mnt/nfs/home/juelinliu/work1/gpu-mvr/slurm/logs/cpu_search_fast_dynamic/msmarco/benchmark_k100_20260425T204314Z_job28679177_task2_config_chunk_001.log",2.245724,2245.776652,0.826247,0.000000,0.321870,0.276480,0.301805,0.383078,0.452550,67.539477,0.363225,
cpu_search_fast_dynamic,msmarco,avg_cpu_v3_fast_vs_parallel_t32_3trial_20260425T203556Z_cpu_search_fast_dynamic_k100,j1,256,10000,1000,320,5,nfs,/mnt/nfs/home/juelinliu/work1/gpu-mvr/dataset/msmarco/gpu_mvr_2m,6980,100,5,164.012000,164011.827333,42.564000,0.983582,23.497000,23.303667,26.970000,28.330667,30.873667,200.970667,4.024333,openmp,32,3,"cpu_v3_fast_vs_parallel_t32_3trial_20260425T203556Z_cpu_search_fast_dynamic_k100_t1,cpu_v3_fast_vs_parallel_t32_3trial_20260425T203556Z_cpu_search_fast_dynamic_k100_t2,cpu_v3_fast_vs_parallel_t32_3trial_20260425T203556Z_cpu_search_fast_dynamic_k100_t3","/mnt/nfs/home/juelinliu/work1/gpu-mvr/slurm/logs/cpu_search_fast_dynamic/msmarco/benchmark_k100_20260425T203601Z_job28679173_task2_config_chunk_001.log,/mnt/nfs/home/juelinliu/work1/gpu-mvr/slurm/logs/cpu_search_fast_dynamic/msmarco/benchmark_k100_20260425T204039Z_job28679175_task2_config_chunk_001.log,/mnt/nfs/home/juelinliu/work1/gpu-mvr/slurm/logs/cpu_search_fast_dynamic/msmarco/benchmark_k100_20260425T204314Z_job28679177_task2_config_chunk_001.log",2.379252,2379.474140,0.622530,0.000000,0.340748,0.315034,0.372146,0.446755,0.605399,265.354775,2.244762,
cpu_search_fast_dynamic,msmarco,avg_cpu_v3_fast_vs_parallel_t32_3trial_20260425T203556Z_cpu_search_fast_dynamic_k100,k1,384,28000,1800,448,5,nfs,/mnt/nfs/home/juelinliu/work1/gpu-mvr/dataset/msmarco/gpu_mvr_2m,6980,100,5,324.249000,324248.902667,21.528000,0.985709,46.453333,45.681000,53.854333,57.128000,63.191333,185.949333,6.143000,openmp,32,3,"cpu_v3_fast_vs_parallel_t32_3trial_20260425T203556Z_cpu_search_fast_dynamic_k100_t1,cpu_v3_fast_vs_parallel_t32_3trial_20260425T203556Z_cpu_search_fast_dynamic_k100_t2,cpu_v3_fast_vs_parallel_t32_3trial_20260425T203556Z_cpu_search_fast_dynamic_k100_t3","/mnt/nfs/home/juelinliu/work1/gpu-mvr/slurm/logs/cpu_search_fast_dynamic/msmarco/benchmark_k100_20260425T203601Z_job28679173_task2_config_chunk_001.log,/mnt/nfs/home/juelinliu/work1/gpu-mvr/slurm/logs/cpu_search_fast_dynamic/msmarco/benchmark_k100_20260425T204039Z_job28679175_task2_config_chunk_001.log,/mnt/nfs/home/juelinliu/work1/gpu-mvr/slurm/logs/cpu_search_fast_dynamic/msmarco/benchmark_k100_20260425T204314Z_job28679177_task2_config_chunk_001.log",3.176249,3176.387835,0.211915,0.000000,0.455395,0.503885,0.446409,0.439951,0.184451,93.408451,0.539853,
cpu_search_fast_dynamic,msmarco,avg_cpu_v3_fast_vs_parallel_t32_3trial_20260425T203556Z_cpu_search_fast_dynamic_k100,l1,448,28000,2200,512,5,nfs,/mnt/nfs/home/juelinliu/work1/gpu-mvr/dataset/msmarco/gpu_mvr_2m,6980,100,5,397.696333,397696.502000,17.551333,0.985818,56.975333,55.954667,67.269667,71.412667,78.558667,172.987000,7.938667,openmp,32,3,"cpu_v3_fast_vs_parallel_t32_3trial_20260425T203556Z_cpu_search_fast_dynamic_k100_t1,cpu_v3_fast_vs_parallel_t32_3trial_20260425T203556Z_cpu_search_fast_dynamic_k100_t2,cpu_v3_fast_vs_parallel_t32_3trial_20260425T203556Z_cpu_search_fast_dynamic_k100_t3","/mnt/nfs/home/juelinliu/work1/gpu-mvr/slurm/logs/cpu_search_fast_dynamic/msmarco/benchmark_k100_20260425T203601Z_job28679173_task2_config_chunk_001.log,/mnt/nfs/home/juelinliu/work1/gpu-mvr/slurm/logs/cpu_search_fast_dynamic/msmarco/benchmark_k100_20260425T204039Z_job28679175_task2_config_chunk_001.log,/mnt/nfs/home/juelinliu/work1/gpu-mvr/slurm/logs/cpu_search_fast_dynamic/msmarco/benchmark_k100_20260425T204314Z_job28679177_task2_config_chunk_001.log",1.449392,1449.352886,0.064042,0.000000,0.207693,0.290786,0.223395,0.137947,0.131925,139.836564,0.538825,
cpu_search_parallel_dynamic_latest,hotpot,avg_cpu_v3_fast_vs_parallel_t32_3trial_20260425T203556Z_cpu_search_parallel_dynamic_latest_k10,a1,16,800,100,64,5,nfs,/mnt/nfs/home/juelinliu/work1/gpu-mvr/dataset/hotpot/gpu_mvr_2m,1000,10,5,2.806900,2806.900667,356.437000,0.816600,2.806333,2.703333,3.008000,3.108667,3.737000,63.508667,2.161667,openmp,32,3,"cpu_v3_fast_vs_parallel_t32_3trial_20260425T203556Z_cpu_search_parallel_dynamic_latest_k10_t1,cpu_v3_fast_vs_parallel_t32_3trial_20260425T203556Z_cpu_search_parallel_dynamic_latest_k10_t2,cpu_v3_fast_vs_parallel_t32_3trial_20260425T203556Z_cpu_search_parallel_dynamic_latest_k10_t3","/mnt/nfs/home/juelinliu/work1/gpu-mvr/slurm/logs/cpu_search_parallel_dynamic_latest/hotpot/benchmark_k10_20260425T204731Z_job28679200_task1_config_chunk_001.log,/mnt/nfs/home/juelinliu/work1/gpu-mvr/slurm/logs/cpu_search_parallel_dynamic_latest/hotpot/benchmark_k10_20260425T204853Z_job28679202_task1_config_chunk_001.log,/mnt/nfs/home/juelinliu/work1/gpu-mvr/slurm/logs/cpu_search_parallel_dynamic_latest/hotpot/benchmark_k10_20260425T205341Z_job28679204_task1_config_chunk_001.log",0.075013,75.012364,9.655601,0.000000,0.075036,0.109610,0.114210,0.109929,0.120578,102.032826,3.286899,
cpu_search_parallel_dynamic_latest,hotpot,avg_cpu_v3_fast_vs_parallel_t32_3trial_20260425T203556Z_cpu_search_parallel_dynamic_latest_k10,a2,24,1000,120,64,5,nfs,/mnt/nfs/home/juelinliu/work1/gpu-mvr/dataset/hotpot/gpu_mvr_2m,1000,10,5,3.334337,3334.338667,300.058667,0.861800,3.334000,3.262000,3.639667,3.762000,4.185333,41.902667,1.445333,openmp,32,3,"cpu_v3_fast_vs_parallel_t32_3trial_20260425T203556Z_cpu_search_parallel_dynamic_latest_k10_t1,cpu_v3_fast_vs_parallel_t32_3trial_20260425T203556Z_cpu_search_parallel_dynamic_latest_k10_t2,cpu_v3_fast_vs_parallel_t32_3trial_20260425T203556Z_cpu_search_parallel_dynamic_latest_k10_t3","/mnt/nfs/home/juelinliu/work1/gpu-mvr/slurm/logs/cpu_search_parallel_dynamic_latest/hotpot/benchmark_k10_20260425T204731Z_job28679200_task1_config_chunk_001.log,/mnt/nfs/home/juelinliu/work1/gpu-mvr/slurm/logs/cpu_search_parallel_dynamic_latest/hotpot/benchmark_k10_20260425T204853Z_job28679202_task1_config_chunk_001.log,/mnt/nfs/home/juelinliu/work1/gpu-mvr/slurm/logs/cpu_search_parallel_dynamic_latest/hotpot/benchmark_k10_20260425T205341Z_job28679204_task1_config_chunk_001.log",0.091118,91.115792,8.189124,0.000000,0.091066,0.042509,0.052291,0.040262,0.015275,63.469739,1.969925,
cpu_search_parallel_dynamic_latest,hotpot,avg_cpu_v3_fast_vs_parallel_t32_3trial_20260425T203556Z_cpu_search_parallel_dynamic_latest_k10,a3,24,1200,150,64,5,nfs,/mnt/nfs/home/juelinliu/work1/gpu-mvr/dataset/hotpot/gpu_mvr_2m,1000,10,5,3.589317,3589.318333,278.805667,0.873500,3.589000,3.530667,4.006000,4.336667,5.304667,6.675000,0.441000,openmp,32,3,"cpu_v3_fast_vs_parallel_t32_3trial_20260425T203556Z_cpu_search_parallel_dynamic_latest_k10_t1,cpu_v3_fast_vs_parallel_t32_3trial_20260425T203556Z_cpu_search_parallel_dynamic_latest_k10_t2,cpu_v3_fast_vs_parallel_t32_3trial_20260425T203556Z_cpu_search_parallel_dynamic_latest_k10_t3","/mnt/nfs/home/juelinliu/work1/gpu-mvr/slurm/logs/cpu_search_parallel_dynamic_latest/hotpot/benchmark_k10_20260425T204731Z_job28679200_task1_config_chunk_001.log,/mnt/nfs/home/juelinliu/work1/gpu-mvr/slurm/logs/cpu_search_parallel_dynamic_latest/hotpot/benchmark_k10_20260425T204853Z_job28679202_task1_config_chunk_001.log,/mnt/nfs/home/juelinliu/work1/gpu-mvr/slurm/logs/cpu_search_parallel_dynamic_latest/hotpot/benchmark_k10_20260425T205341Z_job28679204_task1_config_chunk_001.log",0.119172,119.171503,9.090492,0.000000,0.119202,0.052042,0.192572,0.544254,1.648336,2.079115,0.221885,
cpu_search_parallel_dynamic_latest,hotpot,avg_cpu_v3_fast_vs_parallel_t32_3trial_20260425T203556Z_cpu_search_parallel_dynamic_latest_k10,a4,32,800,100,64,5,nfs,/mnt/nfs/home/juelinliu/work1/gpu-mvr/dataset/hotpot/gpu_mvr_2m,1000,10,5,3.612340,3612.343000,277.043667,0.867400,3.612000,3.553000,4.109667,4.343000,5.250333,6.499333,0.452667,openmp,32,3,"cpu_v3_fast_vs_parallel_t32_3trial_20260425T203556Z_cpu_search_parallel_dynamic_latest_k10_t1,cpu_v3_fast_vs_parallel_t32_3trial_20260425T203556Z_cpu_search_parallel_dynamic_latest_k10_t2,cpu_v3_fast_vs_parallel_t32_3trial_20260425T203556Z_cpu_search_parallel_dynamic_latest_k10_t3","/mnt/nfs/home/juelinliu/work1/gpu-mvr/slurm/logs/cpu_search_parallel_dynamic_latest/hotpot/benchmark_k10_20260425T204731Z_job28679200_task1_config_chunk_001.log,/mnt/nfs/home/juelinliu/work1/gpu-mvr/slurm/logs/cpu_search_parallel_dynamic_latest/hotpot/benchmark_k10_20260425T204853Z_job28679202_task1_config_chunk_001.log,/mnt/nfs/home/juelinliu/work1/gpu-mvr/slurm/logs/cpu_search_parallel_dynamic_latest/hotpot/benchmark_k10_20260425T205341Z_job28679204_task1_config_chunk_001.log",0.124462,124.460538,9.360325,0.000000,0.124808,0.075286,0.235848,0.402772,1.327443,2.183287,0.181087,
cpu_search_parallel_dynamic_latest,hotpot,avg_cpu_v3_fast_vs_parallel_t32_3trial_20260425T203556Z_cpu_search_parallel_dynamic_latest_k10,b1,48,1000,120,96,5,nfs,/mnt/nfs/home/juelinliu/work1/gpu-mvr/dataset/hotpot/gpu_mvr_2m,1000,10,5,4.739643,4739.645333,211.042000,0.906000,4.739000,4.704667,5.296000,5.500000,5.993667,8.521333,0.536333,openmp,32,3,"cpu_v3_fast_vs_parallel_t32_3trial_20260425T203556Z_cpu_search_parallel_dynamic_latest_k10_t1,cpu_v3_fast_vs_parallel_t32_3trial_20260425T203556Z_cpu_search_parallel_dynamic_latest_k10_t2,cpu_v3_fast_vs_parallel_t32_3trial_20260425T203556Z_cpu_search_parallel_dynamic_latest_k10_t3","/mnt/nfs/home/juelinliu/work1/gpu-mvr/slurm/logs/cpu_search_parallel_dynamic_latest/hotpot/benchmark_k10_20260425T204731Z_job28679200_task1_config_chunk_001.log,/mnt/nfs/home/juelinliu/work1/gpu-mvr/slurm/logs/cpu_search_parallel_dynamic_latest/hotpot/benchmark_k10_20260425T204853Z_job28679202_task1_config_chunk_001.log,/mnt/nfs/home/juelinliu/work1/gpu-mvr/slurm/logs/cpu_search_parallel_dynamic_latest/hotpot/benchmark_k10_20260425T205341Z_job28679204_task1_config_chunk_001.log",0.094895,94.892888,4.182118,0.000000,0.094726,0.073160,0.100936,0.101129,0.254272,2.795514,0.149534,
cpu_search_parallel_dynamic_latest,hotpot,avg_cpu_v3_fast_vs_parallel_t32_3trial_20260425T203556Z_cpu_search_parallel_dynamic_latest_k10,b2,48,1500,150,96,5,nfs,/mnt/nfs/home/juelinliu/work1/gpu-mvr/dataset/hotpot/gpu_mvr_2m,1000,10,5,5.216667,5216.663667,191.694667,0.925500,5.216333,5.188000,5.819000,6.040667,6.520000,8.917333,0.537000,openmp,32,3,"cpu_v3_fast_vs_parallel_t32_3trial_20260425T203556Z_cpu_search_parallel_dynamic_latest_k10_t1,cpu_v3_fast_vs_parallel_t32_3trial_20260425T203556Z_cpu_search_parallel_dynamic_latest_k10_t2,cpu_v3_fast_vs_parallel_t32_3trial_20260425T203556Z_cpu_search_parallel_dynamic_latest_k10_t3","/mnt/nfs/home/juelinliu/work1/gpu-mvr/slurm/logs/cpu_search_parallel_dynamic_latest/hotpot/benchmark_k10_20260425T204731Z_job28679200_task1_config_chunk_001.log,/mnt/nfs/home/juelinliu/work1/gpu-mvr/slurm/logs/cpu_search_parallel_dynamic_latest/hotpot/benchmark_k10_20260425T204853Z_job28679202_task1_config_chunk_001.log,/mnt/nfs/home/juelinliu/work1/gpu-mvr/slurm/logs/cpu_search_parallel_dynamic_latest/hotpot/benchmark_k10_20260425T205341Z_job28679204_task1_config_chunk_001.log",0.016056,16.058709,0.589045,0.000000,0.016197,0.008185,0.012530,0.026102,0.043715,1.662162,0.068037,
cpu_search_parallel_dynamic_latest,hotpot,avg_cpu_v3_fast_vs_parallel_t32_3trial_20260425T203556Z_cpu_search_parallel_dynamic_latest_k10,b3,64,1200,150,96,5,nfs,/mnt/nfs/home/juelinliu/work1/gpu-mvr/dataset/hotpot/gpu_mvr_2m,1000,10,5,6.028507,6028.505667,165.889000,0.925900,6.028000,5.981333,6.758000,7.025333,7.708667,16.350333,0.766333,openmp,32,3,"cpu_v3_fast_vs_parallel_t32_3trial_20260425T203556Z_cpu_search_parallel_dynamic_latest_k10_t1,cpu_v3_fast_vs_parallel_t32_3trial_20260425T203556Z_cpu_search_parallel_dynamic_latest_k10_t2,cpu_v3_fast_vs_parallel_t32_3trial_20260425T203556Z_cpu_search_parallel_dynamic_latest_k10_t3","/mnt/nfs/home/juelinliu/work1/gpu-mvr/slurm/logs/cpu_search_parallel_dynamic_latest/hotpot/benchmark_k10_20260425T204731Z_job28679200_task1_config_chunk_001.log,/mnt/nfs/home/juelinliu/work1/gpu-mvr/slurm/logs/cpu_search_parallel_dynamic_latest/hotpot/benchmark_k10_20260425T204853Z_job28679202_task1_config_chunk_001.log,/mnt/nfs/home/juelinliu/work1/gpu-mvr/slurm/logs/cpu_search_parallel_dynamic_latest/hotpot/benchmark_k10_20260425T205341Z_job28679204_task1_config_chunk_001.log",0.058799,58.796713,1.615624,0.000000,0.058813,0.029670,0.065338,0.083560,0.328008,11.253068,0.265461,
cpu_search_parallel_dynamic_latest,hotpot,avg_cpu_v3_fast_vs_parallel_t32_3trial_20260425T203556Z_cpu_search_parallel_dynamic_latest_k10,b4,64,1800,180,96,5,nfs,/mnt/nfs/home/juelinliu/work1/gpu-mvr/dataset/hotpot/gpu_mvr_2m,1000,10,5,6.616837,6616.838333,151.275333,0.939900,6.616333,6.605000,7.469667,7.731667,8.224333,9.294333,0.659667,openmp,32,3,"cpu_v3_fast_vs_parallel_t32_3trial_20260425T203556Z_cpu_search_parallel_dynamic_latest_k10_t1,cpu_v3_fast_vs_parallel_t32_3trial_20260425T203556Z_cpu_search_parallel_dynamic_latest_k10_t2,cpu_v3_fast_vs_parallel_t32_3trial_20260425T203556Z_cpu_search_parallel_dynamic_latest_k10_t3","/mnt/nfs/home/juelinliu/work1/gpu-mvr/slurm/logs/cpu_search_parallel_dynamic_latest/hotpot/benchmark_k10_20260425T204731Z_job28679200_task1_config_chunk_001.log,/mnt/nfs/home/juelinliu/work1/gpu-mvr/slurm/logs/cpu_search_parallel_dynamic_latest/hotpot/benchmark_k10_20260425T204853Z_job28679202_task1_config_chunk_001.log,/mnt/nfs/home/juelinliu/work1/gpu-mvr/slurm/logs/cpu_search_parallel_dynamic_latest/hotpot/benchmark_k10_20260425T205341Z_job28679204_task1_config_chunk_001.log",0.254276,254.277764,5.687277,0.000000,0.254382,0.259856,0.407358,0.403438,0.401886,0.707264,0.090368,
cpu_search_parallel_dynamic_latest,hotpot,avg_cpu_v3_fast_vs_parallel_t32_3trial_20260425T203556Z_cpu_search_parallel_dynamic_latest_k10,c1,64,2400,240,128,5,nfs,/mnt/nfs/home/juelinliu/work1/gpu-mvr/dataset/hotpot/gpu_mvr_2m,1000,10,5,7.277073,7277.075667,137.564667,0.947500,7.276667,7.244000,8.150000,8.387000,8.900333,14.253667,0.781000,openmp,32,3,"cpu_v3_fast_vs_parallel_t32_3trial_20260425T203556Z_cpu_search_parallel_dynamic_latest_k10_t1,cpu_v3_fast_vs_parallel_t32_3trial_20260425T203556Z_cpu_search_parallel_dynamic_latest_k10_t2,cpu_v3_fast_vs_parallel_t32_3trial_20260425T203556Z_cpu_search_parallel_dynamic_latest_k10_t3","/mnt/nfs/home/juelinliu/work1/gpu-mvr/slurm/logs/cpu_search_parallel_dynamic_latest/hotpot/benchmark_k10_20260425T204731Z_job28679200_task1_config_chunk_001.log,/mnt/nfs/home/juelinliu/work1/gpu-mvr/slurm/logs/cpu_search_parallel_dynamic_latest/hotpot/benchmark_k10_20260425T204853Z_job28679202_task1_config_chunk_001.log,/mnt/nfs/home/juelinliu/work1/gpu-mvr/slurm/logs/cpu_search_parallel_dynamic_latest/hotpot/benchmark_k10_20260425T205341Z_job28679204_task1_config_chunk_001.log",0.293669,293.667457,5.445699,0.000000,0.293868,0.302967,0.406508,0.418727,0.430163,8.392380,0.190568,
cpu_search_parallel_dynamic_latest,hotpot,avg_cpu_v3_fast_vs_parallel_t32_3trial_20260425T203556Z_cpu_search_parallel_dynamic_latest_k10,c2,96,1800,200,128,5,nfs,/mnt/nfs/home/juelinliu/work1/gpu-mvr/dataset/hotpot/gpu_mvr_2m,1000,10,5,8.805717,8805.713333,113.704000,0.947600,8.805000,8.700333,9.939000,10.551333,12.254667,14.453333,1.069000,openmp,32,3,"cpu_v3_fast_vs_parallel_t32_3trial_20260425T203556Z_cpu_search_parallel_dynamic_latest_k10_t1,cpu_v3_fast_vs_parallel_t32_3trial_20260425T203556Z_cpu_search_parallel_dynamic_latest_k10_t2,cpu_v3_fast_vs_parallel_t32_3trial_20260425T203556Z_cpu_search_parallel_dynamic_latest_k10_t3","/mnt/nfs/home/juelinliu/work1/gpu-mvr/slurm/logs/cpu_search_parallel_dynamic_latest/hotpot/benchmark_k10_20260425T204731Z_job28679200_task1_config_chunk_001.log,/mnt/nfs/home/juelinliu/work1/gpu-mvr/slurm/logs/cpu_search_parallel_dynamic_latest/hotpot/benchmark_k10_20260425T204853Z_job28679202_task1_config_chunk_001.log,/mnt/nfs/home/juelinliu/work1/gpu-mvr/slurm/logs/cpu_search_parallel_dynamic_latest/hotpot/benchmark_k10_20260425T205341Z_job28679204_task1_config_chunk_001.log",0.382283,382.282649,4.894154,0.000000,0.382090,0.263987,0.442682,0.777822,2.782325,4.528520,0.333868,
cpu_search_parallel_dynamic_latest,hotpot,avg_cpu_v3_fast_vs_parallel_t32_3trial_20260425T203556Z_cpu_search_parallel_dynamic_latest_k10,c3,96,2400,250,128,5,nfs,/mnt/nfs/home/juelinliu/work1/gpu-mvr/dataset/hotpot/gpu_mvr_2m,1000,10,5,9.055893,9055.892000,110.432333,0.954200,9.055333,9.025333,10.099000,10.382333,10.914000,13.470333,0.818667,openmp,32,3,"cpu_v3_fast_vs_parallel_t32_3trial_20260425T203556Z_cpu_search_parallel_dynamic_latest_k10_t1,cpu_v3_fast_vs_parallel_t32_3trial_20260425T203556Z_cpu_search_parallel_dynamic_latest_k10_t2,cpu_v3_fast_vs_parallel_t32_3trial_20260425T203556Z_cpu_search_parallel_dynamic_latest_k10_t3","/mnt/nfs/home/juelinliu/work1/gpu-mvr/slurm/logs/cpu_search_parallel_dynamic_latest/hotpot/benchmark_k10_20260425T204731Z_job28679200_task1_config_chunk_001.log,/mnt/nfs/home/juelinliu/work1/gpu-mvr/slurm/logs/cpu_search_parallel_dynamic_latest/hotpot/benchmark_k10_20260425T204853Z_job28679202_task1_config_chunk_001.log,/mnt/nfs/home/juelinliu/work1/gpu-mvr/slurm/logs/cpu_search_parallel_dynamic_latest/hotpot/benchmark_k10_20260425T205341Z_job28679204_task1_config_chunk_001.log",0.089618,89.619767,1.091183,0.000000,0.089946,0.085172,0.070021,0.120935,0.112468,1.403048,0.006429,
cpu_search_parallel_dynamic_latest,hotpot,avg_cpu_v3_fast_vs_parallel_t32_3trial_20260425T203556Z_cpu_search_parallel_dynamic_latest_k10,d1,128,3000,300,150,5,nfs,/mnt/nfs/home/juelinliu/work1/gpu-mvr/dataset/hotpot/gpu_mvr_2m,1000,10,5,11.650867,11650.855333,85.855000,0.963600,11.650333,11.559667,12.950333,13.396000,14.773000,32.400667,1.515333,openmp,32,3,"cpu_v3_fast_vs_parallel_t32_3trial_20260425T203556Z_cpu_search_parallel_dynamic_latest_k10_t1,cpu_v3_fast_vs_parallel_t32_3trial_20260425T203556Z_cpu_search_parallel_dynamic_latest_k10_t2,cpu_v3_fast_vs_parallel_t32_3trial_20260425T203556Z_cpu_search_parallel_dynamic_latest_k10_t3","/mnt/nfs/home/juelinliu/work1/gpu-mvr/slurm/logs/cpu_search_parallel_dynamic_latest/hotpot/benchmark_k10_20260425T204731Z_job28679200_task1_config_chunk_001.log,/mnt/nfs/home/juelinliu/work1/gpu-mvr/slurm/logs/cpu_search_parallel_dynamic_latest/hotpot/benchmark_k10_20260425T204853Z_job28679202_task1_config_chunk_001.log,/mnt/nfs/home/juelinliu/work1/gpu-mvr/slurm/logs/cpu_search_parallel_dynamic_latest/hotpot/benchmark_k10_20260425T205341Z_job28679204_task1_config_chunk_001.log",0.241813,241.822510,1.767521,0.000000,0.241757,0.136324,0.255500,0.300781,1.257361,29.426718,0.826579,
cpu_search_parallel_dynamic_latest,hotpot,avg_cpu_v3_fast_vs_parallel_t32_3trial_20260425T203556Z_cpu_search_parallel_dynamic_latest_k10,e1,96,3200,320,160,5,nfs,/mnt/nfs/home/juelinliu/work1/gpu-mvr/dataset/hotpot/gpu_mvr_2m,1000,10,5,9.805353,9805.357000,101.985667,0.960800,9.804667,9.739333,10.870000,11.200000,11.914000,18.385000,0.959667,openmp,32,3,"cpu_v3_fast_vs_parallel_t32_3trial_20260425T203556Z_cpu_search_parallel_dynamic_latest_k10_t1,cpu_v3_fast_vs_parallel_t32_3trial_20260425T203556Z_cpu_search_parallel_dynamic_latest_k10_t2,cpu_v3_fast_vs_parallel_t32_3trial_20260425T203556Z_cpu_search_parallel_dynamic_latest_k10_t3","/mnt/nfs/home/juelinliu/work1/gpu-mvr/slurm/logs/cpu_search_parallel_dynamic_latest/hotpot/benchmark_k10_20260425T204731Z_job28679200_task1_config_chunk_001.log,/mnt/nfs/home/juelinliu/work1/gpu-mvr/slurm/logs/cpu_search_parallel_dynamic_latest/hotpot/benchmark_k10_20260425T204853Z_job28679202_task1_config_chunk_001.log,/mnt/nfs/home/juelinliu/work1/gpu-mvr/slurm/logs/cpu_search_parallel_dynamic_latest/hotpot/benchmark_k10_20260425T205341Z_job28679204_task1_config_chunk_001.log",0.030836,30.836467,0.319788,0.000000,0.030860,0.041405,0.028054,0.038314,0.091701,7.799232,0.165228,
cpu_search_parallel_dynamic_latest,hotpot,avg_cpu_v3_fast_vs_parallel_t32_3trial_20260425T203556Z_cpu_search_parallel_dynamic_latest_k10,e2,128,2400,250,160,5,nfs,/mnt/nfs/home/juelinliu/work1/gpu-mvr/dataset/hotpot/gpu_mvr_2m,1000,10,5,11.019033,11019.007667,90.758667,0.960100,11.018667,10.966333,12.379000,12.819667,13.931000,22.267333,1.179000,openmp,32,3,"cpu_v3_fast_vs_parallel_t32_3trial_20260425T203556Z_cpu_search_parallel_dynamic_latest_k10_t1,cpu_v3_fast_vs_parallel_t32_3trial_20260425T203556Z_cpu_search_parallel_dynamic_latest_k10_t2,cpu_v3_fast_vs_parallel_t32_3trial_20260425T203556Z_cpu_search_parallel_dynamic_latest_k10_t3","/mnt/nfs/home/juelinliu/work1/gpu-mvr/slurm/logs/cpu_search_parallel_dynamic_latest/hotpot/benchmark_k10_20260425T204731Z_job28679200_task1_config_chunk_001.log,/mnt/nfs/home/juelinliu/work1/gpu-mvr/slurm/logs/cpu_search_parallel_dynamic_latest/hotpot/benchmark_k10_20260425T204853Z_job28679202_task1_config_chunk_001.log,/mnt/nfs/home/juelinliu/work1/gpu-mvr/slurm/logs/cpu_search_parallel_dynamic_latest/hotpot/benchmark_k10_20260425T205341Z_job28679204_task1_config_chunk_001.log",0.115274,115.278441,0.947570,0.000000,0.115110,0.061493,0.194700,0.268152,0.572039,12.130520,0.221522,
cpu_search_parallel_dynamic_latest,hotpot,avg_cpu_v3_fast_vs_parallel_t32_3trial_20260425T203556Z_cpu_search_parallel_dynamic_latest_k10,f1,128,4000,400,192,5,nfs,/mnt/nfs/home/juelinliu/work1/gpu-mvr/dataset/hotpot/gpu_mvr_2m,1000,10,5,12.775000,12774.988333,78.341333,0.967600,12.774667,12.709667,14.275667,14.784000,16.094000,21.698333,1.278000,openmp,32,3,"cpu_v3_fast_vs_parallel_t32_3trial_20260425T203556Z_cpu_search_parallel_dynamic_latest_k10_t1,cpu_v3_fast_vs_parallel_t32_3trial_20260425T203556Z_cpu_search_parallel_dynamic_latest_k10_t2,cpu_v3_fast_vs_parallel_t32_3trial_20260425T203556Z_cpu_search_parallel_dynamic_latest_k10_t3","/mnt/nfs/home/juelinliu/work1/gpu-mvr/slurm/logs/cpu_search_parallel_dynamic_latest/hotpot/benchmark_k10_20260425T204731Z_job28679200_task1_config_chunk_001.log,/mnt/nfs/home/juelinliu/work1/gpu-mvr/slurm/logs/cpu_search_parallel_dynamic_latest/hotpot/benchmark_k10_20260425T204853Z_job28679202_task1_config_chunk_001.log,/mnt/nfs/home/juelinliu/work1/gpu-mvr/slurm/logs/cpu_search_parallel_dynamic_latest/hotpot/benchmark_k10_20260425T205341Z_job28679204_task1_config_chunk_001.log",0.449202,449.201410,2.700010,0.000000,0.449313,0.451489,0.677521,0.705777,0.539403,5.829910,0.126242,
cpu_search_parallel_dynamic_latest,hotpot,avg_cpu_v3_fast_vs_parallel_t32_3trial_20260425T203556Z_cpu_search_parallel_dynamic_latest_k10,f2,160,3800,360,192,5,nfs,/mnt/nfs/home/juelinliu/work1/gpu-mvr/dataset/hotpot/gpu_mvr_2m,1000,10,5,14.262267,14262.263333,70.116333,0.968200,14.261667,14.227333,15.896333,16.473000,17.520333,21.118667,1.333000,openmp,32,3,"cpu_v3_fast_vs_parallel_t32_3trial_20260425T203556Z_cpu_search_parallel_dynamic_latest_k10_t1,cpu_v3_fast_vs_parallel_t32_3trial_20260425T203556Z_cpu_search_parallel_dynamic_latest_k10_t2,cpu_v3_fast_vs_parallel_t32_3trial_20260425T203556Z_cpu_search_parallel_dynamic_latest_k10_t3","/mnt/nfs/home/juelinliu/work1/gpu-mvr/slurm/logs/cpu_search_parallel_dynamic_latest/hotpot/benchmark_k10_20260425T204731Z_job28679200_task1_config_chunk_001.log,/mnt/nfs/home/juelinliu/work1/gpu-mvr/slurm/logs/cpu_search_parallel_dynamic_latest/hotpot/benchmark_k10_20260425T204853Z_job28679202_task1_config_chunk_001.log,/mnt/nfs/home/juelinliu/work1/gpu-mvr/slurm/logs/cpu_search_parallel_dynamic_latest/hotpot/benchmark_k10_20260425T205341Z_job28679204_task1_config_chunk_001.log",0.079891,79.890087,0.393358,0.000000,0.080090,0.098190,0.122484,0.078848,0.310492,2.519731,0.022338,
cpu_search_parallel_dynamic_latest,hotpot,avg_cpu_v3_fast_vs_parallel_t32_3trial_20260425T203556Z_cpu_search_parallel_dynamic_latest_k10,g1,160,5000,500,224,5,nfs,/mnt/nfs/home/juelinliu/work1/gpu-mvr/dataset/hotpot/gpu_mvr_2m,1000,10,5,15.410500,15410.470667,64.894667,0.970900,15.409667,15.373000,17.071667,17.554667,18.406000,20.220667,1.312333,openmp,32,3,"cpu_v3_fast_vs_parallel_t32_3trial_20260425T203556Z_cpu_search_parallel_dynamic_latest_k10_t1,cpu_v3_fast_vs_parallel_t32_3trial_20260425T203556Z_cpu_search_parallel_dynamic_latest_k10_t2,cpu_v3_fast_vs_parallel_t32_3trial_20260425T203556Z_cpu_search_parallel_dynamic_latest_k10_t3","/mnt/nfs/home/juelinliu/work1/gpu-mvr/slurm/logs/cpu_search_parallel_dynamic_latest/hotpot/benchmark_k10_20260425T204731Z_job28679200_task1_config_chunk_001.log,/mnt/nfs/home/juelinliu/work1/gpu-mvr/slurm/logs/cpu_search_parallel_dynamic_latest/hotpot/benchmark_k10_20260425T204853Z_job28679202_task1_config_chunk_001.log,/mnt/nfs/home/juelinliu/work1/gpu-mvr/slurm/logs/cpu_search_parallel_dynamic_latest/hotpot/benchmark_k10_20260425T205341Z_job28679204_task1_config_chunk_001.log",0.136786,136.774984,0.576726,0.000000,0.137063,0.109055,0.142627,0.279230,0.381745,1.910233,0.044747,
cpu_search_parallel_dynamic_latest,hotpot,avg_cpu_v3_fast_vs_parallel_t32_3trial_20260425T203556Z_cpu_search_parallel_dynamic_latest_k10,g2,160,6000,500,224,5,nfs,/mnt/nfs/home/juelinliu/work1/gpu-mvr/dataset/hotpot/gpu_mvr_2m,1000,10,5,16.074933,16074.974333,62.210333,0.972500,16.074333,16.003333,17.786667,18.267333,19.714333,35.802000,1.706333,openmp,32,3,"cpu_v3_fast_vs_parallel_t32_3trial_20260425T203556Z_cpu_search_parallel_dynamic_latest_k10_t1,cpu_v3_fast_vs_parallel_t32_3trial_20260425T203556Z_cpu_search_parallel_dynamic_latest_k10_t2,cpu_v3_fast_vs_parallel_t32_3trial_20260425T203556Z_cpu_search_parallel_dynamic_latest_k10_t3","/mnt/nfs/home/juelinliu/work1/gpu-mvr/slurm/logs/cpu_search_parallel_dynamic_latest/hotpot/benchmark_k10_20260425T204731Z_job28679200_task1_config_chunk_001.log,/mnt/nfs/home/juelinliu/work1/gpu-mvr/slurm/logs/cpu_search_parallel_dynamic_latest/hotpot/benchmark_k10_20260425T204853Z_job28679202_task1_config_chunk_001.log,/mnt/nfs/home/juelinliu/work1/gpu-mvr/slurm/logs/cpu_search_parallel_dynamic_latest/hotpot/benchmark_k10_20260425T205341Z_job28679204_task1_config_chunk_001.log",0.111490,111.495795,0.432668,0.000000,0.111850,0.052205,0.120106,0.258196,0.750528,14.064766,0.349859,
cpu_search_parallel_dynamic_latest,hotpot,avg_cpu_v3_fast_vs_parallel_t32_3trial_20260425T203556Z_cpu_search_parallel_dynamic_latest_k10,h1,192,6500,650,256,5,nfs,/mnt/nfs/home/juelinliu/work1/gpu-mvr/dataset/hotpot/gpu_mvr_2m,1000,10,5,19.047967,19047.978667,52.499000,0.973300,19.047333,18.940000,21.009667,21.547667,22.859667,80.007333,3.001667,openmp,32,3,"cpu_v3_fast_vs_parallel_t32_3trial_20260425T203556Z_cpu_search_parallel_dynamic_latest_k10_t1,cpu_v3_fast_vs_parallel_t32_3trial_20260425T203556Z_cpu_search_parallel_dynamic_latest_k10_t2,cpu_v3_fast_vs_parallel_t32_3trial_20260425T203556Z_cpu_search_parallel_dynamic_latest_k10_t3","/mnt/nfs/home/juelinliu/work1/gpu-mvr/slurm/logs/cpu_search_parallel_dynamic_latest/hotpot/benchmark_k10_20260425T204731Z_job28679200_task1_config_chunk_001.log,/mnt/nfs/home/juelinliu/work1/gpu-mvr/slurm/logs/cpu_search_parallel_dynamic_latest/hotpot/benchmark_k10_20260425T204853Z_job28679202_task1_config_chunk_001.log,/mnt/nfs/home/juelinliu/work1/gpu-mvr/slurm/logs/cpu_search_parallel_dynamic_latest/hotpot/benchmark_k10_20260425T205341Z_job28679204_task1_config_chunk_001.log",0.010542,10.527267,0.029462,0.000000,0.010693,0.107531,0.157665,0.186173,0.328847,94.786430,2.341173,
cpu_search_parallel_dynamic_latest,hotpot,avg_cpu_v3_fast_vs_parallel_t32_3trial_20260425T203556Z_cpu_search_parallel_dynamic_latest_k10,i1,224,8000,800,288,5,nfs,/mnt/nfs/home/juelinliu/work1/gpu-mvr/dataset/hotpot/gpu_mvr_2m,1000,10,5,22.831833,22831.845000,43.813333,0.974700,22.831000,22.677000,25.376667,26.271667,27.998000,82.474333,3.060333,openmp,32,3,"cpu_v3_fast_vs_parallel_t32_3trial_20260425T203556Z_cpu_search_parallel_dynamic_latest_k10_t1,cpu_v3_fast_vs_parallel_t32_3trial_20260425T203556Z_cpu_search_parallel_dynamic_latest_k10_t2,cpu_v3_fast_vs_parallel_t32_3trial_20260425T203556Z_cpu_search_parallel_dynamic_latest_k10_t3","/mnt/nfs/home/juelinliu/work1/gpu-mvr/slurm/logs/cpu_search_parallel_dynamic_latest/hotpot/benchmark_k10_20260425T204731Z_job28679200_task1_config_chunk_001.log,/mnt/nfs/home/juelinliu/work1/gpu-mvr/slurm/logs/cpu_search_parallel_dynamic_latest/hotpot/benchmark_k10_20260425T204853Z_job28679202_task1_config_chunk_001.log,/mnt/nfs/home/juelinliu/work1/gpu-mvr/slurm/logs/cpu_search_parallel_dynamic_latest/hotpot/benchmark_k10_20260425T205341Z_job28679204_task1_config_chunk_001.log",0.516880,516.856465,0.981102,0.000000,0.516601,0.444699,0.792090,1.212945,1.153546,71.113396,1.702350,
cpu_search_parallel_dynamic_latest,hotpot,avg_cpu_v3_fast_vs_parallel_t32_3trial_20260425T203556Z_cpu_search_parallel_dynamic_latest_k10,j1,256,10000,1000,320,5,nfs,/mnt/nfs/home/juelinliu/work1/gpu-mvr/dataset/hotpot/gpu_mvr_2m,1000,10,5,27.147267,27147.234333,36.840333,0.975500,27.146667,27.067667,29.959667,30.708667,32.643333,76.302333,2.921333,openmp,32,3,"cpu_v3_fast_vs_parallel_t32_3trial_20260425T203556Z_cpu_search_parallel_dynamic_latest_k10_t1,cpu_v3_fast_vs_parallel_t32_3trial_20260425T203556Z_cpu_search_parallel_dynamic_latest_k10_t2,cpu_v3_fast_vs_parallel_t32_3trial_20260425T203556Z_cpu_search_parallel_dynamic_latest_k10_t3","/mnt/nfs/home/juelinliu/work1/gpu-mvr/slurm/logs/cpu_search_parallel_dynamic_latest/hotpot/benchmark_k10_20260425T204731Z_job28679200_task1_config_chunk_001.log,/mnt/nfs/home/juelinliu/work1/gpu-mvr/slurm/logs/cpu_search_parallel_dynamic_latest/hotpot/benchmark_k10_20260425T204853Z_job28679202_task1_config_chunk_001.log,/mnt/nfs/home/juelinliu/work1/gpu-mvr/slurm/logs/cpu_search_parallel_dynamic_latest/hotpot/benchmark_k10_20260425T205341Z_job28679204_task1_config_chunk_001.log",0.359300,359.289292,0.484102,0.000000,0.359202,0.324463,0.531620,0.480590,1.492855,43.601272,0.752495,
cpu_search_parallel_dynamic_latest,hotpot,avg_cpu_v3_fast_vs_parallel_t32_3trial_20260425T203556Z_cpu_search_parallel_dynamic_latest_k10,k1,384,28000,1800,448,5,nfs,/mnt/nfs/home/juelinliu/work1/gpu-mvr/dataset/hotpot/gpu_mvr_2m,1000,10,5,52.794233,52794.230000,18.942333,0.977100,52.793333,52.487333,58.414667,59.882333,63.418667,186.040333,6.645000,openmp,32,3,"cpu_v3_fast_vs_parallel_t32_3trial_20260425T203556Z_cpu_search_parallel_dynamic_latest_k10_t1,cpu_v3_fast_vs_parallel_t32_3trial_20260425T203556Z_cpu_search_parallel_dynamic_latest_k10_t2,cpu_v3_fast_vs_parallel_t32_3trial_20260425T203556Z_cpu_search_parallel_dynamic_latest_k10_t3","/mnt/nfs/home/juelinliu/work1/gpu-mvr/slurm/logs/cpu_search_parallel_dynamic_latest/hotpot/benchmark_k10_20260425T204731Z_job28679200_task1_config_chunk_001.log,/mnt/nfs/home/juelinliu/work1/gpu-mvr/slurm/logs/cpu_search_parallel_dynamic_latest/hotpot/benchmark_k10_20260425T204853Z_job28679202_task1_config_chunk_001.log,/mnt/nfs/home/juelinliu/work1/gpu-mvr/slurm/logs/cpu_search_parallel_dynamic_latest/hotpot/benchmark_k10_20260425T205341Z_job28679204_task1_config_chunk_001.log",0.346508,346.469640,0.124733,0.000000,0.346414,0.174429,0.446135,0.339155,0.727672,106.015182,2.246604,
cpu_search_parallel_dynamic_latest,hotpot,avg_cpu_v3_fast_vs_parallel_t32_3trial_20260425T203556Z_cpu_search_parallel_dynamic_latest_k10,l1,448,28000,2200,512,5,nfs,/mnt/nfs/home/juelinliu/work1/gpu-mvr/dataset/hotpot/gpu_mvr_2m,1000,10,5,59.317967,59318.002000,16.858000,0.977200,59.317000,59.597000,65.375333,66.772667,70.073667,96.964333,5.055333,openmp,32,3,"cpu_v3_fast_vs_parallel_t32_3trial_20260425T203556Z_cpu_search_parallel_dynamic_latest_k10_t1,cpu_v3_fast_vs_parallel_t32_3trial_20260425T203556Z_cpu_search_parallel_dynamic_latest_k10_t2,cpu_v3_fast_vs_parallel_t32_3trial_20260425T203556Z_cpu_search_parallel_dynamic_latest_k10_t3","/mnt/nfs/home/juelinliu/work1/gpu-mvr/slurm/logs/cpu_search_parallel_dynamic_latest/hotpot/benchmark_k10_20260425T204731Z_job28679200_task1_config_chunk_001.log,/mnt/nfs/home/juelinliu/work1/gpu-mvr/slurm/logs/cpu_search_parallel_dynamic_latest/hotpot/benchmark_k10_20260425T204853Z_job28679202_task1_config_chunk_001.log,/mnt/nfs/home/juelinliu/work1/gpu-mvr/slurm/logs/cpu_search_parallel_dynamic_latest/hotpot/benchmark_k10_20260425T205341Z_job28679204_task1_config_chunk_001.log",0.143773,143.771138,0.040731,0.000000,0.143847,0.136832,0.248922,0.023288,0.098653,2.680162,0.007371,
cpu_search_parallel_dynamic_latest,hotpot,avg_cpu_v3_fast_vs_parallel_t32_3trial_20260425T203556Z_cpu_search_parallel_dynamic_latest_k100,a1,16,800,100,64,5,nfs,/mnt/nfs/home/juelinliu/work1/gpu-mvr/dataset/hotpot/gpu_mvr_2m,1000,100,5,2.773600,2773.598333,360.957667,0.535070,2.773000,2.660000,2.971333,3.097000,3.929667,62.504000,2.095667,openmp,32,3,"cpu_v3_fast_vs_parallel_t32_3trial_20260425T203556Z_cpu_search_parallel_dynamic_latest_k100_t1,cpu_v3_fast_vs_parallel_t32_3trial_20260425T203556Z_cpu_search_parallel_dynamic_latest_k100_t2,cpu_v3_fast_vs_parallel_t32_3trial_20260425T203556Z_cpu_search_parallel_dynamic_latest_k100_t3","/mnt/nfs/home/juelinliu/work1/gpu-mvr/slurm/logs/cpu_search_parallel_dynamic_latest/hotpot/benchmark_k100_20260425T205951Z_job28679206_task1_config_chunk_001.log,/mnt/nfs/home/juelinliu/work1/gpu-mvr/slurm/logs/cpu_search_parallel_dynamic_latest/hotpot/benchmark_k100_20260425T210601Z_job28679208_task1_config_chunk_001.log,/mnt/nfs/home/juelinliu/work1/gpu-mvr/slurm/logs/cpu_search_parallel_dynamic_latest/hotpot/benchmark_k100_20260425T211147Z_job28679210_task1_config_chunk_001.log",0.115575,115.575782,14.953842,0.000000,0.115469,0.035000,0.084198,0.115235,0.511895,99.336464,3.119231,
cpu_search_parallel_dynamic_latest,hotpot,avg_cpu_v3_fast_vs_parallel_t32_3trial_20260425T203556Z_cpu_search_parallel_dynamic_latest_k100,a2,24,1000,120,64,5,nfs,/mnt/nfs/home/juelinliu/work1/gpu-mvr/dataset/hotpot/gpu_mvr_2m,1000,100,5,3.298550,3298.549000,303.169667,0.610680,3.298000,3.281333,3.657667,3.788667,4.111333,5.141667,0.300333,openmp,32,3,"cpu_v3_fast_vs_parallel_t32_3trial_20260425T203556Z_cpu_search_parallel_dynamic_latest_k100_t1,cpu_v3_fast_vs_parallel_t32_3trial_20260425T203556Z_cpu_search_parallel_dynamic_latest_k100_t2,cpu_v3_fast_vs_parallel_t32_3trial_20260425T203556Z_cpu_search_parallel_dynamic_latest_k100_t3","/mnt/nfs/home/juelinliu/work1/gpu-mvr/slurm/logs/cpu_search_parallel_dynamic_latest/hotpot/benchmark_k100_20260425T205951Z_job28679206_task1_config_chunk_001.log,/mnt/nfs/home/juelinliu/work1/gpu-mvr/slurm/logs/cpu_search_parallel_dynamic_latest/hotpot/benchmark_k100_20260425T210601Z_job28679208_task1_config_chunk_001.log,/mnt/nfs/home/juelinliu/work1/gpu-mvr/slurm/logs/cpu_search_parallel_dynamic_latest/hotpot/benchmark_k100_20260425T211147Z_job28679210_task1_config_chunk_001.log",0.018709,18.708405,1.716014,0.000000,0.019000,0.021595,0.017214,0.040278,0.059744,0.128586,0.014572,
cpu_search_parallel_dynamic_latest,hotpot,avg_cpu_v3_fast_vs_parallel_t32_3trial_20260425T203556Z_cpu_search_parallel_dynamic_latest_k100,a3,24,1200,150,64,5,nfs,/mnt/nfs/home/juelinliu/work1/gpu-mvr/dataset/hotpot/gpu_mvr_2m,1000,100,5,3.495497,3495.498667,286.086000,0.653310,3.495000,3.473000,3.872000,3.987667,4.325667,5.031000,0.303667,openmp,32,3,"cpu_v3_fast_vs_parallel_t32_3trial_20260425T203556Z_cpu_search_parallel_dynamic_latest_k100_t1,cpu_v3_fast_vs_parallel_t32_3trial_20260425T203556Z_cpu_search_parallel_dynamic_latest_k100_t2,cpu_v3_fast_vs_parallel_t32_3trial_20260425T203556Z_cpu_search_parallel_dynamic_latest_k100_t3","/mnt/nfs/home/juelinliu/work1/gpu-mvr/slurm/logs/cpu_search_parallel_dynamic_latest/hotpot/benchmark_k100_20260425T205951Z_job28679206_task1_config_chunk_001.log,/mnt/nfs/home/juelinliu/work1/gpu-mvr/slurm/logs/cpu_search_parallel_dynamic_latest/hotpot/benchmark_k100_20260425T210601Z_job28679208_task1_config_chunk_001.log,/mnt/nfs/home/juelinliu/work1/gpu-mvr/slurm/logs/cpu_search_parallel_dynamic_latest/hotpot/benchmark_k100_20260425T211147Z_job28679210_task1_config_chunk_001.log",0.015991,15.992994,1.305788,0.000000,0.015716,0.018193,0.008718,0.020232,0.082779,0.286512,0.018175,
cpu_search_parallel_dynamic_latest,hotpot,avg_cpu_v3_fast_vs_parallel_t32_3trial_20260425T203556Z_cpu_search_parallel_dynamic_latest_k100,a4,32,800,100,64,5,nfs,/mnt/nfs/home/juelinliu/work1/gpu-mvr/dataset/hotpot/gpu_mvr_2m,1000,100,5,3.580280,3580.278333,279.314667,0.585120,3.579667,3.557667,4.008667,4.169000,4.479667,5.421667,0.348000,openmp,32,3,"cpu_v3_fast_vs_parallel_t32_3trial_20260425T203556Z_cpu_search_parallel_dynamic_latest_k100_t1,cpu_v3_fast_vs_parallel_t32_3trial_20260425T203556Z_cpu_search_parallel_dynamic_latest_k100_t2,cpu_v3_fast_vs_parallel_t32_3trial_20260425T203556Z_cpu_search_parallel_dynamic_latest_k100_t3","/mnt/nfs/home/juelinliu/work1/gpu-mvr/slurm/logs/cpu_search_parallel_dynamic_latest/hotpot/benchmark_k100_20260425T205951Z_job28679206_task1_config_chunk_001.log,/mnt/nfs/home/juelinliu/work1/gpu-mvr/slurm/logs/cpu_search_parallel_dynamic_latest/hotpot/benchmark_k100_20260425T210601Z_job28679208_task1_config_chunk_001.log,/mnt/nfs/home/juelinliu/work1/gpu-mvr/slurm/logs/cpu_search_parallel_dynamic_latest/hotpot/benchmark_k100_20260425T211147Z_job28679210_task1_config_chunk_001.log",0.021259,21.260669,1.653036,0.000000,0.021127,0.017559,0.047057,0.064583,0.033292,0.266346,0.018520,
cpu_search_parallel_dynamic_latest,hotpot,avg_cpu_v3_fast_vs_parallel_t32_3trial_20260425T203556Z_cpu_search_parallel_dynamic_latest_k100,b1,48,1000,120,96,5,nfs,/mnt/nfs/home/juelinliu/work1/gpu-mvr/dataset/hotpot/gpu_mvr_2m,1000,100,5,4.848743,4848.743000,206.249000,0.658660,4.848333,4.827333,5.448667,5.670667,6.086333,6.712000,0.474667,openmp,32,3,"cpu_v3_fast_vs_parallel_t32_3trial_20260425T203556Z_cpu_search_parallel_dynamic_latest_k100_t1,cpu_v3_fast_vs_parallel_t32_3trial_20260425T203556Z_cpu_search_parallel_dynamic_latest_k100_t2,cpu_v3_fast_vs_parallel_t32_3trial_20260425T203556Z_cpu_search_parallel_dynamic_latest_k100_t3","/mnt/nfs/home/juelinliu/work1/gpu-mvr/slurm/logs/cpu_search_parallel_dynamic_latest/hotpot/benchmark_k100_20260425T205951Z_job28679206_task1_config_chunk_001.log,/mnt/nfs/home/juelinliu/work1/gpu-mvr/slurm/logs/cpu_search_parallel_dynamic_latest/hotpot/benchmark_k100_20260425T210601Z_job28679208_task1_config_chunk_001.log,/mnt/nfs/home/juelinliu/work1/gpu-mvr/slurm/logs/cpu_search_parallel_dynamic_latest/hotpot/benchmark_k100_20260425T211147Z_job28679210_task1_config_chunk_001.log",0.041639,41.635239,1.770576,0.000000,0.041501,0.047962,0.039552,0.047596,0.100550,0.253714,0.004933,
cpu_search_parallel_dynamic_latest,hotpot,avg_cpu_v3_fast_vs_parallel_t32_3trial_20260425T203556Z_cpu_search_parallel_dynamic_latest_k100,b2,48,1500,150,96,5,nfs,/mnt/nfs/home/juelinliu/work1/gpu-mvr/dataset/hotpot/gpu_mvr_2m,1000,100,5,5.214737,5214.739333,191.801333,0.723250,5.214333,5.191000,5.830667,6.033000,6.449000,8.328333,0.512000,openmp,32,3,"cpu_v3_fast_vs_parallel_t32_3trial_20260425T203556Z_cpu_search_parallel_dynamic_latest_k100_t1,cpu_v3_fast_vs_parallel_t32_3trial_20260425T203556Z_cpu_search_parallel_dynamic_latest_k100_t2,cpu_v3_fast_vs_parallel_t32_3trial_20260425T203556Z_cpu_search_parallel_dynamic_latest_k100_t3","/mnt/nfs/home/juelinliu/work1/gpu-mvr/slurm/logs/cpu_search_parallel_dynamic_latest/hotpot/benchmark_k100_20260425T205951Z_job28679206_task1_config_chunk_001.log,/mnt/nfs/home/juelinliu/work1/gpu-mvr/slurm/logs/cpu_search_parallel_dynamic_latest/hotpot/benchmark_k100_20260425T210601Z_job28679208_task1_config_chunk_001.log,/mnt/nfs/home/juelinliu/work1/gpu-mvr/slurm/logs/cpu_search_parallel_dynamic_latest/hotpot/benchmark_k100_20260425T211147Z_job28679210_task1_config_chunk_001.log",0.088853,88.854258,3.274152,0.000000,0.088636,0.076544,0.073853,0.101237,0.123527,1.871255,0.045033,
cpu_search_parallel_dynamic_latest,hotpot,avg_cpu_v3_fast_vs_parallel_t32_3trial_20260425T203556Z_cpu_search_parallel_dynamic_latest_k100,b3,64,1200,150,96,5,nfs,/mnt/nfs/home/juelinliu/work1/gpu-mvr/dataset/hotpot/gpu_mvr_2m,1000,100,5,6.171673,6171.674667,162.088333,0.724510,6.171000,6.090000,6.854000,7.131333,7.549333,48.270333,1.766333,openmp,32,3,"cpu_v3_fast_vs_parallel_t32_3trial_20260425T203556Z_cpu_search_parallel_dynamic_latest_k100_t1,cpu_v3_fast_vs_parallel_t32_3trial_20260425T203556Z_cpu_search_parallel_dynamic_latest_k100_t2,cpu_v3_fast_vs_parallel_t32_3trial_20260425T203556Z_cpu_search_parallel_dynamic_latest_k100_t3","/mnt/nfs/home/juelinliu/work1/gpu-mvr/slurm/logs/cpu_search_parallel_dynamic_latest/hotpot/benchmark_k100_20260425T205951Z_job28679206_task1_config_chunk_001.log,/mnt/nfs/home/juelinliu/work1/gpu-mvr/slurm/logs/cpu_search_parallel_dynamic_latest/hotpot/benchmark_k100_20260425T210601Z_job28679208_task1_config_chunk_001.log,/mnt/nfs/home/juelinliu/work1/gpu-mvr/slurm/logs/cpu_search_parallel_dynamic_latest/hotpot/benchmark_k100_20260425T211147Z_job28679210_task1_config_chunk_001.log",0.144075,144.076406,3.738330,0.000000,0.144357,0.058232,0.038314,0.047543,0.070493,65.917785,1.943396,
cpu_search_parallel_dynamic_latest,hotpot,avg_cpu_v3_fast_vs_parallel_t32_3trial_20260425T203556Z_cpu_search_parallel_dynamic_latest_k100,b4,64,1800,180,96,5,nfs,/mnt/nfs/home/juelinliu/work1/gpu-mvr/dataset/hotpot/gpu_mvr_2m,1000,100,5,6.524873,6524.874667,153.259667,0.776160,6.524000,6.505000,7.308000,7.541667,8.076000,9.861667,0.622333,openmp,32,3,"cpu_v3_fast_vs_parallel_t32_3trial_20260425T203556Z_cpu_search_parallel_dynamic_latest_k100_t1,cpu_v3_fast_vs_parallel_t32_3trial_20260425T203556Z_cpu_search_parallel_dynamic_latest_k100_t2,cpu_v3_fast_vs_parallel_t32_3trial_20260425T203556Z_cpu_search_parallel_dynamic_latest_k100_t3","/mnt/nfs/home/juelinliu/work1/gpu-mvr/slurm/logs/cpu_search_parallel_dynamic_latest/hotpot/benchmark_k100_20260425T205951Z_job28679206_task1_config_chunk_001.log,/mnt/nfs/home/juelinliu/work1/gpu-mvr/slurm/logs/cpu_search_parallel_dynamic_latest/hotpot/benchmark_k100_20260425T210601Z_job28679208_task1_config_chunk_001.log,/mnt/nfs/home/juelinliu/work1/gpu-mvr/slurm/logs/cpu_search_parallel_dynamic_latest/hotpot/benchmark_k100_20260425T211147Z_job28679210_task1_config_chunk_001.log",0.004367,4.368702,0.102666,0.000000,0.004359,0.006000,0.042930,0.030172,0.097734,0.703484,0.011930,
cpu_search_parallel_dynamic_latest,hotpot,avg_cpu_v3_fast_vs_parallel_t32_3trial_20260425T203556Z_cpu_search_parallel_dynamic_latest_k100,c1,64,2400,240,128,5,nfs,/mnt/nfs/home/juelinliu/work1/gpu-mvr/dataset/hotpot/gpu_mvr_2m,1000,100,5,7.142247,7142.247000,140.020667,0.823290,7.141667,7.097333,7.931000,8.217667,8.879333,17.467667,0.785000,openmp,32,3,"cpu_v3_fast_vs_parallel_t32_3trial_20260425T203556Z_cpu_search_parallel_dynamic_latest_k100_t1,cpu_v3_fast_vs_parallel_t32_3trial_20260425T203556Z_cpu_search_parallel_dynamic_latest_k100_t2,cpu_v3_fast_vs_parallel_t32_3trial_20260425T203556Z_cpu_search_parallel_dynamic_latest_k100_t3","/mnt/nfs/home/juelinliu/work1/gpu-mvr/slurm/logs/cpu_search_parallel_dynamic_latest/hotpot/benchmark_k100_20260425T205951Z_job28679206_task1_config_chunk_001.log,/mnt/nfs/home/juelinliu/work1/gpu-mvr/slurm/logs/cpu_search_parallel_dynamic_latest/hotpot/benchmark_k100_20260425T210601Z_job28679208_task1_config_chunk_001.log,/mnt/nfs/home/juelinliu/work1/gpu-mvr/slurm/logs/cpu_search_parallel_dynamic_latest/hotpot/benchmark_k100_20260425T211147Z_job28679210_task1_config_chunk_001.log",0.068448,68.449958,1.345457,0.000000,0.068632,0.081513,0.064645,0.092414,0.168506,11.003764,0.239025,
cpu_search_parallel_dynamic_latest,hotpot,avg_cpu_v3_fast_vs_parallel_t32_3trial_20260425T203556Z_cpu_search_parallel_dynamic_latest_k100,c2,96,1800,200,128,5,nfs,/mnt/nfs/home/juelinliu/work1/gpu-mvr/dataset/hotpot/gpu_mvr_2m,1000,100,5,8.811620,8811.620667,113.591333,0.806970,8.811000,8.785000,9.966333,10.287000,11.069333,12.689333,0.915000,openmp,32,3,"cpu_v3_fast_vs_parallel_t32_3trial_20260425T203556Z_cpu_search_parallel_dynamic_latest_k100_t1,cpu_v3_fast_vs_parallel_t32_3trial_20260425T203556Z_cpu_search_parallel_dynamic_latest_k100_t2,cpu_v3_fast_vs_parallel_t32_3trial_20260425T203556Z_cpu_search_parallel_dynamic_latest_k100_t3","/mnt/nfs/home/juelinliu/work1/gpu-mvr/slurm/logs/cpu_search_parallel_dynamic_latest/hotpot/benchmark_k100_20260425T205951Z_job28679206_task1_config_chunk_001.log,/mnt/nfs/home/juelinliu/work1/gpu-mvr/slurm/logs/cpu_search_parallel_dynamic_latest/hotpot/benchmark_k100_20260425T210601Z_job28679208_task1_config_chunk_001.log,/mnt/nfs/home/juelinliu/work1/gpu-mvr/slurm/logs/cpu_search_parallel_dynamic_latest/hotpot/benchmark_k100_20260425T211147Z_job28679210_task1_config_chunk_001.log",0.331222,331.220674,4.182306,0.000000,0.331362,0.355168,0.541862,0.509232,0.377442,0.922348,0.116396,
cpu_search_parallel_dynamic_latest,hotpot,avg_cpu_v3_fast_vs_parallel_t32_3trial_20260425T203556Z_cpu_search_parallel_dynamic_latest_k100,c3,96,2400,250,128,5,nfs,/mnt/nfs/home/juelinliu/work1/gpu-mvr/dataset/hotpot/gpu_mvr_2m,1000,100,5,9.545223,9545.221000,104.827333,0.844930,9.544333,9.475667,10.753000,11.051667,11.854000,24.274000,1.121000,openmp,32,3,"cpu_v3_fast_vs_parallel_t32_3trial_20260425T203556Z_cpu_search_parallel_dynamic_latest_k100_t1,cpu_v3_fast_vs_parallel_t32_3trial_20260425T203556Z_cpu_search_parallel_dynamic_latest_k100_t2,cpu_v3_fast_vs_parallel_t32_3trial_20260425T203556Z_cpu_search_parallel_dynamic_latest_k100_t3","/mnt/nfs/home/juelinliu/work1/gpu-mvr/slurm/logs/cpu_search_parallel_dynamic_latest/hotpot/benchmark_k100_20260425T205951Z_job28679206_task1_config_chunk_001.log,/mnt/nfs/home/juelinliu/work1/gpu-mvr/slurm/logs/cpu_search_parallel_dynamic_latest/hotpot/benchmark_k100_20260425T210601Z_job28679208_task1_config_chunk_001.log,/mnt/nfs/home/juelinliu/work1/gpu-mvr/slurm/logs/cpu_search_parallel_dynamic_latest/hotpot/benchmark_k100_20260425T211147Z_job28679210_task1_config_chunk_001.log",0.284877,284.874419,3.168937,0.000000,0.284806,0.295798,0.477319,0.436248,0.483789,10.271123,0.221515,
cpu_search_parallel_dynamic_latest,hotpot,avg_cpu_v3_fast_vs_parallel_t32_3trial_20260425T203556Z_cpu_search_parallel_dynamic_latest_k100,d1,128,3000,300,150,5,nfs,/mnt/nfs/home/juelinliu/work1/gpu-mvr/dataset/hotpot/gpu_mvr_2m,1000,100,5,12.372333,12372.324333,80.828667,0.882860,12.371667,12.260333,13.973333,14.646667,16.626333,19.378000,1.382000,openmp,32,3,"cpu_v3_fast_vs_parallel_t32_3trial_20260425T203556Z_cpu_search_parallel_dynamic_latest_k100_t1,cpu_v3_fast_vs_parallel_t32_3trial_20260425T203556Z_cpu_search_parallel_dynamic_latest_k100_t2,cpu_v3_fast_vs_parallel_t32_3trial_20260425T203556Z_cpu_search_parallel_dynamic_latest_k100_t3","/mnt/nfs/home/juelinliu/work1/gpu-mvr/slurm/logs/cpu_search_parallel_dynamic_latest/hotpot/benchmark_k100_20260425T205951Z_job28679206_task1_config_chunk_001.log,/mnt/nfs/home/juelinliu/work1/gpu-mvr/slurm/logs/cpu_search_parallel_dynamic_latest/hotpot/benchmark_k100_20260425T210601Z_job28679208_task1_config_chunk_001.log,/mnt/nfs/home/juelinliu/work1/gpu-mvr/slurm/logs/cpu_search_parallel_dynamic_latest/hotpot/benchmark_k100_20260425T211147Z_job28679210_task1_config_chunk_001.log",0.094431,94.395175,0.617579,0.000000,0.094564,0.185648,0.161816,0.132100,1.988145,4.783797,0.238388,
cpu_search_parallel_dynamic_latest,hotpot,avg_cpu_v3_fast_vs_parallel_t32_3trial_20260425T203556Z_cpu_search_parallel_dynamic_latest_k100,e1,96,3200,320,160,5,nfs,/mnt/nfs/home/juelinliu/work1/gpu-mvr/dataset/hotpot/gpu_mvr_2m,1000,100,5,10.116963,10116.949667,98.879000,0.877440,10.116667,9.999000,11.306333,12.003000,14.389667,19.605333,1.154000,openmp,32,3,"cpu_v3_fast_vs_parallel_t32_3trial_20260425T203556Z_cpu_search_parallel_dynamic_latest_k100_t1,cpu_v3_fast_vs_parallel_t32_3trial_20260425T203556Z_cpu_search_parallel_dynamic_latest_k100_t2,cpu_v3_fast_vs_parallel_t32_3trial_20260425T203556Z_cpu_search_parallel_dynamic_latest_k100_t3","/mnt/nfs/home/juelinliu/work1/gpu-mvr/slurm/logs/cpu_search_parallel_dynamic_latest/hotpot/benchmark_k100_20260425T205951Z_job28679206_task1_config_chunk_001.log,/mnt/nfs/home/juelinliu/work1/gpu-mvr/slurm/logs/cpu_search_parallel_dynamic_latest/hotpot/benchmark_k100_20260425T210601Z_job28679208_task1_config_chunk_001.log,/mnt/nfs/home/juelinliu/work1/gpu-mvr/slurm/logs/cpu_search_parallel_dynamic_latest/hotpot/benchmark_k100_20260425T211147Z_job28679210_task1_config_chunk_001.log",0.235206,235.182401,2.268766,0.000000,0.235398,0.123984,0.397279,0.958343,3.064629,5.819080,0.354361,
cpu_search_parallel_dynamic_latest,hotpot,avg_cpu_v3_fast_vs_parallel_t32_3trial_20260425T203556Z_cpu_search_parallel_dynamic_latest_k100,e2,128,2400,250,160,5,nfs,/mnt/nfs/home/juelinliu/work1/gpu-mvr/dataset/hotpot/gpu_mvr_2m,1000,100,5,10.995033,10995.010333,90.954333,0.858150,10.994667,10.966667,12.322667,12.699333,13.477667,18.970000,1.089667,openmp,32,3,"cpu_v3_fast_vs_parallel_t32_3trial_20260425T203556Z_cpu_search_parallel_dynamic_latest_k100_t1,cpu_v3_fast_vs_parallel_t32_3trial_20260425T203556Z_cpu_search_parallel_dynamic_latest_k100_t2,cpu_v3_fast_vs_parallel_t32_3trial_20260425T203556Z_cpu_search_parallel_dynamic_latest_k100_t3","/mnt/nfs/home/juelinliu/work1/gpu-mvr/slurm/logs/cpu_search_parallel_dynamic_latest/hotpot/benchmark_k100_20260425T205951Z_job28679206_task1_config_chunk_001.log,/mnt/nfs/home/juelinliu/work1/gpu-mvr/slurm/logs/cpu_search_parallel_dynamic_latest/hotpot/benchmark_k100_20260425T210601Z_job28679208_task1_config_chunk_001.log,/mnt/nfs/home/juelinliu/work1/gpu-mvr/slurm/logs/cpu_search_parallel_dynamic_latest/hotpot/benchmark_k100_20260425T211147Z_job28679210_task1_config_chunk_001.log",0.088297,88.287725,0.732545,0.000000,0.088274,0.067855,0.143654,0.157090,0.316734,7.095435,0.112882,
cpu_search_parallel_dynamic_latest,hotpot,avg_cpu_v3_fast_vs_parallel_t32_3trial_20260425T203556Z_cpu_search_parallel_dynamic_latest_k100,f1,128,4000,400,192,5,nfs,/mnt/nfs/home/juelinliu/work1/gpu-mvr/dataset/hotpot/gpu_mvr_2m,1000,100,5,12.527800,12527.778333,79.823000,0.909710,12.527333,12.486000,13.887667,14.266000,15.303667,20.709667,1.129000,openmp,32,3,"cpu_v3_fast_vs_parallel_t32_3trial_20260425T203556Z_cpu_search_parallel_dynamic_latest_k100_t1,cpu_v3_fast_vs_parallel_t32_3trial_20260425T203556Z_cpu_search_parallel_dynamic_latest_k100_t2,cpu_v3_fast_vs_parallel_t32_3trial_20260425T203556Z_cpu_search_parallel_dynamic_latest_k100_t3","/mnt/nfs/home/juelinliu/work1/gpu-mvr/slurm/logs/cpu_search_parallel_dynamic_latest/hotpot/benchmark_k100_20260425T205951Z_job28679206_task1_config_chunk_001.log,/mnt/nfs/home/juelinliu/work1/gpu-mvr/slurm/logs/cpu_search_parallel_dynamic_latest/hotpot/benchmark_k100_20260425T210601Z_job28679208_task1_config_chunk_001.log,/mnt/nfs/home/juelinliu/work1/gpu-mvr/slurm/logs/cpu_search_parallel_dynamic_latest/hotpot/benchmark_k100_20260425T211147Z_job28679210_task1_config_chunk_001.log",0.025762,25.772448,0.164329,0.000000,0.025968,0.048031,0.047543,0.084149,0.274294,4.618752,0.089000,
cpu_search_parallel_dynamic_latest,hotpot,avg_cpu_v3_fast_vs_parallel_t32_3trial_20260425T203556Z_cpu_search_parallel_dynamic_latest_k100,f2,160,3800,360,192,5,nfs,/mnt/nfs/home/juelinliu/work1/gpu-mvr/dataset/hotpot/gpu_mvr_2m,1000,100,5,14.304933,14304.926667,69.909333,0.910210,14.304333,14.181333,15.837667,16.345667,17.897667,78.541333,2.864333,openmp,32,3,"cpu_v3_fast_vs_parallel_t32_3trial_20260425T203556Z_cpu_search_parallel_dynamic_latest_k100_t1,cpu_v3_fast_vs_parallel_t32_3trial_20260425T203556Z_cpu_search_parallel_dynamic_latest_k100_t2,cpu_v3_fast_vs_parallel_t32_3trial_20260425T203556Z_cpu_search_parallel_dynamic_latest_k100_t3","/mnt/nfs/home/juelinliu/work1/gpu-mvr/slurm/logs/cpu_search_parallel_dynamic_latest/hotpot/benchmark_k100_20260425T205951Z_job28679206_task1_config_chunk_001.log,/mnt/nfs/home/juelinliu/work1/gpu-mvr/slurm/logs/cpu_search_parallel_dynamic_latest/hotpot/benchmark_k100_20260425T210601Z_job28679208_task1_config_chunk_001.log,/mnt/nfs/home/juelinliu/work1/gpu-mvr/slurm/logs/cpu_search_parallel_dynamic_latest/hotpot/benchmark_k100_20260425T211147Z_job28679210_task1_config_chunk_001.log",0.122593,122.613465,0.596502,0.000000,0.122769,0.018009,0.008505,0.035388,0.588246,101.162776,2.680206,
cpu_search_parallel_dynamic_latest,hotpot,avg_cpu_v3_fast_vs_parallel_t32_3trial_20260425T203556Z_cpu_search_parallel_dynamic_latest_k100,g1,160,5000,500,224,5,nfs,/mnt/nfs/home/juelinliu/work1/gpu-mvr/dataset/hotpot/gpu_mvr_2m,1000,100,5,15.609000,15608.972667,64.070333,0.931110,15.608333,15.570333,17.300000,17.848333,18.801000,20.939333,1.334000,openmp,32,3,"cpu_v3_fast_vs_parallel_t32_3trial_20260425T203556Z_cpu_search_parallel_dynamic_latest_k100_t1,cpu_v3_fast_vs_parallel_t32_3trial_20260425T203556Z_cpu_search_parallel_dynamic_latest_k100_t2,cpu_v3_fast_vs_parallel_t32_3trial_20260425T203556Z_cpu_search_parallel_dynamic_latest_k100_t3","/mnt/nfs/home/juelinliu/work1/gpu-mvr/slurm/logs/cpu_search_parallel_dynamic_latest/hotpot/benchmark_k100_20260425T205951Z_job28679206_task1_config_chunk_001.log,/mnt/nfs/home/juelinliu/work1/gpu-mvr/slurm/logs/cpu_search_parallel_dynamic_latest/hotpot/benchmark_k100_20260425T210601Z_job28679208_task1_config_chunk_001.log,/mnt/nfs/home/juelinliu/work1/gpu-mvr/slurm/logs/cpu_search_parallel_dynamic_latest/hotpot/benchmark_k100_20260425T211147Z_job28679210_task1_config_chunk_001.log",0.163398,163.420035,0.669669,0.000000,0.163849,0.154001,0.231515,0.272607,0.300970,1.198481,0.059355,
cpu_search_parallel_dynamic_latest,hotpot,avg_cpu_v3_fast_vs_parallel_t32_3trial_20260425T203556Z_cpu_search_parallel_dynamic_latest_k100,g2,160,6000,500,224,5,nfs,/mnt/nfs/home/juelinliu/work1/gpu-mvr/dataset/hotpot/gpu_mvr_2m,1000,100,5,16.099033,16099.026667,62.117333,0.938180,16.098667,16.070000,17.797333,18.214000,19.337667,22.591333,1.352667,openmp,32,3,"cpu_v3_fast_vs_parallel_t32_3trial_20260425T203556Z_cpu_search_parallel_dynamic_latest_k100_t1,cpu_v3_fast_vs_parallel_t32_3trial_20260425T203556Z_cpu_search_parallel_dynamic_latest_k100_t2,cpu_v3_fast_vs_parallel_t32_3trial_20260425T203556Z_cpu_search_parallel_dynamic_latest_k100_t3","/mnt/nfs/home/juelinliu/work1/gpu-mvr/slurm/logs/cpu_search_parallel_dynamic_latest/hotpot/benchmark_k100_20260425T205951Z_job28679206_task1_config_chunk_001.log,/mnt/nfs/home/juelinliu/work1/gpu-mvr/slurm/logs/cpu_search_parallel_dynamic_latest/hotpot/benchmark_k100_20260425T210601Z_job28679208_task1_config_chunk_001.log,/mnt/nfs/home/juelinliu/work1/gpu-mvr/slurm/logs/cpu_search_parallel_dynamic_latest/hotpot/benchmark_k100_20260425T211147Z_job28679210_task1_config_chunk_001.log",0.112326,112.331606,0.434090,0.000000,0.112394,0.075717,0.125894,0.137160,0.483365,4.592522,0.053267,
cpu_search_parallel_dynamic_latest,hotpot,avg_cpu_v3_fast_vs_parallel_t32_3trial_20260425T203556Z_cpu_search_parallel_dynamic_latest_k100,h1,192,6500,650,256,5,nfs,/mnt/nfs/home/juelinliu/work1/gpu-mvr/dataset/hotpot/gpu_mvr_2m,1000,100,5,19.086433,19086.437667,52.393333,0.947930,19.085667,19.028333,21.071333,21.587667,22.929667,38.710667,1.804333,openmp,32,3,"cpu_v3_fast_vs_parallel_t32_3trial_20260425T203556Z_cpu_search_parallel_dynamic_latest_k100_t1,cpu_v3_fast_vs_parallel_t32_3trial_20260425T203556Z_cpu_search_parallel_dynamic_latest_k100_t2,cpu_v3_fast_vs_parallel_t32_3trial_20260425T203556Z_cpu_search_parallel_dynamic_latest_k100_t3","/mnt/nfs/home/juelinliu/work1/gpu-mvr/slurm/logs/cpu_search_parallel_dynamic_latest/hotpot/benchmark_k100_20260425T205951Z_job28679206_task1_config_chunk_001.log,/mnt/nfs/home/juelinliu/work1/gpu-mvr/slurm/logs/cpu_search_parallel_dynamic_latest/hotpot/benchmark_k100_20260425T210601Z_job28679208_task1_config_chunk_001.log,/mnt/nfs/home/juelinliu/work1/gpu-mvr/slurm/logs/cpu_search_parallel_dynamic_latest/hotpot/benchmark_k100_20260425T211147Z_job28679210_task1_config_chunk_001.log",0.031842,31.852085,0.087375,0.000000,0.032130,0.073921,0.056146,0.030551,0.268936,14.578594,0.237188,
cpu_search_parallel_dynamic_latest,hotpot,avg_cpu_v3_fast_vs_parallel_t32_3trial_20260425T203556Z_cpu_search_parallel_dynamic_latest_k100,i1,224,8000,800,288,5,nfs,/mnt/nfs/home/juelinliu/work1/gpu-mvr/dataset/hotpot/gpu_mvr_2m,1000,100,5,22.966700,22966.716667,43.541333,0.957730,22.966000,22.662000,25.139333,25.861333,27.327667,214.147667,6.747333,openmp,32,3,"cpu_v3_fast_vs_parallel_t32_3trial_20260425T203556Z_cpu_search_parallel_dynamic_latest_k100_t1,cpu_v3_fast_vs_parallel_t32_3trial_20260425T203556Z_cpu_search_parallel_dynamic_latest_k100_t2,cpu_v3_fast_vs_parallel_t32_3trial_20260425T203556Z_cpu_search_parallel_dynamic_latest_k100_t3","/mnt/nfs/home/juelinliu/work1/gpu-mvr/slurm/logs/cpu_search_parallel_dynamic_latest/hotpot/benchmark_k100_20260425T205951Z_job28679206_task1_config_chunk_001.log,/mnt/nfs/home/juelinliu/work1/gpu-mvr/slurm/logs/cpu_search_parallel_dynamic_latest/hotpot/benchmark_k100_20260425T210601Z_job28679208_task1_config_chunk_001.log,/mnt/nfs/home/juelinliu/work1/gpu-mvr/slurm/logs/cpu_search_parallel_dynamic_latest/hotpot/benchmark_k100_20260425T211147Z_job28679210_task1_config_chunk_001.log",0.062794,62.767274,0.119090,0.000000,0.062554,0.029597,0.084595,0.134195,0.629960,33.124117,1.200038,
cpu_search_parallel_dynamic_latest,hotpot,avg_cpu_v3_fast_vs_parallel_t32_3trial_20260425T203556Z_cpu_search_parallel_dynamic_latest_k100,j1,256,10000,1000,320,5,nfs,/mnt/nfs/home/juelinliu/work1/gpu-mvr/dataset/hotpot/gpu_mvr_2m,1000,100,5,27.253867,27253.874333,36.694333,0.965350,27.253333,27.121667,30.104667,30.772000,32.595667,122.499000,4.182667,openmp,32,3,"cpu_v3_fast_vs_parallel_t32_3trial_20260425T203556Z_cpu_search_parallel_dynamic_latest_k100_t1,cpu_v3_fast_vs_parallel_t32_3trial_20260425T203556Z_cpu_search_parallel_dynamic_latest_k100_t2,cpu_v3_fast_vs_parallel_t32_3trial_20260425T203556Z_cpu_search_parallel_dynamic_latest_k100_t3","/mnt/nfs/home/juelinliu/work1/gpu-mvr/slurm/logs/cpu_search_parallel_dynamic_latest/hotpot/benchmark_k100_20260425T205951Z_job28679206_task1_config_chunk_001.log,/mnt/nfs/home/juelinliu/work1/gpu-mvr/slurm/logs/cpu_search_parallel_dynamic_latest/hotpot/benchmark_k100_20260425T210601Z_job28679208_task1_config_chunk_001.log,/mnt/nfs/home/juelinliu/work1/gpu-mvr/slurm/logs/cpu_search_parallel_dynamic_latest/hotpot/benchmark_k100_20260425T211147Z_job28679210_task1_config_chunk_001.log",0.264996,265.035429,0.357773,0.000000,0.264910,0.175001,0.185152,0.210530,0.930983,110.797637,2.729456,
cpu_search_parallel_dynamic_latest,hotpot,avg_cpu_v3_fast_vs_parallel_t32_3trial_20260425T203556Z_cpu_search_parallel_dynamic_latest_k100,k1,384,28000,1800,448,5,nfs,/mnt/nfs/home/juelinliu/work1/gpu-mvr/dataset/hotpot/gpu_mvr_2m,1000,100,5,52.797133,52797.137000,18.940667,0.976490,52.796000,52.439000,58.244333,59.862333,62.838000,215.637333,7.473667,openmp,32,3,"cpu_v3_fast_vs_parallel_t32_3trial_20260425T203556Z_cpu_search_parallel_dynamic_latest_k100_t1,cpu_v3_fast_vs_parallel_t32_3trial_20260425T203556Z_cpu_search_parallel_dynamic_latest_k100_t2,cpu_v3_fast_vs_parallel_t32_3trial_20260425T203556Z_cpu_search_parallel_dynamic_latest_k100_t3","/mnt/nfs/home/juelinliu/work1/gpu-mvr/slurm/logs/cpu_search_parallel_dynamic_latest/hotpot/benchmark_k100_20260425T205951Z_job28679206_task1_config_chunk_001.log,/mnt/nfs/home/juelinliu/work1/gpu-mvr/slurm/logs/cpu_search_parallel_dynamic_latest/hotpot/benchmark_k100_20260425T210601Z_job28679208_task1_config_chunk_001.log,/mnt/nfs/home/juelinliu/work1/gpu-mvr/slurm/logs/cpu_search_parallel_dynamic_latest/hotpot/benchmark_k100_20260425T211147Z_job28679210_task1_config_chunk_001.log",0.151071,151.078361,0.054602,0.000000,0.150728,0.057376,0.307742,0.390052,0.784214,129.181363,2.620270,
cpu_search_parallel_dynamic_latest,hotpot,avg_cpu_v3_fast_vs_parallel_t32_3trial_20260425T203556Z_cpu_search_parallel_dynamic_latest_k100,l1,448,28000,2200,512,5,nfs,/mnt/nfs/home/juelinliu/work1/gpu-mvr/dataset/hotpot/gpu_mvr_2m,1000,100,5,59.804933,59804.920667,16.722000,0.976910,59.804000,59.844000,65.721333,67.311667,70.615000,217.226333,7.429000,openmp,32,3,"cpu_v3_fast_vs_parallel_t32_3trial_20260425T203556Z_cpu_search_parallel_dynamic_latest_k100_t1,cpu_v3_fast_vs_parallel_t32_3trial_20260425T203556Z_cpu_search_parallel_dynamic_latest_k100_t2,cpu_v3_fast_vs_parallel_t32_3trial_20260425T203556Z_cpu_search_parallel_dynamic_latest_k100_t3","/mnt/nfs/home/juelinliu/work1/gpu-mvr/slurm/logs/cpu_search_parallel_dynamic_latest/hotpot/benchmark_k100_20260425T205951Z_job28679206_task1_config_chunk_001.log,/mnt/nfs/home/juelinliu/work1/gpu-mvr/slurm/logs/cpu_search_parallel_dynamic_latest/hotpot/benchmark_k100_20260425T210601Z_job28679208_task1_config_chunk_001.log,/mnt/nfs/home/juelinliu/work1/gpu-mvr/slurm/logs/cpu_search_parallel_dynamic_latest/hotpot/benchmark_k100_20260425T211147Z_job28679210_task1_config_chunk_001.log",0.494318,494.332284,0.137808,0.000000,0.494264,0.261157,0.510858,0.406109,1.136368,118.803518,2.206289,
cpu_search_parallel_dynamic_latest,lotte,avg_cpu_v3_fast_vs_parallel_t32_3trial_20260425T203556Z_cpu_search_parallel_dynamic_latest_k10,a1,16,800,100,64,5,nfs,/mnt/nfs/home/juelinliu/work1/gpu-mvr/dataset/lotte/gpu_mvr_2m,2931,10,5,7.564327,7564.325000,387.480667,0.898226,2.580000,2.556333,2.821667,2.905333,3.108000,16.846000,0.435000,openmp,32,3,"cpu_v3_fast_vs_parallel_t32_3trial_20260425T203556Z_cpu_search_parallel_dynamic_latest_k10_t1,cpu_v3_fast_vs_parallel_t32_3trial_20260425T203556Z_cpu_search_parallel_dynamic_latest_k10_t2,cpu_v3_fast_vs_parallel_t32_3trial_20260425T203556Z_cpu_search_parallel_dynamic_latest_k10_t3","/mnt/nfs/home/juelinliu/work1/gpu-mvr/slurm/logs/cpu_search_parallel_dynamic_latest/lotte/benchmark_k10_20260425T204344Z_job28679199_task0_config_chunk_001.log,/mnt/nfs/home/juelinliu/work1/gpu-mvr/slurm/logs/cpu_search_parallel_dynamic_latest/lotte/benchmark_k10_20260425T204842Z_job28679201_task0_config_chunk_001.log,/mnt/nfs/home/juelinliu/work1/gpu-mvr/slurm/logs/cpu_search_parallel_dynamic_latest/lotte/benchmark_k10_20260425T205157Z_job28679203_task0_config_chunk_001.log",0.029948,29.946496,1.532146,0.000000,0.010149,0.016042,0.013013,0.012097,0.016523,19.216598,0.363562,
cpu_search_parallel_dynamic_latest,lotte,avg_cpu_v3_fast_vs_parallel_t32_3trial_20260425T203556Z_cpu_search_parallel_dynamic_latest_k10,a2,24,1000,120,64,5,nfs,/mnt/nfs/home/juelinliu/work1/gpu-mvr/dataset/lotte/gpu_mvr_2m,2931,10,5,9.152173,9152.175000,320.262333,0.929410,3.122000,3.097667,3.412667,3.518000,3.752667,7.366000,0.307333,openmp,32,3,"cpu_v3_fast_vs_parallel_t32_3trial_20260425T203556Z_cpu_search_parallel_dynamic_latest_k10_t1,cpu_v3_fast_vs_parallel_t32_3trial_20260425T203556Z_cpu_search_parallel_dynamic_latest_k10_t2,cpu_v3_fast_vs_parallel_t32_3trial_20260425T203556Z_cpu_search_parallel_dynamic_latest_k10_t3","/mnt/nfs/home/juelinliu/work1/gpu-mvr/slurm/logs/cpu_search_parallel_dynamic_latest/lotte/benchmark_k10_20260425T204344Z_job28679199_task0_config_chunk_001.log,/mnt/nfs/home/juelinliu/work1/gpu-mvr/slurm/logs/cpu_search_parallel_dynamic_latest/lotte/benchmark_k10_20260425T204842Z_job28679201_task0_config_chunk_001.log,/mnt/nfs/home/juelinliu/work1/gpu-mvr/slurm/logs/cpu_search_parallel_dynamic_latest/lotte/benchmark_k10_20260425T205157Z_job28679203_task0_config_chunk_001.log",0.063950,63.951685,2.229273,0.000000,0.021794,0.015535,0.022723,0.020664,0.034962,2.542764,0.069176,
cpu_search_parallel_dynamic_latest,lotte,avg_cpu_v3_fast_vs_parallel_t32_3trial_20260425T203556Z_cpu_search_parallel_dynamic_latest_k10,a3,24,1200,150,64,5,nfs,/mnt/nfs/home/juelinliu/work1/gpu-mvr/dataset/lotte/gpu_mvr_2m,2931,10,5,10.024840,10024.845667,292.386000,0.933470,3.419667,3.387667,3.717000,3.823667,4.154667,13.548000,0.425000,openmp,32,3,"cpu_v3_fast_vs_parallel_t32_3trial_20260425T203556Z_cpu_search_parallel_dynamic_latest_k10_t1,cpu_v3_fast_vs_parallel_t32_3trial_20260425T203556Z_cpu_search_parallel_dynamic_latest_k10_t2,cpu_v3_fast_vs_parallel_t32_3trial_20260425T203556Z_cpu_search_parallel_dynamic_latest_k10_t3","/mnt/nfs/home/juelinliu/work1/gpu-mvr/slurm/logs/cpu_search_parallel_dynamic_latest/lotte/benchmark_k10_20260425T204344Z_job28679199_task0_config_chunk_001.log,/mnt/nfs/home/juelinliu/work1/gpu-mvr/slurm/logs/cpu_search_parallel_dynamic_latest/lotte/benchmark_k10_20260425T204842Z_job28679201_task0_config_chunk_001.log,/mnt/nfs/home/juelinliu/work1/gpu-mvr/slurm/logs/cpu_search_parallel_dynamic_latest/lotte/benchmark_k10_20260425T205157Z_job28679203_task0_config_chunk_001.log",0.080555,80.576619,2.347920,0.000000,0.027099,0.028308,0.024269,0.027538,0.084678,7.255092,0.147177,
cpu_search_parallel_dynamic_latest,lotte,avg_cpu_v3_fast_vs_parallel_t32_3trial_20260425T203556Z_cpu_search_parallel_dynamic_latest_k10,a4,32,800,100,64,5,nfs,/mnt/nfs/home/juelinliu/work1/gpu-mvr/dataset/lotte/gpu_mvr_2m,2931,10,5,9.546040,9546.039000,307.092000,0.938588,3.256333,3.186667,3.624333,3.799667,4.274667,73.263000,1.468333,openmp,32,3,"cpu_v3_fast_vs_parallel_t32_3trial_20260425T203556Z_cpu_search_parallel_dynamic_latest_k10_t1,cpu_v3_fast_vs_parallel_t32_3trial_20260425T203556Z_cpu_search_parallel_dynamic_latest_k10_t2,cpu_v3_fast_vs_parallel_t32_3trial_20260425T203556Z_cpu_search_parallel_dynamic_latest_k10_t3","/mnt/nfs/home/juelinliu/work1/gpu-mvr/slurm/logs/cpu_search_parallel_dynamic_latest/lotte/benchmark_k10_20260425T204344Z_job28679199_task0_config_chunk_001.log,/mnt/nfs/home/juelinliu/work1/gpu-mvr/slurm/logs/cpu_search_parallel_dynamic_latest/lotte/benchmark_k10_20260425T204842Z_job28679201_task0_config_chunk_001.log,/mnt/nfs/home/juelinliu/work1/gpu-mvr/slurm/logs/cpu_search_parallel_dynamic_latest/lotte/benchmark_k10_20260425T205157Z_job28679203_task0_config_chunk_001.log",0.155136,155.137017,4.960369,0.000000,0.052975,0.018771,0.030925,0.063011,0.181605,66.081875,1.205959,
cpu_search_parallel_dynamic_latest,lotte,avg_cpu_v3_fast_vs_parallel_t32_3trial_20260425T203556Z_cpu_search_parallel_dynamic_latest_k10,b1,48,1000,120,96,5,nfs,/mnt/nfs/home/juelinliu/work1/gpu-mvr/dataset/lotte/gpu_mvr_2m,2931,10,5,12.388933,12388.939333,236.697000,0.959297,4.226333,4.177667,4.738667,4.935333,5.644667,9.612333,0.458333,openmp,32,3,"cpu_v3_fast_vs_parallel_t32_3trial_20260425T203556Z_cpu_search_parallel_dynamic_latest_k10_t1,cpu_v3_fast_vs_parallel_t32_3trial_20260425T203556Z_cpu_search_parallel_dynamic_latest_k10_t2,cpu_v3_fast_vs_parallel_t32_3trial_20260425T203556Z_cpu_search_parallel_dynamic_latest_k10_t3","/mnt/nfs/home/juelinliu/work1/gpu-mvr/slurm/logs/cpu_search_parallel_dynamic_latest/lotte/benchmark_k10_20260425T204344Z_job28679199_task0_config_chunk_001.log,/mnt/nfs/home/juelinliu/work1/gpu-mvr/slurm/logs/cpu_search_parallel_dynamic_latest/lotte/benchmark_k10_20260425T204842Z_job28679201_task0_config_chunk_001.log,/mnt/nfs/home/juelinliu/work1/gpu-mvr/slurm/logs/cpu_search_parallel_dynamic_latest/lotte/benchmark_k10_20260425T205157Z_job28679203_task0_config_chunk_001.log",0.336957,336.925396,6.349385,0.000000,0.114745,0.099681,0.173163,0.211212,0.451328,1.838081,0.071668,
cpu_search_parallel_dynamic_latest,lotte,avg_cpu_v3_fast_vs_parallel_t32_3trial_20260425T203556Z_cpu_search_parallel_dynamic_latest_k10,b2,48,1500,150,96,5,nfs,/mnt/nfs/home/juelinliu/work1/gpu-mvr/dataset/lotte/gpu_mvr_2m,2931,10,5,13.907933,13907.933667,210.745000,0.964654,4.744333,4.707667,5.247333,5.443667,5.974667,8.447000,0.420333,openmp,32,3,"cpu_v3_fast_vs_parallel_t32_3trial_20260425T203556Z_cpu_search_parallel_dynamic_latest_k10_t1,cpu_v3_fast_vs_parallel_t32_3trial_20260425T203556Z_cpu_search_parallel_dynamic_latest_k10_t2,cpu_v3_fast_vs_parallel_t32_3trial_20260425T203556Z_cpu_search_parallel_dynamic_latest_k10_t3","/mnt/nfs/home/juelinliu/work1/gpu-mvr/slurm/logs/cpu_search_parallel_dynamic_latest/lotte/benchmark_k10_20260425T204344Z_job28679199_task0_config_chunk_001.log,/mnt/nfs/home/juelinliu/work1/gpu-mvr/slurm/logs/cpu_search_parallel_dynamic_latest/lotte/benchmark_k10_20260425T204842Z_job28679201_task0_config_chunk_001.log,/mnt/nfs/home/juelinliu/work1/gpu-mvr/slurm/logs/cpu_search_parallel_dynamic_latest/lotte/benchmark_k10_20260425T205157Z_job28679203_task0_config_chunk_001.log",0.047846,47.868655,0.724737,0.000000,0.016258,0.015503,0.036692,0.059231,0.213613,1.292447,0.029738,
cpu_search_parallel_dynamic_latest,lotte,avg_cpu_v3_fast_vs_parallel_t32_3trial_20260425T203556Z_cpu_search_parallel_dynamic_latest_k10,b3,64,1200,150,96,5,nfs,/mnt/nfs/home/juelinliu/work1/gpu-mvr/dataset/lotte/gpu_mvr_2m,2931,10,5,15.478900,15478.881667,189.361333,0.970147,5.280667,5.249667,5.896000,6.101000,6.541333,9.143667,0.489667,openmp,32,3,"cpu_v3_fast_vs_parallel_t32_3trial_20260425T203556Z_cpu_search_parallel_dynamic_latest_k10_t1,cpu_v3_fast_vs_parallel_t32_3trial_20260425T203556Z_cpu_search_parallel_dynamic_latest_k10_t2,cpu_v3_fast_vs_parallel_t32_3trial_20260425T203556Z_cpu_search_parallel_dynamic_latest_k10_t3","/mnt/nfs/home/juelinliu/work1/gpu-mvr/slurm/logs/cpu_search_parallel_dynamic_latest/lotte/benchmark_k10_20260425T204344Z_job28679199_task0_config_chunk_001.log,/mnt/nfs/home/juelinliu/work1/gpu-mvr/slurm/logs/cpu_search_parallel_dynamic_latest/lotte/benchmark_k10_20260425T204842Z_job28679201_task0_config_chunk_001.log,/mnt/nfs/home/juelinliu/work1/gpu-mvr/slurm/logs/cpu_search_parallel_dynamic_latest/lotte/benchmark_k10_20260425T205157Z_job28679203_task0_config_chunk_001.log",0.113101,113.082287,1.378407,0.000000,0.038940,0.039552,0.029715,0.050319,0.087649,0.979248,0.012858,
cpu_search_parallel_dynamic_latest,lotte,avg_cpu_v3_fast_vs_parallel_t32_3trial_20260425T203556Z_cpu_search_parallel_dynamic_latest_k10,b4,64,1800,180,96,5,nfs,/mnt/nfs/home/juelinliu/work1/gpu-mvr/dataset/lotte/gpu_mvr_2m,2931,10,5,17.144500,17144.483000,170.975333,0.973456,5.848667,5.791000,6.506000,6.749000,7.725000,20.003333,0.737333,openmp,32,3,"cpu_v3_fast_vs_parallel_t32_3trial_20260425T203556Z_cpu_search_parallel_dynamic_latest_k10_t1,cpu_v3_fast_vs_parallel_t32_3trial_20260425T203556Z_cpu_search_parallel_dynamic_latest_k10_t2,cpu_v3_fast_vs_parallel_t32_3trial_20260425T203556Z_cpu_search_parallel_dynamic_latest_k10_t3","/mnt/nfs/home/juelinliu/work1/gpu-mvr/slurm/logs/cpu_search_parallel_dynamic_latest/lotte/benchmark_k10_20260425T204344Z_job28679199_task0_config_chunk_001.log,/mnt/nfs/home/juelinliu/work1/gpu-mvr/slurm/logs/cpu_search_parallel_dynamic_latest/lotte/benchmark_k10_20260425T204842Z_job28679201_task0_config_chunk_001.log,/mnt/nfs/home/juelinliu/work1/gpu-mvr/slurm/logs/cpu_search_parallel_dynamic_latest/lotte/benchmark_k10_20260425T205157Z_job28679203_task0_config_chunk_001.log",0.206516,206.528123,2.049530,0.000000,0.070316,0.048816,0.125204,0.173491,0.620761,12.295661,0.256036,
cpu_search_parallel_dynamic_latest,lotte,avg_cpu_v3_fast_vs_parallel_t32_3trial_20260425T203556Z_cpu_search_parallel_dynamic_latest_k10,c1,64,2400,240,128,5,nfs,/mnt/nfs/home/juelinliu/work1/gpu-mvr/dataset/lotte/gpu_mvr_2m,2931,10,5,19.507033,19507.039333,150.276333,0.975060,6.655000,6.559333,7.329000,7.612333,8.627000,84.088333,1.763667,openmp,32,3,"cpu_v3_fast_vs_parallel_t32_3trial_20260425T203556Z_cpu_search_parallel_dynamic_latest_k10_t1,cpu_v3_fast_vs_parallel_t32_3trial_20260425T203556Z_cpu_search_parallel_dynamic_latest_k10_t2,cpu_v3_fast_vs_parallel_t32_3trial_20260425T203556Z_cpu_search_parallel_dynamic_latest_k10_t3","/mnt/nfs/home/juelinliu/work1/gpu-mvr/slurm/logs/cpu_search_parallel_dynamic_latest/lotte/benchmark_k10_20260425T204344Z_job28679199_task0_config_chunk_001.log,/mnt/nfs/home/juelinliu/work1/gpu-mvr/slurm/logs/cpu_search_parallel_dynamic_latest/lotte/benchmark_k10_20260425T204842Z_job28679201_task0_config_chunk_001.log,/mnt/nfs/home/juelinliu/work1/gpu-mvr/slurm/logs/cpu_search_parallel_dynamic_latest/lotte/benchmark_k10_20260425T205157Z_job28679203_task0_config_chunk_001.log",0.295727,295.699231,2.297686,0.000000,0.100703,0.057501,0.148000,0.256290,0.763134,113.421317,1.842841,
cpu_search_parallel_dynamic_latest,lotte,avg_cpu_v3_fast_vs_parallel_t32_3trial_20260425T203556Z_cpu_search_parallel_dynamic_latest_k10,c2,96,1800,200,128,5,nfs,/mnt/nfs/home/juelinliu/work1/gpu-mvr/dataset/lotte/gpu_mvr_2m,2931,10,5,21.563533,21563.532000,135.936000,0.978301,7.356667,7.244000,8.241667,8.544333,9.513333,92.302667,1.981667,openmp,32,3,"cpu_v3_fast_vs_parallel_t32_3trial_20260425T203556Z_cpu_search_parallel_dynamic_latest_k10_t1,cpu_v3_fast_vs_parallel_t32_3trial_20260425T203556Z_cpu_search_parallel_dynamic_latest_k10_t2,cpu_v3_fast_vs_parallel_t32_3trial_20260425T203556Z_cpu_search_parallel_dynamic_latest_k10_t3","/mnt/nfs/home/juelinliu/work1/gpu-mvr/slurm/logs/cpu_search_parallel_dynamic_latest/lotte/benchmark_k10_20260425T204344Z_job28679199_task0_config_chunk_001.log,/mnt/nfs/home/juelinliu/work1/gpu-mvr/slurm/logs/cpu_search_parallel_dynamic_latest/lotte/benchmark_k10_20260425T204842Z_job28679201_task0_config_chunk_001.log,/mnt/nfs/home/juelinliu/work1/gpu-mvr/slurm/logs/cpu_search_parallel_dynamic_latest/lotte/benchmark_k10_20260425T205157Z_job28679203_task0_config_chunk_001.log",0.248529,248.510293,1.561866,0.000000,0.084595,0.084433,0.179581,0.216373,0.406597,111.567972,1.834531,
cpu_search_parallel_dynamic_latest,lotte,avg_cpu_v3_fast_vs_parallel_t32_3trial_20260425T203556Z_cpu_search_parallel_dynamic_latest_k10,c3,96,2400,250,128,5,nfs,/mnt/nfs/home/juelinliu/work1/gpu-mvr/dataset/lotte/gpu_mvr_2m,2931,10,5,23.618600,23618.592000,124.101333,0.979120,8.058000,7.981000,8.979667,9.304000,10.692333,19.799333,0.806333,openmp,32,3,"cpu_v3_fast_vs_parallel_t32_3trial_20260425T203556Z_cpu_search_parallel_dynamic_latest_k10_t1,cpu_v3_fast_vs_parallel_t32_3trial_20260425T203556Z_cpu_search_parallel_dynamic_latest_k10_t2,cpu_v3_fast_vs_parallel_t32_3trial_20260425T203556Z_cpu_search_parallel_dynamic_latest_k10_t3","/mnt/nfs/home/juelinliu/work1/gpu-mvr/slurm/logs/cpu_search_parallel_dynamic_latest/lotte/benchmark_k10_20260425T204344Z_job28679199_task0_config_chunk_001.log,/mnt/nfs/home/juelinliu/work1/gpu-mvr/slurm/logs/cpu_search_parallel_dynamic_latest/lotte/benchmark_k10_20260425T204842Z_job28679201_task0_config_chunk_001.log,/mnt/nfs/home/juelinliu/work1/gpu-mvr/slurm/logs/cpu_search_parallel_dynamic_latest/lotte/benchmark_k10_20260425T205157Z_job28679203_task0_config_chunk_001.log",0.168042,168.062749,0.886270,0.000000,0.057193,0.056347,0.089271,0.100414,0.430361,5.908704,0.048429,
cpu_search_parallel_dynamic_latest,lotte,avg_cpu_v3_fast_vs_parallel_t32_3trial_20260425T203556Z_cpu_search_parallel_dynamic_latest_k10,d1,128,3000,300,150,5,nfs,/mnt/nfs/home/juelinliu/work1/gpu-mvr/dataset/lotte/gpu_mvr_2m,2931,10,5,29.833533,29833.521000,98.245667,0.981303,10.178000,10.083667,11.317000,11.701667,12.632000,72.029000,1.582000,openmp,32,3,"cpu_v3_fast_vs_parallel_t32_3trial_20260425T203556Z_cpu_search_parallel_dynamic_latest_k10_t1,cpu_v3_fast_vs_parallel_t32_3trial_20260425T203556Z_cpu_search_parallel_dynamic_latest_k10_t2,cpu_v3_fast_vs_parallel_t32_3trial_20260425T203556Z_cpu_search_parallel_dynamic_latest_k10_t3","/mnt/nfs/home/juelinliu/work1/gpu-mvr/slurm/logs/cpu_search_parallel_dynamic_latest/lotte/benchmark_k10_20260425T204344Z_job28679199_task0_config_chunk_001.log,/mnt/nfs/home/juelinliu/work1/gpu-mvr/slurm/logs/cpu_search_parallel_dynamic_latest/lotte/benchmark_k10_20260425T204842Z_job28679201_task0_config_chunk_001.log,/mnt/nfs/home/juelinliu/work1/gpu-mvr/slurm/logs/cpu_search_parallel_dynamic_latest/lotte/benchmark_k10_20260425T205157Z_job28679203_task0_config_chunk_001.log",0.069214,69.187964,0.227825,0.000000,0.023643,0.022591,0.004583,0.016803,0.223000,63.667409,0.931650,
cpu_search_parallel_dynamic_latest,lotte,avg_cpu_v3_fast_vs_parallel_t32_3trial_20260425T203556Z_cpu_search_parallel_dynamic_latest_k10,e1,96,3200,320,160,5,nfs,/mnt/nfs/home/juelinliu/work1/gpu-mvr/dataset/lotte/gpu_mvr_2m,2931,10,5,26.218333,26218.330000,111.792333,0.979904,8.945000,8.882333,9.855667,10.171333,11.278000,26.891000,0.879667,openmp,32,3,"cpu_v3_fast_vs_parallel_t32_3trial_20260425T203556Z_cpu_search_parallel_dynamic_latest_k10_t1,cpu_v3_fast_vs_parallel_t32_3trial_20260425T203556Z_cpu_search_parallel_dynamic_latest_k10_t2,cpu_v3_fast_vs_parallel_t32_3trial_20260425T203556Z_cpu_search_parallel_dynamic_latest_k10_t3","/mnt/nfs/home/juelinliu/work1/gpu-mvr/slurm/logs/cpu_search_parallel_dynamic_latest/lotte/benchmark_k10_20260425T204344Z_job28679199_task0_config_chunk_001.log,/mnt/nfs/home/juelinliu/work1/gpu-mvr/slurm/logs/cpu_search_parallel_dynamic_latest/lotte/benchmark_k10_20260425T204842Z_job28679201_task0_config_chunk_001.log,/mnt/nfs/home/juelinliu/work1/gpu-mvr/slurm/logs/cpu_search_parallel_dynamic_latest/lotte/benchmark_k10_20260425T205157Z_job28679203_task0_config_chunk_001.log",0.051253,51.286157,0.218756,0.000000,0.017436,0.007767,0.043662,0.042099,0.493902,6.515655,0.070770,
cpu_search_parallel_dynamic_latest,lotte,avg_cpu_v3_fast_vs_parallel_t32_3trial_20260425T203556Z_cpu_search_parallel_dynamic_latest_k10,e2,128,2400,250,160,5,nfs,/mnt/nfs/home/juelinliu/work1/gpu-mvr/dataset/lotte/gpu_mvr_2m,2931,10,5,27.609667,27609.658667,106.159000,0.981064,9.419333,9.347333,10.559333,10.934667,11.993333,24.335667,0.994667,openmp,32,3,"cpu_v3_fast_vs_parallel_t32_3trial_20260425T203556Z_cpu_search_parallel_dynamic_latest_k10_t1,cpu_v3_fast_vs_parallel_t32_3trial_20260425T203556Z_cpu_search_parallel_dynamic_latest_k10_t2,cpu_v3_fast_vs_parallel_t32_3trial_20260425T203556Z_cpu_search_parallel_dynamic_latest_k10_t3","/mnt/nfs/home/juelinliu/work1/gpu-mvr/slurm/logs/cpu_search_parallel_dynamic_latest/lotte/benchmark_k10_20260425T204344Z_job28679199_task0_config_chunk_001.log,/mnt/nfs/home/juelinliu/work1/gpu-mvr/slurm/logs/cpu_search_parallel_dynamic_latest/lotte/benchmark_k10_20260425T204842Z_job28679201_task0_config_chunk_001.log,/mnt/nfs/home/juelinliu/work1/gpu-mvr/slurm/logs/cpu_search_parallel_dynamic_latest/lotte/benchmark_k10_20260425T205157Z_job28679203_task0_config_chunk_001.log",0.048906,48.898530,0.187968,0.000000,0.016623,0.011504,0.014295,0.067002,0.181387,12.206424,0.102919,
cpu_search_parallel_dynamic_latest,lotte,avg_cpu_v3_fast_vs_parallel_t32_3trial_20260425T203556Z_cpu_search_parallel_dynamic_latest_k10,f1,128,4000,400,192,5,nfs,/mnt/nfs/home/juelinliu/work1/gpu-mvr/dataset/lotte/gpu_mvr_2m,2931,10,5,33.070000,33070.010667,88.632000,0.981713,11.282333,11.199667,12.490333,12.868667,13.838000,27.427333,1.009333,openmp,32,3,"cpu_v3_fast_vs_parallel_t32_3trial_20260425T203556Z_cpu_search_parallel_dynamic_latest_k10_t1,cpu_v3_fast_vs_parallel_t32_3trial_20260425T203556Z_cpu_search_parallel_dynamic_latest_k10_t2,cpu_v3_fast_vs_parallel_t32_3trial_20260425T203556Z_cpu_search_parallel_dynamic_latest_k10_t3","/mnt/nfs/home/juelinliu/work1/gpu-mvr/slurm/logs/cpu_search_parallel_dynamic_latest/lotte/benchmark_k10_20260425T204344Z_job28679199_task0_config_chunk_001.log,/mnt/nfs/home/juelinliu/work1/gpu-mvr/slurm/logs/cpu_search_parallel_dynamic_latest/lotte/benchmark_k10_20260425T204842Z_job28679201_task0_config_chunk_001.log,/mnt/nfs/home/juelinliu/work1/gpu-mvr/slurm/logs/cpu_search_parallel_dynamic_latest/lotte/benchmark_k10_20260425T205157Z_job28679203_task0_config_chunk_001.log",0.188004,187.979196,0.504967,0.000000,0.063877,0.057361,0.112545,0.096573,0.142313,8.935759,0.042922,
cpu_search_parallel_dynamic_latest,lotte,avg_cpu_v3_fast_vs_parallel_t32_3trial_20260425T203556Z_cpu_search_parallel_dynamic_latest_k10,f2,160,3800,360,192,5,nfs,/mnt/nfs/home/juelinliu/work1/gpu-mvr/dataset/lotte/gpu_mvr_2m,2931,10,5,36.263133,36263.110667,80.827667,0.982156,12.371667,12.252667,13.819667,14.335000,15.603333,79.397667,1.940333,openmp,32,3,"cpu_v3_fast_vs_parallel_t32_3trial_20260425T203556Z_cpu_search_parallel_dynamic_latest_k10_t1,cpu_v3_fast_vs_parallel_t32_3trial_20260425T203556Z_cpu_search_parallel_dynamic_latest_k10_t2,cpu_v3_fast_vs_parallel_t32_3trial_20260425T203556Z_cpu_search_parallel_dynamic_latest_k10_t3","/mnt/nfs/home/juelinliu/work1/gpu-mvr/slurm/logs/cpu_search_parallel_dynamic_latest/lotte/benchmark_k10_20260425T204344Z_job28679199_task0_config_chunk_001.log,/mnt/nfs/home/juelinliu/work1/gpu-mvr/slurm/logs/cpu_search_parallel_dynamic_latest/lotte/benchmark_k10_20260425T204842Z_job28679201_task0_config_chunk_001.log,/mnt/nfs/home/juelinliu/work1/gpu-mvr/slurm/logs/cpu_search_parallel_dynamic_latest/lotte/benchmark_k10_20260425T205157Z_job28679203_task0_config_chunk_001.log",0.204838,204.845525,0.456641,0.000000,0.069716,0.030892,0.050053,0.055866,0.188537,55.416757,0.710946,
cpu_search_parallel_dynamic_latest,lotte,avg_cpu_v3_fast_vs_parallel_t32_3trial_20260425T203556Z_cpu_search_parallel_dynamic_latest_k10,g1,160,5000,500,224,5,nfs,/mnt/nfs/home/juelinliu/work1/gpu-mvr/dataset/lotte/gpu_mvr_2m,2931,10,5,41.012800,41012.770333,71.471000,0.982293,13.992333,13.913333,15.479333,15.947333,16.997333,29.873667,1.217333,openmp,32,3,"cpu_v3_fast_vs_parallel_t32_3trial_20260425T203556Z_cpu_search_parallel_dynamic_latest_k10_t1,cpu_v3_fast_vs_parallel_t32_3trial_20260425T203556Z_cpu_search_parallel_dynamic_latest_k10_t2,cpu_v3_fast_vs_parallel_t32_3trial_20260425T203556Z_cpu_search_parallel_dynamic_latest_k10_t3","/mnt/nfs/home/juelinliu/work1/gpu-mvr/slurm/logs/cpu_search_parallel_dynamic_latest/lotte/benchmark_k10_20260425T204344Z_job28679199_task0_config_chunk_001.log,/mnt/nfs/home/juelinliu/work1/gpu-mvr/slurm/logs/cpu_search_parallel_dynamic_latest/lotte/benchmark_k10_20260425T204842Z_job28679201_task0_config_chunk_001.log,/mnt/nfs/home/juelinliu/work1/gpu-mvr/slurm/logs/cpu_search_parallel_dynamic_latest/lotte/benchmark_k10_20260425T205157Z_job28679203_task0_config_chunk_001.log",0.440204,440.210563,0.770777,0.000000,0.150281,0.141001,0.144597,0.163696,0.301314,8.461711,0.084760,
cpu_search_parallel_dynamic_latest,lotte,avg_cpu_v3_fast_vs_parallel_t32_3trial_20260425T203556Z_cpu_search_parallel_dynamic_latest_k10,g2,160,6000,500,224,5,nfs,/mnt/nfs/home/juelinliu/work1/gpu-mvr/dataset/lotte/gpu_mvr_2m,2931,10,5,43.017233,43017.251667,68.137333,0.982429,14.676000,14.601333,16.203000,16.712667,17.899667,28.428333,1.229000,openmp,32,3,"cpu_v3_fast_vs_parallel_t32_3trial_20260425T203556Z_cpu_search_parallel_dynamic_latest_k10_t1,cpu_v3_fast_vs_parallel_t32_3trial_20260425T203556Z_cpu_search_parallel_dynamic_latest_k10_t2,cpu_v3_fast_vs_parallel_t32_3trial_20260425T203556Z_cpu_search_parallel_dynamic_latest_k10_t3","/mnt/nfs/home/juelinliu/work1/gpu-mvr/slurm/logs/cpu_search_parallel_dynamic_latest/lotte/benchmark_k10_20260425T204344Z_job28679199_task0_config_chunk_001.log,/mnt/nfs/home/juelinliu/work1/gpu-mvr/slurm/logs/cpu_search_parallel_dynamic_latest/lotte/benchmark_k10_20260425T204842Z_job28679201_task0_config_chunk_001.log,/mnt/nfs/home/juelinliu/work1/gpu-mvr/slurm/logs/cpu_search_parallel_dynamic_latest/lotte/benchmark_k10_20260425T205157Z_job28679203_task0_config_chunk_001.log",0.261916,261.942302,0.414084,0.000000,0.089168,0.103002,0.095221,0.119354,0.287733,7.855438,0.058813,
cpu_search_parallel_dynamic_latest,lotte,avg_cpu_v3_fast_vs_parallel_t32_3trial_20260425T203556Z_cpu_search_parallel_dynamic_latest_k10,h1,192,6500,650,256,5,nfs,/mnt/nfs/home/juelinliu/work1/gpu-mvr/dataset/lotte/gpu_mvr_2m,2931,10,5,50.792800,50792.801000,57.706000,0.982634,17.329000,17.221000,19.142667,19.743000,20.893333,65.855667,1.839000,openmp,32,3,"cpu_v3_fast_vs_parallel_t32_3trial_20260425T203556Z_cpu_search_parallel_dynamic_latest_k10_t1,cpu_v3_fast_vs_parallel_t32_3trial_20260425T203556Z_cpu_search_parallel_dynamic_latest_k10_t2,cpu_v3_fast_vs_parallel_t32_3trial_20260425T203556Z_cpu_search_parallel_dynamic_latest_k10_t3","/mnt/nfs/home/juelinliu/work1/gpu-mvr/slurm/logs/cpu_search_parallel_dynamic_latest/lotte/benchmark_k10_20260425T204344Z_job28679199_task0_config_chunk_001.log,/mnt/nfs/home/juelinliu/work1/gpu-mvr/slurm/logs/cpu_search_parallel_dynamic_latest/lotte/benchmark_k10_20260425T204842Z_job28679201_task0_config_chunk_001.log,/mnt/nfs/home/juelinliu/work1/gpu-mvr/slurm/logs/cpu_search_parallel_dynamic_latest/lotte/benchmark_k10_20260425T205157Z_job28679203_task0_config_chunk_001.log",0.267096,267.062078,0.303788,0.000000,0.091000,0.050468,0.107100,0.115113,0.229500,50.462564,0.578553,
cpu_search_parallel_dynamic_latest,lotte,avg_cpu_v3_fast_vs_parallel_t32_3trial_20260425T203556Z_cpu_search_parallel_dynamic_latest_k10,i1,224,8000,800,288,5,nfs,/mnt/nfs/home/juelinliu/work1/gpu-mvr/dataset/lotte/gpu_mvr_2m,2931,10,5,60.778500,60778.468333,48.224333,0.982839,20.735667,20.607333,23.011333,23.774333,25.321333,125.608000,3.003000,openmp,32,3,"cpu_v3_fast_vs_parallel_t32_3trial_20260425T203556Z_cpu_search_parallel_dynamic_latest_k10_t1,cpu_v3_fast_vs_parallel_t32_3trial_20260425T203556Z_cpu_search_parallel_dynamic_latest_k10_t2,cpu_v3_fast_vs_parallel_t32_3trial_20260425T203556Z_cpu_search_parallel_dynamic_latest_k10_t3","/mnt/nfs/home/juelinliu/work1/gpu-mvr/slurm/logs/cpu_search_parallel_dynamic_latest/lotte/benchmark_k10_20260425T204344Z_job28679199_task0_config_chunk_001.log,/mnt/nfs/home/juelinliu/work1/gpu-mvr/slurm/logs/cpu_search_parallel_dynamic_latest/lotte/benchmark_k10_20260425T204842Z_job28679201_task0_config_chunk_001.log,/mnt/nfs/home/juelinliu/work1/gpu-mvr/slurm/logs/cpu_search_parallel_dynamic_latest/lotte/benchmark_k10_20260425T205157Z_job28679203_task0_config_chunk_001.log",0.179167,179.178696,0.142339,0.000000,0.061175,0.040054,0.097705,0.092932,0.360912,145.527158,2.049865,
cpu_search_parallel_dynamic_latest,lotte,avg_cpu_v3_fast_vs_parallel_t32_3trial_20260425T203556Z_cpu_search_parallel_dynamic_latest_k10,j1,256,10000,1000,320,5,nfs,/mnt/nfs/home/juelinliu/work1/gpu-mvr/dataset/lotte/gpu_mvr_2m,2931,10,5,73.147033,73147.041000,40.070000,0.983009,24.955667,24.819667,27.841000,28.705333,30.334333,44.171333,2.172667,openmp,32,3,"cpu_v3_fast_vs_parallel_t32_3trial_20260425T203556Z_cpu_search_parallel_dynamic_latest_k10_t1,cpu_v3_fast_vs_parallel_t32_3trial_20260425T203556Z_cpu_search_parallel_dynamic_latest_k10_t2,cpu_v3_fast_vs_parallel_t32_3trial_20260425T203556Z_cpu_search_parallel_dynamic_latest_k10_t3","/mnt/nfs/home/juelinliu/work1/gpu-mvr/slurm/logs/cpu_search_parallel_dynamic_latest/lotte/benchmark_k10_20260425T204344Z_job28679199_task0_config_chunk_001.log,/mnt/nfs/home/juelinliu/work1/gpu-mvr/slurm/logs/cpu_search_parallel_dynamic_latest/lotte/benchmark_k10_20260425T204842Z_job28679201_task0_config_chunk_001.log,/mnt/nfs/home/juelinliu/work1/gpu-mvr/slurm/logs/cpu_search_parallel_dynamic_latest/lotte/benchmark_k10_20260425T205157Z_job28679203_task0_config_chunk_001.log",0.295547,295.576800,0.161753,0.000000,0.101007,0.107872,0.102367,0.089579,0.192905,14.555226,0.134288,
cpu_search_parallel_dynamic_latest,lotte,avg_cpu_v3_fast_vs_parallel_t32_3trial_20260425T203556Z_cpu_search_parallel_dynamic_latest_k10,k1,384,28000,1800,448,5,nfs,/mnt/nfs/home/juelinliu/work1/gpu-mvr/dataset/lotte/gpu_mvr_2m,2931,10,5,149.017000,149016.991333,19.669667,0.983316,50.840667,50.375667,56.893333,58.948667,62.430000,213.386333,5.897000,openmp,32,3,"cpu_v3_fast_vs_parallel_t32_3trial_20260425T203556Z_cpu_search_parallel_dynamic_latest_k10_t1,cpu_v3_fast_vs_parallel_t32_3trial_20260425T203556Z_cpu_search_parallel_dynamic_latest_k10_t2,cpu_v3_fast_vs_parallel_t32_3trial_20260425T203556Z_cpu_search_parallel_dynamic_latest_k10_t3","/mnt/nfs/home/juelinliu/work1/gpu-mvr/slurm/logs/cpu_search_parallel_dynamic_latest/lotte/benchmark_k10_20260425T204344Z_job28679199_task0_config_chunk_001.log,/mnt/nfs/home/juelinliu/work1/gpu-mvr/slurm/logs/cpu_search_parallel_dynamic_latest/lotte/benchmark_k10_20260425T204842Z_job28679201_task0_config_chunk_001.log,/mnt/nfs/home/juelinliu/work1/gpu-mvr/slurm/logs/cpu_search_parallel_dynamic_latest/lotte/benchmark_k10_20260425T205157Z_job28679203_task0_config_chunk_001.log",1.327092,1327.139123,0.175529,0.000000,0.452533,0.366000,0.596914,0.600885,0.515003,133.994709,2.041418,
cpu_search_parallel_dynamic_latest,lotte,avg_cpu_v3_fast_vs_parallel_t32_3trial_20260425T203556Z_cpu_search_parallel_dynamic_latest_k10,l1,448,28000,2200,512,5,nfs,/mnt/nfs/home/juelinliu/work1/gpu-mvr/dataset/lotte/gpu_mvr_2m,2931,10,5,175.088667,175088.260333,16.743000,0.983282,59.735667,57.819667,71.140667,77.103000,84.514667,309.075000,10.354333,openmp,32,3,"cpu_v3_fast_vs_parallel_t32_3trial_20260425T203556Z_cpu_search_parallel_dynamic_latest_k10_t1,cpu_v3_fast_vs_parallel_t32_3trial_20260425T203556Z_cpu_search_parallel_dynamic_latest_k10_t2,cpu_v3_fast_vs_parallel_t32_3trial_20260425T203556Z_cpu_search_parallel_dynamic_latest_k10_t3","/mnt/nfs/home/juelinliu/work1/gpu-mvr/slurm/logs/cpu_search_parallel_dynamic_latest/lotte/benchmark_k10_20260425T204344Z_job28679199_task0_config_chunk_001.log,/mnt/nfs/home/juelinliu/work1/gpu-mvr/slurm/logs/cpu_search_parallel_dynamic_latest/lotte/benchmark_k10_20260425T204842Z_job28679201_task0_config_chunk_001.log,/mnt/nfs/home/juelinliu/work1/gpu-mvr/slurm/logs/cpu_search_parallel_dynamic_latest/lotte/benchmark_k10_20260425T205157Z_job28679203_task0_config_chunk_001.log",2.732852,2732.882454,0.262046,0.000000,0.932382,0.448375,3.594188,2.881104,1.407023,85.296761,2.652881,
cpu_search_parallel_dynamic_latest,lotte,avg_cpu_v3_fast_vs_parallel_t32_3trial_20260425T203556Z_cpu_search_parallel_dynamic_latest_k100,a1,16,800,100,64,5,nfs,/mnt/nfs/home/juelinliu/work1/gpu-mvr/dataset/lotte/gpu_mvr_2m,2931,100,5,7.557353,7557.351333,387.849667,0.660102,2.578000,2.547667,2.803333,2.896000,3.100000,21.776000,0.621333,openmp,32,3,"cpu_v3_fast_vs_parallel_t32_3trial_20260425T203556Z_cpu_search_parallel_dynamic_latest_k100_t1,cpu_v3_fast_vs_parallel_t32_3trial_20260425T203556Z_cpu_search_parallel_dynamic_latest_k100_t2,cpu_v3_fast_vs_parallel_t32_3trial_20260425T203556Z_cpu_search_parallel_dynamic_latest_k100_t3","/mnt/nfs/home/juelinliu/work1/gpu-mvr/slurm/logs/cpu_search_parallel_dynamic_latest/lotte/benchmark_k100_20260425T205556Z_job28679205_task0_config_chunk_001.log,/mnt/nfs/home/juelinliu/work1/gpu-mvr/slurm/logs/cpu_search_parallel_dynamic_latest/lotte/benchmark_k100_20260425T210416Z_job28679207_task0_config_chunk_001.log,/mnt/nfs/home/juelinliu/work1/gpu-mvr/slurm/logs/cpu_search_parallel_dynamic_latest/lotte/benchmark_k100_20260425T211121Z_job28679209_task0_config_chunk_001.log",0.058376,58.378275,2.989830,0.000000,0.019672,0.032347,0.026858,0.035341,0.012166,27.486925,0.614625,
cpu_search_parallel_dynamic_latest,lotte,avg_cpu_v3_fast_vs_parallel_t32_3trial_20260425T203556Z_cpu_search_parallel_dynamic_latest_k100,a2,24,1000,120,64,5,nfs,/mnt/nfs/home/juelinliu/work1/gpu-mvr/dataset/lotte/gpu_mvr_2m,2931,100,5,9.140780,9140.781667,320.663667,0.739734,3.118000,3.093333,3.400000,3.510333,3.849000,9.593000,0.342667,openmp,32,3,"cpu_v3_fast_vs_parallel_t32_3trial_20260425T203556Z_cpu_search_parallel_dynamic_latest_k100_t1,cpu_v3_fast_vs_parallel_t32_3trial_20260425T203556Z_cpu_search_parallel_dynamic_latest_k100_t2,cpu_v3_fast_vs_parallel_t32_3trial_20260425T203556Z_cpu_search_parallel_dynamic_latest_k100_t3","/mnt/nfs/home/juelinliu/work1/gpu-mvr/slurm/logs/cpu_search_parallel_dynamic_latest/lotte/benchmark_k100_20260425T205556Z_job28679205_task0_config_chunk_001.log,/mnt/nfs/home/juelinliu/work1/gpu-mvr/slurm/logs/cpu_search_parallel_dynamic_latest/lotte/benchmark_k100_20260425T210416Z_job28679207_task0_config_chunk_001.log,/mnt/nfs/home/juelinliu/work1/gpu-mvr/slurm/logs/cpu_search_parallel_dynamic_latest/lotte/benchmark_k100_20260425T211121Z_job28679209_task0_config_chunk_001.log",0.070003,70.002632,2.447357,0.000000,0.024021,0.033650,0.026287,0.015373,0.169089,5.715566,0.117296,
cpu_search_parallel_dynamic_latest,lotte,avg_cpu_v3_fast_vs_parallel_t32_3trial_20260425T203556Z_cpu_search_parallel_dynamic_latest_k100,a3,24,1200,150,64,5,nfs,/mnt/nfs/home/juelinliu/work1/gpu-mvr/dataset/lotte/gpu_mvr_2m,2931,100,5,10.020317,10020.298333,292.573333,0.779754,3.418333,3.395000,3.718000,3.835667,4.231333,9.363000,0.335000,openmp,32,3,"cpu_v3_fast_vs_parallel_t32_3trial_20260425T203556Z_cpu_search_parallel_dynamic_latest_k100_t1,cpu_v3_fast_vs_parallel_t32_3trial_20260425T203556Z_cpu_search_parallel_dynamic_latest_k100_t2,cpu_v3_fast_vs_parallel_t32_3trial_20260425T203556Z_cpu_search_parallel_dynamic_latest_k100_t3","/mnt/nfs/home/juelinliu/work1/gpu-mvr/slurm/logs/cpu_search_parallel_dynamic_latest/lotte/benchmark_k100_20260425T205556Z_job28679205_task0_config_chunk_001.log,/mnt/nfs/home/juelinliu/work1/gpu-mvr/slurm/logs/cpu_search_parallel_dynamic_latest/lotte/benchmark_k100_20260425T210416Z_job28679207_task0_config_chunk_001.log,/mnt/nfs/home/juelinliu/work1/gpu-mvr/slurm/logs/cpu_search_parallel_dynamic_latest/lotte/benchmark_k100_20260425T211121Z_job28679209_task0_config_chunk_001.log",0.185986,185.972392,5.426106,0.000000,0.063532,0.069477,0.065023,0.062132,0.209295,7.338583,0.140471,
cpu_search_parallel_dynamic_latest,lotte,avg_cpu_v3_fast_vs_parallel_t32_3trial_20260425T203556Z_cpu_search_parallel_dynamic_latest_k100,a4,32,800,100,64,5,nfs,/mnt/nfs/home/juelinliu/work1/gpu-mvr/dataset/lotte/gpu_mvr_2m,2931,100,5,9.559053,9559.053667,306.862667,0.709492,3.261000,3.205000,3.664000,3.921000,4.652333,16.210000,0.501000,openmp,32,3,"cpu_v3_fast_vs_parallel_t32_3trial_20260425T203556Z_cpu_search_parallel_dynamic_latest_k100_t1,cpu_v3_fast_vs_parallel_t32_3trial_20260425T203556Z_cpu_search_parallel_dynamic_latest_k100_t2,cpu_v3_fast_vs_parallel_t32_3trial_20260425T203556Z_cpu_search_parallel_dynamic_latest_k100_t3","/mnt/nfs/home/juelinliu/work1/gpu-mvr/slurm/logs/cpu_search_parallel_dynamic_latest/lotte/benchmark_k100_20260425T205556Z_job28679205_task0_config_chunk_001.log,/mnt/nfs/home/juelinliu/work1/gpu-mvr/slurm/logs/cpu_search_parallel_dynamic_latest/lotte/benchmark_k100_20260425T210416Z_job28679207_task0_config_chunk_001.log,/mnt/nfs/home/juelinliu/work1/gpu-mvr/slurm/logs/cpu_search_parallel_dynamic_latest/lotte/benchmark_k100_20260425T211121Z_job28679209_task0_config_chunk_001.log",0.329023,329.023274,10.576693,0.000000,0.112013,0.070150,0.180300,0.367310,1.005068,15.959537,0.204002,
cpu_search_parallel_dynamic_latest,lotte,avg_cpu_v3_fast_vs_parallel_t32_3trial_20260425T203556Z_cpu_search_parallel_dynamic_latest_k100,b1,48,1000,120,96,5,nfs,/mnt/nfs/home/juelinliu/work1/gpu-mvr/dataset/lotte/gpu_mvr_2m,2931,100,5,12.505000,12504.984333,234.553667,0.789038,4.266000,4.219333,4.779000,5.010333,5.752333,7.880000,0.445333,openmp,32,3,"cpu_v3_fast_vs_parallel_t32_3trial_20260425T203556Z_cpu_search_parallel_dynamic_latest_k100_t1,cpu_v3_fast_vs_parallel_t32_3trial_20260425T203556Z_cpu_search_parallel_dynamic_latest_k100_t2,cpu_v3_fast_vs_parallel_t32_3trial_20260425T203556Z_cpu_search_parallel_dynamic_latest_k100_t3","/mnt/nfs/home/juelinliu/work1/gpu-mvr/slurm/logs/cpu_search_parallel_dynamic_latest/lotte/benchmark_k100_20260425T205556Z_job28679205_task0_config_chunk_001.log,/mnt/nfs/home/juelinliu/work1/gpu-mvr/slurm/logs/cpu_search_parallel_dynamic_latest/lotte/benchmark_k100_20260425T210416Z_job28679207_task0_config_chunk_001.log,/mnt/nfs/home/juelinliu/work1/gpu-mvr/slurm/logs/cpu_search_parallel_dynamic_latest/lotte/benchmark_k100_20260425T211121Z_job28679209_task0_config_chunk_001.log",0.409762,409.738373,7.659542,0.000000,0.139825,0.104711,0.189365,0.290197,0.874605,1.192599,0.104978,
cpu_search_parallel_dynamic_latest,lotte,avg_cpu_v3_fast_vs_parallel_t32_3trial_20260425T203556Z_cpu_search_parallel_dynamic_latest_k100,b2,48,1500,150,96,5,nfs,/mnt/nfs/home/juelinliu/work1/gpu-mvr/dataset/lotte/gpu_mvr_2m,2931,100,5,13.782500,13782.480000,212.668667,0.843514,4.701667,4.665000,5.176333,5.353333,5.759667,12.178000,0.437333,openmp,32,3,"cpu_v3_fast_vs_parallel_t32_3trial_20260425T203556Z_cpu_search_parallel_dynamic_latest_k100_t1,cpu_v3_fast_vs_parallel_t32_3trial_20260425T203556Z_cpu_search_parallel_dynamic_latest_k100_t2,cpu_v3_fast_vs_parallel_t32_3trial_20260425T203556Z_cpu_search_parallel_dynamic_latest_k100_t3","/mnt/nfs/home/juelinliu/work1/gpu-mvr/slurm/logs/cpu_search_parallel_dynamic_latest/lotte/benchmark_k100_20260425T205556Z_job28679205_task0_config_chunk_001.log,/mnt/nfs/home/juelinliu/work1/gpu-mvr/slurm/logs/cpu_search_parallel_dynamic_latest/lotte/benchmark_k100_20260425T210416Z_job28679207_task0_config_chunk_001.log,/mnt/nfs/home/juelinliu/work1/gpu-mvr/slurm/logs/cpu_search_parallel_dynamic_latest/lotte/benchmark_k100_20260425T211121Z_job28679209_task0_config_chunk_001.log",0.100146,100.146109,1.547862,0.000000,0.034312,0.031749,0.046090,0.060119,0.076514,6.839136,0.090644,
cpu_search_parallel_dynamic_latest,lotte,avg_cpu_v3_fast_vs_parallel_t32_3trial_20260425T203556Z_cpu_search_parallel_dynamic_latest_k100,b3,64,1200,150,96,5,nfs,/mnt/nfs/home/juelinliu/work1/gpu-mvr/dataset/lotte/gpu_mvr_2m,2931,100,5,15.233400,15233.397000,192.459667,0.854766,5.196667,5.130000,5.869000,6.109667,6.814333,21.380667,0.675667,openmp,32,3,"cpu_v3_fast_vs_parallel_t32_3trial_20260425T203556Z_cpu_search_parallel_dynamic_latest_k100_t1,cpu_v3_fast_vs_parallel_t32_3trial_20260425T203556Z_cpu_search_parallel_dynamic_latest_k100_t2,cpu_v3_fast_vs_parallel_t32_3trial_20260425T203556Z_cpu_search_parallel_dynamic_latest_k100_t3","/mnt/nfs/home/juelinliu/work1/gpu-mvr/slurm/logs/cpu_search_parallel_dynamic_latest/lotte/benchmark_k100_20260425T205556Z_job28679205_task0_config_chunk_001.log,/mnt/nfs/home/juelinliu/work1/gpu-mvr/slurm/logs/cpu_search_parallel_dynamic_latest/lotte/benchmark_k100_20260425T210416Z_job28679207_task0_config_chunk_001.log,/mnt/nfs/home/juelinliu/work1/gpu-mvr/slurm/logs/cpu_search_parallel_dynamic_latest/lotte/benchmark_k100_20260425T211121Z_job28679209_task0_config_chunk_001.log",0.312501,312.499746,3.904667,0.000000,0.106679,0.096597,0.164539,0.199139,0.345934,7.289751,0.052205,
cpu_search_parallel_dynamic_latest,lotte,avg_cpu_v3_fast_vs_parallel_t32_3trial_20260425T203556Z_cpu_search_parallel_dynamic_latest_k100,b4,64,1800,180,96,5,nfs,/mnt/nfs/home/juelinliu/work1/gpu-mvr/dataset/lotte/gpu_mvr_2m,2931,100,5,17.285567,17285.565333,169.626000,0.889454,5.897000,5.826667,6.575667,6.845333,8.024000,20.100667,0.667000,openmp,32,3,"cpu_v3_fast_vs_parallel_t32_3trial_20260425T203556Z_cpu_search_parallel_dynamic_latest_k100_t1,cpu_v3_fast_vs_parallel_t32_3trial_20260425T203556Z_cpu_search_parallel_dynamic_latest_k100_t2,cpu_v3_fast_vs_parallel_t32_3trial_20260425T203556Z_cpu_search_parallel_dynamic_latest_k100_t3","/mnt/nfs/home/juelinliu/work1/gpu-mvr/slurm/logs/cpu_search_parallel_dynamic_latest/lotte/benchmark_k100_20260425T205556Z_job28679205_task0_config_chunk_001.log,/mnt/nfs/home/juelinliu/work1/gpu-mvr/slurm/logs/cpu_search_parallel_dynamic_latest/lotte/benchmark_k100_20260425T210416Z_job28679207_task0_config_chunk_001.log,/mnt/nfs/home/juelinliu/work1/gpu-mvr/slurm/logs/cpu_search_parallel_dynamic_latest/lotte/benchmark_k100_20260425T211121Z_job28679209_task0_config_chunk_001.log",0.407200,407.232009,3.997361,0.000000,0.139000,0.122973,0.237961,0.289174,0.276382,6.386476,0.035930,
cpu_search_parallel_dynamic_latest,lotte,avg_cpu_v3_fast_vs_parallel_t32_3trial_20260425T203556Z_cpu_search_parallel_dynamic_latest_k100,c1,64,2400,240,128,5,nfs,/mnt/nfs/home/juelinliu/work1/gpu-mvr/dataset/lotte/gpu_mvr_2m,2931,100,5,19.110967,19110.968667,153.375667,0.916196,6.519667,6.461000,7.140333,7.359667,7.964333,72.957667,1.474333,openmp,32,3,"cpu_v3_fast_vs_parallel_t32_3trial_20260425T203556Z_cpu_search_parallel_dynamic_latest_k100_t1,cpu_v3_fast_vs_parallel_t32_3trial_20260425T203556Z_cpu_search_parallel_dynamic_latest_k100_t2,cpu_v3_fast_vs_parallel_t32_3trial_20260425T203556Z_cpu_search_parallel_dynamic_latest_k100_t3","/mnt/nfs/home/juelinliu/work1/gpu-mvr/slurm/logs/cpu_search_parallel_dynamic_latest/lotte/benchmark_k100_20260425T205556Z_job28679205_task0_config_chunk_001.log,/mnt/nfs/home/juelinliu/work1/gpu-mvr/slurm/logs/cpu_search_parallel_dynamic_latest/lotte/benchmark_k100_20260425T210416Z_job28679207_task0_config_chunk_001.log,/mnt/nfs/home/juelinliu/work1/gpu-mvr/slurm/logs/cpu_search_parallel_dynamic_latest/lotte/benchmark_k100_20260425T211121Z_job28679209_task0_config_chunk_001.log",0.172641,172.634197,1.384360,0.000000,0.059045,0.042297,0.037634,0.034704,0.196409,87.812303,1.438786,
cpu_search_parallel_dynamic_latest,lotte,avg_cpu_v3_fast_vs_parallel_t32_3trial_20260425T203556Z_cpu_search_parallel_dynamic_latest_k100,c2,96,1800,200,128,5,nfs,/mnt/nfs/home/juelinliu/work1/gpu-mvr/dataset/lotte/gpu_mvr_2m,2931,100,5,21.203000,21203.016000,138.237333,0.917489,7.233667,7.150000,8.087667,8.395667,9.490000,37.763000,0.966000,openmp,32,3,"cpu_v3_fast_vs_parallel_t32_3trial_20260425T203556Z_cpu_search_parallel_dynamic_latest_k100_t1,cpu_v3_fast_vs_parallel_t32_3trial_20260425T203556Z_cpu_search_parallel_dynamic_latest_k100_t2,cpu_v3_fast_vs_parallel_t32_3trial_20260425T203556Z_cpu_search_parallel_dynamic_latest_k100_t3","/mnt/nfs/home/juelinliu/work1/gpu-mvr/slurm/logs/cpu_search_parallel_dynamic_latest/lotte/benchmark_k100_20260425T205556Z_job28679205_task0_config_chunk_001.log,/mnt/nfs/home/juelinliu/work1/gpu-mvr/slurm/logs/cpu_search_parallel_dynamic_latest/lotte/benchmark_k100_20260425T210416Z_job28679207_task0_config_chunk_001.log,/mnt/nfs/home/juelinliu/work1/gpu-mvr/slurm/logs/cpu_search_parallel_dynamic_latest/lotte/benchmark_k100_20260425T211121Z_job28679209_task0_config_chunk_001.log",0.108803,108.799986,0.711326,0.000000,0.037166,0.041869,0.053948,0.031723,0.095095,13.880459,0.145010,
cpu_search_parallel_dynamic_latest,lotte,avg_cpu_v3_fast_vs_parallel_t32_3trial_20260425T203556Z_cpu_search_parallel_dynamic_latest_k100,c3,96,2400,250,128,5,nfs,/mnt/nfs/home/juelinliu/work1/gpu-mvr/dataset/lotte/gpu_mvr_2m,2931,100,5,23.381000,23380.981000,125.358667,0.936800,7.976667,7.904333,8.884000,9.200000,10.448000,18.252667,0.786000,openmp,32,3,"cpu_v3_fast_vs_parallel_t32_3trial_20260425T203556Z_cpu_search_parallel_dynamic_latest_k100_t1,cpu_v3_fast_vs_parallel_t32_3trial_20260425T203556Z_cpu_search_parallel_dynamic_latest_k100_t2,cpu_v3_fast_vs_parallel_t32_3trial_20260425T203556Z_cpu_search_parallel_dynamic_latest_k100_t3","/mnt/nfs/home/juelinliu/work1/gpu-mvr/slurm/logs/cpu_search_parallel_dynamic_latest/lotte/benchmark_k100_20260425T205556Z_job28679205_task0_config_chunk_001.log,/mnt/nfs/home/juelinliu/work1/gpu-mvr/slurm/logs/cpu_search_parallel_dynamic_latest/lotte/benchmark_k100_20260425T210416Z_job28679207_task0_config_chunk_001.log,/mnt/nfs/home/juelinliu/work1/gpu-mvr/slurm/logs/cpu_search_parallel_dynamic_latest/lotte/benchmark_k100_20260425T211121Z_job28679209_task0_config_chunk_001.log",0.030180,30.187584,0.161992,0.000000,0.010066,0.025146,0.015100,0.062522,0.562909,6.011937,0.043715,
cpu_search_parallel_dynamic_latest,lotte,avg_cpu_v3_fast_vs_parallel_t32_3trial_20260425T203556Z_cpu_search_parallel_dynamic_latest_k100,d1,128,3000,300,150,5,nfs,/mnt/nfs/home/juelinliu/work1/gpu-mvr/dataset/lotte/gpu_mvr_2m,2931,100,5,29.595433,29595.413333,99.042000,0.956093,10.096667,9.999000,11.220667,11.603333,12.476333,67.627000,1.626000,openmp,32,3,"cpu_v3_fast_vs_parallel_t32_3trial_20260425T203556Z_cpu_search_parallel_dynamic_latest_k100_t1,cpu_v3_fast_vs_parallel_t32_3trial_20260425T203556Z_cpu_search_parallel_dynamic_latest_k100_t2,cpu_v3_fast_vs_parallel_t32_3trial_20260425T203556Z_cpu_search_parallel_dynamic_latest_k100_t3","/mnt/nfs/home/juelinliu/work1/gpu-mvr/slurm/logs/cpu_search_parallel_dynamic_latest/lotte/benchmark_k100_20260425T205556Z_job28679205_task0_config_chunk_001.log,/mnt/nfs/home/juelinliu/work1/gpu-mvr/slurm/logs/cpu_search_parallel_dynamic_latest/lotte/benchmark_k100_20260425T210416Z_job28679207_task0_config_chunk_001.log,/mnt/nfs/home/juelinliu/work1/gpu-mvr/slurm/logs/cpu_search_parallel_dynamic_latest/lotte/benchmark_k100_20260425T211121Z_job28679209_task0_config_chunk_001.log",0.292671,292.688582,0.979519,0.000000,0.099510,0.074706,0.087186,0.089690,0.128520,61.943020,0.993436,
cpu_search_parallel_dynamic_latest,lotte,avg_cpu_v3_fast_vs_parallel_t32_3trial_20260425T203556Z_cpu_search_parallel_dynamic_latest_k100,e1,96,3200,320,160,5,nfs,/mnt/nfs/home/juelinliu/work1/gpu-mvr/dataset/lotte/gpu_mvr_2m,2931,100,5,26.176500,26176.521333,111.982000,0.949594,8.930000,8.857667,9.830667,10.143333,11.392000,19.285667,0.797333,openmp,32,3,"cpu_v3_fast_vs_parallel_t32_3trial_20260425T203556Z_cpu_search_parallel_dynamic_latest_k100_t1,cpu_v3_fast_vs_parallel_t32_3trial_20260425T203556Z_cpu_search_parallel_dynamic_latest_k100_t2,cpu_v3_fast_vs_parallel_t32_3trial_20260425T203556Z_cpu_search_parallel_dynamic_latest_k100_t3","/mnt/nfs/home/juelinliu/work1/gpu-mvr/slurm/logs/cpu_search_parallel_dynamic_latest/lotte/benchmark_k100_20260425T205556Z_job28679205_task0_config_chunk_001.log,/mnt/nfs/home/juelinliu/work1/gpu-mvr/slurm/logs/cpu_search_parallel_dynamic_latest/lotte/benchmark_k100_20260425T210416Z_job28679207_task0_config_chunk_001.log,/mnt/nfs/home/juelinliu/work1/gpu-mvr/slurm/logs/cpu_search_parallel_dynamic_latest/lotte/benchmark_k100_20260425T211121Z_job28679209_task0_config_chunk_001.log",0.319085,319.083357,1.371735,0.000000,0.108862,0.107946,0.108685,0.109464,0.393858,7.704827,0.051326,
cpu_search_parallel_dynamic_latest,lotte,avg_cpu_v3_fast_vs_parallel_t32_3trial_20260425T203556Z_cpu_search_parallel_dynamic_latest_k100,e2,128,2400,250,160,5,nfs,/mnt/nfs/home/juelinliu/work1/gpu-mvr/dataset/lotte/gpu_mvr_2m,2931,100,5,27.613767,27613.732000,106.153667,0.946438,9.420667,9.354333,10.528667,10.921000,11.963000,19.463000,0.918333,openmp,32,3,"cpu_v3_fast_vs_parallel_t32_3trial_20260425T203556Z_cpu_search_parallel_dynamic_latest_k100_t1,cpu_v3_fast_vs_parallel_t32_3trial_20260425T203556Z_cpu_search_parallel_dynamic_latest_k100_t2,cpu_v3_fast_vs_parallel_t32_3trial_20260425T203556Z_cpu_search_parallel_dynamic_latest_k100_t3","/mnt/nfs/home/juelinliu/work1/gpu-mvr/slurm/logs/cpu_search_parallel_dynamic_latest/lotte/benchmark_k100_20260425T205556Z_job28679205_task0_config_chunk_001.log,/mnt/nfs/home/juelinliu/work1/gpu-mvr/slurm/logs/cpu_search_parallel_dynamic_latest/lotte/benchmark_k100_20260425T210416Z_job28679207_task0_config_chunk_001.log,/mnt/nfs/home/juelinliu/work1/gpu-mvr/slurm/logs/cpu_search_parallel_dynamic_latest/lotte/benchmark_k100_20260425T211121Z_job28679209_task0_config_chunk_001.log",0.339772,339.764377,1.297025,0.000000,0.116337,0.159105,0.099042,0.082146,0.230922,7.675269,0.084672,
cpu_search_parallel_dynamic_latest,lotte,avg_cpu_v3_fast_vs_parallel_t32_3trial_20260425T203556Z_cpu_search_parallel_dynamic_latest_k100,f1,128,4000,400,192,5,nfs,/mnt/nfs/home/juelinliu/work1/gpu-mvr/dataset/lotte/gpu_mvr_2m,2931,100,5,32.913867,32913.885333,89.067667,0.964674,11.229000,11.134667,12.400333,12.787333,13.998000,30.481000,1.069667,openmp,32,3,"cpu_v3_fast_vs_parallel_t32_3trial_20260425T203556Z_cpu_search_parallel_dynamic_latest_k100_t1,cpu_v3_fast_vs_parallel_t32_3trial_20260425T203556Z_cpu_search_parallel_dynamic_latest_k100_t2,cpu_v3_fast_vs_parallel_t32_3trial_20260425T203556Z_cpu_search_parallel_dynamic_latest_k100_t3","/mnt/nfs/home/juelinliu/work1/gpu-mvr/slurm/logs/cpu_search_parallel_dynamic_latest/lotte/benchmark_k100_20260425T205556Z_job28679205_task0_config_chunk_001.log,/mnt/nfs/home/juelinliu/work1/gpu-mvr/slurm/logs/cpu_search_parallel_dynamic_latest/lotte/benchmark_k100_20260425T210416Z_job28679207_task0_config_chunk_001.log,/mnt/nfs/home/juelinliu/work1/gpu-mvr/slurm/logs/cpu_search_parallel_dynamic_latest/lotte/benchmark_k100_20260425T211121Z_job28679209_task0_config_chunk_001.log",0.561033,561.010617,1.512413,0.000000,0.191021,0.178158,0.169013,0.187127,0.518717,3.962836,0.060476,
cpu_search_parallel_dynamic_latest,lotte,avg_cpu_v3_fast_vs_parallel_t32_3trial_20260425T203556Z_cpu_search_parallel_dynamic_latest_k100,f2,160,3800,360,192,5,nfs,/mnt/nfs/home/juelinliu/work1/gpu-mvr/dataset/lotte/gpu_mvr_2m,2931,100,5,35.911533,35911.570000,81.619667,0.967390,12.251667,12.159000,13.738333,14.233667,15.374000,22.285667,1.159667,openmp,32,3,"cpu_v3_fast_vs_parallel_t32_3trial_20260425T203556Z_cpu_search_parallel_dynamic_latest_k100_t1,cpu_v3_fast_vs_parallel_t32_3trial_20260425T203556Z_cpu_search_parallel_dynamic_latest_k100_t2,cpu_v3_fast_vs_parallel_t32_3trial_20260425T203556Z_cpu_search_parallel_dynamic_latest_k100_t3","/mnt/nfs/home/juelinliu/work1/gpu-mvr/slurm/logs/cpu_search_parallel_dynamic_latest/lotte/benchmark_k100_20260425T205556Z_job28679205_task0_config_chunk_001.log,/mnt/nfs/home/juelinliu/work1/gpu-mvr/slurm/logs/cpu_search_parallel_dynamic_latest/lotte/benchmark_k100_20260425T210416Z_job28679207_task0_config_chunk_001.log,/mnt/nfs/home/juelinliu/work1/gpu-mvr/slurm/logs/cpu_search_parallel_dynamic_latest/lotte/benchmark_k100_20260425T211121Z_job28679209_task0_config_chunk_001.log",0.247599,247.600760,0.563497,0.000000,0.084790,0.095974,0.087237,0.076173,0.122192,4.457742,0.036964,
cpu_search_parallel_dynamic_latest,lotte,avg_cpu_v3_fast_vs_parallel_t32_3trial_20260425T203556Z_cpu_search_parallel_dynamic_latest_k100,g1,160,5000,500,224,5,nfs,/mnt/nfs/home/juelinliu/work1/gpu-mvr/dataset/lotte/gpu_mvr_2m,2931,100,5,40.675700,40675.708333,72.058667,0.972941,13.877000,13.803667,15.335667,15.804000,16.716667,34.370333,1.211000,openmp,32,3,"cpu_v3_fast_vs_parallel_t32_3trial_20260425T203556Z_cpu_search_parallel_dynamic_latest_k100_t1,cpu_v3_fast_vs_parallel_t32_3trial_20260425T203556Z_cpu_search_parallel_dynamic_latest_k100_t2,cpu_v3_fast_vs_parallel_t32_3trial_20260425T203556Z_cpu_search_parallel_dynamic_latest_k100_t3","/mnt/nfs/home/juelinliu/work1/gpu-mvr/slurm/logs/cpu_search_parallel_dynamic_latest/lotte/benchmark_k100_20260425T205556Z_job28679205_task0_config_chunk_001.log,/mnt/nfs/home/juelinliu/work1/gpu-mvr/slurm/logs/cpu_search_parallel_dynamic_latest/lotte/benchmark_k100_20260425T210416Z_job28679207_task0_config_chunk_001.log,/mnt/nfs/home/juelinliu/work1/gpu-mvr/slurm/logs/cpu_search_parallel_dynamic_latest/lotte/benchmark_k100_20260425T211121Z_job28679209_task0_config_chunk_001.log",0.179956,179.942911,0.318582,0.000000,0.061025,0.066681,0.082954,0.050744,0.126057,13.428687,0.097257,
cpu_search_parallel_dynamic_latest,lotte,avg_cpu_v3_fast_vs_parallel_t32_3trial_20260425T203556Z_cpu_search_parallel_dynamic_latest_k100,g2,160,6000,500,224,5,nfs,/mnt/nfs/home/juelinliu/work1/gpu-mvr/dataset/lotte/gpu_mvr_2m,2931,100,5,42.889800,42889.764000,68.341000,0.974261,14.632333,14.541667,16.185333,16.706000,18.036333,30.526333,1.309333,openmp,32,3,"cpu_v3_fast_vs_parallel_t32_3trial_20260425T203556Z_cpu_search_parallel_dynamic_latest_k100_t1,cpu_v3_fast_vs_parallel_t32_3trial_20260425T203556Z_cpu_search_parallel_dynamic_latest_k100_t2,cpu_v3_fast_vs_parallel_t32_3trial_20260425T203556Z_cpu_search_parallel_dynamic_latest_k100_t3","/mnt/nfs/home/juelinliu/work1/gpu-mvr/slurm/logs/cpu_search_parallel_dynamic_latest/lotte/benchmark_k100_20260425T205556Z_job28679205_task0_config_chunk_001.log,/mnt/nfs/home/juelinliu/work1/gpu-mvr/slurm/logs/cpu_search_parallel_dynamic_latest/lotte/benchmark_k100_20260425T210416Z_job28679207_task0_config_chunk_001.log,/mnt/nfs/home/juelinliu/work1/gpu-mvr/slurm/logs/cpu_search_parallel_dynamic_latest/lotte/benchmark_k100_20260425T211121Z_job28679209_task0_config_chunk_001.log",0.362084,362.085148,0.577625,0.000000,0.123783,0.110020,0.183647,0.200479,0.338646,12.135388,0.173486,
cpu_search_parallel_dynamic_latest,lotte,avg_cpu_v3_fast_vs_parallel_t32_3trial_20260425T203556Z_cpu_search_parallel_dynamic_latest_k100,h1,192,6500,650,256,5,nfs,/mnt/nfs/home/juelinliu/work1/gpu-mvr/dataset/lotte/gpu_mvr_2m,2931,100,5,50.795667,50795.677333,57.705333,0.977772,17.329667,17.205667,19.161333,19.739333,20.997000,106.551333,2.513333,openmp,32,3,"cpu_v3_fast_vs_parallel_t32_3trial_20260425T203556Z_cpu_search_parallel_dynamic_latest_k100_t1,cpu_v3_fast_vs_parallel_t32_3trial_20260425T203556Z_cpu_search_parallel_dynamic_latest_k100_t2,cpu_v3_fast_vs_parallel_t32_3trial_20260425T203556Z_cpu_search_parallel_dynamic_latest_k100_t3","/mnt/nfs/home/juelinliu/work1/gpu-mvr/slurm/logs/cpu_search_parallel_dynamic_latest/lotte/benchmark_k100_20260425T205556Z_job28679205_task0_config_chunk_001.log,/mnt/nfs/home/juelinliu/work1/gpu-mvr/slurm/logs/cpu_search_parallel_dynamic_latest/lotte/benchmark_k100_20260425T210416Z_job28679207_task0_config_chunk_001.log,/mnt/nfs/home/juelinliu/work1/gpu-mvr/slurm/logs/cpu_search_parallel_dynamic_latest/lotte/benchmark_k100_20260425T211121Z_job28679209_task0_config_chunk_001.log",0.488326,488.285151,0.554540,0.000000,0.166530,0.140158,0.099042,0.122851,0.438296,128.096490,1.850417,
cpu_search_parallel_dynamic_latest,lotte,avg_cpu_v3_fast_vs_parallel_t32_3trial_20260425T203556Z_cpu_search_parallel_dynamic_latest_k100,i1,224,8000,800,288,5,nfs,/mnt/nfs/home/juelinliu/work1/gpu-mvr/dataset/lotte/gpu_mvr_2m,2931,100,5,60.065133,60065.136667,48.799000,0.980092,20.492333,20.346000,22.770333,23.490667,24.928667,86.872667,2.358333,openmp,32,3,"cpu_v3_fast_vs_parallel_t32_3trial_20260425T203556Z_cpu_search_parallel_dynamic_latest_k100_t1,cpu_v3_fast_vs_parallel_t32_3trial_20260425T203556Z_cpu_search_parallel_dynamic_latest_k100_t2,cpu_v3_fast_vs_parallel_t32_3trial_20260425T203556Z_cpu_search_parallel_dynamic_latest_k100_t3","/mnt/nfs/home/juelinliu/work1/gpu-mvr/slurm/logs/cpu_search_parallel_dynamic_latest/lotte/benchmark_k100_20260425T205556Z_job28679205_task0_config_chunk_001.log,/mnt/nfs/home/juelinliu/work1/gpu-mvr/slurm/logs/cpu_search_parallel_dynamic_latest/lotte/benchmark_k100_20260425T210416Z_job28679207_task0_config_chunk_001.log,/mnt/nfs/home/juelinliu/work1/gpu-mvr/slurm/logs/cpu_search_parallel_dynamic_latest/lotte/benchmark_k100_20260425T211121Z_job28679209_task0_config_chunk_001.log",0.504568,504.566394,0.408235,0.000000,0.172001,0.181030,0.205147,0.211670,0.324731,91.378505,1.112975,
cpu_search_parallel_dynamic_latest,lotte,avg_cpu_v3_fast_vs_parallel_t32_3trial_20260425T203556Z_cpu_search_parallel_dynamic_latest_k100,j1,256,10000,1000,320,5,nfs,/mnt/nfs/home/juelinliu/work1/gpu-mvr/dataset/lotte/gpu_mvr_2m,2931,100,5,72.372133,72372.163000,40.501667,0.981658,24.691667,24.471667,27.495667,28.458000,30.175333,190.417000,4.042667,openmp,32,3,"cpu_v3_fast_vs_parallel_t32_3trial_20260425T203556Z_cpu_search_parallel_dynamic_latest_k100_t1,cpu_v3_fast_vs_parallel_t32_3trial_20260425T203556Z_cpu_search_parallel_dynamic_latest_k100_t2,cpu_v3_fast_vs_parallel_t32_3trial_20260425T203556Z_cpu_search_parallel_dynamic_latest_k100_t3","/mnt/nfs/home/juelinliu/work1/gpu-mvr/slurm/logs/cpu_search_parallel_dynamic_latest/lotte/benchmark_k100_20260425T205556Z_job28679205_task0_config_chunk_001.log,/mnt/nfs/home/juelinliu/work1/gpu-mvr/slurm/logs/cpu_search_parallel_dynamic_latest/lotte/benchmark_k100_20260425T210416Z_job28679207_task0_config_chunk_001.log,/mnt/nfs/home/juelinliu/work1/gpu-mvr/slurm/logs/cpu_search_parallel_dynamic_latest/lotte/benchmark_k100_20260425T211121Z_job28679209_task0_config_chunk_001.log",0.718579,718.581952,0.399862,0.000000,0.245064,0.165808,0.198135,0.229288,0.401151,170.290579,2.516304,
cpu_search_parallel_dynamic_latest,lotte,avg_cpu_v3_fast_vs_parallel_t32_3trial_20260425T203556Z_cpu_search_parallel_dynamic_latest_k100,k1,384,28000,1800,448,5,nfs,/mnt/nfs/home/juelinliu/work1/gpu-mvr/dataset/lotte/gpu_mvr_2m,2931,100,5,148.344333,148344.298333,19.758667,0.983695,50.611000,50.181667,56.436333,58.522333,62.201000,219.586333,5.669667,openmp,32,3,"cpu_v3_fast_vs_parallel_t32_3trial_20260425T203556Z_cpu_search_parallel_dynamic_latest_k100_t1,cpu_v3_fast_vs_parallel_t32_3trial_20260425T203556Z_cpu_search_parallel_dynamic_latest_k100_t2,cpu_v3_fast_vs_parallel_t32_3trial_20260425T203556Z_cpu_search_parallel_dynamic_latest_k100_t3","/mnt/nfs/home/juelinliu/work1/gpu-mvr/slurm/logs/cpu_search_parallel_dynamic_latest/lotte/benchmark_k100_20260425T205556Z_job28679205_task0_config_chunk_001.log,/mnt/nfs/home/juelinliu/work1/gpu-mvr/slurm/logs/cpu_search_parallel_dynamic_latest/lotte/benchmark_k100_20260425T210416Z_job28679207_task0_config_chunk_001.log,/mnt/nfs/home/juelinliu/work1/gpu-mvr/slurm/logs/cpu_search_parallel_dynamic_latest/lotte/benchmark_k100_20260425T211121Z_job28679209_task0_config_chunk_001.log",0.915967,915.808522,0.121821,0.000000,0.312636,0.219578,0.454392,0.488545,0.746050,102.363480,1.167643,
cpu_search_parallel_dynamic_latest,lotte,avg_cpu_v3_fast_vs_parallel_t32_3trial_20260425T203556Z_cpu_search_parallel_dynamic_latest_k100,l1,448,28000,2200,512,5,nfs,/mnt/nfs/home/juelinliu/work1/gpu-mvr/dataset/lotte/gpu_mvr_2m,2931,100,5,182.594667,182594.571333,16.053000,0.983797,62.296667,59.199667,77.591333,81.118333,86.718667,422.848333,14.698000,openmp,32,3,"cpu_v3_fast_vs_parallel_t32_3trial_20260425T203556Z_cpu_search_parallel_dynamic_latest_k100_t1,cpu_v3_fast_vs_parallel_t32_3trial_20260425T203556Z_cpu_search_parallel_dynamic_latest_k100_t2,cpu_v3_fast_vs_parallel_t32_3trial_20260425T203556Z_cpu_search_parallel_dynamic_latest_k100_t3","/mnt/nfs/home/juelinliu/work1/gpu-mvr/slurm/logs/cpu_search_parallel_dynamic_latest/lotte/benchmark_k100_20260425T205556Z_job28679205_task0_config_chunk_001.log,/mnt/nfs/home/juelinliu/work1/gpu-mvr/slurm/logs/cpu_search_parallel_dynamic_latest/lotte/benchmark_k100_20260425T210416Z_job28679207_task0_config_chunk_001.log,/mnt/nfs/home/juelinliu/work1/gpu-mvr/slurm/logs/cpu_search_parallel_dynamic_latest/lotte/benchmark_k100_20260425T211121Z_job28679209_task0_config_chunk_001.log",2.050024,2049.876703,0.180773,0.000000,0.699206,0.397294,0.763886,0.494839,0.541088,52.646881,1.469150,
cpu_search_parallel_dynamic_latest,msmarco,avg_cpu_v3_fast_vs_parallel_t32_3trial_20260425T203556Z_cpu_search_parallel_dynamic_latest_k10,a1,16,800,100,64,5,nfs,/mnt/nfs/home/juelinliu/work1/gpu-mvr/dataset/msmarco/gpu_mvr_2m,6980,10,5,22.311400,22311.391000,313.788000,0.951132,3.196000,3.123000,3.648333,3.854333,4.595667,155.196667,2.136000,openmp,32,3,"cpu_v3_fast_vs_parallel_t32_3trial_20260425T203556Z_cpu_search_parallel_dynamic_latest_k10_t1,cpu_v3_fast_vs_parallel_t32_3trial_20260425T203556Z_cpu_search_parallel_dynamic_latest_k10_t2,cpu_v3_fast_vs_parallel_t32_3trial_20260425T203556Z_cpu_search_parallel_dynamic_latest_k10_t3","/mnt/nfs/home/juelinliu/work1/gpu-mvr/slurm/logs/cpu_search_parallel_dynamic_latest/msmarco/benchmark_k10_20260425T204837Z_job28679179_task2_config_chunk_001.log,/mnt/nfs/home/juelinliu/work1/gpu-mvr/slurm/logs/cpu_search_parallel_dynamic_latest/msmarco/benchmark_k10_20260425T205029Z_job28679181_task2_config_chunk_001.log,/mnt/nfs/home/juelinliu/work1/gpu-mvr/slurm/logs/cpu_search_parallel_dynamic_latest/msmarco/benchmark_k10_20260425T205350Z_job28679183_task2_config_chunk_001.log",1.504600,1504.630014,20.989755,0.000000,0.215843,0.200965,0.327924,0.392740,0.702146,255.302265,2.958404,
cpu_search_parallel_dynamic_latest,msmarco,avg_cpu_v3_fast_vs_parallel_t32_3trial_20260425T203556Z_cpu_search_parallel_dynamic_latest_k10,a2,24,1000,120,64,5,nfs,/mnt/nfs/home/juelinliu/work1/gpu-mvr/dataset/msmarco/gpu_mvr_2m,6980,10,5,27.840500,27840.533000,251.057000,0.962894,3.988333,3.871333,4.526000,4.801667,5.828333,293.858667,3.883000,openmp,32,3,"cpu_v3_fast_vs_parallel_t32_3trial_20260425T203556Z_cpu_search_parallel_dynamic_latest_k10_t1,cpu_v3_fast_vs_parallel_t32_3trial_20260425T203556Z_cpu_search_parallel_dynamic_latest_k10_t2,cpu_v3_fast_vs_parallel_t32_3trial_20260425T203556Z_cpu_search_parallel_dynamic_latest_k10_t3","/mnt/nfs/home/juelinliu/work1/gpu-mvr/slurm/logs/cpu_search_parallel_dynamic_latest/msmarco/benchmark_k10_20260425T204837Z_job28679179_task2_config_chunk_001.log,/mnt/nfs/home/juelinliu/work1/gpu-mvr/slurm/logs/cpu_search_parallel_dynamic_latest/msmarco/benchmark_k10_20260425T205029Z_job28679181_task2_config_chunk_001.log,/mnt/nfs/home/juelinliu/work1/gpu-mvr/slurm/logs/cpu_search_parallel_dynamic_latest/msmarco/benchmark_k10_20260425T205350Z_job28679183_task2_config_chunk_001.log",1.245415,1245.400509,11.518122,0.000000,0.178542,0.144050,0.199437,0.277291,1.052421,32.659258,0.639674,
cpu_search_parallel_dynamic_latest,msmarco,avg_cpu_v3_fast_vs_parallel_t32_3trial_20260425T203556Z_cpu_search_parallel_dynamic_latest_k10,a3,24,1200,150,64,5,nfs,/mnt/nfs/home/juelinliu/work1/gpu-mvr/dataset/msmarco/gpu_mvr_2m,6980,10,5,28.364433,28364.462667,246.147000,0.964499,4.063333,3.987667,4.632667,4.887667,6.654000,17.783000,0.645000,openmp,32,3,"cpu_v3_fast_vs_parallel_t32_3trial_20260425T203556Z_cpu_search_parallel_dynamic_latest_k10_t1,cpu_v3_fast_vs_parallel_t32_3trial_20260425T203556Z_cpu_search_parallel_dynamic_latest_k10_t2,cpu_v3_fast_vs_parallel_t32_3trial_20260425T203556Z_cpu_search_parallel_dynamic_latest_k10_t3","/mnt/nfs/home/juelinliu/work1/gpu-mvr/slurm/logs/cpu_search_parallel_dynamic_latest/msmarco/benchmark_k10_20260425T204837Z_job28679179_task2_config_chunk_001.log,/mnt/nfs/home/juelinliu/work1/gpu-mvr/slurm/logs/cpu_search_parallel_dynamic_latest/msmarco/benchmark_k10_20260425T205029Z_job28679181_task2_config_chunk_001.log,/mnt/nfs/home/juelinliu/work1/gpu-mvr/slurm/logs/cpu_search_parallel_dynamic_latest/msmarco/benchmark_k10_20260425T205350Z_job28679183_task2_config_chunk_001.log",0.559608,559.601327,4.900530,0.000000,0.080164,0.058825,0.070266,0.074097,0.992473,8.668513,0.117987,
cpu_search_parallel_dynamic_latest,msmarco,avg_cpu_v3_fast_vs_parallel_t32_3trial_20260425T203556Z_cpu_search_parallel_dynamic_latest_k10,a4,32,800,100,64,5,nfs,/mnt/nfs/home/juelinliu/work1/gpu-mvr/dataset/msmarco/gpu_mvr_2m,6980,10,5,30.243300,30243.299667,230.813333,0.966533,4.332667,4.212667,4.976333,5.250667,6.385000,301.639333,4.052333,openmp,32,3,"cpu_v3_fast_vs_parallel_t32_3trial_20260425T203556Z_cpu_search_parallel_dynamic_latest_k10_t1,cpu_v3_fast_vs_parallel_t32_3trial_20260425T203556Z_cpu_search_parallel_dynamic_latest_k10_t2,cpu_v3_fast_vs_parallel_t32_3trial_20260425T203556Z_cpu_search_parallel_dynamic_latest_k10_t3","/mnt/nfs/home/juelinliu/work1/gpu-mvr/slurm/logs/cpu_search_parallel_dynamic_latest/msmarco/benchmark_k10_20260425T204837Z_job28679179_task2_config_chunk_001.log,/mnt/nfs/home/juelinliu/work1/gpu-mvr/slurm/logs/cpu_search_parallel_dynamic_latest/msmarco/benchmark_k10_20260425T205029Z_job28679181_task2_config_chunk_001.log,/mnt/nfs/home/juelinliu/work1/gpu-mvr/slurm/logs/cpu_search_parallel_dynamic_latest/msmarco/benchmark_k10_20260425T205350Z_job28679183_task2_config_chunk_001.log",0.328300,328.279144,2.514770,0.000000,0.047035,0.029006,0.016503,0.033382,0.756762,22.768513,0.555963,
cpu_search_parallel_dynamic_latest,msmarco,avg_cpu_v3_fast_vs_parallel_t32_3trial_20260425T203556Z_cpu_search_parallel_dynamic_latest_k10,b1,48,1000,120,96,5,nfs,/mnt/nfs/home/juelinliu/work1/gpu-mvr/dataset/msmarco/gpu_mvr_2m,6980,10,5,40.905100,40905.086000,170.651333,0.974284,5.859667,5.750333,6.792667,7.188000,8.465667,210.549000,2.855667,openmp,32,3,"cpu_v3_fast_vs_parallel_t32_3trial_20260425T203556Z_cpu_search_parallel_dynamic_latest_k10_t1,cpu_v3_fast_vs_parallel_t32_3trial_20260425T203556Z_cpu_search_parallel_dynamic_latest_k10_t2,cpu_v3_fast_vs_parallel_t32_3trial_20260425T203556Z_cpu_search_parallel_dynamic_latest_k10_t3","/mnt/nfs/home/juelinliu/work1/gpu-mvr/slurm/logs/cpu_search_parallel_dynamic_latest/msmarco/benchmark_k10_20260425T204837Z_job28679179_task2_config_chunk_001.log,/mnt/nfs/home/juelinliu/work1/gpu-mvr/slurm/logs/cpu_search_parallel_dynamic_latest/msmarco/benchmark_k10_20260425T205029Z_job28679181_task2_config_chunk_001.log,/mnt/nfs/home/juelinliu/work1/gpu-mvr/slurm/logs/cpu_search_parallel_dynamic_latest/msmarco/benchmark_k10_20260425T205350Z_job28679183_task2_config_chunk_001.log",0.424626,424.630471,1.773267,0.000000,0.061068,0.023180,0.013317,0.047655,0.391824,132.643636,1.577341,
cpu_search_parallel_dynamic_latest,msmarco,avg_cpu_v3_fast_vs_parallel_t32_3trial_20260425T203556Z_cpu_search_parallel_dynamic_latest_k10,b2,48,1500,150,96,5,nfs,/mnt/nfs/home/juelinliu/work1/gpu-mvr/dataset/msmarco/gpu_mvr_2m,6980,10,5,43.714567,43714.561000,159.674000,0.976304,6.262333,6.198333,7.249000,7.591000,8.546000,21.764000,0.846333,openmp,32,3,"cpu_v3_fast_vs_parallel_t32_3trial_20260425T203556Z_cpu_search_parallel_dynamic_latest_k10_t1,cpu_v3_fast_vs_parallel_t32_3trial_20260425T203556Z_cpu_search_parallel_dynamic_latest_k10_t2,cpu_v3_fast_vs_parallel_t32_3trial_20260425T203556Z_cpu_search_parallel_dynamic_latest_k10_t3","/mnt/nfs/home/juelinliu/work1/gpu-mvr/slurm/logs/cpu_search_parallel_dynamic_latest/msmarco/benchmark_k10_20260425T204837Z_job28679179_task2_config_chunk_001.log,/mnt/nfs/home/juelinliu/work1/gpu-mvr/slurm/logs/cpu_search_parallel_dynamic_latest/msmarco/benchmark_k10_20260425T205029Z_job28679181_task2_config_chunk_001.log,/mnt/nfs/home/juelinliu/work1/gpu-mvr/slurm/logs/cpu_search_parallel_dynamic_latest/msmarco/benchmark_k10_20260425T205350Z_job28679183_task2_config_chunk_001.log",0.161080,161.069100,0.587238,0.000000,0.023180,0.025541,0.025120,0.026211,0.241634,8.641421,0.045960,
cpu_search_parallel_dynamic_latest,msmarco,avg_cpu_v3_fast_vs_parallel_t32_3trial_20260425T203556Z_cpu_search_parallel_dynamic_latest_k10,b3,64,1200,150,96,5,nfs,/mnt/nfs/home/juelinliu/work1/gpu-mvr/dataset/msmarco/gpu_mvr_2m,6980,10,5,51.699800,51699.816000,135.011333,0.977421,7.406333,7.319333,8.611333,9.059000,10.163000,116.000000,2.178667,openmp,32,3,"cpu_v3_fast_vs_parallel_t32_3trial_20260425T203556Z_cpu_search_parallel_dynamic_latest_k10_t1,cpu_v3_fast_vs_parallel_t32_3trial_20260425T203556Z_cpu_search_parallel_dynamic_latest_k10_t2,cpu_v3_fast_vs_parallel_t32_3trial_20260425T203556Z_cpu_search_parallel_dynamic_latest_k10_t3","/mnt/nfs/home/juelinliu/work1/gpu-mvr/slurm/logs/cpu_search_parallel_dynamic_latest/msmarco/benchmark_k10_20260425T204837Z_job28679179_task2_config_chunk_001.log,/mnt/nfs/home/juelinliu/work1/gpu-mvr/slurm/logs/cpu_search_parallel_dynamic_latest/msmarco/benchmark_k10_20260425T205029Z_job28679181_task2_config_chunk_001.log,/mnt/nfs/home/juelinliu/work1/gpu-mvr/slurm/logs/cpu_search_parallel_dynamic_latest/msmarco/benchmark_k10_20260425T205350Z_job28679183_task2_config_chunk_001.log",0.180442,180.446384,0.472256,0.000000,0.026312,0.034933,0.052003,0.049487,0.270200,109.011498,1.641578,
cpu_search_parallel_dynamic_latest,msmarco,avg_cpu_v3_fast_vs_parallel_t32_3trial_20260425T203556Z_cpu_search_parallel_dynamic_latest_k10,b4,64,1800,180,96,5,nfs,/mnt/nfs/home/juelinliu/work1/gpu-mvr/dataset/msmarco/gpu_mvr_2m,6980,10,5,54.836367,54836.395333,127.288000,0.978840,7.855667,7.777333,9.094000,9.526000,10.702000,106.996000,1.785667,openmp,32,3,"cpu_v3_fast_vs_parallel_t32_3trial_20260425T203556Z_cpu_search_parallel_dynamic_latest_k10_t1,cpu_v3_fast_vs_parallel_t32_3trial_20260425T203556Z_cpu_search_parallel_dynamic_latest_k10_t2,cpu_v3_fast_vs_parallel_t32_3trial_20260425T203556Z_cpu_search_parallel_dynamic_latest_k10_t3","/mnt/nfs/home/juelinliu/work1/gpu-mvr/slurm/logs/cpu_search_parallel_dynamic_latest/msmarco/benchmark_k10_20260425T204837Z_job28679179_task2_config_chunk_001.log,/mnt/nfs/home/juelinliu/work1/gpu-mvr/slurm/logs/cpu_search_parallel_dynamic_latest/msmarco/benchmark_k10_20260425T205029Z_job28679181_task2_config_chunk_001.log,/mnt/nfs/home/juelinliu/work1/gpu-mvr/slurm/logs/cpu_search_parallel_dynamic_latest/msmarco/benchmark_k10_20260425T205350Z_job28679183_task2_config_chunk_001.log",0.134826,134.836116,0.312692,0.000000,0.019399,0.017502,0.025239,0.015524,0.262741,133.661544,1.245894,
cpu_search_parallel_dynamic_latest,msmarco,avg_cpu_v3_fast_vs_parallel_t32_3trial_20260425T203556Z_cpu_search_parallel_dynamic_latest_k10,c1,64,2400,240,128,5,nfs,/mnt/nfs/home/juelinliu/work1/gpu-mvr/dataset/msmarco/gpu_mvr_2m,6980,10,5,58.535867,58535.870333,119.244333,0.979656,8.385667,8.322333,9.646000,10.075667,11.113667,81.145667,1.528333,openmp,32,3,"cpu_v3_fast_vs_parallel_t32_3trial_20260425T203556Z_cpu_search_parallel_dynamic_latest_k10_t1,cpu_v3_fast_vs_parallel_t32_3trial_20260425T203556Z_cpu_search_parallel_dynamic_latest_k10_t2,cpu_v3_fast_vs_parallel_t32_3trial_20260425T203556Z_cpu_search_parallel_dynamic_latest_k10_t3","/mnt/nfs/home/juelinliu/work1/gpu-mvr/slurm/logs/cpu_search_parallel_dynamic_latest/msmarco/benchmark_k10_20260425T204837Z_job28679179_task2_config_chunk_001.log,/mnt/nfs/home/juelinliu/work1/gpu-mvr/slurm/logs/cpu_search_parallel_dynamic_latest/msmarco/benchmark_k10_20260425T205029Z_job28679181_task2_config_chunk_001.log,/mnt/nfs/home/juelinliu/work1/gpu-mvr/slurm/logs/cpu_search_parallel_dynamic_latest/msmarco/benchmark_k10_20260425T205350Z_job28679183_task2_config_chunk_001.log",0.238655,238.636578,0.486022,0.000000,0.034501,0.017039,0.049000,0.064632,0.374830,105.037771,0.863848,
cpu_search_parallel_dynamic_latest,msmarco,avg_cpu_v3_fast_vs_parallel_t32_3trial_20260425T203556Z_cpu_search_parallel_dynamic_latest_k10,c2,96,1800,200,128,5,nfs,/mnt/nfs/home/juelinliu/work1/gpu-mvr/dataset/msmarco/gpu_mvr_2m,6980,10,5,73.829000,73829.017000,94.544667,0.980774,10.576333,10.439000,12.273333,12.867000,14.259000,360.435667,4.732000,openmp,32,3,"cpu_v3_fast_vs_parallel_t32_3trial_20260425T203556Z_cpu_search_parallel_dynamic_latest_k10_t1,cpu_v3_fast_vs_parallel_t32_3trial_20260425T203556Z_cpu_search_parallel_dynamic_latest_k10_t2,cpu_v3_fast_vs_parallel_t32_3trial_20260425T203556Z_cpu_search_parallel_dynamic_latest_k10_t3","/mnt/nfs/home/juelinliu/work1/gpu-mvr/slurm/logs/cpu_search_parallel_dynamic_latest/msmarco/benchmark_k10_20260425T204837Z_job28679179_task2_config_chunk_001.log,/mnt/nfs/home/juelinliu/work1/gpu-mvr/slurm/logs/cpu_search_parallel_dynamic_latest/msmarco/benchmark_k10_20260425T205029Z_job28679181_task2_config_chunk_001.log,/mnt/nfs/home/juelinliu/work1/gpu-mvr/slurm/logs/cpu_search_parallel_dynamic_latest/msmarco/benchmark_k10_20260425T205350Z_job28679183_task2_config_chunk_001.log",0.394361,394.364163,0.505921,0.000000,0.056448,0.053842,0.102163,0.060655,0.142390,109.154498,1.235506,
cpu_search_parallel_dynamic_latest,msmarco,avg_cpu_v3_fast_vs_parallel_t32_3trial_20260425T203556Z_cpu_search_parallel_dynamic_latest_k10,c3,96,2400,250,128,5,nfs,/mnt/nfs/home/juelinliu/work1/gpu-mvr/dataset/msmarco/gpu_mvr_2m,6980,10,5,76.934967,76934.948667,90.728000,0.981318,11.021667,10.940000,12.789000,13.372333,14.715333,22.685000,1.399667,openmp,32,3,"cpu_v3_fast_vs_parallel_t32_3trial_20260425T203556Z_cpu_search_parallel_dynamic_latest_k10_t1,cpu_v3_fast_vs_parallel_t32_3trial_20260425T203556Z_cpu_search_parallel_dynamic_latest_k10_t2,cpu_v3_fast_vs_parallel_t32_3trial_20260425T203556Z_cpu_search_parallel_dynamic_latest_k10_t3","/mnt/nfs/home/juelinliu/work1/gpu-mvr/slurm/logs/cpu_search_parallel_dynamic_latest/msmarco/benchmark_k10_20260425T204837Z_job28679179_task2_config_chunk_001.log,/mnt/nfs/home/juelinliu/work1/gpu-mvr/slurm/logs/cpu_search_parallel_dynamic_latest/msmarco/benchmark_k10_20260425T205029Z_job28679181_task2_config_chunk_001.log,/mnt/nfs/home/juelinliu/work1/gpu-mvr/slurm/logs/cpu_search_parallel_dynamic_latest/msmarco/benchmark_k10_20260425T205350Z_job28679183_task2_config_chunk_001.log",0.436508,436.550748,0.514114,0.000000,0.062692,0.065574,0.105788,0.104314,0.053050,8.287636,0.027006,
cpu_search_parallel_dynamic_latest,msmarco,avg_cpu_v3_fast_vs_parallel_t32_3trial_20260425T203556Z_cpu_search_parallel_dynamic_latest_k10,d1,128,3000,300,150,5,nfs,/mnt/nfs/home/juelinliu/work1/gpu-mvr/dataset/msmarco/gpu_mvr_2m,6980,10,5,100.632533,100632.529333,69.364333,0.981805,14.416667,14.252667,16.670667,17.468333,19.261667,369.982667,5.038000,openmp,32,3,"cpu_v3_fast_vs_parallel_t32_3trial_20260425T203556Z_cpu_search_parallel_dynamic_latest_k10_t1,cpu_v3_fast_vs_parallel_t32_3trial_20260425T203556Z_cpu_search_parallel_dynamic_latest_k10_t2,cpu_v3_fast_vs_parallel_t32_3trial_20260425T203556Z_cpu_search_parallel_dynamic_latest_k10_t3","/mnt/nfs/home/juelinliu/work1/gpu-mvr/slurm/logs/cpu_search_parallel_dynamic_latest/msmarco/benchmark_k10_20260425T204837Z_job28679179_task2_config_chunk_001.log,/mnt/nfs/home/juelinliu/work1/gpu-mvr/slurm/logs/cpu_search_parallel_dynamic_latest/msmarco/benchmark_k10_20260425T205029Z_job28679181_task2_config_chunk_001.log,/mnt/nfs/home/juelinliu/work1/gpu-mvr/slurm/logs/cpu_search_parallel_dynamic_latest/msmarco/benchmark_k10_20260425T205350Z_job28679183_task2_config_chunk_001.log",0.821106,820.957855,0.567028,0.000000,0.117462,0.094516,0.085711,0.096106,0.219432,5.321747,0.659896,
cpu_search_parallel_dynamic_latest,msmarco,avg_cpu_v3_fast_vs_parallel_t32_3trial_20260425T203556Z_cpu_search_parallel_dynamic_latest_k10,e1,96,3200,320,160,5,nfs,/mnt/nfs/home/juelinliu/work1/gpu-mvr/dataset/msmarco/gpu_mvr_2m,6980,10,5,81.879300,81879.317000,85.250000,0.981547,11.730000,11.669333,13.533333,14.119667,15.474667,19.668000,1.415000,openmp,32,3,"cpu_v3_fast_vs_parallel_t32_3trial_20260425T203556Z_cpu_search_parallel_dynamic_latest_k10_t1,cpu_v3_fast_vs_parallel_t32_3trial_20260425T203556Z_cpu_search_parallel_dynamic_latest_k10_t2,cpu_v3_fast_vs_parallel_t32_3trial_20260425T203556Z_cpu_search_parallel_dynamic_latest_k10_t3","/mnt/nfs/home/juelinliu/work1/gpu-mvr/slurm/logs/cpu_search_parallel_dynamic_latest/msmarco/benchmark_k10_20260425T204837Z_job28679179_task2_config_chunk_001.log,/mnt/nfs/home/juelinliu/work1/gpu-mvr/slurm/logs/cpu_search_parallel_dynamic_latest/msmarco/benchmark_k10_20260425T205029Z_job28679181_task2_config_chunk_001.log,/mnt/nfs/home/juelinliu/work1/gpu-mvr/slurm/logs/cpu_search_parallel_dynamic_latest/msmarco/benchmark_k10_20260425T205350Z_job28679183_task2_config_chunk_001.log",0.574140,574.140210,0.596581,0.000000,0.082177,0.067826,0.126021,0.117772,0.251170,1.766957,0.036373,
cpu_search_parallel_dynamic_latest,msmarco,avg_cpu_v3_fast_vs_parallel_t32_3trial_20260425T203556Z_cpu_search_parallel_dynamic_latest_k10,e2,128,2400,250,160,5,nfs,/mnt/nfs/home/juelinliu/work1/gpu-mvr/dataset/msmarco/gpu_mvr_2m,6980,10,5,96.190933,96190.911667,72.565000,0.981519,13.780667,13.683333,16.072000,16.866333,18.554667,22.238667,1.800000,openmp,32,3,"cpu_v3_fast_vs_parallel_t32_3trial_20260425T203556Z_cpu_search_parallel_dynamic_latest_k10_t1,cpu_v3_fast_vs_parallel_t32_3trial_20260425T203556Z_cpu_search_parallel_dynamic_latest_k10_t2,cpu_v3_fast_vs_parallel_t32_3trial_20260425T203556Z_cpu_search_parallel_dynamic_latest_k10_t3","/mnt/nfs/home/juelinliu/work1/gpu-mvr/slurm/logs/cpu_search_parallel_dynamic_latest/msmarco/benchmark_k10_20260425T204837Z_job28679179_task2_config_chunk_001.log,/mnt/nfs/home/juelinliu/work1/gpu-mvr/slurm/logs/cpu_search_parallel_dynamic_latest/msmarco/benchmark_k10_20260425T205029Z_job28679181_task2_config_chunk_001.log,/mnt/nfs/home/juelinliu/work1/gpu-mvr/slurm/logs/cpu_search_parallel_dynamic_latest/msmarco/benchmark_k10_20260425T205350Z_job28679183_task2_config_chunk_001.log",0.370519,370.532275,0.279609,0.000000,0.052994,0.049863,0.081505,0.066305,0.064632,0.139787,0.020075,
cpu_search_parallel_dynamic_latest,msmarco,avg_cpu_v3_fast_vs_parallel_t32_3trial_20260425T203556Z_cpu_search_parallel_dynamic_latest_k10,f1,128,4000,400,192,5,nfs,/mnt/nfs/home/juelinliu/work1/gpu-mvr/dataset/msmarco/gpu_mvr_2m,6980,10,5,106.168667,106168.831000,65.745000,0.981963,15.209667,15.127667,17.557000,18.352333,20.089000,25.889667,1.840667,openmp,32,3,"cpu_v3_fast_vs_parallel_t32_3trial_20260425T203556Z_cpu_search_parallel_dynamic_latest_k10_t1,cpu_v3_fast_vs_parallel_t32_3trial_20260425T203556Z_cpu_search_parallel_dynamic_latest_k10_t2,cpu_v3_fast_vs_parallel_t32_3trial_20260425T203556Z_cpu_search_parallel_dynamic_latest_k10_t3","/mnt/nfs/home/juelinliu/work1/gpu-mvr/slurm/logs/cpu_search_parallel_dynamic_latest/msmarco/benchmark_k10_20260425T204837Z_job28679179_task2_config_chunk_001.log,/mnt/nfs/home/juelinliu/work1/gpu-mvr/slurm/logs/cpu_search_parallel_dynamic_latest/msmarco/benchmark_k10_20260425T205029Z_job28679181_task2_config_chunk_001.log,/mnt/nfs/home/juelinliu/work1/gpu-mvr/slurm/logs/cpu_search_parallel_dynamic_latest/msmarco/benchmark_k10_20260425T205350Z_job28679183_task2_config_chunk_001.log",0.425549,425.747446,0.263302,0.000000,0.060913,0.071066,0.076236,0.106613,0.148321,3.942509,0.031342,
cpu_search_parallel_dynamic_latest,msmarco,avg_cpu_v3_fast_vs_parallel_t32_3trial_20260425T203556Z_cpu_search_parallel_dynamic_latest_k10,f2,160,3800,360,192,5,nfs,/mnt/nfs/home/juelinliu/work1/gpu-mvr/dataset/msmarco/gpu_mvr_2m,6980,10,5,124.410333,124410.397667,56.108000,0.982206,17.823333,17.640667,20.771667,21.775667,24.014667,315.948333,4.779000,openmp,32,3,"cpu_v3_fast_vs_parallel_t32_3trial_20260425T203556Z_cpu_search_parallel_dynamic_latest_k10_t1,cpu_v3_fast_vs_parallel_t32_3trial_20260425T203556Z_cpu_search_parallel_dynamic_latest_k10_t2,cpu_v3_fast_vs_parallel_t32_3trial_20260425T203556Z_cpu_search_parallel_dynamic_latest_k10_t3","/mnt/nfs/home/juelinliu/work1/gpu-mvr/slurm/logs/cpu_search_parallel_dynamic_latest/msmarco/benchmark_k10_20260425T204837Z_job28679179_task2_config_chunk_001.log,/mnt/nfs/home/juelinliu/work1/gpu-mvr/slurm/logs/cpu_search_parallel_dynamic_latest/msmarco/benchmark_k10_20260425T205029Z_job28679181_task2_config_chunk_001.log,/mnt/nfs/home/juelinliu/work1/gpu-mvr/slurm/logs/cpu_search_parallel_dynamic_latest/msmarco/benchmark_k10_20260425T205350Z_job28679183_task2_config_chunk_001.log",1.191413,1191.030998,0.535235,0.000000,0.170764,0.212867,0.246792,0.267988,0.247227,249.997381,2.136937,
cpu_search_parallel_dynamic_latest,msmarco,avg_cpu_v3_fast_vs_parallel_t32_3trial_20260425T203556Z_cpu_search_parallel_dynamic_latest_k10,g1,160,5000,500,224,5,nfs,/mnt/nfs/home/juelinliu/work1/gpu-mvr/dataset/msmarco/gpu_mvr_2m,6980,10,5,132.429667,132429.757333,52.708667,0.982350,18.972333,18.859667,21.994333,23.046333,25.295667,32.985000,2.367667,openmp,32,3,"cpu_v3_fast_vs_parallel_t32_3trial_20260425T203556Z_cpu_search_parallel_dynamic_latest_k10_t1,cpu_v3_fast_vs_parallel_t32_3trial_20260425T203556Z_cpu_search_parallel_dynamic_latest_k10_t2,cpu_v3_fast_vs_parallel_t32_3trial_20260425T203556Z_cpu_search_parallel_dynamic_latest_k10_t3","/mnt/nfs/home/juelinliu/work1/gpu-mvr/slurm/logs/cpu_search_parallel_dynamic_latest/msmarco/benchmark_k10_20260425T204837Z_job28679179_task2_config_chunk_001.log,/mnt/nfs/home/juelinliu/work1/gpu-mvr/slurm/logs/cpu_search_parallel_dynamic_latest/msmarco/benchmark_k10_20260425T205029Z_job28679181_task2_config_chunk_001.log,/mnt/nfs/home/juelinliu/work1/gpu-mvr/slurm/logs/cpu_search_parallel_dynamic_latest/msmarco/benchmark_k10_20260425T205350Z_job28679183_task2_config_chunk_001.log",0.847479,847.518048,0.336402,0.000000,0.121397,0.133350,0.182226,0.194878,0.257498,4.576935,0.043593,
cpu_search_parallel_dynamic_latest,msmarco,avg_cpu_v3_fast_vs_parallel_t32_3trial_20260425T203556Z_cpu_search_parallel_dynamic_latest_k10,g2,160,6000,500,224,5,nfs,/mnt/nfs/home/juelinliu/work1/gpu-mvr/dataset/msmarco/gpu_mvr_2m,6980,10,5,137.406667,137406.585667,50.800667,0.982378,19.685000,19.558333,22.762667,23.773333,25.993667,31.126000,2.389333,openmp,32,3,"cpu_v3_fast_vs_parallel_t32_3trial_20260425T203556Z_cpu_search_parallel_dynamic_latest_k10_t1,cpu_v3_fast_vs_parallel_t32_3trial_20260425T203556Z_cpu_search_parallel_dynamic_latest_k10_t2,cpu_v3_fast_vs_parallel_t32_3trial_20260425T203556Z_cpu_search_parallel_dynamic_latest_k10_t3","/mnt/nfs/home/juelinliu/work1/gpu-mvr/slurm/logs/cpu_search_parallel_dynamic_latest/msmarco/benchmark_k10_20260425T204837Z_job28679179_task2_config_chunk_001.log,/mnt/nfs/home/juelinliu/work1/gpu-mvr/slurm/logs/cpu_search_parallel_dynamic_latest/msmarco/benchmark_k10_20260425T205029Z_job28679181_task2_config_chunk_001.log,/mnt/nfs/home/juelinliu/work1/gpu-mvr/slurm/logs/cpu_search_parallel_dynamic_latest/msmarco/benchmark_k10_20260425T205350Z_job28679183_task2_config_chunk_001.log",1.158678,1158.622562,0.426381,0.000000,0.165756,0.162149,0.191051,0.193985,0.356009,0.479939,0.031086,
cpu_search_parallel_dynamic_latest,msmarco,avg_cpu_v3_fast_vs_parallel_t32_3trial_20260425T203556Z_cpu_search_parallel_dynamic_latest_k10,h1,192,6500,650,256,5,nfs,/mnt/nfs/home/juelinliu/work1/gpu-mvr/dataset/msmarco/gpu_mvr_2m,6980,10,5,164.823667,164823.616333,42.351667,0.982636,23.613333,23.416333,27.395000,28.780667,31.603667,239.845333,4.411333,openmp,32,3,"cpu_v3_fast_vs_parallel_t32_3trial_20260425T203556Z_cpu_search_parallel_dynamic_latest_k10_t1,cpu_v3_fast_vs_parallel_t32_3trial_20260425T203556Z_cpu_search_parallel_dynamic_latest_k10_t2,cpu_v3_fast_vs_parallel_t32_3trial_20260425T203556Z_cpu_search_parallel_dynamic_latest_k10_t3","/mnt/nfs/home/juelinliu/work1/gpu-mvr/slurm/logs/cpu_search_parallel_dynamic_latest/msmarco/benchmark_k10_20260425T204837Z_job28679179_task2_config_chunk_001.log,/mnt/nfs/home/juelinliu/work1/gpu-mvr/slurm/logs/cpu_search_parallel_dynamic_latest/msmarco/benchmark_k10_20260425T205029Z_job28679181_task2_config_chunk_001.log,/mnt/nfs/home/juelinliu/work1/gpu-mvr/slurm/logs/cpu_search_parallel_dynamic_latest/msmarco/benchmark_k10_20260425T205350Z_job28679183_task2_config_chunk_001.log",1.793448,1793.139792,0.462824,0.000000,0.256827,0.267734,0.323436,0.371322,0.533001,240.361613,1.853412,
cpu_search_parallel_dynamic_latest,msmarco,avg_cpu_v3_fast_vs_parallel_t32_3trial_20260425T203556Z_cpu_search_parallel_dynamic_latest_k10,i1,224,8000,800,288,5,nfs,/mnt/nfs/home/juelinliu/work1/gpu-mvr/dataset/msmarco/gpu_mvr_2m,6980,10,5,197.645667,197645.414667,35.318667,0.982722,28.315333,27.857667,32.874667,34.840333,40.324000,439.963667,7.741000,openmp,32,3,"cpu_v3_fast_vs_parallel_t32_3trial_20260425T203556Z_cpu_search_parallel_dynamic_latest_k10_t1,cpu_v3_fast_vs_parallel_t32_3trial_20260425T203556Z_cpu_search_parallel_dynamic_latest_k10_t2,cpu_v3_fast_vs_parallel_t32_3trial_20260425T203556Z_cpu_search_parallel_dynamic_latest_k10_t3","/mnt/nfs/home/juelinliu/work1/gpu-mvr/slurm/logs/cpu_search_parallel_dynamic_latest/msmarco/benchmark_k10_20260425T204837Z_job28679179_task2_config_chunk_001.log,/mnt/nfs/home/juelinliu/work1/gpu-mvr/slurm/logs/cpu_search_parallel_dynamic_latest/msmarco/benchmark_k10_20260425T205029Z_job28679181_task2_config_chunk_001.log,/mnt/nfs/home/juelinliu/work1/gpu-mvr/slurm/logs/cpu_search_parallel_dynamic_latest/msmarco/benchmark_k10_20260425T205350Z_job28679183_task2_config_chunk_001.log",2.328637,2328.463779,0.413299,0.000000,0.333320,0.334835,0.461799,0.544941,1.140604,71.248062,1.724223,
cpu_search_parallel_dynamic_latest,msmarco,avg_cpu_v3_fast_vs_parallel_t32_3trial_20260425T203556Z_cpu_search_parallel_dynamic_latest_k10,j1,256,10000,1000,320,5,nfs,/mnt/nfs/home/juelinliu/work1/gpu-mvr/dataset/msmarco/gpu_mvr_2m,6980,10,5,237.735000,237735.293667,29.365333,0.982822,34.058667,33.503333,39.626000,42.175333,48.928000,559.195667,9.856333,openmp,32,3,"cpu_v3_fast_vs_parallel_t32_3trial_20260425T203556Z_cpu_search_parallel_dynamic_latest_k10_t1,cpu_v3_fast_vs_parallel_t32_3trial_20260425T203556Z_cpu_search_parallel_dynamic_latest_k10_t2,cpu_v3_fast_vs_parallel_t32_3trial_20260425T203556Z_cpu_search_parallel_dynamic_latest_k10_t3","/mnt/nfs/home/juelinliu/work1/gpu-mvr/slurm/logs/cpu_search_parallel_dynamic_latest/msmarco/benchmark_k10_20260425T204837Z_job28679179_task2_config_chunk_001.log,/mnt/nfs/home/juelinliu/work1/gpu-mvr/slurm/logs/cpu_search_parallel_dynamic_latest/msmarco/benchmark_k10_20260425T205029Z_job28679181_task2_config_chunk_001.log,/mnt/nfs/home/juelinliu/work1/gpu-mvr/slurm/logs/cpu_search_parallel_dynamic_latest/msmarco/benchmark_k10_20260425T205350Z_job28679183_task2_config_chunk_001.log",3.729263,3729.418622,0.457350,0.000000,0.534477,0.436237,0.563880,0.673635,1.509769,153.605220,2.212047,
cpu_search_parallel_dynamic_latest,msmarco,avg_cpu_v3_fast_vs_parallel_t32_3trial_20260425T203556Z_cpu_search_parallel_dynamic_latest_k10,k1,384,28000,1800,448,5,nfs,/mnt/nfs/home/juelinliu/work1/gpu-mvr/dataset/msmarco/gpu_mvr_2m,6980,10,5,476.593333,476593.387000,14.650000,0.982908,68.278667,67.367667,79.738000,83.826667,97.302000,642.075333,14.208000,openmp,32,3,"cpu_v3_fast_vs_parallel_t32_3trial_20260425T203556Z_cpu_search_parallel_dynamic_latest_k10_t1,cpu_v3_fast_vs_parallel_t32_3trial_20260425T203556Z_cpu_search_parallel_dynamic_latest_k10_t2,cpu_v3_fast_vs_parallel_t32_3trial_20260425T203556Z_cpu_search_parallel_dynamic_latest_k10_t3","/mnt/nfs/home/juelinliu/work1/gpu-mvr/slurm/logs/cpu_search_parallel_dynamic_latest/msmarco/benchmark_k10_20260425T204837Z_job28679179_task2_config_chunk_001.log,/mnt/nfs/home/juelinliu/work1/gpu-mvr/slurm/logs/cpu_search_parallel_dynamic_latest/msmarco/benchmark_k10_20260425T205029Z_job28679181_task2_config_chunk_001.log,/mnt/nfs/home/juelinliu/work1/gpu-mvr/slurm/logs/cpu_search_parallel_dynamic_latest/msmarco/benchmark_k10_20260425T205350Z_job28679183_task2_config_chunk_001.log",10.050651,10050.684017,0.312216,0.000000,1.440215,1.428095,1.583519,1.396615,3.484073,320.438692,3.580337,
cpu_search_parallel_dynamic_latest,msmarco,avg_cpu_v3_fast_vs_parallel_t32_3trial_20260425T203556Z_cpu_search_parallel_dynamic_latest_k10,l1,448,28000,2200,512,5,nfs,/mnt/nfs/home/juelinliu/work1/gpu-mvr/dataset/msmarco/gpu_mvr_2m,6980,10,5,572.511000,572510.923000,12.196000,0.982908,82.020333,80.643000,96.376667,102.117333,120.021333,706.753667,16.296000,openmp,32,3,"cpu_v3_fast_vs_parallel_t32_3trial_20260425T203556Z_cpu_search_parallel_dynamic_latest_k10_t1,cpu_v3_fast_vs_parallel_t32_3trial_20260425T203556Z_cpu_search_parallel_dynamic_latest_k10_t2,cpu_v3_fast_vs_parallel_t32_3trial_20260425T203556Z_cpu_search_parallel_dynamic_latest_k10_t3","/mnt/nfs/home/juelinliu/work1/gpu-mvr/slurm/logs/cpu_search_parallel_dynamic_latest/msmarco/benchmark_k10_20260425T204837Z_job28679179_task2_config_chunk_001.log,/mnt/nfs/home/juelinliu/work1/gpu-mvr/slurm/logs/cpu_search_parallel_dynamic_latest/msmarco/benchmark_k10_20260425T205029Z_job28679181_task2_config_chunk_001.log,/mnt/nfs/home/juelinliu/work1/gpu-mvr/slurm/logs/cpu_search_parallel_dynamic_latest/msmarco/benchmark_k10_20260425T205350Z_job28679183_task2_config_chunk_001.log",12.589443,12589.160157,0.271382,0.000000,1.803460,1.639705,1.936912,1.915994,4.842649,210.284752,3.299016,
cpu_search_parallel_dynamic_latest,msmarco,avg_cpu_v3_fast_vs_parallel_t32_3trial_20260425T203556Z_cpu_search_parallel_dynamic_latest_k100,a1,16,800,100,64,5,nfs,/mnt/nfs/home/juelinliu/work1/gpu-mvr/dataset/msmarco/gpu_mvr_2m,6980,100,5,20.873933,20873.959333,334.446667,0.743798,2.990000,2.957000,3.400667,3.552333,3.913667,46.033333,0.790333,openmp,32,3,"cpu_v3_fast_vs_parallel_t32_3trial_20260425T203556Z_cpu_search_parallel_dynamic_latest_k100_t1,cpu_v3_fast_vs_parallel_t32_3trial_20260425T203556Z_cpu_search_parallel_dynamic_latest_k100_t2,cpu_v3_fast_vs_parallel_t32_3trial_20260425T203556Z_cpu_search_parallel_dynamic_latest_k100_t3","/mnt/nfs/home/juelinliu/work1/gpu-mvr/slurm/logs/cpu_search_parallel_dynamic_latest/msmarco/benchmark_k100_20260425T210009Z_job28679185_task2_config_chunk_001.log,/mnt/nfs/home/juelinliu/work1/gpu-mvr/slurm/logs/cpu_search_parallel_dynamic_latest/msmarco/benchmark_k100_20260425T210744Z_job28679187_task2_config_chunk_001.log,/mnt/nfs/home/juelinliu/work1/gpu-mvr/slurm/logs/cpu_search_parallel_dynamic_latest/msmarco/benchmark_k100_20260425T211211Z_job28679189_task2_config_chunk_001.log",0.338832,338.842600,5.403902,0.000000,0.048775,0.040037,0.038527,0.048850,0.051984,36.532058,0.404060,
cpu_search_parallel_dynamic_latest,msmarco,avg_cpu_v3_fast_vs_parallel_t32_3trial_20260425T203556Z_cpu_search_parallel_dynamic_latest_k100,a2,24,1000,120,64,5,nfs,/mnt/nfs/home/juelinliu/work1/gpu-mvr/dataset/msmarco/gpu_mvr_2m,6980,100,5,26.930767,26930.787000,259.203333,0.814708,3.858000,3.819000,4.419000,4.628000,5.217667,21.449333,0.573333,openmp,32,3,"cpu_v3_fast_vs_parallel_t32_3trial_20260425T203556Z_cpu_search_parallel_dynamic_latest_k100_t1,cpu_v3_fast_vs_parallel_t32_3trial_20260425T203556Z_cpu_search_parallel_dynamic_latest_k100_t2,cpu_v3_fast_vs_parallel_t32_3trial_20260425T203556Z_cpu_search_parallel_dynamic_latest_k100_t3","/mnt/nfs/home/juelinliu/work1/gpu-mvr/slurm/logs/cpu_search_parallel_dynamic_latest/msmarco/benchmark_k100_20260425T210009Z_job28679185_task2_config_chunk_001.log,/mnt/nfs/home/juelinliu/work1/gpu-mvr/slurm/logs/cpu_search_parallel_dynamic_latest/msmarco/benchmark_k100_20260425T210744Z_job28679187_task2_config_chunk_001.log,/mnt/nfs/home/juelinliu/work1/gpu-mvr/slurm/logs/cpu_search_parallel_dynamic_latest/msmarco/benchmark_k100_20260425T211211Z_job28679189_task2_config_chunk_001.log",0.294319,294.302971,2.839524,0.000000,0.042320,0.045902,0.052678,0.064117,0.302659,23.023417,0.179001,
cpu_search_parallel_dynamic_latest,msmarco,avg_cpu_v3_fast_vs_parallel_t32_3trial_20260425T203556Z_cpu_search_parallel_dynamic_latest_k100,a3,24,1200,150,64,5,nfs,/mnt/nfs/home/juelinliu/work1/gpu-mvr/dataset/msmarco/gpu_mvr_2m,6980,100,5,29.316033,29316.026667,238.373667,0.852059,4.199667,4.138000,4.802333,5.087667,6.288333,8.905333,0.565000,openmp,32,3,"cpu_v3_fast_vs_parallel_t32_3trial_20260425T203556Z_cpu_search_parallel_dynamic_latest_k100_t1,cpu_v3_fast_vs_parallel_t32_3trial_20260425T203556Z_cpu_search_parallel_dynamic_latest_k100_t2,cpu_v3_fast_vs_parallel_t32_3trial_20260425T203556Z_cpu_search_parallel_dynamic_latest_k100_t3","/mnt/nfs/home/juelinliu/work1/gpu-mvr/slurm/logs/cpu_search_parallel_dynamic_latest/msmarco/benchmark_k100_20260425T210009Z_job28679185_task2_config_chunk_001.log,/mnt/nfs/home/juelinliu/work1/gpu-mvr/slurm/logs/cpu_search_parallel_dynamic_latest/msmarco/benchmark_k100_20260425T210744Z_job28679187_task2_config_chunk_001.log,/mnt/nfs/home/juelinliu/work1/gpu-mvr/slurm/logs/cpu_search_parallel_dynamic_latest/msmarco/benchmark_k100_20260425T211211Z_job28679189_task2_config_chunk_001.log",1.240655,1240.680160,9.868103,0.000000,0.177720,0.134748,0.208857,0.358695,1.322581,3.072049,0.162444,
cpu_search_parallel_dynamic_latest,msmarco,avg_cpu_v3_fast_vs_parallel_t32_3trial_20260425T203556Z_cpu_search_parallel_dynamic_latest_k100,a4,32,800,100,64,5,nfs,/mnt/nfs/home/juelinliu/work1/gpu-mvr/dataset/msmarco/gpu_mvr_2m,6980,100,5,30.797200,30797.174000,226.647333,0.772986,4.412000,4.303000,5.057667,5.308333,6.447667,287.492000,3.725667,openmp,32,3,"cpu_v3_fast_vs_parallel_t32_3trial_20260425T203556Z_cpu_search_parallel_dynamic_latest_k100_t1,cpu_v3_fast_vs_parallel_t32_3trial_20260425T203556Z_cpu_search_parallel_dynamic_latest_k100_t2,cpu_v3_fast_vs_parallel_t32_3trial_20260425T203556Z_cpu_search_parallel_dynamic_latest_k100_t3","/mnt/nfs/home/juelinliu/work1/gpu-mvr/slurm/logs/cpu_search_parallel_dynamic_latest/msmarco/benchmark_k100_20260425T210009Z_job28679185_task2_config_chunk_001.log,/mnt/nfs/home/juelinliu/work1/gpu-mvr/slurm/logs/cpu_search_parallel_dynamic_latest/msmarco/benchmark_k100_20260425T210744Z_job28679187_task2_config_chunk_001.log,/mnt/nfs/home/juelinliu/work1/gpu-mvr/slurm/logs/cpu_search_parallel_dynamic_latest/msmarco/benchmark_k100_20260425T211211Z_job28679189_task2_config_chunk_001.log",0.147297,147.309530,1.086957,0.000000,0.020881,0.029445,0.011719,0.038136,0.934929,70.003478,0.993051,
cpu_search_parallel_dynamic_latest,msmarco,avg_cpu_v3_fast_vs_parallel_t32_3trial_20260425T203556Z_cpu_search_parallel_dynamic_latest_k100,b1,48,1000,120,96,5,nfs,/mnt/nfs/home/juelinliu/work1/gpu-mvr/dataset/msmarco/gpu_mvr_2m,6980,100,5,41.832967,41832.982333,166.864000,0.843815,5.992667,5.912000,6.934000,7.301333,8.227000,111.024000,1.751000,openmp,32,3,"cpu_v3_fast_vs_parallel_t32_3trial_20260425T203556Z_cpu_search_parallel_dynamic_latest_k100_t1,cpu_v3_fast_vs_parallel_t32_3trial_20260425T203556Z_cpu_search_parallel_dynamic_latest_k100_t2,cpu_v3_fast_vs_parallel_t32_3trial_20260425T203556Z_cpu_search_parallel_dynamic_latest_k100_t3","/mnt/nfs/home/juelinliu/work1/gpu-mvr/slurm/logs/cpu_search_parallel_dynamic_latest/msmarco/benchmark_k100_20260425T210009Z_job28679185_task2_config_chunk_001.log,/mnt/nfs/home/juelinliu/work1/gpu-mvr/slurm/logs/cpu_search_parallel_dynamic_latest/msmarco/benchmark_k100_20260425T210744Z_job28679187_task2_config_chunk_001.log,/mnt/nfs/home/juelinliu/work1/gpu-mvr/slurm/logs/cpu_search_parallel_dynamic_latest/msmarco/benchmark_k100_20260425T211211Z_job28679189_task2_config_chunk_001.log",0.398944,398.947934,1.589431,0.000000,0.057143,0.047318,0.021932,0.037072,0.268434,133.769775,1.353724,
cpu_search_parallel_dynamic_latest,msmarco,avg_cpu_v3_fast_vs_parallel_t32_3trial_20260425T203556Z_cpu_search_parallel_dynamic_latest_k100,b2,48,1500,150,96,5,nfs,/mnt/nfs/home/juelinliu/work1/gpu-mvr/dataset/msmarco/gpu_mvr_2m,6980,100,5,44.342800,44342.832000,157.443667,0.891504,6.352333,6.287667,7.327333,7.690000,8.921667,23.701333,0.867667,openmp,32,3,"cpu_v3_fast_vs_parallel_t32_3trial_20260425T203556Z_cpu_search_parallel_dynamic_latest_k100_t1,cpu_v3_fast_vs_parallel_t32_3trial_20260425T203556Z_cpu_search_parallel_dynamic_latest_k100_t2,cpu_v3_fast_vs_parallel_t32_3trial_20260425T203556Z_cpu_search_parallel_dynamic_latest_k100_t3","/mnt/nfs/home/juelinliu/work1/gpu-mvr/slurm/logs/cpu_search_parallel_dynamic_latest/msmarco/benchmark_k100_20260425T210009Z_job28679185_task2_config_chunk_001.log,/mnt/nfs/home/juelinliu/work1/gpu-mvr/slurm/logs/cpu_search_parallel_dynamic_latest/msmarco/benchmark_k100_20260425T210744Z_job28679187_task2_config_chunk_001.log,/mnt/nfs/home/juelinliu/work1/gpu-mvr/slurm/logs/cpu_search_parallel_dynamic_latest/msmarco/benchmark_k100_20260425T211211Z_job28679189_task2_config_chunk_001.log",0.791722,791.719426,2.838279,0.000000,0.113800,0.110410,0.123440,0.151891,0.947384,9.944726,0.093735,
cpu_search_parallel_dynamic_latest,msmarco,avg_cpu_v3_fast_vs_parallel_t32_3trial_20260425T203556Z_cpu_search_parallel_dynamic_latest_k100,b3,64,1200,150,96,5,nfs,/mnt/nfs/home/juelinliu/work1/gpu-mvr/dataset/msmarco/gpu_mvr_2m,6980,100,5,52.811233,52811.212000,132.177333,0.894683,7.565667,7.410333,8.766333,9.223333,10.587667,321.028000,4.236667,openmp,32,3,"cpu_v3_fast_vs_parallel_t32_3trial_20260425T203556Z_cpu_search_parallel_dynamic_latest_k100_t1,cpu_v3_fast_vs_parallel_t32_3trial_20260425T203556Z_cpu_search_parallel_dynamic_latest_k100_t2,cpu_v3_fast_vs_parallel_t32_3trial_20260425T203556Z_cpu_search_parallel_dynamic_latest_k100_t3","/mnt/nfs/home/juelinliu/work1/gpu-mvr/slurm/logs/cpu_search_parallel_dynamic_latest/msmarco/benchmark_k100_20260425T210009Z_job28679185_task2_config_chunk_001.log,/mnt/nfs/home/juelinliu/work1/gpu-mvr/slurm/logs/cpu_search_parallel_dynamic_latest/msmarco/benchmark_k100_20260425T210744Z_job28679187_task2_config_chunk_001.log,/mnt/nfs/home/juelinliu/work1/gpu-mvr/slurm/logs/cpu_search_parallel_dynamic_latest/msmarco/benchmark_k100_20260425T211211Z_job28679189_task2_config_chunk_001.log",0.520151,520.166257,1.296033,0.000000,0.074144,0.078015,0.040612,0.087088,0.463311,44.062765,0.541899,
cpu_search_parallel_dynamic_latest,msmarco,avg_cpu_v3_fast_vs_parallel_t32_3trial_20260425T203556Z_cpu_search_parallel_dynamic_latest_k100,b4,64,1800,180,96,5,nfs,/mnt/nfs/home/juelinliu/work1/gpu-mvr/dataset/msmarco/gpu_mvr_2m,6980,100,5,55.245467,55245.462667,126.362667,0.921818,7.914667,7.826000,9.160000,9.605000,10.812333,122.443333,1.998667,openmp,32,3,"cpu_v3_fast_vs_parallel_t32_3trial_20260425T203556Z_cpu_search_parallel_dynamic_latest_k100_t1,cpu_v3_fast_vs_parallel_t32_3trial_20260425T203556Z_cpu_search_parallel_dynamic_latest_k100_t2,cpu_v3_fast_vs_parallel_t32_3trial_20260425T203556Z_cpu_search_parallel_dynamic_latest_k100_t3","/mnt/nfs/home/juelinliu/work1/gpu-mvr/slurm/logs/cpu_search_parallel_dynamic_latest/msmarco/benchmark_k100_20260425T210009Z_job28679185_task2_config_chunk_001.log,/mnt/nfs/home/juelinliu/work1/gpu-mvr/slurm/logs/cpu_search_parallel_dynamic_latest/msmarco/benchmark_k100_20260425T210744Z_job28679187_task2_config_chunk_001.log,/mnt/nfs/home/juelinliu/work1/gpu-mvr/slurm/logs/cpu_search_parallel_dynamic_latest/msmarco/benchmark_k100_20260425T211211Z_job28679189_task2_config_chunk_001.log",0.792738,792.755382,1.827737,0.000000,0.113518,0.095786,0.135159,0.155541,0.206820,106.384372,0.937182,
cpu_search_parallel_dynamic_latest,msmarco,avg_cpu_v3_fast_vs_parallel_t32_3trial_20260425T203556Z_cpu_search_parallel_dynamic_latest_k100,c1,64,2400,240,128,5,nfs,/mnt/nfs/home/juelinliu/work1/gpu-mvr/dataset/msmarco/gpu_mvr_2m,6980,100,5,59.185367,59185.354000,117.942000,0.941812,8.479000,8.378667,9.738000,10.237000,11.670000,95.439667,1.768333,openmp,32,3,"cpu_v3_fast_vs_parallel_t32_3trial_20260425T203556Z_cpu_search_parallel_dynamic_latest_k100_t1,cpu_v3_fast_vs_parallel_t32_3trial_20260425T203556Z_cpu_search_parallel_dynamic_latest_k100_t2,cpu_v3_fast_vs_parallel_t32_3trial_20260425T203556Z_cpu_search_parallel_dynamic_latest_k100_t3","/mnt/nfs/home/juelinliu/work1/gpu-mvr/slurm/logs/cpu_search_parallel_dynamic_latest/msmarco/benchmark_k100_20260425T210009Z_job28679185_task2_config_chunk_001.log,/mnt/nfs/home/juelinliu/work1/gpu-mvr/slurm/logs/cpu_search_parallel_dynamic_latest/msmarco/benchmark_k100_20260425T210744Z_job28679187_task2_config_chunk_001.log,/mnt/nfs/home/juelinliu/work1/gpu-mvr/slurm/logs/cpu_search_parallel_dynamic_latest/msmarco/benchmark_k100_20260425T211211Z_job28679189_task2_config_chunk_001.log",0.573102,573.071548,1.142033,0.000000,0.082000,0.090523,0.086000,0.105589,0.579934,106.878848,1.030045,
cpu_search_parallel_dynamic_latest,msmarco,avg_cpu_v3_fast_vs_parallel_t32_3trial_20260425T203556Z_cpu_search_parallel_dynamic_latest_k100,c2,96,1800,200,128,5,nfs,/mnt/nfs/home/juelinliu/work1/gpu-mvr/dataset/msmarco/gpu_mvr_2m,6980,100,5,74.381733,74381.741333,93.841667,0.938450,10.656000,10.511667,12.404333,13.040000,14.599000,272.447667,4.070667,openmp,32,3,"cpu_v3_fast_vs_parallel_t32_3trial_20260425T203556Z_cpu_search_parallel_dynamic_latest_k100_t1,cpu_v3_fast_vs_parallel_t32_3trial_20260425T203556Z_cpu_search_parallel_dynamic_latest_k100_t2,cpu_v3_fast_vs_parallel_t32_3trial_20260425T203556Z_cpu_search_parallel_dynamic_latest_k100_t3","/mnt/nfs/home/juelinliu/work1/gpu-mvr/slurm/logs/cpu_search_parallel_dynamic_latest/msmarco/benchmark_k100_20260425T210009Z_job28679185_task2_config_chunk_001.log,/mnt/nfs/home/juelinliu/work1/gpu-mvr/slurm/logs/cpu_search_parallel_dynamic_latest/msmarco/benchmark_k100_20260425T210744Z_job28679187_task2_config_chunk_001.log,/mnt/nfs/home/juelinliu/work1/gpu-mvr/slurm/logs/cpu_search_parallel_dynamic_latest/msmarco/benchmark_k100_20260425T211211Z_job28679189_task2_config_chunk_001.log",0.338318,338.313391,0.425808,0.000000,0.048570,0.032036,0.026102,0.024434,0.244718,113.390868,2.182983,
cpu_search_parallel_dynamic_latest,msmarco,avg_cpu_v3_fast_vs_parallel_t32_3trial_20260425T203556Z_cpu_search_parallel_dynamic_latest_k100,c3,96,2400,250,128,5,nfs,/mnt/nfs/home/juelinliu/work1/gpu-mvr/dataset/msmarco/gpu_mvr_2m,6980,100,5,78.249233,78249.206333,89.242333,0.952789,11.209667,11.117333,13.003000,13.632667,15.136333,28.485333,1.442667,openmp,32,3,"cpu_v3_fast_vs_parallel_t32_3trial_20260425T203556Z_cpu_search_parallel_dynamic_latest_k100_t1,cpu_v3_fast_vs_parallel_t32_3trial_20260425T203556Z_cpu_search_parallel_dynamic_latest_k100_t2,cpu_v3_fast_vs_parallel_t32_3trial_20260425T203556Z_cpu_search_parallel_dynamic_latest_k100_t3","/mnt/nfs/home/juelinliu/work1/gpu-mvr/slurm/logs/cpu_search_parallel_dynamic_latest/msmarco/benchmark_k100_20260425T210009Z_job28679185_task2_config_chunk_001.log,/mnt/nfs/home/juelinliu/work1/gpu-mvr/slurm/logs/cpu_search_parallel_dynamic_latest/msmarco/benchmark_k100_20260425T210744Z_job28679187_task2_config_chunk_001.log,/mnt/nfs/home/juelinliu/work1/gpu-mvr/slurm/logs/cpu_search_parallel_dynamic_latest/msmarco/benchmark_k100_20260425T211211Z_job28679189_task2_config_chunk_001.log",2.042080,2042.072749,2.298638,0.000000,0.292804,0.287462,0.255341,0.262978,0.436085,5.424566,0.042724,
cpu_search_parallel_dynamic_latest,msmarco,avg_cpu_v3_fast_vs_parallel_t32_3trial_20260425T203556Z_cpu_search_parallel_dynamic_latest_k100,d1,128,3000,300,150,5,nfs,/mnt/nfs/home/juelinliu/work1/gpu-mvr/dataset/msmarco/gpu_mvr_2m,6980,100,5,101.549600,101549.472667,68.755333,0.964979,14.548000,14.408333,16.888333,17.701667,19.588000,131.182667,2.778667,openmp,32,3,"cpu_v3_fast_vs_parallel_t32_3trial_20260425T203556Z_cpu_search_parallel_dynamic_latest_k100_t1,cpu_v3_fast_vs_parallel_t32_3trial_20260425T203556Z_cpu_search_parallel_dynamic_latest_k100_t2,cpu_v3_fast_vs_parallel_t32_3trial_20260425T203556Z_cpu_search_parallel_dynamic_latest_k100_t3","/mnt/nfs/home/juelinliu/work1/gpu-mvr/slurm/logs/cpu_search_parallel_dynamic_latest/msmarco/benchmark_k100_20260425T210009Z_job28679185_task2_config_chunk_001.log,/mnt/nfs/home/juelinliu/work1/gpu-mvr/slurm/logs/cpu_search_parallel_dynamic_latest/msmarco/benchmark_k100_20260425T210744Z_job28679187_task2_config_chunk_001.log,/mnt/nfs/home/juelinliu/work1/gpu-mvr/slurm/logs/cpu_search_parallel_dynamic_latest/msmarco/benchmark_k100_20260425T211211Z_job28679189_task2_config_chunk_001.log",2.134588,2134.612711,1.449177,0.000000,0.305707,0.381843,0.372594,0.336024,0.192736,148.482695,1.521595,
cpu_search_parallel_dynamic_latest,msmarco,avg_cpu_v3_fast_vs_parallel_t32_3trial_20260425T203556Z_cpu_search_parallel_dynamic_latest_k100,e1,96,3200,320,160,5,nfs,/mnt/nfs/home/juelinliu/work1/gpu-mvr/dataset/msmarco/gpu_mvr_2m,6980,100,5,83.591933,83591.951000,83.515667,0.962281,11.975333,11.888333,13.817667,14.430000,15.863333,38.797667,1.509000,openmp,32,3,"cpu_v3_fast_vs_parallel_t32_3trial_20260425T203556Z_cpu_search_parallel_dynamic_latest_k100_t1,cpu_v3_fast_vs_parallel_t32_3trial_20260425T203556Z_cpu_search_parallel_dynamic_latest_k100_t2,cpu_v3_fast_vs_parallel_t32_3trial_20260425T203556Z_cpu_search_parallel_dynamic_latest_k100_t3","/mnt/nfs/home/juelinliu/work1/gpu-mvr/slurm/logs/cpu_search_parallel_dynamic_latest/msmarco/benchmark_k100_20260425T210009Z_job28679185_task2_config_chunk_001.log,/mnt/nfs/home/juelinliu/work1/gpu-mvr/slurm/logs/cpu_search_parallel_dynamic_latest/msmarco/benchmark_k100_20260425T210744Z_job28679187_task2_config_chunk_001.log,/mnt/nfs/home/juelinliu/work1/gpu-mvr/slurm/logs/cpu_search_parallel_dynamic_latest/msmarco/benchmark_k100_20260425T211211Z_job28679189_task2_config_chunk_001.log",1.356505,1356.480479,1.367394,0.000000,0.194549,0.188431,0.192313,0.220810,0.170098,2.945876,0.014933,
cpu_search_parallel_dynamic_latest,msmarco,avg_cpu_v3_fast_vs_parallel_t32_3trial_20260425T203556Z_cpu_search_parallel_dynamic_latest_k100,e2,128,2400,250,160,5,nfs,/mnt/nfs/home/juelinliu/work1/gpu-mvr/dataset/msmarco/gpu_mvr_2m,6980,100,5,98.405967,98405.926333,70.931333,0.957722,14.097667,13.999667,16.421333,17.270333,19.052667,26.697000,1.843000,openmp,32,3,"cpu_v3_fast_vs_parallel_t32_3trial_20260425T203556Z_cpu_search_parallel_dynamic_latest_k100_t1,cpu_v3_fast_vs_parallel_t32_3trial_20260425T203556Z_cpu_search_parallel_dynamic_latest_k100_t2,cpu_v3_fast_vs_parallel_t32_3trial_20260425T203556Z_cpu_search_parallel_dynamic_latest_k100_t3","/mnt/nfs/home/juelinliu/work1/gpu-mvr/slurm/logs/cpu_search_parallel_dynamic_latest/msmarco/benchmark_k100_20260425T210009Z_job28679185_task2_config_chunk_001.log,/mnt/nfs/home/juelinliu/work1/gpu-mvr/slurm/logs/cpu_search_parallel_dynamic_latest/msmarco/benchmark_k100_20260425T210744Z_job28679187_task2_config_chunk_001.log,/mnt/nfs/home/juelinliu/work1/gpu-mvr/slurm/logs/cpu_search_parallel_dynamic_latest/msmarco/benchmark_k100_20260425T211211Z_job28679189_task2_config_chunk_001.log",0.322210,322.220632,0.231884,0.000000,0.045938,0.048056,0.066493,0.026652,0.156721,5.791167,0.061490,
cpu_search_parallel_dynamic_latest,msmarco,avg_cpu_v3_fast_vs_parallel_t32_3trial_20260425T203556Z_cpu_search_parallel_dynamic_latest_k100,f1,128,4000,400,192,5,nfs,/mnt/nfs/home/juelinliu/work1/gpu-mvr/dataset/msmarco/gpu_mvr_2m,6980,100,5,107.560000,107559.848333,64.896333,0.971630,15.409333,15.303333,17.756000,18.536667,20.326333,32.434333,1.861000,openmp,32,3,"cpu_v3_fast_vs_parallel_t32_3trial_20260425T203556Z_cpu_search_parallel_dynamic_latest_k100_t1,cpu_v3_fast_vs_parallel_t32_3trial_20260425T203556Z_cpu_search_parallel_dynamic_latest_k100_t2,cpu_v3_fast_vs_parallel_t32_3trial_20260425T203556Z_cpu_search_parallel_dynamic_latest_k100_t3","/mnt/nfs/home/juelinliu/work1/gpu-mvr/slurm/logs/cpu_search_parallel_dynamic_latest/msmarco/benchmark_k100_20260425T210009Z_job28679185_task2_config_chunk_001.log,/mnt/nfs/home/juelinliu/work1/gpu-mvr/slurm/logs/cpu_search_parallel_dynamic_latest/msmarco/benchmark_k100_20260425T210744Z_job28679187_task2_config_chunk_001.log,/mnt/nfs/home/juelinliu/work1/gpu-mvr/slurm/logs/cpu_search_parallel_dynamic_latest/msmarco/benchmark_k100_20260425T211211Z_job28679189_task2_config_chunk_001.log",0.769283,769.515394,0.464737,0.000000,0.110192,0.113068,0.106226,0.093725,0.145246,7.443289,0.033151,
cpu_search_parallel_dynamic_latest,msmarco,avg_cpu_v3_fast_vs_parallel_t32_3trial_20260425T203556Z_cpu_search_parallel_dynamic_latest_k100,f2,160,3800,360,192,5,nfs,/mnt/nfs/home/juelinliu/work1/gpu-mvr/dataset/msmarco/gpu_mvr_2m,6980,100,5,123.995000,123994.896667,56.297333,0.972636,17.763667,17.567333,20.777667,21.797667,24.033000,291.259667,4.589000,openmp,32,3,"cpu_v3_fast_vs_parallel_t32_3trial_20260425T203556Z_cpu_search_parallel_dynamic_latest_k100_t1,cpu_v3_fast_vs_parallel_t32_3trial_20260425T203556Z_cpu_search_parallel_dynamic_latest_k100_t2,cpu_v3_fast_vs_parallel_t32_3trial_20260425T203556Z_cpu_search_parallel_dynamic_latest_k100_t3","/mnt/nfs/home/juelinliu/work1/gpu-mvr/slurm/logs/cpu_search_parallel_dynamic_latest/msmarco/benchmark_k100_20260425T210009Z_job28679185_task2_config_chunk_001.log,/mnt/nfs/home/juelinliu/work1/gpu-mvr/slurm/logs/cpu_search_parallel_dynamic_latest/msmarco/benchmark_k100_20260425T210744Z_job28679187_task2_config_chunk_001.log,/mnt/nfs/home/juelinliu/work1/gpu-mvr/slurm/logs/cpu_search_parallel_dynamic_latest/msmarco/benchmark_k100_20260425T211211Z_job28679189_task2_config_chunk_001.log",1.405379,1405.298730,0.637197,0.000000,0.201649,0.235967,0.275707,0.262039,0.260275,231.379874,1.982980,
cpu_search_parallel_dynamic_latest,msmarco,avg_cpu_v3_fast_vs_parallel_t32_3trial_20260425T203556Z_cpu_search_parallel_dynamic_latest_k100,g1,160,5000,500,224,5,nfs,/mnt/nfs/home/juelinliu/work1/gpu-mvr/dataset/msmarco/gpu_mvr_2m,6980,100,5,133.404000,133403.818000,52.328667,0.977126,19.111667,18.942667,22.197000,23.295667,25.626333,44.558333,2.450333,openmp,32,3,"cpu_v3_fast_vs_parallel_t32_3trial_20260425T203556Z_cpu_search_parallel_dynamic_latest_k100_t1,cpu_v3_fast_vs_parallel_t32_3trial_20260425T203556Z_cpu_search_parallel_dynamic_latest_k100_t2,cpu_v3_fast_vs_parallel_t32_3trial_20260425T203556Z_cpu_search_parallel_dynamic_latest_k100_t3","/mnt/nfs/home/juelinliu/work1/gpu-mvr/slurm/logs/cpu_search_parallel_dynamic_latest/msmarco/benchmark_k100_20260425T210009Z_job28679185_task2_config_chunk_001.log,/mnt/nfs/home/juelinliu/work1/gpu-mvr/slurm/logs/cpu_search_parallel_dynamic_latest/msmarco/benchmark_k100_20260425T210744Z_job28679187_task2_config_chunk_001.log,/mnt/nfs/home/juelinliu/work1/gpu-mvr/slurm/logs/cpu_search_parallel_dynamic_latest/msmarco/benchmark_k100_20260425T211211Z_job28679189_task2_config_chunk_001.log",1.798241,1797.946396,0.701895,0.000000,0.257663,0.258612,0.314076,0.293251,0.280824,11.363408,0.027791,
cpu_search_parallel_dynamic_latest,msmarco,avg_cpu_v3_fast_vs_parallel_t32_3trial_20260425T203556Z_cpu_search_parallel_dynamic_latest_k100,g2,160,6000,500,224,5,nfs,/mnt/nfs/home/juelinliu/work1/gpu-mvr/dataset/msmarco/gpu_mvr_2m,6980,100,5,138.191000,138190.783667,50.513000,0.978169,19.797333,19.664333,22.823000,23.912667,26.218000,40.486667,2.411333,openmp,32,3,"cpu_v3_fast_vs_parallel_t32_3trial_20260425T203556Z_cpu_search_parallel_dynamic_latest_k100_t1,cpu_v3_fast_vs_parallel_t32_3trial_20260425T203556Z_cpu_search_parallel_dynamic_latest_k100_t2,cpu_v3_fast_vs_parallel_t32_3trial_20260425T203556Z_cpu_search_parallel_dynamic_latest_k100_t3","/mnt/nfs/home/juelinliu/work1/gpu-mvr/slurm/logs/cpu_search_parallel_dynamic_latest/msmarco/benchmark_k100_20260425T210009Z_job28679185_task2_config_chunk_001.log,/mnt/nfs/home/juelinliu/work1/gpu-mvr/slurm/logs/cpu_search_parallel_dynamic_latest/msmarco/benchmark_k100_20260425T210744Z_job28679187_task2_config_chunk_001.log,/mnt/nfs/home/juelinliu/work1/gpu-mvr/slurm/logs/cpu_search_parallel_dynamic_latest/msmarco/benchmark_k100_20260425T211211Z_job28679189_task2_config_chunk_001.log",1.341713,1341.837508,0.487648,0.000000,0.192147,0.209214,0.136275,0.141850,0.229941,10.041501,0.085734,
cpu_search_parallel_dynamic_latest,msmarco,avg_cpu_v3_fast_vs_parallel_t32_3trial_20260425T203556Z_cpu_search_parallel_dynamic_latest_k100,h1,192,6500,650,256,5,nfs,/mnt/nfs/home/juelinliu/work1/gpu-mvr/dataset/msmarco/gpu_mvr_2m,6980,100,5,162.945333,162945.252333,42.839667,0.980592,23.344000,23.109333,27.132333,28.547667,31.364000,274.906333,4.523667,openmp,32,3,"cpu_v3_fast_vs_parallel_t32_3trial_20260425T203556Z_cpu_search_parallel_dynamic_latest_k100_t1,cpu_v3_fast_vs_parallel_t32_3trial_20260425T203556Z_cpu_search_parallel_dynamic_latest_k100_t2,cpu_v3_fast_vs_parallel_t32_3trial_20260425T203556Z_cpu_search_parallel_dynamic_latest_k100_t3","/mnt/nfs/home/juelinliu/work1/gpu-mvr/slurm/logs/cpu_search_parallel_dynamic_latest/msmarco/benchmark_k100_20260425T210009Z_job28679185_task2_config_chunk_001.log,/mnt/nfs/home/juelinliu/work1/gpu-mvr/slurm/logs/cpu_search_parallel_dynamic_latest/msmarco/benchmark_k100_20260425T210744Z_job28679187_task2_config_chunk_001.log,/mnt/nfs/home/juelinliu/work1/gpu-mvr/slurm/logs/cpu_search_parallel_dynamic_latest/msmarco/benchmark_k100_20260425T211211Z_job28679189_task2_config_chunk_001.log",1.671808,1671.832366,0.439257,0.000000,0.239689,0.207351,0.228684,0.306340,0.485674,72.244616,0.710710,
cpu_search_parallel_dynamic_latest,msmarco,avg_cpu_v3_fast_vs_parallel_t32_3trial_20260425T203556Z_cpu_search_parallel_dynamic_latest_k100,i1,224,8000,800,288,5,nfs,/mnt/nfs/home/juelinliu/work1/gpu-mvr/dataset/msmarco/gpu_mvr_2m,6980,100,5,198.074667,198074.823667,35.242333,0.982331,28.377000,27.859667,32.916333,34.985333,40.429333,475.591667,8.875667,openmp,32,3,"cpu_v3_fast_vs_parallel_t32_3trial_20260425T203556Z_cpu_search_parallel_dynamic_latest_k100_t1,cpu_v3_fast_vs_parallel_t32_3trial_20260425T203556Z_cpu_search_parallel_dynamic_latest_k100_t2,cpu_v3_fast_vs_parallel_t32_3trial_20260425T203556Z_cpu_search_parallel_dynamic_latest_k100_t3","/mnt/nfs/home/juelinliu/work1/gpu-mvr/slurm/logs/cpu_search_parallel_dynamic_latest/msmarco/benchmark_k100_20260425T210009Z_job28679185_task2_config_chunk_001.log,/mnt/nfs/home/juelinliu/work1/gpu-mvr/slurm/logs/cpu_search_parallel_dynamic_latest/msmarco/benchmark_k100_20260425T210744Z_job28679187_task2_config_chunk_001.log,/mnt/nfs/home/juelinliu/work1/gpu-mvr/slurm/logs/cpu_search_parallel_dynamic_latest/msmarco/benchmark_k100_20260425T211211Z_job28679189_task2_config_chunk_001.log",2.313788,2313.921414,0.409121,0.000000,0.331733,0.393790,0.382278,0.487365,0.975395,66.529444,0.507214,
cpu_search_parallel_dynamic_latest,msmarco,avg_cpu_v3_fast_vs_parallel_t32_3trial_20260425T203556Z_cpu_search_parallel_dynamic_latest_k100,j1,256,10000,1000,320,5,nfs,/mnt/nfs/home/juelinliu/work1/gpu-mvr/dataset/msmarco/gpu_mvr_2m,6980,100,5,237.593667,237593.753333,29.379333,0.983582,34.038667,33.502000,39.529333,42.135667,48.894667,434.169000,8.742000,openmp,32,3,"cpu_v3_fast_vs_parallel_t32_3trial_20260425T203556Z_cpu_search_parallel_dynamic_latest_k100_t1,cpu_v3_fast_vs_parallel_t32_3trial_20260425T203556Z_cpu_search_parallel_dynamic_latest_k100_t2,cpu_v3_fast_vs_parallel_t32_3trial_20260425T203556Z_cpu_search_parallel_dynamic_latest_k100_t3","/mnt/nfs/home/juelinliu/work1/gpu-mvr/slurm/logs/cpu_search_parallel_dynamic_latest/msmarco/benchmark_k100_20260425T210009Z_job28679185_task2_config_chunk_001.log,/mnt/nfs/home/juelinliu/work1/gpu-mvr/slurm/logs/cpu_search_parallel_dynamic_latest/msmarco/benchmark_k100_20260425T210744Z_job28679187_task2_config_chunk_001.log,/mnt/nfs/home/juelinliu/work1/gpu-mvr/slurm/logs/cpu_search_parallel_dynamic_latest/msmarco/benchmark_k100_20260425T211211Z_job28679189_task2_config_chunk_001.log",1.783187,1783.535005,0.219582,0.000000,0.255261,0.301144,0.451549,0.572732,0.988388,83.557218,1.542925,
cpu_search_parallel_dynamic_latest,msmarco,avg_cpu_v3_fast_vs_parallel_t32_3trial_20260425T203556Z_cpu_search_parallel_dynamic_latest_k100,k1,384,28000,1800,448,5,nfs,/mnt/nfs/home/juelinliu/work1/gpu-mvr/dataset/msmarco/gpu_mvr_2m,6980,100,5,472.008333,472008.275333,14.791000,0.985709,67.622000,66.659667,79.081333,83.602667,96.292000,478.556667,12.364667,openmp,32,3,"cpu_v3_fast_vs_parallel_t32_3trial_20260425T203556Z_cpu_search_parallel_dynamic_latest_k100_t1,cpu_v3_fast_vs_parallel_t32_3trial_20260425T203556Z_cpu_search_parallel_dynamic_latest_k100_t2,cpu_v3_fast_vs_parallel_t32_3trial_20260425T203556Z_cpu_search_parallel_dynamic_latest_k100_t3","/mnt/nfs/home/juelinliu/work1/gpu-mvr/slurm/logs/cpu_search_parallel_dynamic_latest/msmarco/benchmark_k100_20260425T210009Z_job28679185_task2_config_chunk_001.log,/mnt/nfs/home/juelinliu/work1/gpu-mvr/slurm/logs/cpu_search_parallel_dynamic_latest/msmarco/benchmark_k100_20260425T210744Z_job28679187_task2_config_chunk_001.log,/mnt/nfs/home/juelinliu/work1/gpu-mvr/slurm/logs/cpu_search_parallel_dynamic_latest/msmarco/benchmark_k100_20260425T211211Z_job28679189_task2_config_chunk_001.log",8.193977,8193.809121,0.254112,0.000000,1.173482,1.291211,1.529717,1.630102,2.669116,223.596613,2.228915,
cpu_search_parallel_dynamic_latest,msmarco,avg_cpu_v3_fast_vs_parallel_t32_3trial_20260425T203556Z_cpu_search_parallel_dynamic_latest_k100,l1,448,28000,2200,512,5,nfs,/mnt/nfs/home/juelinliu/work1/gpu-mvr/dataset/msmarco/gpu_mvr_2m,6980,100,5,567.105333,567105.501333,12.310667,0.985818,81.246000,79.797333,95.475667,101.441667,119.826000,730.080000,17.353333,openmp,32,3,"cpu_v3_fast_vs_parallel_t32_3trial_20260425T203556Z_cpu_search_parallel_dynamic_latest_k100_t1,cpu_v3_fast_vs_parallel_t32_3trial_20260425T203556Z_cpu_search_parallel_dynamic_latest_k100_t2,cpu_v3_fast_vs_parallel_t32_3trial_20260425T203556Z_cpu_search_parallel_dynamic_latest_k100_t3","/mnt/nfs/home/juelinliu/work1/gpu-mvr/slurm/logs/cpu_search_parallel_dynamic_latest/msmarco/benchmark_k100_20260425T210009Z_job28679185_task2_config_chunk_001.log,/mnt/nfs/home/juelinliu/work1/gpu-mvr/slurm/logs/cpu_search_parallel_dynamic_latest/msmarco/benchmark_k100_20260425T210744Z_job28679187_task2_config_chunk_001.log,/mnt/nfs/home/juelinliu/work1/gpu-mvr/slurm/logs/cpu_search_parallel_dynamic_latest/msmarco/benchmark_k100_20260425T211211Z_job28679189_task2_config_chunk_001.log",10.424442,10424.637892,0.224068,0.000000,1.493329,1.460478,2.113313,1.955526,4.093322,391.852475,4.088166,
