batch_id,phase,dataset,topk,metric_name,query_count_run,phi_pb,phi_ref,qps,throughput_qps,avg_latency_ms,service_qps_equivalent,batch_time_per_query_ms,wall_qps,wall_sec,recall_mean,recall_p50,recall_p95,search_time_m,chunk_json
igp_val_20260428T041716Z_nbit4_t32,val,hotpot,100,recall@100,50,1,100,502.76520864756156,502.76520864756156,49.20572,20.322840515289688,1.989,0.2895008727825585,172.71105098724365,0.1624,0.10500000000000001,0.44749999999999984,"{""decode_time_average(ms)"": ""6.033"", ""filter_time_average(ms)"": ""41.430"", ""incremental_graph_n_compute_l_average"": ""15685.380"", ""n_seen_item_average"": ""20492.120"", ""n_vq_score_linear_scan_average"": ""36056.180"", ""refine_time_average(ms)"": ""1.741"", ""retrieval_time_average(ms)"": ""1.989"", ""retrieval_time_query_average(ms)"": ""49.206"", ""retrieval_time_query_p5(ms)"": ""18.609"", ""retrieval_time_query_p50(ms)"": ""48.965"", ""retrieval_time_query_p95(ms)"": ""81.644""}",profiling/igp_paper_cpu/chunks/igp_val_20260428T041716Z_nbit4_t32/val/hotpot/igp_hotpot_top100_val_chunk_001.json
igp_val_20260428T041716Z_nbit4_t32,val,hotpot,100,recall@100,50,1,200,180.99547511312215,180.99547511312215,119.90582,8.339878748170856,5.525,0.2867376686967403,174.37541508674622,0.21439999999999998,0.14,0.5559999999999996,"{""decode_time_average(ms)"": ""44.547"", ""filter_time_average(ms)"": ""68.990"", ""incremental_graph_n_compute_l_average"": ""15685.380"", ""n_seen_item_average"": ""20492.120"", ""n_vq_score_linear_scan_average"": ""36056.180"", ""refine_time_average(ms)"": ""6.365"", ""retrieval_time_average(ms)"": ""5.525"", ""retrieval_time_query_average(ms)"": ""119.906"", ""retrieval_time_query_p5(ms)"": ""34.598"", ""retrieval_time_query_p50(ms)"": ""95.621"", ""retrieval_time_query_p95(ms)"": ""224.169""}",profiling/igp_paper_cpu/chunks/igp_val_20260428T041716Z_nbit4_t32/val/hotpot/igp_hotpot_top100_val_chunk_001.json
igp_val_20260428T041716Z_nbit4_t32,val,hotpot,100,recall@100,50,1,500,252.52525252525254,252.52525252525254,98.61269999999999,10.140681676903686,3.96,0.3119394732539284,160.2875053882599,0.3186,0.21,0.84,"{""decode_time_average(ms)"": ""52.934"", ""filter_time_average(ms)"": ""35.465"", ""incremental_graph_n_compute_l_average"": ""15685.380"", ""n_seen_item_average"": ""20492.120"", ""n_vq_score_linear_scan_average"": ""36056.180"", ""refine_time_average(ms)"": ""10.213"", ""retrieval_time_average(ms)"": ""3.960"", ""retrieval_time_query_average(ms)"": ""98.613"", ""retrieval_time_query_p5(ms)"": ""41.376"", ""retrieval_time_query_p50(ms)"": ""105.434"", ""retrieval_time_query_p95(ms)"": ""146.863""}",profiling/igp_paper_cpu/chunks/igp_val_20260428T041716Z_nbit4_t32/val/hotpot/igp_hotpot_top100_val_chunk_001.json
igp_val_20260428T041716Z_nbit4_t32,val,hotpot,100,recall@100,50,1,1000,208.42017507294705,208.42017507294705,123.48639999999999,8.098057761826404,4.798,0.3107238932742298,160.9145646095276,0.39900000000000013,0.28500000000000003,0.94,"{""decode_time_average(ms)"": ""72.641"", ""filter_time_average(ms)"": ""29.438"", ""incremental_graph_n_compute_l_average"": ""15685.380"", ""n_seen_item_average"": ""20492.120"", ""n_vq_score_linear_scan_average"": ""36056.180"", ""refine_time_average(ms)"": ""21.390"", ""retrieval_time_average(ms)"": ""4.798"", ""retrieval_time_query_average(ms)"": ""123.486"", ""retrieval_time_query_p5(ms)"": ""57.160"", ""retrieval_time_query_p50(ms)"": ""144.373"", ""retrieval_time_query_p95(ms)"": ""171.453""}",profiling/igp_paper_cpu/chunks/igp_val_20260428T041716Z_nbit4_t32/val/hotpot/igp_hotpot_top100_val_chunk_001.json
igp_val_20260428T041716Z_nbit4_t32,val,hotpot,100,recall@100,50,1,2000,171.3796058269066,171.3796058269066,147.54235999999997,6.7777145492318285,5.835,0.3124675658670504,160.01660799980164,0.46459999999999996,0.31,0.9454999999999999,"{""decode_time_average(ms)"": ""72.081"", ""filter_time_average(ms)"": ""31.076"", ""incremental_graph_n_compute_l_average"": ""15685.380"", ""n_seen_item_average"": ""20492.120"", ""n_vq_score_linear_scan_average"": ""36056.180"", ""refine_time_average(ms)"": ""44.384"", ""retrieval_time_average(ms)"": ""5.835"", ""retrieval_time_query_average(ms)"": ""147.542"", ""retrieval_time_query_p5(ms)"": ""80.994"", ""retrieval_time_query_p50(ms)"": ""163.693"", ""retrieval_time_query_p95(ms)"": ""197.528""}",profiling/igp_paper_cpu/chunks/igp_val_20260428T041716Z_nbit4_t32/val/hotpot/igp_hotpot_top100_val_chunk_002.json
igp_val_20260428T041716Z_nbit4_t32,val,hotpot,100,recall@100,50,1,3000,64.55361177457878,64.55361177457878,272.27371999999997,3.6727745887484113,15.491,0.3083910659269135,162.13180446624756,0.5428000000000001,0.495,0.95,"{""decode_time_average(ms)"": ""147.321"", ""filter_time_average(ms)"": ""60.002"", ""incremental_graph_n_compute_l_average"": ""15685.380"", ""n_seen_item_average"": ""20492.120"", ""n_vq_score_linear_scan_average"": ""36056.180"", ""refine_time_average(ms)"": ""64.949"", ""retrieval_time_average(ms)"": ""15.491"", ""retrieval_time_query_average(ms)"": ""272.274"", ""retrieval_time_query_p5(ms)"": ""160.157"", ""retrieval_time_query_p50(ms)"": ""208.739"", ""retrieval_time_query_p95(ms)"": ""570.439""}",profiling/igp_paper_cpu/chunks/igp_val_20260428T041716Z_nbit4_t32/val/hotpot/igp_hotpot_top100_val_chunk_002.json
igp_val_20260428T041716Z_nbit4_t32,val,hotpot,100,recall@100,50,1,4000,97.25734292939117,97.25734292939117,257.99363999999997,3.8760645417460684,10.282,0.3051722553822827,163.84189295768738,0.588,0.525,0.96,"{""decode_time_average(ms)"": ""134.236"", ""filter_time_average(ms)"": ""33.553"", ""incremental_graph_n_compute_l_average"": ""15685.380"", ""n_seen_item_average"": ""20492.120"", ""n_vq_score_linear_scan_average"": ""36056.180"", ""refine_time_average(ms)"": ""90.202"", ""retrieval_time_average(ms)"": ""10.282"", ""retrieval_time_query_average(ms)"": ""257.994"", ""retrieval_time_query_p5(ms)"": ""159.533"", ""retrieval_time_query_p50(ms)"": ""282.125"", ""retrieval_time_query_p95(ms)"": ""332.920""}",profiling/igp_paper_cpu/chunks/igp_val_20260428T041716Z_nbit4_t32/val/hotpot/igp_hotpot_top100_val_chunk_002.json
igp_val_20260428T041716Z_nbit4_t32,val,hotpot,100,recall@100,50,1,6000,64.03688524590164,64.03688524590164,384.34530000000007,2.601827054994558,15.616,0.3011094240984479,166.05259084701538,0.6481999999999999,0.635,0.96,"{""decode_time_average(ms)"": ""227.669"", ""filter_time_average(ms)"": ""23.755"", ""incremental_graph_n_compute_l_average"": ""15685.380"", ""n_seen_item_average"": ""20492.120"", ""n_vq_score_linear_scan_average"": ""36056.180"", ""refine_time_average(ms)"": ""132.920"", ""retrieval_time_average(ms)"": ""15.616"", ""retrieval_time_query_average(ms)"": ""384.345"", ""retrieval_time_query_p5(ms)"": ""249.432"", ""retrieval_time_query_p50(ms)"": ""370.076"", ""retrieval_time_query_p95(ms)"": ""524.455""}",profiling/igp_paper_cpu/chunks/igp_val_20260428T041716Z_nbit4_t32/val/hotpot/igp_hotpot_top100_val_chunk_002.json
igp_val_20260428T041716Z_nbit4_t32,val,hotpot,100,recall@100,50,2,100,424.2681374628765,424.2681374628765,60.07580000000001,16.645637677733795,2.357,0.289111704071423,172.94353461265564,0.20540000000000003,0.165,0.4604999999999997,"{""decode_time_average(ms)"": ""6.681"", ""filter_time_average(ms)"": ""51.440"", ""incremental_graph_n_compute_l_average"": ""16322.400"", ""n_seen_item_average"": ""38167.280"", ""n_vq_score_linear_scan_average"": ""70922.720"", ""refine_time_average(ms)"": ""1.954"", ""retrieval_time_average(ms)"": ""2.357"", ""retrieval_time_query_average(ms)"": ""60.076"", ""retrieval_time_query_p5(ms)"": ""22.260"", ""retrieval_time_query_p50(ms)"": ""65.427"", ""retrieval_time_query_p95(ms)"": ""93.728""}",profiling/igp_paper_cpu/chunks/igp_val_20260428T041716Z_nbit4_t32/val/hotpot/igp_hotpot_top100_val_chunk_003.json
igp_val_20260428T041716Z_nbit4_t32,val,hotpot,100,recall@100,50,2,200,179.4043774668102,179.4043774668102,121.35799999999999,8.240083060037247,5.574,0.2875579917833401,173.87797045707703,0.2872,0.235,0.6519999999999999,"{""decode_time_average(ms)"": ""65.073"", ""filter_time_average(ms)"": ""52.220"", ""incremental_graph_n_compute_l_average"": ""16322.400"", ""n_seen_item_average"": ""38167.280"", ""n_vq_score_linear_scan_average"": ""70922.720"", ""refine_time_average(ms)"": ""4.064"", ""retrieval_time_average(ms)"": ""5.574"", ""retrieval_time_query_average(ms)"": ""121.358"", ""retrieval_time_query_p5(ms)"": ""42.634"", ""retrieval_time_query_p50(ms)"": ""94.531"", ""retrieval_time_query_p95(ms)"": ""218.213""}",profiling/igp_paper_cpu/chunks/igp_val_20260428T041716Z_nbit4_t32/val/hotpot/igp_hotpot_top100_val_chunk_003.json
igp_val_20260428T041716Z_nbit4_t32,val,hotpot,100,recall@100,50,2,500,259.7402597402597,259.7402597402597,94.90283999999998,10.53709246214339,3.85,0.3131265258791186,159.67986059188843,0.4122,0.355,0.8654999999999999,"{""decode_time_average(ms)"": ""50.183"", ""filter_time_average(ms)"": ""34.273"", ""incremental_graph_n_compute_l_average"": ""16322.400"", ""n_seen_item_average"": ""38167.280"", ""n_vq_score_linear_scan_average"": ""70922.720"", ""refine_time_average(ms)"": ""10.445"", ""retrieval_time_average(ms)"": ""3.850"", ""retrieval_time_query_average(ms)"": ""94.903"", ""retrieval_time_query_p5(ms)"": ""51.229"", ""retrieval_time_query_p50(ms)"": ""83.625"", ""retrieval_time_query_p95(ms)"": ""149.334""}",profiling/igp_paper_cpu/chunks/igp_val_20260428T041716Z_nbit4_t32/val/hotpot/igp_hotpot_top100_val_chunk_003.json
igp_val_20260428T041716Z_nbit4_t32,val,hotpot,100,recall@100,50,2,1000,247.8929102627665,247.8929102627665,107.19658000000001,9.328655820922645,4.034,0.31141576799844845,160.55705952644348,0.5004,0.43,0.94,"{""decode_time_average(ms)"": ""63.335"", ""filter_time_average(ms)"": ""21.961"", ""incremental_graph_n_compute_l_average"": ""16322.400"", ""n_seen_item_average"": ""38167.280"", ""n_vq_score_linear_scan_average"": ""70922.720"", ""refine_time_average(ms)"": ""21.898"", ""retrieval_time_average(ms)"": ""4.034"", ""retrieval_time_query_average(ms)"": ""107.197"", ""retrieval_time_query_p5(ms)"": ""56.424"", ""retrieval_time_query_p50(ms)"": ""120.322"", ""retrieval_time_query_p95(ms)"": ""144.508""}",profiling/igp_paper_cpu/chunks/igp_val_20260428T041716Z_nbit4_t32/val/hotpot/igp_hotpot_top100_val_chunk_003.json
igp_val_20260428T041716Z_nbit4_t32,val,hotpot,100,recall@100,50,2,2000,137.3437714599643,137.3437714599643,174.90952000000001,5.717241691590028,7.281,0.2825981526125699,176.92967748641968,0.5854,0.595,0.9554999999999999,"{""decode_time_average(ms)"": ""71.349"", ""filter_time_average(ms)"": ""58.787"", ""incremental_graph_n_compute_l_average"": ""16322.400"", ""n_seen_item_average"": ""38167.280"", ""n_vq_score_linear_scan_average"": ""70922.720"", ""refine_time_average(ms)"": ""44.772"", ""retrieval_time_average(ms)"": ""7.281"", ""retrieval_time_query_average(ms)"": ""174.910"", ""retrieval_time_query_p5(ms)"": ""101.086"", ""retrieval_time_query_p50(ms)"": ""179.277"", ""retrieval_time_query_p95(ms)"": ""226.664""}",profiling/igp_paper_cpu/chunks/igp_val_20260428T041716Z_nbit4_t32/val/hotpot/igp_hotpot_top100_val_chunk_004.json
igp_val_20260428T041716Z_nbit4_t32,val,hotpot,100,recall@100,50,2,3000,93.20533134495294,93.20533134495294,244.84426,4.084228889008875,10.729,0.27813373235341193,179.76963663101196,0.6332,0.66,0.9554999999999999,"{""decode_time_average(ms)"": ""113.303"", ""filter_time_average(ms)"": ""67.950"", ""incremental_graph_n_compute_l_average"": ""16322.400"", ""n_seen_item_average"": ""38167.280"", ""n_vq_score_linear_scan_average"": ""70922.720"", ""refine_time_average(ms)"": ""63.590"", ""retrieval_time_average(ms)"": ""10.729"", ""retrieval_time_query_average(ms)"": ""244.844"", ""retrieval_time_query_p5(ms)"": ""157.434"", ""retrieval_time_query_p50(ms)"": ""261.111"", ""retrieval_time_query_p95(ms)"": ""312.475""}",profiling/igp_paper_cpu/chunks/igp_val_20260428T041716Z_nbit4_t32/val/hotpot/igp_hotpot_top100_val_chunk_004.json
igp_val_20260428T041716Z_nbit4_t32,val,hotpot,100,recall@100,50,2,4000,89.3415527561869,89.3415527561869,252.5275,3.959964756313669,11.193,0.2989031769676667,167.27824878692627,0.6681999999999999,0.675,0.96,"{""decode_time_average(ms)"": ""131.022"", ""filter_time_average(ms)"": ""35.732"", ""incremental_graph_n_compute_l_average"": ""16322.400"", ""n_seen_item_average"": ""38167.280"", ""n_vq_score_linear_scan_average"": ""70922.720"", ""refine_time_average(ms)"": ""85.771"", ""retrieval_time_average(ms)"": ""11.193"", ""retrieval_time_query_average(ms)"": ""252.528"", ""retrieval_time_query_p5(ms)"": ""176.633"", ""retrieval_time_query_p50(ms)"": ""251.707"", ""retrieval_time_query_p95(ms)"": ""330.442""}",profiling/igp_paper_cpu/chunks/igp_val_20260428T041716Z_nbit4_t32/val/hotpot/igp_hotpot_top100_val_chunk_004.json
igp_val_20260428T041716Z_nbit4_t32,val,hotpot,100,recall@100,50,2,6000,69.53135864274788,69.53135864274788,343.03072,2.915190802736268,14.382,0.2941230466375358,169.99687910079956,0.7416000000000001,0.765,0.96,"{""decode_time_average(ms)"": ""187.137"", ""filter_time_average(ms)"": ""23.125"", ""incremental_graph_n_compute_l_average"": ""16322.400"", ""n_seen_item_average"": ""38167.280"", ""n_vq_score_linear_scan_average"": ""70922.720"", ""refine_time_average(ms)"": ""132.766"", ""retrieval_time_average(ms)"": ""14.382"", ""retrieval_time_query_average(ms)"": ""343.031"", ""retrieval_time_query_p5(ms)"": ""244.153"", ""retrieval_time_query_p50(ms)"": ""355.934"", ""retrieval_time_query_p95(ms)"": ""421.442""}",profiling/igp_paper_cpu/chunks/igp_val_20260428T041716Z_nbit4_t32/val/hotpot/igp_hotpot_top100_val_chunk_004.json
igp_val_20260428T041716Z_nbit4_t32,val,hotpot,100,recall@100,50,4,100,476.4173415912339,476.4173415912339,51.58343999999999,19.386066536082126,2.099,0.3037753500262491,164.59531688690186,0.24340000000000003,0.195,0.46749999999999986,"{""decode_time_average(ms)"": ""4.405"", ""filter_time_average(ms)"": ""45.432"", ""incremental_graph_n_compute_l_average"": ""17673.680"", ""n_seen_item_average"": ""68797.680"", ""n_vq_score_linear_scan_average"": ""138236.900"", ""refine_time_average(ms)"": ""1.745"", ""retrieval_time_average(ms)"": ""2.099"", ""retrieval_time_query_average(ms)"": ""51.583"", ""retrieval_time_query_p5(ms)"": ""24.805"", ""retrieval_time_query_p50(ms)"": ""52.798"", ""retrieval_time_query_p95(ms)"": ""79.170""}",profiling/igp_paper_cpu/chunks/igp_val_20260428T041716Z_nbit4_t32/val/hotpot/igp_hotpot_top100_val_chunk_005.json
igp_val_20260428T041716Z_nbit4_t32,val,hotpot,100,recall@100,50,4,200,159.5150741745095,159.5150741745095,124.35994,8.041174674095211,6.269,0.30311768005611694,164.9524369239807,0.3308,0.28500000000000003,0.6465,"{""decode_time_average(ms)"": ""63.165"", ""filter_time_average(ms)"": ""57.001"", ""incremental_graph_n_compute_l_average"": ""17673.680"", ""n_seen_item_average"": ""68797.680"", ""n_vq_score_linear_scan_average"": ""138236.900"", ""refine_time_average(ms)"": ""4.193"", ""retrieval_time_average(ms)"": ""6.269"", ""retrieval_time_query_average(ms)"": ""124.360"", ""retrieval_time_query_p5(ms)"": ""56.907"", ""retrieval_time_query_p50(ms)"": ""87.245"", ""retrieval_time_query_p95(ms)"": ""229.052""}",profiling/igp_paper_cpu/chunks/igp_val_20260428T041716Z_nbit4_t32/val/hotpot/igp_hotpot_top100_val_chunk_005.json
igp_val_20260428T041716Z_nbit4_t32,val,hotpot,100,recall@100,50,4,500,292.05607476635515,292.05607476635515,84.22290000000001,11.87325537353855,3.424,0.31249478980272544,160.00266766548157,0.4596,0.41,0.8454999999999999,"{""decode_time_average(ms)"": ""43.604"", ""filter_time_average(ms)"": ""30.329"", ""incremental_graph_n_compute_l_average"": ""17673.680"", ""n_seen_item_average"": ""68797.680"", ""n_vq_score_linear_scan_average"": ""138236.900"", ""refine_time_average(ms)"": ""10.289"", ""retrieval_time_average(ms)"": ""3.424"", ""retrieval_time_query_average(ms)"": ""84.223"", ""retrieval_time_query_p5(ms)"": ""37.726"", ""retrieval_time_query_p50(ms)"": ""66.992"", ""retrieval_time_query_p95(ms)"": ""137.262""}",profiling/igp_paper_cpu/chunks/igp_val_20260428T041716Z_nbit4_t32/val/hotpot/igp_hotpot_top100_val_chunk_005.json
igp_val_20260428T041716Z_nbit4_t32,val,hotpot,100,recall@100,50,4,1000,268.6005909213,268.6005909213,91.05197999999999,10.98273755276931,3.723,0.3115523999580556,160.48664689064026,0.57,0.555,0.9454999999999999,"{""decode_time_average(ms)"": ""42.451"", ""filter_time_average(ms)"": ""26.246"", ""incremental_graph_n_compute_l_average"": ""17673.680"", ""n_seen_item_average"": ""68797.680"", ""n_vq_score_linear_scan_average"": ""138236.900"", ""refine_time_average(ms)"": ""22.352"", ""retrieval_time_average(ms)"": ""3.723"", ""retrieval_time_query_average(ms)"": ""91.052"", ""retrieval_time_query_p5(ms)"": ""59.239"", ""retrieval_time_query_p50(ms)"": ""99.726"", ""retrieval_time_query_p95(ms)"": ""116.550""}",profiling/igp_paper_cpu/chunks/igp_val_20260428T041716Z_nbit4_t32/val/hotpot/igp_hotpot_top100_val_chunk_005.json
igp_val_20260428T041716Z_nbit4_t32,val,hotpot,100,recall@100,50,4,2000,129.01561088891756,129.01561088891756,186.33088,5.366796958185352,7.751,0.2828485308428512,176.7730588912964,0.6622000000000001,0.7050000000000001,0.96,"{""decode_time_average(ms)"": ""74.038"", ""filter_time_average(ms)"": ""70.628"", ""incremental_graph_n_compute_l_average"": ""17673.680"", ""n_seen_item_average"": ""68797.680"", ""n_vq_score_linear_scan_average"": ""138236.900"", ""refine_time_average(ms)"": ""41.663"", ""retrieval_time_average(ms)"": ""7.751"", ""retrieval_time_query_average(ms)"": ""186.331"", ""retrieval_time_query_p5(ms)"": ""115.624"", ""retrieval_time_query_p50(ms)"": ""182.602"", ""retrieval_time_query_p95(ms)"": ""259.201""}",profiling/igp_paper_cpu/chunks/igp_val_20260428T041716Z_nbit4_t32/val/hotpot/igp_hotpot_top100_val_chunk_006.json
igp_val_20260428T041716Z_nbit4_t32,val,hotpot,100,recall@100,50,4,3000,98.81422924901186,98.81422924901186,232.56651999999997,4.299845050783751,10.12,0.2807238978613452,178.1109495162964,0.7070000000000001,0.77,0.96,"{""decode_time_average(ms)"": ""104.180"", ""filter_time_average(ms)"": ""63.950"", ""incremental_graph_n_compute_l_average"": ""17673.680"", ""n_seen_item_average"": ""68797.680"", ""n_vq_score_linear_scan_average"": ""138236.900"", ""refine_time_average(ms)"": ""64.434"", ""retrieval_time_average(ms)"": ""10.120"", ""retrieval_time_query_average(ms)"": ""232.567"", ""retrieval_time_query_p5(ms)"": ""158.598"", ""retrieval_time_query_p50(ms)"": ""242.967"", ""retrieval_time_query_p95(ms)"": ""299.049""}",profiling/igp_paper_cpu/chunks/igp_val_20260428T041716Z_nbit4_t32/val/hotpot/igp_hotpot_top100_val_chunk_006.json
igp_val_20260428T041716Z_nbit4_t32,val,hotpot,100,recall@100,50,4,4000,84.91126772522715,84.91126772522715,261.81428,3.8195013656245185,11.777,0.298220017755333,167.66144800186157,0.7314,0.795,0.9654999999999999,"{""decode_time_average(ms)"": ""127.167"", ""filter_time_average(ms)"": ""47.184"", ""incremental_graph_n_compute_l_average"": ""17673.680"", ""n_seen_item_average"": ""68797.680"", ""n_vq_score_linear_scan_average"": ""138236.900"", ""refine_time_average(ms)"": ""87.461"", ""retrieval_time_average(ms)"": ""11.777"", ""retrieval_time_query_average(ms)"": ""261.814"", ""retrieval_time_query_p5(ms)"": ""183.253"", ""retrieval_time_query_p50(ms)"": ""270.523"", ""retrieval_time_query_p95(ms)"": ""327.706""}",profiling/igp_paper_cpu/chunks/igp_val_20260428T041716Z_nbit4_t32/val/hotpot/igp_hotpot_top100_val_chunk_006.json
igp_val_20260428T041716Z_nbit4_t32,val,hotpot,100,recall@100,50,4,6000,66.52474720596062,66.52474720596062,348.54580000000004,2.8690634057274536,15.032,0.29249403884355907,170.9436547756195,0.7746000000000001,0.825,0.9654999999999999,"{""decode_time_average(ms)"": ""185.463"", ""filter_time_average(ms)"": ""27.736"", ""incremental_graph_n_compute_l_average"": ""17673.680"", ""n_seen_item_average"": ""68797.680"", ""n_vq_score_linear_scan_average"": ""138236.900"", ""refine_time_average(ms)"": ""135.347"", ""retrieval_time_average(ms)"": ""15.032"", ""retrieval_time_query_average(ms)"": ""348.546"", ""retrieval_time_query_p5(ms)"": ""256.875"", ""retrieval_time_query_p50(ms)"": ""359.668"", ""retrieval_time_query_p95(ms)"": ""422.008""}",profiling/igp_paper_cpu/chunks/igp_val_20260428T041716Z_nbit4_t32/val/hotpot/igp_hotpot_top100_val_chunk_006.json
igp_val_20260428T041716Z_nbit4_t32,val,hotpot,100,recall@100,50,8,100,273.4481815695926,273.4481815695926,82.20855999999999,12.164183389175045,3.657,0.2833199664501601,176.47891402244568,0.25919999999999993,0.23,0.5009999999999999,"{""decode_time_average(ms)"": ""4.808"", ""filter_time_average(ms)"": ""75.565"", ""incremental_graph_n_compute_l_average"": ""20080.420"", ""n_seen_item_average"": ""123263.500"", ""n_vq_score_linear_scan_average"": ""269926.000"", ""refine_time_average(ms)"": ""1.834"", ""retrieval_time_average(ms)"": ""3.657"", ""retrieval_time_query_average(ms)"": ""82.209"", ""retrieval_time_query_p5(ms)"": ""37.006"", ""retrieval_time_query_p50(ms)"": ""84.867"", ""retrieval_time_query_p95(ms)"": ""120.410""}",profiling/igp_paper_cpu/chunks/igp_val_20260428T041716Z_nbit4_t32/val/hotpot/igp_hotpot_top100_val_chunk_007.json
igp_val_20260428T041716Z_nbit4_t32,val,hotpot,100,recall@100,50,8,200,197.35543714229325,197.35543714229325,127.1343,7.865697927309939,5.067,0.281985607814675,177.3140139579773,0.35900000000000004,0.305,0.6709999999999999,"{""decode_time_average(ms)"": ""38.130"", ""filter_time_average(ms)"": ""85.012"", ""incremental_graph_n_compute_l_average"": ""20080.420"", ""n_seen_item_average"": ""123263.500"", ""n_vq_score_linear_scan_average"": ""269926.000"", ""refine_time_average(ms)"": ""3.991"", ""retrieval_time_average(ms)"": ""5.067"", ""retrieval_time_query_average(ms)"": ""127.134"", ""retrieval_time_query_p5(ms)"": ""40.724"", ""retrieval_time_query_p50(ms)"": ""93.638"", ""retrieval_time_query_p95(ms)"": ""212.329""}",profiling/igp_paper_cpu/chunks/igp_val_20260428T041716Z_nbit4_t32/val/hotpot/igp_hotpot_top100_val_chunk_007.json
igp_val_20260428T041716Z_nbit4_t32,val,hotpot,100,recall@100,50,8,500,253.4854245880862,253.4854245880862,85.08957999999998,11.752320319362255,3.945,0.3107713310258138,160.89000177383423,0.51,0.495,0.8839999999999998,"{""decode_time_average(ms)"": ""14.913"", ""filter_time_average(ms)"": ""60.932"", ""incremental_graph_n_compute_l_average"": ""20080.420"", ""n_seen_item_average"": ""123263.500"", ""n_vq_score_linear_scan_average"": ""269926.000"", ""refine_time_average(ms)"": ""9.243"", ""retrieval_time_average(ms)"": ""3.945"", ""retrieval_time_query_average(ms)"": ""85.090"", ""retrieval_time_query_p5(ms)"": ""58.163"", ""retrieval_time_query_p50(ms)"": ""85.053"", ""retrieval_time_query_p95(ms)"": ""115.478""}",profiling/igp_paper_cpu/chunks/igp_val_20260428T041716Z_nbit4_t32/val/hotpot/igp_hotpot_top100_val_chunk_007.json
igp_val_20260428T041716Z_nbit4_t32,val,hotpot,100,recall@100,50,8,1000,187.23085564501028,187.23085564501028,114.31405999999998,8.747830319385036,5.341,0.30792210319263214,162.37872982025146,0.614,0.605,0.9554999999999999,"{""decode_time_average(ms)"": ""28.670"", ""filter_time_average(ms)"": ""66.554"", ""incremental_graph_n_compute_l_average"": ""20080.420"", ""n_seen_item_average"": ""123263.500"", ""n_vq_score_linear_scan_average"": ""269926.000"", ""refine_time_average(ms)"": ""19.088"", ""retrieval_time_average(ms)"": ""5.341"", ""retrieval_time_query_average(ms)"": ""114.314"", ""retrieval_time_query_p5(ms)"": ""79.522"", ""retrieval_time_query_p50(ms)"": ""107.540"", ""retrieval_time_query_p95(ms)"": ""165.843""}",profiling/igp_paper_cpu/chunks/igp_val_20260428T041716Z_nbit4_t32/val/hotpot/igp_hotpot_top100_val_chunk_007.json
igp_val_20260428T041716Z_nbit4_t32,val,hotpot,100,recall@100,50,8,2000,41.81301220939957,41.81301220939957,507.68450000000007,1.9697272617147064,23.916,0.15201082098270058,328.92395210266113,0.7190000000000001,0.715,0.9554999999999999,"{""decode_time_average(ms)"": ""208.628"", ""filter_time_average(ms)"": ""209.192"", ""incremental_graph_n_compute_l_average"": ""20080.420"", ""n_seen_item_average"": ""123263.500"", ""n_vq_score_linear_scan_average"": ""269926.000"", ""refine_time_average(ms)"": ""89.861"", ""retrieval_time_average(ms)"": ""23.916"", ""retrieval_time_query_average(ms)"": ""507.685"", ""retrieval_time_query_p5(ms)"": ""236.769"", ""retrieval_time_query_p50(ms)"": ""494.981"", ""retrieval_time_query_p95(ms)"": ""895.488""}",profiling/igp_paper_cpu/chunks/igp_val_20260428T041716Z_nbit4_t32/val/hotpot/igp_hotpot_top100_val_chunk_008.json
igp_val_20260428T041716Z_nbit4_t32,val,hotpot,100,recall@100,50,8,3000,42.40882103477524,42.40882103477524,617.34424,1.6198417919959858,23.58,0.15011508765884216,333.0777790546417,0.759,0.805,0.96,"{""decode_time_average(ms)"": ""221.552"", ""filter_time_average(ms)"": ""288.951"", ""incremental_graph_n_compute_l_average"": ""20080.420"", ""n_seen_item_average"": ""123263.500"", ""n_vq_score_linear_scan_average"": ""269926.000"", ""refine_time_average(ms)"": ""106.836"", ""retrieval_time_average(ms)"": ""23.580"", ""retrieval_time_query_average(ms)"": ""617.344"", ""retrieval_time_query_p5(ms)"": ""323.980"", ""retrieval_time_query_p50(ms)"": ""710.229"", ""retrieval_time_query_p95(ms)"": ""823.041""}",profiling/igp_paper_cpu/chunks/igp_val_20260428T041716Z_nbit4_t32/val/hotpot/igp_hotpot_top100_val_chunk_008.json
igp_val_20260428T041716Z_nbit4_t32,val,hotpot,100,recall@100,50,8,4000,50.37022112527074,50.37022112527074,475.77206000000007,2.101846838168681,19.853,0.14895577258910256,335.67010617256165,0.7944000000000001,0.845,0.96,"{""decode_time_average(ms)"": ""246.599"", ""filter_time_average(ms)"": ""93.147"", ""incremental_graph_n_compute_l_average"": ""20080.420"", ""n_seen_item_average"": ""123263.500"", ""n_vq_score_linear_scan_average"": ""269926.000"", ""refine_time_average(ms)"": ""136.022"", ""retrieval_time_average(ms)"": ""19.853"", ""retrieval_time_query_average(ms)"": ""475.772"", ""retrieval_time_query_p5(ms)"": ""374.867"", ""retrieval_time_query_p50(ms)"": ""478.932"", ""retrieval_time_query_p95(ms)"": ""556.942""}",profiling/igp_paper_cpu/chunks/igp_val_20260428T041716Z_nbit4_t32/val/hotpot/igp_hotpot_top100_val_chunk_008.json
igp_val_20260428T041716Z_nbit4_t32,val,hotpot,100,recall@100,50,8,6000,35.004200504060485,35.004200504060485,681.49584,1.46736038770244,28.568,0.14457586855460114,345.8391811847687,0.8252000000000002,0.885,0.96,"{""decode_time_average(ms)"": ""382.514"", ""filter_time_average(ms)"": ""86.904"", ""incremental_graph_n_compute_l_average"": ""20080.420"", ""n_seen_item_average"": ""123263.500"", ""n_vq_score_linear_scan_average"": ""269926.000"", ""refine_time_average(ms)"": ""212.075"", ""retrieval_time_average(ms)"": ""28.568"", ""retrieval_time_query_average(ms)"": ""681.496"", ""retrieval_time_query_p5(ms)"": ""534.748"", ""retrieval_time_query_p50(ms)"": ""682.934"", ""retrieval_time_query_p95(ms)"": ""835.567""}",profiling/igp_paper_cpu/chunks/igp_val_20260428T041716Z_nbit4_t32/val/hotpot/igp_hotpot_top100_val_chunk_008.json
igp_val_20260428T041716Z_nbit4_t32,val,hotpot,100,recall@100,50,16,100,186.74136321195144,186.74136321195144,116.22334000000001,8.604123750014411,5.355,0.2901106146596636,172.3480544090271,0.2874,0.27,0.5455,"{""decode_time_average(ms)"": ""3.805"", ""filter_time_average(ms)"": ""110.578"", ""incremental_graph_n_compute_l_average"": ""24702.820"", ""n_seen_item_average"": ""217983.840"", ""n_vq_score_linear_scan_average"": ""524843.500"", ""refine_time_average(ms)"": ""1.839"", ""retrieval_time_average(ms)"": ""5.355"", ""retrieval_time_query_average(ms)"": ""116.223"", ""retrieval_time_query_p5(ms)"": ""66.552"", ""retrieval_time_query_p50(ms)"": ""113.865"", ""retrieval_time_query_p95(ms)"": ""168.972""}",profiling/igp_paper_cpu/chunks/igp_val_20260428T041716Z_nbit4_t32/val/hotpot/igp_hotpot_top100_val_chunk_009.json
igp_val_20260428T041716Z_nbit4_t32,val,hotpot,100,recall@100,50,16,200,135.02565487442615,135.02565487442615,186.73800000000003,5.3550964452869785,7.406,0.2885736874055369,173.26597046852112,0.4012,0.385,0.7364999999999999,"{""decode_time_average(ms)"": ""64.354"", ""filter_time_average(ms)"": ""118.005"", ""incremental_graph_n_compute_l_average"": ""24702.820"", ""n_seen_item_average"": ""217983.840"", ""n_vq_score_linear_scan_average"": ""524843.500"", ""refine_time_average(ms)"": ""4.376"", ""retrieval_time_average(ms)"": ""7.406"", ""retrieval_time_query_average(ms)"": ""186.738"", ""retrieval_time_query_p5(ms)"": ""101.566"", ""retrieval_time_query_p50(ms)"": ""196.172"", ""retrieval_time_query_p95(ms)"": ""244.984""}",profiling/igp_paper_cpu/chunks/igp_val_20260428T041716Z_nbit4_t32/val/hotpot/igp_hotpot_top100_val_chunk_009.json
igp_val_20260428T041716Z_nbit4_t32,val,hotpot,100,recall@100,50,16,500,146.34860237084735,146.34860237084735,154.79308,6.460237111374746,6.833,0.3111668364208251,160.68550419807434,0.5579999999999999,0.545,0.9029999999999998,"{""decode_time_average(ms)"": ""38.860"", ""filter_time_average(ms)"": ""105.589"", ""incremental_graph_n_compute_l_average"": ""24702.820"", ""n_seen_item_average"": ""217983.840"", ""n_vq_score_linear_scan_average"": ""524843.500"", ""refine_time_average(ms)"": ""10.343"", ""retrieval_time_average(ms)"": ""6.833"", ""retrieval_time_query_average(ms)"": ""154.793"", ""retrieval_time_query_p5(ms)"": ""87.259"", ""retrieval_time_query_p50(ms)"": ""168.039"", ""retrieval_time_query_p95(ms)"": ""204.398""}",profiling/igp_paper_cpu/chunks/igp_val_20260428T041716Z_nbit4_t32/val/hotpot/igp_hotpot_top100_val_chunk_009.json
igp_val_20260428T041716Z_nbit4_t32,val,hotpot,100,recall@100,50,16,1000,140.21312394840157,140.21312394840157,156.18716,6.402574961987912,7.132,0.3120202353116404,160.2460172176361,0.6689999999999999,0.68,0.95,"{""decode_time_average(ms)"": ""33.674"", ""filter_time_average(ms)"": ""102.103"", ""incremental_graph_n_compute_l_average"": ""24702.820"", ""n_seen_item_average"": ""217983.840"", ""n_vq_score_linear_scan_average"": ""524843.500"", ""refine_time_average(ms)"": ""20.409"", ""retrieval_time_average(ms)"": ""7.132"", ""retrieval_time_query_average(ms)"": ""156.187"", ""retrieval_time_query_p5(ms)"": ""104.799"", ""retrieval_time_query_p50(ms)"": ""156.957"", ""retrieval_time_query_p95(ms)"": ""206.697""}",profiling/igp_paper_cpu/chunks/igp_val_20260428T041716Z_nbit4_t32/val/hotpot/igp_hotpot_top100_val_chunk_009.json
igp_val_20260428T041716Z_nbit4_t32,val,hotpot,100,recall@100,50,16,2000,68.11989100817439,68.11989100817439,299.85973999999993,3.33489250674332,14.68,0.28389251439364743,176.1229953765869,0.7666000000000001,0.8,0.96,"{""decode_time_average(ms)"": ""70.953"", ""filter_time_average(ms)"": ""186.955"", ""incremental_graph_n_compute_l_average"": ""24702.820"", ""n_seen_item_average"": ""217983.840"", ""n_vq_score_linear_scan_average"": ""524843.500"", ""refine_time_average(ms)"": ""41.950"", ""retrieval_time_average(ms)"": ""14.680"", ""retrieval_time_query_average(ms)"": ""299.860"", ""retrieval_time_query_p5(ms)"": ""194.757"", ""retrieval_time_query_p50(ms)"": ""286.499"", ""retrieval_time_query_p95(ms)"": ""437.972""}",profiling/igp_paper_cpu/chunks/igp_val_20260428T041716Z_nbit4_t32/val/hotpot/igp_hotpot_top100_val_chunk_010.json
igp_val_20260428T041716Z_nbit4_t32,val,hotpot,100,recall@100,50,16,3000,91.22422915526364,91.22422915526364,267.79506000000003,3.7341988310015872,10.962,0.30137879369652604,165.90417456626892,0.8038,0.85,0.96,"{""decode_time_average(ms)"": ""107.787"", ""filter_time_average(ms)"": ""91.424"", ""incremental_graph_n_compute_l_average"": ""24702.820"", ""n_seen_item_average"": ""217983.840"", ""n_vq_score_linear_scan_average"": ""524843.500"", ""refine_time_average(ms)"": ""68.583"", ""retrieval_time_average(ms)"": ""10.962"", ""retrieval_time_query_average(ms)"": ""267.795"", ""retrieval_time_query_p5(ms)"": ""172.142"", ""retrieval_time_query_p50(ms)"": ""297.273"", ""retrieval_time_query_p95(ms)"": ""332.872""}",profiling/igp_paper_cpu/chunks/igp_val_20260428T041716Z_nbit4_t32/val/hotpot/igp_hotpot_top100_val_chunk_010.json
igp_val_20260428T041716Z_nbit4_t32,val,hotpot,100,recall@100,50,16,4000,77.62167197081426,77.62167197081426,306.90302,3.2583582918147886,12.883,0.2998985848531237,166.72302746772766,0.824,0.875,0.96,"{""decode_time_average(ms)"": ""135.220"", ""filter_time_average(ms)"": ""77.707"", ""incremental_graph_n_compute_l_average"": ""24702.820"", ""n_seen_item_average"": ""217983.840"", ""n_vq_score_linear_scan_average"": ""524843.500"", ""refine_time_average(ms)"": ""93.973"", ""retrieval_time_average(ms)"": ""12.883"", ""retrieval_time_query_average(ms)"": ""306.903"", ""retrieval_time_query_p5(ms)"": ""224.516"", ""retrieval_time_query_p50(ms)"": ""319.007"", ""retrieval_time_query_p95(ms)"": ""373.482""}",profiling/igp_paper_cpu/chunks/igp_val_20260428T041716Z_nbit4_t32/val/hotpot/igp_hotpot_top100_val_chunk_010.json
igp_val_20260428T041716Z_nbit4_t32,val,hotpot,100,recall@100,50,16,6000,62.023196675556655,62.023196675556655,382.47473999999994,2.614551747914124,16.123,0.2939750083114463,170.0824851989746,0.8536,0.895,0.96,"{""decode_time_average(ms)"": ""185.698"", ""filter_time_average(ms)"": ""73.663"", ""incremental_graph_n_compute_l_average"": ""24702.820"", ""n_seen_item_average"": ""217983.840"", ""n_vq_score_linear_scan_average"": ""524843.500"", ""refine_time_average(ms)"": ""123.112"", ""retrieval_time_average(ms)"": ""16.123"", ""retrieval_time_query_average(ms)"": ""382.475"", ""retrieval_time_query_p5(ms)"": ""282.193"", ""retrieval_time_query_p50(ms)"": ""383.806"", ""retrieval_time_query_p95(ms)"": ""463.876""}",profiling/igp_paper_cpu/chunks/igp_val_20260428T041716Z_nbit4_t32/val/hotpot/igp_hotpot_top100_val_chunk_010.json
igp_val_20260428T041716Z_nbit4_t32,val,hotpot,100,recall@100,50,32,100,160.56518946692358,160.56518946692358,142.48108,7.018475716214392,6.228,0.3136797404475568,159.3982446193695,0.29960000000000003,0.295,0.5465,"{""decode_time_average(ms)"": ""4.187"", ""filter_time_average(ms)"": ""136.424"", ""incremental_graph_n_compute_l_average"": ""33490.460"", ""n_seen_item_average"": ""383880.560"", ""n_vq_score_linear_scan_average"": ""1019530.000"", ""refine_time_average(ms)"": ""1.869"", ""retrieval_time_average(ms)"": ""6.228"", ""retrieval_time_query_average(ms)"": ""142.481"", ""retrieval_time_query_p5(ms)"": ""94.941"", ""retrieval_time_query_p50(ms)"": ""144.970"", ""retrieval_time_query_p95(ms)"": ""193.455""}",profiling/igp_paper_cpu/chunks/igp_val_20260428T041716Z_nbit4_t32/val/hotpot/igp_hotpot_top100_val_chunk_011.json
igp_val_20260428T041716Z_nbit4_t32,val,hotpot,100,recall@100,50,32,200,127.3398701133325,127.3398701133325,191.56296000000003,5.220215849661123,7.853,0.3129226312927597,159.78390502929688,0.4252,0.41,0.7509999999999999,"{""decode_time_average(ms)"": ""17.216"", ""filter_time_average(ms)"": ""170.401"", ""incremental_graph_n_compute_l_average"": ""33490.460"", ""n_seen_item_average"": ""383880.560"", ""n_vq_score_linear_scan_average"": ""1019530.000"", ""refine_time_average(ms)"": ""3.944"", ""retrieval_time_average(ms)"": ""7.853"", ""retrieval_time_query_average(ms)"": ""191.563"", ""retrieval_time_query_p5(ms)"": ""116.782"", ""retrieval_time_query_p50(ms)"": ""213.916"", ""retrieval_time_query_p95(ms)"": ""261.139""}",profiling/igp_paper_cpu/chunks/igp_val_20260428T041716Z_nbit4_t32/val/hotpot/igp_hotpot_top100_val_chunk_011.json
igp_val_20260428T041716Z_nbit4_t32,val,hotpot,100,recall@100,50,32,500,155.8846453624318,155.8846453624318,153.60229999999999,6.510319181418508,6.415,0.31326948428872764,159.6069917678833,0.5834,0.545,0.9109999999999999,"{""decode_time_average(ms)"": ""16.934"", ""filter_time_average(ms)"": ""126.548"", ""incremental_graph_n_compute_l_average"": ""33490.460"", ""n_seen_item_average"": ""383880.560"", ""n_vq_score_linear_scan_average"": ""1019530.000"", ""refine_time_average(ms)"": ""10.118"", ""retrieval_time_average(ms)"": ""6.415"", ""retrieval_time_query_average(ms)"": ""153.602"", ""retrieval_time_query_p5(ms)"": ""115.911"", ""retrieval_time_query_p50(ms)"": ""157.428"", ""retrieval_time_query_p95(ms)"": ""194.481""}",profiling/igp_paper_cpu/chunks/igp_val_20260428T041716Z_nbit4_t32/val/hotpot/igp_hotpot_top100_val_chunk_011.json
igp_val_20260428T041716Z_nbit4_t32,val,hotpot,100,recall@100,50,32,1000,125.6123602562492,125.6123602562492,194.34384000000003,5.145519405194421,7.961,0.31169385297399443,160.4138147830963,0.7018,0.6799999999999999,0.9454999999999999,"{""decode_time_average(ms)"": ""39.465"", ""filter_time_average(ms)"": ""132.515"", ""incremental_graph_n_compute_l_average"": ""33490.460"", ""n_seen_item_average"": ""383880.560"", ""n_vq_score_linear_scan_average"": ""1019530.000"", ""refine_time_average(ms)"": ""22.362"", ""retrieval_time_average(ms)"": ""7.961"", ""retrieval_time_query_average(ms)"": ""194.344"", ""retrieval_time_query_p5(ms)"": ""136.508"", ""retrieval_time_query_p50(ms)"": ""199.657"", ""retrieval_time_query_p95(ms)"": ""250.393""}",profiling/igp_paper_cpu/chunks/igp_val_20260428T041716Z_nbit4_t32/val/hotpot/igp_hotpot_top100_val_chunk_011.json
igp_val_20260428T041716Z_nbit4_t32,val,hotpot,100,recall@100,50,32,2000,91.24920156948627,91.24920156948627,260.09626,3.8447304086571643,10.959,0.31194349287089423,160.28543996810913,0.7952000000000001,0.79,0.9554999999999999,"{""decode_time_average(ms)"": ""72.077"", ""filter_time_average(ms)"": ""141.960"", ""incremental_graph_n_compute_l_average"": ""33490.460"", ""n_seen_item_average"": ""383880.560"", ""n_vq_score_linear_scan_average"": ""1019530.000"", ""refine_time_average(ms)"": ""46.057"", ""retrieval_time_average(ms)"": ""10.959"", ""retrieval_time_query_average(ms)"": ""260.096"", ""retrieval_time_query_p5(ms)"": ""176.060"", ""retrieval_time_query_p50(ms)"": ""276.815"", ""retrieval_time_query_p95(ms)"": ""330.726""}",profiling/igp_paper_cpu/chunks/igp_val_20260428T041716Z_nbit4_t32/val/hotpot/igp_hotpot_top100_val_chunk_012.json
igp_val_20260428T041716Z_nbit4_t32,val,hotpot,100,recall@100,50,32,3000,63.72267890142102,63.72267890142102,388.70076,2.5726731277808668,15.693,0.30926046551923403,161.67601609230042,0.8378000000000001,0.865,0.9554999999999999,"{""decode_time_average(ms)"": ""121.841"", ""filter_time_average(ms)"": ""199.045"", ""incremental_graph_n_compute_l_average"": ""33490.460"", ""n_seen_item_average"": ""383880.560"", ""n_vq_score_linear_scan_average"": ""1019530.000"", ""refine_time_average(ms)"": ""67.812"", ""retrieval_time_average(ms)"": ""15.693"", ""retrieval_time_query_average(ms)"": ""388.701"", ""retrieval_time_query_p5(ms)"": ""251.733"", ""retrieval_time_query_p50(ms)"": ""377.199"", ""retrieval_time_query_p95(ms)"": ""536.091""}",profiling/igp_paper_cpu/chunks/igp_val_20260428T041716Z_nbit4_t32/val/hotpot/igp_hotpot_top100_val_chunk_012.json
igp_val_20260428T041716Z_nbit4_t32,val,hotpot,100,recall@100,50,32,4000,61.86970240673142,61.86970240673142,386.62864,2.5864612616385583,16.163,0.3069801356705258,162.8769884109497,0.8582000000000001,0.89,0.96,"{""decode_time_average(ms)"": ""142.769"", ""filter_time_average(ms)"": ""153.311"", ""incremental_graph_n_compute_l_average"": ""33490.460"", ""n_seen_item_average"": ""383880.560"", ""n_vq_score_linear_scan_average"": ""1019530.000"", ""refine_time_average(ms)"": ""90.545"", ""retrieval_time_average(ms)"": ""16.163"", ""retrieval_time_query_average(ms)"": ""386.629"", ""retrieval_time_query_p5(ms)"": ""240.539"", ""retrieval_time_query_p50(ms)"": ""408.647"", ""retrieval_time_query_p95(ms)"": ""502.320""}",profiling/igp_paper_cpu/chunks/igp_val_20260428T041716Z_nbit4_t32/val/hotpot/igp_hotpot_top100_val_chunk_012.json
igp_val_20260428T041716Z_nbit4_t32,val,hotpot,100,recall@100,50,32,6000,48.66653688923497,48.66653688923497,516.9046400000001,1.9345928100006993,20.548,0.3007858472585007,166.23122549057007,0.884,0.9,0.96,"{""decode_time_average(ms)"": ""225.754"", ""filter_time_average(ms)"": ""146.442"", ""incremental_graph_n_compute_l_average"": ""33490.460"", ""n_seen_item_average"": ""383880.560"", ""n_vq_score_linear_scan_average"": ""1019530.000"", ""refine_time_average(ms)"": ""144.705"", ""retrieval_time_average(ms)"": ""20.548"", ""retrieval_time_query_average(ms)"": ""516.905"", ""retrieval_time_query_p5(ms)"": ""331.111"", ""retrieval_time_query_p50(ms)"": ""531.283"", ""retrieval_time_query_p95(ms)"": ""686.028""}",profiling/igp_paper_cpu/chunks/igp_val_20260428T041716Z_nbit4_t32/val/hotpot/igp_hotpot_top100_val_chunk_012.json
igp_val_20260428T041716Z_nbit4_t32,val,hotpot,100,recall@100,50,64,100,59.045819555975434,59.045819555975434,354.67774,2.819460843525168,16.936,0.28390756195202915,176.11366057395935,0.3144,0.315,0.571,"{""decode_time_average(ms)"": ""4.108"", ""filter_time_average(ms)"": ""348.558"", ""incremental_graph_n_compute_l_average"": ""50347.640"", ""n_seen_item_average"": ""667497.860"", ""n_vq_score_linear_scan_average"": ""1992297.800"", ""refine_time_average(ms)"": ""2.009"", ""retrieval_time_average(ms)"": ""16.936"", ""retrieval_time_query_average(ms)"": ""354.678"", ""retrieval_time_query_p5(ms)"": ""213.183"", ""retrieval_time_query_p50(ms)"": ""358.261"", ""retrieval_time_query_p95(ms)"": ""507.873""}",profiling/igp_paper_cpu/chunks/igp_val_20260428T041716Z_nbit4_t32/val/hotpot/igp_hotpot_top100_val_chunk_013.json
igp_val_20260428T041716Z_nbit4_t32,val,hotpot,100,recall@100,50,64,200,53.80104374024856,53.80104374024856,443.57878,2.254390978756919,18.587,0.2821213753513369,177.22868371009827,0.43400000000000005,0.43,0.6855,"{""decode_time_average(ms)"": ""62.601"", ""filter_time_average(ms)"": ""376.427"", ""incremental_graph_n_compute_l_average"": ""50347.640"", ""n_seen_item_average"": ""667497.860"", ""n_vq_score_linear_scan_average"": ""1992297.800"", ""refine_time_average(ms)"": ""4.548"", ""retrieval_time_average(ms)"": ""18.587"", ""retrieval_time_query_average(ms)"": ""443.579"", ""retrieval_time_query_p5(ms)"": ""266.233"", ""retrieval_time_query_p50(ms)"": ""447.407"", ""retrieval_time_query_p95(ms)"": ""561.570""}",profiling/igp_paper_cpu/chunks/igp_val_20260428T041716Z_nbit4_t32/val/hotpot/igp_hotpot_top100_val_chunk_013.json
igp_val_20260428T041716Z_nbit4_t32,val,hotpot,100,recall@100,50,64,500,61.1807892321811,61.1807892321811,321.07166,3.114569501400404,16.345,0.30976007612792494,161.41524958610535,0.6068,0.595,0.93,"{""decode_time_average(ms)"": ""38.851"", ""filter_time_average(ms)"": ""272.498"", ""incremental_graph_n_compute_l_average"": ""50347.640"", ""n_seen_item_average"": ""667497.860"", ""n_vq_score_linear_scan_average"": ""1992297.800"", ""refine_time_average(ms)"": ""9.721"", ""retrieval_time_average(ms)"": ""16.345"", ""retrieval_time_query_average(ms)"": ""321.072"", ""retrieval_time_query_p5(ms)"": ""210.017"", ""retrieval_time_query_p50(ms)"": ""318.360"", ""retrieval_time_query_p95(ms)"": ""514.592""}",profiling/igp_paper_cpu/chunks/igp_val_20260428T041716Z_nbit4_t32/val/hotpot/igp_hotpot_top100_val_chunk_013.json
igp_val_20260428T041716Z_nbit4_t32,val,hotpot,100,recall@100,50,64,1000,71.68972686214066,71.68972686214066,329.19052000000005,3.0377545501614076,13.949,0.30845417830368016,162.09863090515137,0.7264,0.74,0.9454999999999999,"{""decode_time_average(ms)"": ""48.396"", ""filter_time_average(ms)"": ""260.640"", ""incremental_graph_n_compute_l_average"": ""50347.640"", ""n_seen_item_average"": ""667497.860"", ""n_vq_score_linear_scan_average"": ""1992297.800"", ""refine_time_average(ms)"": ""20.153"", ""retrieval_time_average(ms)"": ""13.949"", ""retrieval_time_query_average(ms)"": ""329.191"", ""retrieval_time_query_p5(ms)"": ""227.946"", ""retrieval_time_query_p50(ms)"": ""337.247"", ""retrieval_time_query_p95(ms)"": ""418.849""}",profiling/igp_paper_cpu/chunks/igp_val_20260428T041716Z_nbit4_t32/val/hotpot/igp_hotpot_top100_val_chunk_013.json
igp_val_20260428T041716Z_nbit4_t32,val,hotpot,100,recall@100,50,64,2000,45.84211973961676,45.84211973961676,471.94169999999997,2.118905788575157,21.814,0.2822618753961264,177.14046549797058,0.8160000000000001,0.84,0.9554999999999999,"{""decode_time_average(ms)"": ""54.890"", ""filter_time_average(ms)"": ""376.676"", ""incremental_graph_n_compute_l_average"": ""50347.640"", ""n_seen_item_average"": ""667497.860"", ""n_vq_score_linear_scan_average"": ""1992297.800"", ""refine_time_average(ms)"": ""40.374"", ""retrieval_time_average(ms)"": ""21.814"", ""retrieval_time_query_average(ms)"": ""471.942"", ""retrieval_time_query_p5(ms)"": ""311.685"", ""retrieval_time_query_p50(ms)"": ""465.827"", ""retrieval_time_query_p95(ms)"": ""636.780""}",profiling/igp_paper_cpu/chunks/igp_val_20260428T041716Z_nbit4_t32/val/hotpot/igp_hotpot_top100_val_chunk_014.json
igp_val_20260428T041716Z_nbit4_t32,val,hotpot,100,recall@100,50,64,3000,36.989088218975404,36.989088218975404,624.69092,1.6007916362863093,27.035,0.2773327862792909,180.2888171672821,0.8566000000000001,0.88,0.9654999999999999,"{""decode_time_average(ms)"": ""150.853"", ""filter_time_average(ms)"": ""403.962"", ""incremental_graph_n_compute_l_average"": ""50347.640"", ""n_seen_item_average"": ""667497.860"", ""n_vq_score_linear_scan_average"": ""1992297.800"", ""refine_time_average(ms)"": ""69.874"", ""retrieval_time_average(ms)"": ""27.035"", ""retrieval_time_query_average(ms)"": ""624.691"", ""retrieval_time_query_p5(ms)"": ""373.144"", ""retrieval_time_query_p50(ms)"": ""663.019"", ""retrieval_time_query_p95(ms)"": ""774.433""}",profiling/igp_paper_cpu/chunks/igp_val_20260428T041716Z_nbit4_t32/val/hotpot/igp_hotpot_top100_val_chunk_014.json
igp_val_20260428T041716Z_nbit4_t32,val,hotpot,100,recall@100,50,64,4000,36.54169407293722,36.54169407293722,562.94308,1.7763785283584976,27.366,0.2968101327524176,168.4578607082367,0.8718,0.9,0.9654999999999999,"{""decode_time_average(ms)"": ""115.728"", ""filter_time_average(ms)"": ""368.743"", ""incremental_graph_n_compute_l_average"": ""50347.640"", ""n_seen_item_average"": ""667497.860"", ""n_vq_score_linear_scan_average"": ""1992297.800"", ""refine_time_average(ms)"": ""78.470"", ""retrieval_time_average(ms)"": ""27.366"", ""retrieval_time_query_average(ms)"": ""562.943"", ""retrieval_time_query_p5(ms)"": ""400.059"", ""retrieval_time_query_p50(ms)"": ""550.695"", ""retrieval_time_query_p95(ms)"": ""786.266""}",profiling/igp_paper_cpu/chunks/igp_val_20260428T041716Z_nbit4_t32/val/hotpot/igp_hotpot_top100_val_chunk_014.json
igp_val_20260428T041716Z_nbit4_t32,val,hotpot,100,recall@100,50,64,6000,33.69839932603201,33.69839932603201,590.7159,1.6928611537288905,29.675,0.29088249573284325,171.89071440696716,0.8972,0.915,0.9654999999999999,"{""decode_time_average(ms)"": ""165.713"", ""filter_time_average(ms)"": ""304.850"", ""incremental_graph_n_compute_l_average"": ""50347.640"", ""n_seen_item_average"": ""667497.860"", ""n_vq_score_linear_scan_average"": ""1992297.800"", ""refine_time_average(ms)"": ""120.150"", ""retrieval_time_average(ms)"": ""29.675"", ""retrieval_time_query_average(ms)"": ""590.716"", ""retrieval_time_query_p5(ms)"": ""419.674"", ""retrieval_time_query_p50(ms)"": ""595.764"", ""retrieval_time_query_p95(ms)"": ""821.976""}",profiling/igp_paper_cpu/chunks/igp_val_20260428T041716Z_nbit4_t32/val/hotpot/igp_hotpot_top100_val_chunk_014.json
igp_val_20260428T041716Z_nbit4_t32,val,hotpot,10,recall@10,50,1,10,604.5949214026602,604.5949214026602,40.428920000000005,24.734769071248994,1.654,0.2910691758064542,171.78047060966492,0.23600000000000002,0.2,0.5549999999999997,"{""decode_time_average(ms)"": ""1.310"", ""filter_time_average(ms)"": ""38.902"", ""incremental_graph_n_compute_l_average"": ""15685.380"", ""n_seen_item_average"": ""20492.120"", ""n_vq_score_linear_scan_average"": ""36056.180"", ""refine_time_average(ms)"": ""0.217"", ""retrieval_time_average(ms)"": ""1.654"", ""retrieval_time_query_average(ms)"": ""40.429"", ""retrieval_time_query_p5(ms)"": ""14.325"", ""retrieval_time_query_p50(ms)"": ""35.532"", ""retrieval_time_query_p95(ms)"": ""74.294""}",profiling/igp_paper_cpu/chunks/igp_val_20260428T041716Z_nbit4_t32/val/hotpot/igp_hotpot_top10_val_chunk_001.json
igp_val_20260428T041716Z_nbit4_t32,val,hotpot,10,recall@10,50,1,20,452.0795660036166,452.0795660036166,59.08227999999999,16.925548573954835,2.212,0.28778025349964276,173.74367904663086,0.276,0.2,0.7,"{""decode_time_average(ms)"": ""4.178"", ""filter_time_average(ms)"": ""54.538"", ""incremental_graph_n_compute_l_average"": ""15685.380"", ""n_seen_item_average"": ""20492.120"", ""n_vq_score_linear_scan_average"": ""36056.180"", ""refine_time_average(ms)"": ""0.367"", ""retrieval_time_average(ms)"": ""2.212"", ""retrieval_time_query_average(ms)"": ""59.082"", ""retrieval_time_query_p5(ms)"": ""11.511"", ""retrieval_time_query_p50(ms)"": ""68.898"", ""retrieval_time_query_p95(ms)"": ""99.335""}",profiling/igp_paper_cpu/chunks/igp_val_20260428T041716Z_nbit4_t32/val/hotpot/igp_hotpot_top10_val_chunk_001.json
igp_val_20260428T041716Z_nbit4_t32,val,hotpot,10,recall@10,50,1,50,415.45492314083924,415.45492314083924,50.30562,19.878494689062574,2.407,0.3082662848004893,162.19743275642395,0.33399999999999996,0.3,0.8,"{""decode_time_average(ms)"": ""14.738"", ""filter_time_average(ms)"": ""34.500"", ""incremental_graph_n_compute_l_average"": ""15685.380"", ""n_seen_item_average"": ""20492.120"", ""n_vq_score_linear_scan_average"": ""36056.180"", ""refine_time_average(ms)"": ""1.067"", ""retrieval_time_average(ms)"": ""2.407"", ""retrieval_time_query_average(ms)"": ""50.306"", ""retrieval_time_query_p5(ms)"": ""27.336"", ""retrieval_time_query_p50(ms)"": ""48.383"", ""retrieval_time_query_p95(ms)"": ""75.626""}",profiling/igp_paper_cpu/chunks/igp_val_20260428T041716Z_nbit4_t32/val/hotpot/igp_hotpot_top10_val_chunk_001.json
igp_val_20260428T041716Z_nbit4_t32,val,hotpot,10,recall@10,50,1,100,533.9028296849973,533.9028296849973,44.620039999999996,22.411454584083746,1.873,0.30950196088192045,161.5498650074005,0.38400000000000006,0.3,0.8,"{""decode_time_average(ms)"": ""10.419"", ""filter_time_average(ms)"": ""32.349"", ""incremental_graph_n_compute_l_average"": ""15685.380"", ""n_seen_item_average"": ""20492.120"", ""n_vq_score_linear_scan_average"": ""36056.180"", ""refine_time_average(ms)"": ""1.851"", ""retrieval_time_average(ms)"": ""1.873"", ""retrieval_time_query_average(ms)"": ""44.620"", ""retrieval_time_query_p5(ms)"": ""17.716"", ""retrieval_time_query_p50(ms)"": ""47.747"", ""retrieval_time_query_p95(ms)"": ""66.623""}",profiling/igp_paper_cpu/chunks/igp_val_20260428T041716Z_nbit4_t32/val/hotpot/igp_hotpot_top10_val_chunk_001.json
igp_val_20260428T041716Z_nbit4_t32,val,hotpot,10,recall@10,50,1,200,138.811771238201,138.811771238201,171.24753999999996,5.839499942597717,7.204,0.1508504792508286,331.45403480529785,0.42400000000000004,0.3,0.9,"{""decode_time_average(ms)"": ""31.167"", ""filter_time_average(ms)"": ""131.871"", ""incremental_graph_n_compute_l_average"": ""15685.380"", ""n_seen_item_average"": ""20492.120"", ""n_vq_score_linear_scan_average"": ""36056.180"", ""refine_time_average(ms)"": ""8.209"", ""retrieval_time_average(ms)"": ""7.204"", ""retrieval_time_query_average(ms)"": ""171.248"", ""retrieval_time_query_p5(ms)"": ""37.170"", ""retrieval_time_query_p50(ms)"": ""218.507"", ""retrieval_time_query_p95(ms)"": ""293.034""}",profiling/igp_paper_cpu/chunks/igp_val_20260428T041716Z_nbit4_t32/val/hotpot/igp_hotpot_top10_val_chunk_002.json
igp_val_20260428T041716Z_nbit4_t32,val,hotpot,10,recall@10,50,1,300,122.80486307257766,122.80486307257766,184.98838,5.405744944628414,8.143,0.15669649684231624,319.08818006515503,0.444,0.35,0.9,"{""decode_time_average(ms)"": ""54.439"", ""filter_time_average(ms)"": ""119.315"", ""incremental_graph_n_compute_l_average"": ""15685.380"", ""n_seen_item_average"": ""20492.120"", ""n_vq_score_linear_scan_average"": ""36056.180"", ""refine_time_average(ms)"": ""11.234"", ""retrieval_time_average(ms)"": ""8.143"", ""retrieval_time_query_average(ms)"": ""184.988"", ""retrieval_time_query_p5(ms)"": ""63.395"", ""retrieval_time_query_p50(ms)"": ""194.906"", ""retrieval_time_query_p95(ms)"": ""297.610""}",profiling/igp_paper_cpu/chunks/igp_val_20260428T041716Z_nbit4_t32/val/hotpot/igp_hotpot_top10_val_chunk_002.json
igp_val_20260428T041716Z_nbit4_t32,val,hotpot,10,recall@10,50,1,400,208.8118605136772,208.8118605136772,110.25964,9.069501768734234,4.789,0.15770854129122797,317.0405330657959,0.48200000000000004,0.4,0.9549999999999997,"{""decode_time_average(ms)"": ""56.477"", ""filter_time_average(ms)"": ""38.738"", ""incremental_graph_n_compute_l_average"": ""15685.380"", ""n_seen_item_average"": ""20492.120"", ""n_vq_score_linear_scan_average"": ""36056.180"", ""refine_time_average(ms)"": ""15.044"", ""retrieval_time_average(ms)"": ""4.789"", ""retrieval_time_query_average(ms)"": ""110.260"", ""retrieval_time_query_p5(ms)"": ""60.718"", ""retrieval_time_query_p50(ms)"": ""115.280"", ""retrieval_time_query_p95(ms)"": ""154.476""}",profiling/igp_paper_cpu/chunks/igp_val_20260428T041716Z_nbit4_t32/val/hotpot/igp_hotpot_top10_val_chunk_002.json
igp_val_20260428T041716Z_nbit4_t32,val,hotpot,10,recall@10,50,1,600,195.2743604764694,195.2743604764694,121.56012000000001,8.226382139142343,5.121,0.157507816613204,317.4445629119873,0.52,0.45,0.9549999999999997,"{""decode_time_average(ms)"": ""60.475"", ""filter_time_average(ms)"": ""37.938"", ""incremental_graph_n_compute_l_average"": ""15685.380"", ""n_seen_item_average"": ""20492.120"", ""n_vq_score_linear_scan_average"": ""36056.180"", ""refine_time_average(ms)"": ""23.146"", ""retrieval_time_average(ms)"": ""5.121"", ""retrieval_time_query_average(ms)"": ""121.560"", ""retrieval_time_query_p5(ms)"": ""76.170"", ""retrieval_time_query_p50(ms)"": ""131.398"", ""retrieval_time_query_p95(ms)"": ""161.583""}",profiling/igp_paper_cpu/chunks/igp_val_20260428T041716Z_nbit4_t32/val/hotpot/igp_hotpot_top10_val_chunk_002.json
igp_val_20260428T041716Z_nbit4_t32,val,hotpot,10,recall@10,50,2,10,478.2400765184122,478.2400765184122,47.02772,21.264054476806443,2.091,0.28954840667206483,172.68269777297974,0.27,0.25,0.6549999999999997,"{""decode_time_average(ms)"": ""1.262"", ""filter_time_average(ms)"": ""45.576"", ""incremental_graph_n_compute_l_average"": ""16322.400"", ""n_seen_item_average"": ""38167.280"", ""n_vq_score_linear_scan_average"": ""70922.720"", ""refine_time_average(ms)"": ""0.190"", ""retrieval_time_average(ms)"": ""2.091"", ""retrieval_time_query_average(ms)"": ""47.028"", ""retrieval_time_query_p5(ms)"": ""11.191"", ""retrieval_time_query_p50(ms)"": ""41.934"", ""retrieval_time_query_p95(ms)"": ""81.365""}",profiling/igp_paper_cpu/chunks/igp_val_20260428T041716Z_nbit4_t32/val/hotpot/igp_hotpot_top10_val_chunk_003.json
igp_val_20260428T041716Z_nbit4_t32,val,hotpot,10,recall@10,50,2,20,356.2522265764161,356.2522265764161,55.78478000000001,17.92603645653886,2.807,0.2874939769099381,173.91668701171875,0.322,0.3,0.7,"{""decode_time_average(ms)"": ""7.640"", ""filter_time_average(ms)"": ""47.770"", ""incremental_graph_n_compute_l_average"": ""16322.400"", ""n_seen_item_average"": ""38167.280"", ""n_vq_score_linear_scan_average"": ""70922.720"", ""refine_time_average(ms)"": ""0.375"", ""retrieval_time_average(ms)"": ""2.807"", ""retrieval_time_query_average(ms)"": ""55.785"", ""retrieval_time_query_p5(ms)"": ""19.476"", ""retrieval_time_query_p50(ms)"": ""39.722"", ""retrieval_time_query_p95(ms)"": ""106.842""}",profiling/igp_paper_cpu/chunks/igp_val_20260428T041716Z_nbit4_t32/val/hotpot/igp_hotpot_top10_val_chunk_003.json
igp_val_20260428T041716Z_nbit4_t32,val,hotpot,10,recall@10,50,2,50,330.6878306878307,330.6878306878307,63.814620000000005,15.670390264801387,3.024,0.30842004796550365,162.1165690422058,0.4,0.4,0.7549999999999997,"{""decode_time_average(ms)"": ""17.335"", ""filter_time_average(ms)"": ""45.472"", ""incremental_graph_n_compute_l_average"": ""16322.400"", ""n_seen_item_average"": ""38167.280"", ""n_vq_score_linear_scan_average"": ""70922.720"", ""refine_time_average(ms)"": ""1.007"", ""retrieval_time_average(ms)"": ""3.024"", ""retrieval_time_query_average(ms)"": ""63.815"", ""retrieval_time_query_p5(ms)"": ""36.734"", ""retrieval_time_query_p50(ms)"": ""66.285"", ""retrieval_time_query_p95(ms)"": ""89.872""}",profiling/igp_paper_cpu/chunks/igp_val_20260428T041716Z_nbit4_t32/val/hotpot/igp_hotpot_top10_val_chunk_003.json
igp_val_20260428T041716Z_nbit4_t32,val,hotpot,10,recall@10,50,2,100,353.2320734722713,353.2320734722713,63.42014,15.767861754956705,2.831,0.3116910762070184,160.41524386405945,0.45599999999999996,0.4,0.9,"{""decode_time_average(ms)"": ""19.758"", ""filter_time_average(ms)"": ""41.679"", ""incremental_graph_n_compute_l_average"": ""16322.400"", ""n_seen_item_average"": ""38167.280"", ""n_vq_score_linear_scan_average"": ""70922.720"", ""refine_time_average(ms)"": ""1.982"", ""retrieval_time_average(ms)"": ""2.831"", ""retrieval_time_query_average(ms)"": ""63.420"", ""retrieval_time_query_p5(ms)"": ""38.298"", ""retrieval_time_query_p50(ms)"": ""68.867"", ""retrieval_time_query_p95(ms)"": ""91.669""}",profiling/igp_paper_cpu/chunks/igp_val_20260428T041716Z_nbit4_t32/val/hotpot/igp_hotpot_top10_val_chunk_003.json
igp_val_20260428T041716Z_nbit4_t32,val,hotpot,10,recall@10,50,2,200,368.45983787767136,368.45983787767136,70.99804,14.084895864730914,2.714,0.2886904546117126,173.19588923454285,0.5119999999999999,0.5,0.9,"{""decode_time_average(ms)"": ""12.637"", ""filter_time_average(ms)"": ""54.251"", ""incremental_graph_n_compute_l_average"": ""16322.400"", ""n_seen_item_average"": ""38167.280"", ""n_vq_score_linear_scan_average"": ""70922.720"", ""refine_time_average(ms)"": ""4.109"", ""retrieval_time_average(ms)"": ""2.714"", ""retrieval_time_query_average(ms)"": ""70.998"", ""retrieval_time_query_p5(ms)"": ""30.024"", ""retrieval_time_query_p50(ms)"": ""81.879"", ""retrieval_time_query_p95(ms)"": ""106.470""}",profiling/igp_paper_cpu/chunks/igp_val_20260428T041716Z_nbit4_t32/val/hotpot/igp_hotpot_top10_val_chunk_004.json
igp_val_20260428T041716Z_nbit4_t32,val,hotpot,10,recall@10,50,2,300,169.86580601324954,169.86580601324954,140.51494000000002,7.116680973567649,5.887,0.28614994086233375,174.73356747627258,0.5439999999999999,0.5,0.9,"{""decode_time_average(ms)"": ""81.471"", ""filter_time_average(ms)"": ""52.640"", ""incremental_graph_n_compute_l_average"": ""16322.400"", ""n_seen_item_average"": ""38167.280"", ""n_vq_score_linear_scan_average"": ""70922.720"", ""refine_time_average(ms)"": ""6.404"", ""retrieval_time_average(ms)"": ""5.887"", ""retrieval_time_query_average(ms)"": ""140.515"", ""retrieval_time_query_p5(ms)"": ""55.839"", ""retrieval_time_query_p50(ms)"": ""123.775"", ""retrieval_time_query_p95(ms)"": ""238.927""}",profiling/igp_paper_cpu/chunks/igp_val_20260428T041716Z_nbit4_t32/val/hotpot/igp_hotpot_top10_val_chunk_004.json
igp_val_20260428T041716Z_nbit4_t32,val,hotpot,10,recall@10,50,2,400,301.38637733574444,301.38637733574444,78.1159,12.801491117685389,3.318,0.3109998085688005,160.77180314064026,0.584,0.6,0.9549999999999997,"{""decode_time_average(ms)"": ""32.165"", ""filter_time_average(ms)"": ""37.583"", ""incremental_graph_n_compute_l_average"": ""16322.400"", ""n_seen_item_average"": ""38167.280"", ""n_vq_score_linear_scan_average"": ""70922.720"", ""refine_time_average(ms)"": ""8.368"", ""retrieval_time_average(ms)"": ""3.318"", ""retrieval_time_query_average(ms)"": ""78.116"", ""retrieval_time_query_p5(ms)"": ""40.320"", ""retrieval_time_query_p50(ms)"": ""89.161"", ""retrieval_time_query_p95(ms)"": ""105.768""}",profiling/igp_paper_cpu/chunks/igp_val_20260428T041716Z_nbit4_t32/val/hotpot/igp_hotpot_top10_val_chunk_004.json
igp_val_20260428T041716Z_nbit4_t32,val,hotpot,10,recall@10,50,2,600,255.16713447307987,255.16713447307987,103.38636000000002,9.672455824926999,3.919,0.3104984453002407,161.03140211105347,0.62,0.6,0.9549999999999997,"{""decode_time_average(ms)"": ""57.107"", ""filter_time_average(ms)"": ""33.876"", ""incremental_graph_n_compute_l_average"": ""16322.400"", ""n_seen_item_average"": ""38167.280"", ""n_vq_score_linear_scan_average"": ""70922.720"", ""refine_time_average(ms)"": ""12.403"", ""retrieval_time_average(ms)"": ""3.919"", ""retrieval_time_query_average(ms)"": ""103.386"", ""retrieval_time_query_p5(ms)"": ""40.218"", ""retrieval_time_query_p50(ms)"": ""109.668"", ""retrieval_time_query_p95(ms)"": ""152.360""}",profiling/igp_paper_cpu/chunks/igp_val_20260428T041716Z_nbit4_t32/val/hotpot/igp_hotpot_top10_val_chunk_004.json
igp_val_20260428T041716Z_nbit4_t32,val,hotpot,10,recall@10,50,4,10,520.5622071837585,520.5622071837585,41.467960000000005,24.1150034870295,1.921,0.31513448578071923,158.6624195575714,0.30400000000000005,0.3,0.6549999999999997,"{""decode_time_average(ms)"": ""1.326"", ""filter_time_average(ms)"": ""39.931"", ""incremental_graph_n_compute_l_average"": ""17673.680"", ""n_seen_item_average"": ""68797.680"", ""n_vq_score_linear_scan_average"": ""138236.900"", ""refine_time_average(ms)"": ""0.210"", ""retrieval_time_average(ms)"": ""1.921"", ""retrieval_time_query_average(ms)"": ""41.468"", ""retrieval_time_query_p5(ms)"": ""16.231"", ""retrieval_time_query_p50(ms)"": ""38.984"", ""retrieval_time_query_p95(ms)"": ""71.420""}",profiling/igp_paper_cpu/chunks/igp_val_20260428T041716Z_nbit4_t32/val/hotpot/igp_hotpot_top10_val_chunk_005.json
igp_val_20260428T041716Z_nbit4_t32,val,hotpot,10,recall@10,50,4,20,497.0178926441352,497.0178926441352,46.85838,21.340899962824153,2.012,0.3161345312979799,158.16051411628723,0.37800000000000006,0.3,0.7,"{""decode_time_average(ms)"": ""5.663"", ""filter_time_average(ms)"": ""40.795"", ""incremental_graph_n_compute_l_average"": ""17673.680"", ""n_seen_item_average"": ""68797.680"", ""n_vq_score_linear_scan_average"": ""138236.900"", ""refine_time_average(ms)"": ""0.400"", ""retrieval_time_average(ms)"": ""2.012"", ""retrieval_time_query_average(ms)"": ""46.858"", ""retrieval_time_query_p5(ms)"": ""22.249"", ""retrieval_time_query_p50(ms)"": ""50.663"", ""retrieval_time_query_p95(ms)"": ""72.311""}",profiling/igp_paper_cpu/chunks/igp_val_20260428T041716Z_nbit4_t32/val/hotpot/igp_hotpot_top10_val_chunk_005.json
igp_val_20260428T041716Z_nbit4_t32,val,hotpot,10,recall@10,50,4,50,574.3825387708214,574.3825387708214,39.59048,25.258597521424342,1.741,0.3163926950532477,158.03146147727966,0.4700000000000001,0.5,0.8,"{""decode_time_average(ms)"": ""4.402"", ""filter_time_average(ms)"": ""34.293"", ""incremental_graph_n_compute_l_average"": ""17673.680"", ""n_seen_item_average"": ""68797.680"", ""n_vq_score_linear_scan_average"": ""138236.900"", ""refine_time_average(ms)"": ""0.896"", ""retrieval_time_average(ms)"": ""1.741"", ""retrieval_time_query_average(ms)"": ""39.591"", ""retrieval_time_query_p5(ms)"": ""19.574"", ""retrieval_time_query_p50(ms)"": ""45.488"", ""retrieval_time_query_p95(ms)"": ""60.784""}",profiling/igp_paper_cpu/chunks/igp_val_20260428T041716Z_nbit4_t32/val/hotpot/igp_hotpot_top10_val_chunk_005.json
igp_val_20260428T041716Z_nbit4_t32,val,hotpot,10,recall@10,50,4,100,504.03225806451616,504.03225806451616,46.502759999999995,21.504099971700608,1.984,0.31583154361668464,158.31224274635315,0.5479999999999999,0.6,0.9549999999999997,"{""decode_time_average(ms)"": ""7.052"", ""filter_time_average(ms)"": ""37.678"", ""incremental_graph_n_compute_l_average"": ""17673.680"", ""n_seen_item_average"": ""68797.680"", ""n_vq_score_linear_scan_average"": ""138236.900"", ""refine_time_average(ms)"": ""1.772"", ""retrieval_time_average(ms)"": ""1.984"", ""retrieval_time_query_average(ms)"": ""46.503"", ""retrieval_time_query_p5(ms)"": ""23.645"", ""retrieval_time_query_p50(ms)"": ""52.010"", ""retrieval_time_query_p95(ms)"": ""70.187""}",profiling/igp_paper_cpu/chunks/igp_val_20260428T041716Z_nbit4_t32/val/hotpot/igp_hotpot_top10_val_chunk_005.json
igp_val_20260428T041716Z_nbit4_t32,val,hotpot,10,recall@10,50,4,200,326.6906239790918,326.6906239790918,72.47255999999999,13.798325876718032,3.061,0.2879574550944841,173.63676166534424,0.616,0.6499999999999999,0.9549999999999997,"{""decode_time_average(ms)"": ""10.300"", ""filter_time_average(ms)"": ""58.376"", ""incremental_graph_n_compute_l_average"": ""17673.680"", ""n_seen_item_average"": ""68797.680"", ""n_vq_score_linear_scan_average"": ""138236.900"", ""refine_time_average(ms)"": ""3.797"", ""retrieval_time_average(ms)"": ""3.061"", ""retrieval_time_query_average(ms)"": ""72.473"", ""retrieval_time_query_p5(ms)"": ""29.044"", ""retrieval_time_query_p50(ms)"": ""81.169"", ""retrieval_time_query_p95(ms)"": ""105.300""}",profiling/igp_paper_cpu/chunks/igp_val_20260428T041716Z_nbit4_t32/val/hotpot/igp_hotpot_top10_val_chunk_006.json
igp_val_20260428T041716Z_nbit4_t32,val,hotpot,10,recall@10,50,4,300,162.3640201331385,162.3640201331385,128.60096,7.77599171887986,6.159,0.28537999095077604,175.20499539375305,0.648,0.7,1.0,"{""decode_time_average(ms)"": ""57.418"", ""filter_time_average(ms)"": ""65.731"", ""incremental_graph_n_compute_l_average"": ""17673.680"", ""n_seen_item_average"": ""68797.680"", ""n_vq_score_linear_scan_average"": ""138236.900"", ""refine_time_average(ms)"": ""5.452"", ""retrieval_time_average(ms)"": ""6.159"", ""retrieval_time_query_average(ms)"": ""128.601"", ""retrieval_time_query_p5(ms)"": ""55.191"", ""retrieval_time_query_p50(ms)"": ""86.810"", ""retrieval_time_query_p95(ms)"": ""236.382""}",profiling/igp_paper_cpu/chunks/igp_val_20260428T041716Z_nbit4_t32/val/hotpot/igp_hotpot_top10_val_chunk_006.json
igp_val_20260428T041716Z_nbit4_t32,val,hotpot,10,recall@10,50,4,400,257.201646090535,257.201646090535,83.79628000000001,11.933703978267292,3.888,0.313500940285165,159.48915481567383,0.67,0.7,1.0,"{""decode_time_average(ms)"": ""31.219"", ""filter_time_average(ms)"": ""44.945"", ""incremental_graph_n_compute_l_average"": ""17673.680"", ""n_seen_item_average"": ""68797.680"", ""n_vq_score_linear_scan_average"": ""138236.900"", ""refine_time_average(ms)"": ""7.631"", ""retrieval_time_average(ms)"": ""3.888"", ""retrieval_time_query_average(ms)"": ""83.796"", ""retrieval_time_query_p5(ms)"": ""45.684"", ""retrieval_time_query_p50(ms)"": ""88.090"", ""retrieval_time_query_p95(ms)"": ""119.584""}",profiling/igp_paper_cpu/chunks/igp_val_20260428T041716Z_nbit4_t32/val/hotpot/igp_hotpot_top10_val_chunk_006.json
igp_val_20260428T041716Z_nbit4_t32,val,hotpot,10,recall@10,50,4,600,236.3507445048452,236.3507445048452,111.73441999999999,8.949793626708763,4.231,0.31308298522232997,159.7020673751831,0.722,0.75,1.0,"{""decode_time_average(ms)"": ""54.996"", ""filter_time_average(ms)"": ""44.197"", ""incremental_graph_n_compute_l_average"": ""17673.680"", ""n_seen_item_average"": ""68797.680"", ""n_vq_score_linear_scan_average"": ""138236.900"", ""refine_time_average(ms)"": ""12.541"", ""retrieval_time_average(ms)"": ""4.231"", ""retrieval_time_query_average(ms)"": ""111.734"", ""retrieval_time_query_p5(ms)"": ""45.166"", ""retrieval_time_query_p50(ms)"": ""107.299"", ""retrieval_time_query_p95(ms)"": ""168.238""}",profiling/igp_paper_cpu/chunks/igp_val_20260428T041716Z_nbit4_t32/val/hotpot/igp_hotpot_top10_val_chunk_006.json
igp_val_20260428T041716Z_nbit4_t32,val,hotpot,10,recall@10,50,8,10,301.84123151222457,301.84123151222457,70.04226,14.277094999504586,3.313,0.28949125294831063,172.71679019927979,0.32800000000000007,0.3,0.6549999999999997,"{""decode_time_average(ms)"": ""1.203"", ""filter_time_average(ms)"": ""68.512"", ""incremental_graph_n_compute_l_average"": ""20080.420"", ""n_seen_item_average"": ""123263.500"", ""n_vq_score_linear_scan_average"": ""269926.000"", ""refine_time_average(ms)"": ""0.328"", ""retrieval_time_average(ms)"": ""3.313"", ""retrieval_time_query_average(ms)"": ""70.042"", ""retrieval_time_query_p5(ms)"": ""30.439"", ""retrieval_time_query_p50(ms)"": ""64.199"", ""retrieval_time_query_p95(ms)"": ""106.856""}",profiling/igp_paper_cpu/chunks/igp_val_20260428T041716Z_nbit4_t32/val/hotpot/igp_hotpot_top10_val_chunk_007.json
igp_val_20260428T041716Z_nbit4_t32,val,hotpot,10,recall@10,50,8,20,263.5740643120717,263.5740643120717,85.90281999999999,11.641061376099179,3.794,0.28615358959676956,174.73133945465088,0.3940000000000001,0.4,0.7,"{""decode_time_average(ms)"": ""6.930"", ""filter_time_average(ms)"": ""78.557"", ""incremental_graph_n_compute_l_average"": ""20080.420"", ""n_seen_item_average"": ""123263.500"", ""n_vq_score_linear_scan_average"": ""269926.000"", ""refine_time_average(ms)"": ""0.416"", ""retrieval_time_average(ms)"": ""3.794"", ""retrieval_time_query_average(ms)"": ""85.903"", ""retrieval_time_query_p5(ms)"": ""43.229"", ""retrieval_time_query_p50(ms)"": ""75.292"", ""retrieval_time_query_p95(ms)"": ""136.532""}",profiling/igp_paper_cpu/chunks/igp_val_20260428T041716Z_nbit4_t32/val/hotpot/igp_hotpot_top10_val_chunk_007.json
igp_val_20260428T041716Z_nbit4_t32,val,hotpot,10,recall@10,50,8,50,309.88534242330337,309.88534242330337,76.4489,13.080632945666975,3.227,0.3012328137392208,165.98457312583923,0.5060000000000001,0.5,0.8,"{""decode_time_average(ms)"": ""12.934"", ""filter_time_average(ms)"": ""62.498"", ""incremental_graph_n_compute_l_average"": ""20080.420"", ""n_seen_item_average"": ""123263.500"", ""n_vq_score_linear_scan_average"": ""269926.000"", ""refine_time_average(ms)"": ""1.016"", ""retrieval_time_average(ms)"": ""3.227"", ""retrieval_time_query_average(ms)"": ""76.449"", ""retrieval_time_query_p5(ms)"": ""45.719"", ""retrieval_time_query_p50(ms)"": ""77.454"", ""retrieval_time_query_p95(ms)"": ""104.351""}",profiling/igp_paper_cpu/chunks/igp_val_20260428T041716Z_nbit4_t32/val/hotpot/igp_hotpot_top10_val_chunk_007.json
igp_val_20260428T041716Z_nbit4_t32,val,hotpot,10,recall@10,50,8,100,224.7191011235955,224.7191011235955,92.12286,10.855068980706852,4.45,0.30807202660262545,162.29970812797546,0.604,0.6,0.9549999999999997,"{""decode_time_average(ms)"": ""19.508"", ""filter_time_average(ms)"": ""70.553"", ""incremental_graph_n_compute_l_average"": ""20080.420"", ""n_seen_item_average"": ""123263.500"", ""n_vq_score_linear_scan_average"": ""269926.000"", ""refine_time_average(ms)"": ""2.062"", ""retrieval_time_average(ms)"": ""4.450"", ""retrieval_time_query_average(ms)"": ""92.123"", ""retrieval_time_query_p5(ms)"": ""62.288"", ""retrieval_time_query_p50(ms)"": ""96.434"", ""retrieval_time_query_p95(ms)"": ""118.537""}",profiling/igp_paper_cpu/chunks/igp_val_20260428T041716Z_nbit4_t32/val/hotpot/igp_hotpot_top10_val_chunk_007.json
igp_val_20260428T041716Z_nbit4_t32,val,hotpot,10,recall@10,50,8,200,375.7985719654265,375.7985719654265,56.78728,17.60957735605579,2.661,0.3177000318139053,157.38116145133972,0.67,0.7,1.0,"{""decode_time_average(ms)"": ""7.953"", ""filter_time_average(ms)"": ""44.963"", ""incremental_graph_n_compute_l_average"": ""20080.420"", ""n_seen_item_average"": ""123263.500"", ""n_vq_score_linear_scan_average"": ""269926.000"", ""refine_time_average(ms)"": ""3.871"", ""retrieval_time_average(ms)"": ""2.661"", ""retrieval_time_query_average(ms)"": ""56.787"", ""retrieval_time_query_p5(ms)"": ""38.372"", ""retrieval_time_query_p50(ms)"": ""57.842"", ""retrieval_time_query_p95(ms)"": ""74.085""}",profiling/igp_paper_cpu/chunks/igp_val_20260428T041716Z_nbit4_t32/val/hotpot/igp_hotpot_top10_val_chunk_008.json
igp_val_20260428T041716Z_nbit4_t32,val,hotpot,10,recall@10,50,8,300,139.19821826280622,139.19821826280622,144.04250000000002,6.94239547355815,7.184,0.3175969513423474,157.43224167823792,0.714,0.7,1.0,"{""decode_time_average(ms)"": ""69.069"", ""filter_time_average(ms)"": ""69.227"", ""incremental_graph_n_compute_l_average"": ""20080.420"", ""n_seen_item_average"": ""123263.500"", ""n_vq_score_linear_scan_average"": ""269926.000"", ""refine_time_average(ms)"": ""5.746"", ""retrieval_time_average(ms)"": ""7.184"", ""retrieval_time_query_average(ms)"": ""144.042"", ""retrieval_time_query_p5(ms)"": ""57.508"", ""retrieval_time_query_p50(ms)"": ""118.764"", ""retrieval_time_query_p95(ms)"": ""250.419""}",profiling/igp_paper_cpu/chunks/igp_val_20260428T041716Z_nbit4_t32/val/hotpot/igp_hotpot_top10_val_chunk_008.json
igp_val_20260428T041716Z_nbit4_t32,val,hotpot,10,recall@10,50,8,400,278.164116828929,278.164116828929,82.15178,12.172590782573426,3.595,0.3183634150128357,157.05322170257568,0.75,0.8,1.0,"{""decode_time_average(ms)"": ""25.516"", ""filter_time_average(ms)"": ""48.606"", ""incremental_graph_n_compute_l_average"": ""20080.420"", ""n_seen_item_average"": ""123263.500"", ""n_vq_score_linear_scan_average"": ""269926.000"", ""refine_time_average(ms)"": ""8.029"", ""retrieval_time_average(ms)"": ""3.595"", ""retrieval_time_query_average(ms)"": ""82.152"", ""retrieval_time_query_p5(ms)"": ""50.007"", ""retrieval_time_query_p50(ms)"": ""78.348"", ""retrieval_time_query_p95(ms)"": ""113.993""}",profiling/igp_paper_cpu/chunks/igp_val_20260428T041716Z_nbit4_t32/val/hotpot/igp_hotpot_top10_val_chunk_008.json
igp_val_20260428T041716Z_nbit4_t32,val,hotpot,10,recall@10,50,8,600,219.53896816684963,219.53896816684963,113.86385999999999,8.78241788044073,4.555,0.31789681107396667,157.28374195098877,0.774,0.8,1.0,"{""decode_time_average(ms)"": ""50.149"", ""filter_time_average(ms)"": ""51.189"", ""incremental_graph_n_compute_l_average"": ""20080.420"", ""n_seen_item_average"": ""123263.500"", ""n_vq_score_linear_scan_average"": ""269926.000"", ""refine_time_average(ms)"": ""12.525"", ""retrieval_time_average(ms)"": ""4.555"", ""retrieval_time_query_average(ms)"": ""113.864"", ""retrieval_time_query_p5(ms)"": ""60.933"", ""retrieval_time_query_p50(ms)"": ""115.848"", ""retrieval_time_query_p95(ms)"": ""164.889""}",profiling/igp_paper_cpu/chunks/igp_val_20260428T041716Z_nbit4_t32/val/hotpot/igp_hotpot_top10_val_chunk_008.json
igp_val_20260428T041716Z_nbit4_t32,val,hotpot,10,recall@10,50,16,10,228.72827081427266,228.72827081427266,99.44738,10.055569085882404,4.372,0.30082901635774706,166.2073712348938,0.344,0.35,0.7,"{""decode_time_average(ms)"": ""0.684"", ""filter_time_average(ms)"": ""98.556"", ""incremental_graph_n_compute_l_average"": ""24702.820"", ""n_seen_item_average"": ""217983.840"", ""n_vq_score_linear_scan_average"": ""524843.500"", ""refine_time_average(ms)"": ""0.208"", ""retrieval_time_average(ms)"": ""4.372"", ""retrieval_time_query_average(ms)"": ""99.447"", ""retrieval_time_query_p5(ms)"": ""53.261"", ""retrieval_time_query_p50(ms)"": ""100.441"", ""retrieval_time_query_p95(ms)"": ""134.850""}",profiling/igp_paper_cpu/chunks/igp_val_20260428T041716Z_nbit4_t32/val/hotpot/igp_hotpot_top10_val_chunk_009.json
igp_val_20260428T041716Z_nbit4_t32,val,hotpot,10,recall@10,50,16,20,206.48358455502787,206.48358455502787,114.91998,8.701707048678568,4.843,0.30117122370732596,166.01851725578308,0.42999999999999994,0.4,0.7549999999999997,"{""decode_time_average(ms)"": ""8.695"", ""filter_time_average(ms)"": ""105.817"", ""incremental_graph_n_compute_l_average"": ""24702.820"", ""n_seen_item_average"": ""217983.840"", ""n_vq_score_linear_scan_average"": ""524843.500"", ""refine_time_average(ms)"": ""0.407"", ""retrieval_time_average(ms)"": ""4.843"", ""retrieval_time_query_average(ms)"": ""114.920"", ""retrieval_time_query_p5(ms)"": ""74.800"", ""retrieval_time_query_p50(ms)"": ""114.594"", ""retrieval_time_query_p95(ms)"": ""158.074""}",profiling/igp_paper_cpu/chunks/igp_val_20260428T041716Z_nbit4_t32/val/hotpot/igp_hotpot_top10_val_chunk_009.json
igp_val_20260428T041716Z_nbit4_t32,val,hotpot,10,recall@10,50,16,50,169.664065151001,169.664065151001,129.32542,7.732431876115307,5.894,0.3115140601097842,160.5063989162445,0.5479999999999999,0.55,0.8549999999999998,"{""decode_time_average(ms)"": ""14.068"", ""filter_time_average(ms)"": ""114.265"", ""incremental_graph_n_compute_l_average"": ""24702.820"", ""n_seen_item_average"": ""217983.840"", ""n_vq_score_linear_scan_average"": ""524843.500"", ""refine_time_average(ms)"": ""0.992"", ""retrieval_time_average(ms)"": ""5.894"", ""retrieval_time_query_average(ms)"": ""129.325"", ""retrieval_time_query_p5(ms)"": ""84.969"", ""retrieval_time_query_p50(ms)"": ""129.012"", ""retrieval_time_query_p95(ms)"": ""179.906""}",profiling/igp_paper_cpu/chunks/igp_val_20260428T041716Z_nbit4_t32/val/hotpot/igp_hotpot_top10_val_chunk_009.json
igp_val_20260428T041716Z_nbit4_t32,val,hotpot,10,recall@10,50,16,100,187.82870022539444,187.82870022539444,127.19427999999999,7.861988762387743,5.324,0.3136720661954985,159.40214443206787,0.6300000000000001,0.6499999999999999,0.9,"{""decode_time_average(ms)"": ""20.246"", ""filter_time_average(ms)"": ""105.052"", ""incremental_graph_n_compute_l_average"": ""24702.820"", ""n_seen_item_average"": ""217983.840"", ""n_vq_score_linear_scan_average"": ""524843.500"", ""refine_time_average(ms)"": ""1.895"", ""retrieval_time_average(ms)"": ""5.324"", ""retrieval_time_query_average(ms)"": ""127.194"", ""retrieval_time_query_p5(ms)"": ""82.797"", ""retrieval_time_query_p50(ms)"": ""131.803"", ""retrieval_time_query_p95(ms)"": ""170.288""}",profiling/igp_paper_cpu/chunks/igp_val_20260428T041716Z_nbit4_t32/val/hotpot/igp_hotpot_top10_val_chunk_009.json
igp_val_20260428T041716Z_nbit4_t32,val,hotpot,10,recall@10,50,16,200,170.85255424568598,170.85255424568598,127.74666,7.827993311136275,5.853,0.2873737117137449,173.98947072029114,0.722,0.8,1.0,"{""decode_time_average(ms)"": ""7.123"", ""filter_time_average(ms)"": ""117.070"", ""incremental_graph_n_compute_l_average"": ""24702.820"", ""n_seen_item_average"": ""217983.840"", ""n_vq_score_linear_scan_average"": ""524843.500"", ""refine_time_average(ms)"": ""3.553"", ""retrieval_time_average(ms)"": ""5.853"", ""retrieval_time_query_average(ms)"": ""127.747"", ""retrieval_time_query_p5(ms)"": ""73.205"", ""retrieval_time_query_p50(ms)"": ""119.552"", ""retrieval_time_query_p95(ms)"": ""181.529""}",profiling/igp_paper_cpu/chunks/igp_val_20260428T041716Z_nbit4_t32/val/hotpot/igp_hotpot_top10_val_chunk_010.json
igp_val_20260428T041716Z_nbit4_t32,val,hotpot,10,recall@10,50,16,300,112.99435028248588,112.99435028248588,229.46199999999996,4.358020064324377,8.85,0.2862773201541117,174.65581965446472,0.7499999999999999,0.8,1.0,"{""decode_time_average(ms)"": ""82.632"", ""filter_time_average(ms)"": ""140.249"", ""incremental_graph_n_compute_l_average"": ""24702.820"", ""n_seen_item_average"": ""217983.840"", ""n_vq_score_linear_scan_average"": ""524843.500"", ""refine_time_average(ms)"": ""6.581"", ""retrieval_time_average(ms)"": ""8.850"", ""retrieval_time_query_average(ms)"": ""229.462"", ""retrieval_time_query_p5(ms)"": ""105.737"", ""retrieval_time_query_p50(ms)"": ""237.698"", ""retrieval_time_query_p95(ms)"": ""319.750""}",profiling/igp_paper_cpu/chunks/igp_val_20260428T041716Z_nbit4_t32/val/hotpot/igp_hotpot_top10_val_chunk_010.json
igp_val_20260428T041716Z_nbit4_t32,val,hotpot,10,recall@10,50,16,400,151.88335358444715,151.88335358444715,139.75467999999998,7.1553954400668385,6.584,0.311969623138496,160.27201461791992,0.772,0.8,1.0,"{""decode_time_average(ms)"": ""21.707"", ""filter_time_average(ms)"": ""110.636"", ""incremental_graph_n_compute_l_average"": ""24702.820"", ""n_seen_item_average"": ""217983.840"", ""n_vq_score_linear_scan_average"": ""524843.500"", ""refine_time_average(ms)"": ""7.411"", ""retrieval_time_average(ms)"": ""6.584"", ""retrieval_time_query_average(ms)"": ""139.755"", ""retrieval_time_query_p5(ms)"": ""87.766"", ""retrieval_time_query_p50(ms)"": ""133.875"", ""retrieval_time_query_p95(ms)"": ""212.000""}",profiling/igp_paper_cpu/chunks/igp_val_20260428T041716Z_nbit4_t32/val/hotpot/igp_hotpot_top10_val_chunk_010.json
igp_val_20260428T041716Z_nbit4_t32,val,hotpot,10,recall@10,50,16,600,142.47043738424276,142.47043738424276,143.07518,6.9893324614374075,7.019,0.3108187726688308,160.8654444217682,0.8,0.8,1.0,"{""decode_time_average(ms)"": ""28.267"", ""filter_time_average(ms)"": ""103.502"", ""incremental_graph_n_compute_l_average"": ""24702.820"", ""n_seen_item_average"": ""217983.840"", ""n_vq_score_linear_scan_average"": ""524843.500"", ""refine_time_average(ms)"": ""11.305"", ""retrieval_time_average(ms)"": ""7.019"", ""retrieval_time_query_average(ms)"": ""143.075"", ""retrieval_time_query_p5(ms)"": ""93.137"", ""retrieval_time_query_p50(ms)"": ""141.429"", ""retrieval_time_query_p95(ms)"": ""201.192""}",profiling/igp_paper_cpu/chunks/igp_val_20260428T041716Z_nbit4_t32/val/hotpot/igp_hotpot_top10_val_chunk_010.json
igp_val_20260428T041716Z_nbit4_t32,val,hotpot,10,recall@10,50,32,10,116.48223645894,116.48223645894,186.87648,5.351128189058356,8.585,0.2864864308023666,174.52833580970764,0.34800000000000003,0.3,0.6,"{""decode_time_average(ms)"": ""0.890"", ""filter_time_average(ms)"": ""185.756"", ""incremental_graph_n_compute_l_average"": ""33490.460"", ""n_seen_item_average"": ""383880.560"", ""n_vq_score_linear_scan_average"": ""1019530.000"", ""refine_time_average(ms)"": ""0.231"", ""retrieval_time_average(ms)"": ""8.585"", ""retrieval_time_query_average(ms)"": ""186.877"", ""retrieval_time_query_p5(ms)"": ""101.418"", ""retrieval_time_query_p50(ms)"": ""188.630"", ""retrieval_time_query_p95(ms)"": ""255.156""}",profiling/igp_paper_cpu/chunks/igp_val_20260428T041716Z_nbit4_t32/val/hotpot/igp_hotpot_top10_val_chunk_011.json
igp_val_20260428T041716Z_nbit4_t32,val,hotpot,10,recall@10,50,32,20,111.27183709803049,111.27183709803049,211.76378,4.722242868917433,8.987,0.2854163947332344,175.18264865875244,0.452,0.4,0.8,"{""decode_time_average(ms)"": ""8.706"", ""filter_time_average(ms)"": ""202.604"", ""incremental_graph_n_compute_l_average"": ""33490.460"", ""n_seen_item_average"": ""383880.560"", ""n_vq_score_linear_scan_average"": ""1019530.000"", ""refine_time_average(ms)"": ""0.453"", ""retrieval_time_average(ms)"": ""8.987"", ""retrieval_time_query_average(ms)"": ""211.764"", ""retrieval_time_query_p5(ms)"": ""129.131"", ""retrieval_time_query_p50(ms)"": ""211.278"", ""retrieval_time_query_p95(ms)"": ""271.479""}",profiling/igp_paper_cpu/chunks/igp_val_20260428T041716Z_nbit4_t32/val/hotpot/igp_hotpot_top10_val_chunk_011.json
igp_val_20260428T041716Z_nbit4_t32,val,hotpot,10,recall@10,50,32,50,97.07795359673818,97.07795359673818,210.52374000000003,4.7500581169610605,10.301,0.3066096618714096,163.07379126548767,0.576,0.6,0.9,"{""decode_time_average(ms)"": ""11.534"", ""filter_time_average(ms)"": ""197.919"", ""incremental_graph_n_compute_l_average"": ""33490.460"", ""n_seen_item_average"": ""383880.560"", ""n_vq_score_linear_scan_average"": ""1019530.000"", ""refine_time_average(ms)"": ""1.070"", ""retrieval_time_average(ms)"": ""10.301"", ""retrieval_time_query_average(ms)"": ""210.524"", ""retrieval_time_query_p5(ms)"": ""141.313"", ""retrieval_time_query_p50(ms)"": ""215.916"", ""retrieval_time_query_p95(ms)"": ""286.987""}",profiling/igp_paper_cpu/chunks/igp_val_20260428T041716Z_nbit4_t32/val/hotpot/igp_hotpot_top10_val_chunk_011.json
igp_val_20260428T041716Z_nbit4_t32,val,hotpot,10,recall@10,50,32,100,98.23182711198429,98.23182711198429,207.06646,4.829367344185051,10.18,0.31023395477403765,161.1686897277832,0.6539999999999999,0.7,1.0,"{""decode_time_average(ms)"": ""9.430"", ""filter_time_average(ms)"": ""195.605"", ""incremental_graph_n_compute_l_average"": ""33490.460"", ""n_seen_item_average"": ""383880.560"", ""n_vq_score_linear_scan_average"": ""1019530.000"", ""refine_time_average(ms)"": ""2.032"", ""retrieval_time_average(ms)"": ""10.180"", ""retrieval_time_query_average(ms)"": ""207.066"", ""retrieval_time_query_p5(ms)"": ""137.138"", ""retrieval_time_query_p50(ms)"": ""205.561"", ""retrieval_time_query_p95(ms)"": ""300.499""}",profiling/igp_paper_cpu/chunks/igp_val_20260428T041716Z_nbit4_t32/val/hotpot/igp_hotpot_top10_val_chunk_011.json
igp_val_20260428T041716Z_nbit4_t32,val,hotpot,10,recall@10,50,32,200,105.26315789473684,105.26315789473684,200.04898,4.998775799806627,9.5,0.2914078854258016,171.58080649375916,0.7439999999999999,0.8,1.0,"{""decode_time_average(ms)"": ""6.772"", ""filter_time_average(ms)"": ""189.470"", ""incremental_graph_n_compute_l_average"": ""33490.460"", ""n_seen_item_average"": ""383880.560"", ""n_vq_score_linear_scan_average"": ""1019530.000"", ""refine_time_average(ms)"": ""3.807"", ""retrieval_time_average(ms)"": ""9.500"", ""retrieval_time_query_average(ms)"": ""200.049"", ""retrieval_time_query_p5(ms)"": ""118.955"", ""retrieval_time_query_p50(ms)"": ""192.392"", ""retrieval_time_query_p95(ms)"": ""285.714""}",profiling/igp_paper_cpu/chunks/igp_val_20260428T041716Z_nbit4_t32/val/hotpot/igp_hotpot_top10_val_chunk_012.json
igp_val_20260428T041716Z_nbit4_t32,val,hotpot,10,recall@10,50,32,300,92.4129008409574,92.4129008409574,233.45219999999998,4.283532132059583,10.821,0.28968011269582306,172.60418581962585,0.7839999999999999,0.9,1.0,"{""decode_time_average(ms)"": ""27.783"", ""filter_time_average(ms)"": ""199.675"", ""incremental_graph_n_compute_l_average"": ""33490.460"", ""n_seen_item_average"": ""383880.560"", ""n_vq_score_linear_scan_average"": ""1019530.000"", ""refine_time_average(ms)"": ""5.994"", ""retrieval_time_average(ms)"": ""10.821"", ""retrieval_time_query_average(ms)"": ""233.452"", ""retrieval_time_query_p5(ms)"": ""168.973"", ""retrieval_time_query_p50(ms)"": ""217.019"", ""retrieval_time_query_p95(ms)"": ""310.814""}",profiling/igp_paper_cpu/chunks/igp_val_20260428T041716Z_nbit4_t32/val/hotpot/igp_hotpot_top10_val_chunk_012.json
igp_val_20260428T041716Z_nbit4_t32,val,hotpot,10,recall@10,50,32,400,108.50694444444446,108.50694444444446,208.46900000000002,4.79687627417026,9.216,0.30715099231945303,162.786386013031,0.7979999999999999,0.9,1.0,"{""decode_time_average(ms)"": ""22.880"", ""filter_time_average(ms)"": ""177.669"", ""incremental_graph_n_compute_l_average"": ""33490.460"", ""n_seen_item_average"": ""383880.560"", ""n_vq_score_linear_scan_average"": ""1019530.000"", ""refine_time_average(ms)"": ""7.920"", ""retrieval_time_average(ms)"": ""9.216"", ""retrieval_time_query_average(ms)"": ""208.469"", ""retrieval_time_query_p5(ms)"": ""125.647"", ""retrieval_time_query_p50(ms)"": ""216.348"", ""retrieval_time_query_p95(ms)"": ""273.280""}",profiling/igp_paper_cpu/chunks/igp_val_20260428T041716Z_nbit4_t32/val/hotpot/igp_hotpot_top10_val_chunk_012.json
igp_val_20260428T041716Z_nbit4_t32,val,hotpot,10,recall@10,50,32,600,101.41987829614605,101.41987829614605,213.84884,4.676200254347885,9.86,0.3068206342635047,162.96166038513184,0.8420000000000001,0.9,1.0,"{""decode_time_average(ms)"": ""24.148"", ""filter_time_average(ms)"": ""177.906"", ""incremental_graph_n_compute_l_average"": ""33490.460"", ""n_seen_item_average"": ""383880.560"", ""n_vq_score_linear_scan_average"": ""1019530.000"", ""refine_time_average(ms)"": ""11.795"", ""retrieval_time_average(ms)"": ""9.860"", ""retrieval_time_query_average(ms)"": ""213.849"", ""retrieval_time_query_p5(ms)"": ""138.432"", ""retrieval_time_query_p50(ms)"": ""213.846"", ""retrieval_time_query_p95(ms)"": ""285.938""}",profiling/igp_paper_cpu/chunks/igp_val_20260428T041716Z_nbit4_t32/val/hotpot/igp_hotpot_top10_val_chunk_012.json
igp_val_20260428T041716Z_nbit4_t32,val,hotpot,10,recall@10,50,64,10,59.78715771852207,59.78715771852207,357.6840399999999,2.7957635459496606,16.726,0.28734584002528635,174.00634717941284,0.34,0.3,0.7,"{""decode_time_average(ms)"": ""0.814"", ""filter_time_average(ms)"": ""356.640"", ""incremental_graph_n_compute_l_average"": ""50347.640"", ""n_seen_item_average"": ""667497.860"", ""n_vq_score_linear_scan_average"": ""1992297.800"", ""refine_time_average(ms)"": ""0.230"", ""retrieval_time_average(ms)"": ""16.726"", ""retrieval_time_query_average(ms)"": ""357.684"", ""retrieval_time_query_p5(ms)"": ""215.651"", ""retrieval_time_query_p50(ms)"": ""359.268"", ""retrieval_time_query_p95(ms)"": ""513.497""}",profiling/igp_paper_cpu/chunks/igp_val_20260428T041716Z_nbit4_t32/val/hotpot/igp_hotpot_top10_val_chunk_013.json
igp_val_20260428T041716Z_nbit4_t32,val,hotpot,10,recall@10,50,64,20,60.222824450466724,60.222824450466724,354.75476,2.8188487167867744,16.605,0.28641217744942854,174.57358288764954,0.43999999999999995,0.4,0.7549999999999997,"{""decode_time_average(ms)"": ""8.110"", ""filter_time_average(ms)"": ""346.189"", ""incremental_graph_n_compute_l_average"": ""50347.640"", ""n_seen_item_average"": ""667497.860"", ""n_vq_score_linear_scan_average"": ""1992297.800"", ""refine_time_average(ms)"": ""0.455"", ""retrieval_time_average(ms)"": ""16.605"", ""retrieval_time_query_average(ms)"": ""354.755"", ""retrieval_time_query_p5(ms)"": ""240.151"", ""retrieval_time_query_p50(ms)"": ""359.708"", ""retrieval_time_query_p95(ms)"": ""483.138""}",profiling/igp_paper_cpu/chunks/igp_val_20260428T041716Z_nbit4_t32/val/hotpot/igp_hotpot_top10_val_chunk_013.json
igp_val_20260428T041716Z_nbit4_t32,val,hotpot,10,recall@10,50,64,50,61.70934896636841,61.70934896636841,346.8770999999999,2.8828654298597405,16.205,0.3049136871980797,163.9808316230774,0.586,0.6,0.9,"{""decode_time_average(ms)"": ""10.988"", ""filter_time_average(ms)"": ""334.850"", ""incremental_graph_n_compute_l_average"": ""50347.640"", ""n_seen_item_average"": ""667497.860"", ""n_vq_score_linear_scan_average"": ""1992297.800"", ""refine_time_average(ms)"": ""1.038"", ""retrieval_time_average(ms)"": ""16.205"", ""retrieval_time_query_average(ms)"": ""346.877"", ""retrieval_time_query_p5(ms)"": ""217.282"", ""retrieval_time_query_p50(ms)"": ""344.517"", ""retrieval_time_query_p95(ms)"": ""475.230""}",profiling/igp_paper_cpu/chunks/igp_val_20260428T041716Z_nbit4_t32/val/hotpot/igp_hotpot_top10_val_chunk_013.json
igp_val_20260428T041716Z_nbit4_t32,val,hotpot,10,recall@10,50,64,100,55.77244841048522,55.77244841048522,370.05892,2.7022723840841345,17.93,0.3098829381838202,161.35125184059143,0.6839999999999999,0.7,1.0,"{""decode_time_average(ms)"": ""16.167"", ""filter_time_average(ms)"": ""351.841"", ""incremental_graph_n_compute_l_average"": ""50347.640"", ""n_seen_item_average"": ""667497.860"", ""n_vq_score_linear_scan_average"": ""1992297.800"", ""refine_time_average(ms)"": ""2.051"", ""retrieval_time_average(ms)"": ""17.930"", ""retrieval_time_query_average(ms)"": ""370.059"", ""retrieval_time_query_p5(ms)"": ""251.190"", ""retrieval_time_query_p50(ms)"": ""376.263"", ""retrieval_time_query_p95(ms)"": ""523.303""}",profiling/igp_paper_cpu/chunks/igp_val_20260428T041716Z_nbit4_t32/val/hotpot/igp_hotpot_top10_val_chunk_013.json
igp_val_20260428T041716Z_nbit4_t32,val,hotpot,10,recall@10,50,64,200,79.90411506192568,79.90411506192568,303.65144000000004,3.293249654933301,12.515,0.313195833422174,159.64452481269836,0.772,0.8,1.0,"{""decode_time_average(ms)"": ""18.426"", ""filter_time_average(ms)"": ""281.114"", ""incremental_graph_n_compute_l_average"": ""50347.640"", ""n_seen_item_average"": ""667497.860"", ""n_vq_score_linear_scan_average"": ""1992297.800"", ""refine_time_average(ms)"": ""4.111"", ""retrieval_time_average(ms)"": ""12.515"", ""retrieval_time_query_average(ms)"": ""303.651"", ""retrieval_time_query_p5(ms)"": ""204.226"", ""retrieval_time_query_p50(ms)"": ""326.767"", ""retrieval_time_query_p95(ms)"": ""397.693""}",profiling/igp_paper_cpu/chunks/igp_val_20260428T041716Z_nbit4_t32/val/hotpot/igp_hotpot_top10_val_chunk_014.json
igp_val_20260428T041716Z_nbit4_t32,val,hotpot,10,recall@10,50,64,300,85.39709649871904,85.39709649871904,263.8641,3.789829688843613,11.71,0.3132237677842645,159.63028717041016,0.79,0.8,1.0,"{""decode_time_average(ms)"": ""10.401"", ""filter_time_average(ms)"": ""247.936"", ""incremental_graph_n_compute_l_average"": ""50347.640"", ""n_seen_item_average"": ""667497.860"", ""n_vq_score_linear_scan_average"": ""1992297.800"", ""refine_time_average(ms)"": ""5.527"", ""retrieval_time_average(ms)"": ""11.710"", ""retrieval_time_query_average(ms)"": ""263.864"", ""retrieval_time_query_p5(ms)"": ""190.190"", ""retrieval_time_query_p50(ms)"": ""257.191"", ""retrieval_time_query_p95(ms)"": ""349.709""}",profiling/igp_paper_cpu/chunks/igp_val_20260428T041716Z_nbit4_t32/val/hotpot/igp_hotpot_top10_val_chunk_014.json
igp_val_20260428T041716Z_nbit4_t32,val,hotpot,10,recall@10,50,64,400,92.70418095856122,92.70418095856122,253.94862,3.9378044267379755,10.787,0.3140577048506011,159.20641088485718,0.7999999999999998,0.8,1.0,"{""decode_time_average(ms)"": ""15.114"", ""filter_time_average(ms)"": ""231.323"", ""incremental_graph_n_compute_l_average"": ""50347.640"", ""n_seen_item_average"": ""667497.860"", ""n_vq_score_linear_scan_average"": ""1992297.800"", ""refine_time_average(ms)"": ""7.511"", ""retrieval_time_average(ms)"": ""10.787"", ""retrieval_time_query_average(ms)"": ""253.949"", ""retrieval_time_query_p5(ms)"": ""177.512"", ""retrieval_time_query_p50(ms)"": ""251.587"", ""retrieval_time_query_p95(ms)"": ""331.512""}",profiling/igp_paper_cpu/chunks/igp_val_20260428T041716Z_nbit4_t32/val/hotpot/igp_hotpot_top10_val_chunk_014.json
igp_val_20260428T041716Z_nbit4_t32,val,hotpot,10,recall@10,50,64,600,86.37070305752289,86.37070305752289,270.53904,3.696324197794152,11.578,0.31377032282936906,159.35222792625427,0.846,0.9,1.0,"{""decode_time_average(ms)"": ""19.780"", ""filter_time_average(ms)"": ""239.570"", ""incremental_graph_n_compute_l_average"": ""50347.640"", ""n_seen_item_average"": ""667497.860"", ""n_vq_score_linear_scan_average"": ""1992297.800"", ""refine_time_average(ms)"": ""11.189"", ""retrieval_time_average(ms)"": ""11.578"", ""retrieval_time_query_average(ms)"": ""270.539"", ""retrieval_time_query_p5(ms)"": ""190.190"", ""retrieval_time_query_p50(ms)"": ""266.806"", ""retrieval_time_query_p95(ms)"": ""346.081""}",profiling/igp_paper_cpu/chunks/igp_val_20260428T041716Z_nbit4_t32/val/hotpot/igp_hotpot_top10_val_chunk_014.json
igp_val_20260428T041716Z_nbit4_t32,val,lotte,100,recall@100,50,1,100,253.67833587011668,253.67833587011668,79.11308,12.640134855070743,3.942,0.315529596170949,158.46374034881592,0.22659999999999997,0.18,0.5055,"{""decode_time_average(ms)"": ""44.831"", ""filter_time_average(ms)"": ""30.692"", ""incremental_graph_n_compute_l_average"": ""13660.740"", ""n_seen_item_average"": ""10018.040"", ""n_vq_score_linear_scan_average"": ""27709.640"", ""refine_time_average(ms)"": ""3.589"", ""retrieval_time_average(ms)"": ""3.942"", ""retrieval_time_query_average(ms)"": ""79.113"", ""retrieval_time_query_p5(ms)"": ""21.346"", ""retrieval_time_query_p50(ms)"": ""59.894"", ""retrieval_time_query_p95(ms)"": ""153.160""}",profiling/igp_paper_cpu/chunks/igp_val_20260428T041716Z_nbit4_t32/val/lotte/igp_lotte_top100_val_chunk_001.json
igp_val_20260428T041716Z_nbit4_t32,val,lotte,100,recall@100,50,1,200,670.690811535882,670.690811535882,36.223659999999995,27.60626618072277,1.491,0.3171924245134741,157.63302063941956,0.3008,0.265,0.6619999999999999,"{""decode_time_average(ms)"": ""14.547"", ""filter_time_average(ms)"": ""13.715"", ""incremental_graph_n_compute_l_average"": ""13660.740"", ""n_seen_item_average"": ""10018.040"", ""n_vq_score_linear_scan_average"": ""27709.640"", ""refine_time_average(ms)"": ""7.961"", ""retrieval_time_average(ms)"": ""1.491"", ""retrieval_time_query_average(ms)"": ""36.224"", ""retrieval_time_query_p5(ms)"": ""18.804"", ""retrieval_time_query_p50(ms)"": ""42.203"", ""retrieval_time_query_p95(ms)"": ""50.151""}",profiling/igp_paper_cpu/chunks/igp_val_20260428T041716Z_nbit4_t32/val/lotte/igp_lotte_top100_val_chunk_001.json
igp_val_20260428T041716Z_nbit4_t32,val,lotte,100,recall@100,50,1,500,300.4807692307692,300.4807692307692,86.90676000000002,11.506584758193721,3.328,0.31595647307988406,158.24964594841003,0.40540000000000004,0.375,0.7774999999999999,"{""decode_time_average(ms)"": ""51.123"", ""filter_time_average(ms)"": ""15.705"", ""incremental_graph_n_compute_l_average"": ""13660.740"", ""n_seen_item_average"": ""10018.040"", ""n_vq_score_linear_scan_average"": ""27709.640"", ""refine_time_average(ms)"": ""20.078"", ""retrieval_time_average(ms)"": ""3.328"", ""retrieval_time_query_average(ms)"": ""86.907"", ""retrieval_time_query_p5(ms)"": ""42.846"", ""retrieval_time_query_p50(ms)"": ""95.497"", ""retrieval_time_query_p95(ms)"": ""127.592""}",profiling/igp_paper_cpu/chunks/igp_val_20260428T041716Z_nbit4_t32/val/lotte/igp_lotte_top100_val_chunk_001.json
igp_val_20260428T041716Z_nbit4_t32,val,lotte,100,recall@100,50,1,1000,134.51708366962603,134.51708366962603,180.75725999999997,5.532281248343774,7.434,0.31453297902399013,158.96584248542786,0.5064000000000001,0.45,0.91,"{""decode_time_average(ms)"": ""119.684"", ""filter_time_average(ms)"": ""15.403"", ""incremental_graph_n_compute_l_average"": ""13660.740"", ""n_seen_item_average"": ""10018.040"", ""n_vq_score_linear_scan_average"": ""27709.640"", ""refine_time_average(ms)"": ""45.669"", ""retrieval_time_average(ms)"": ""7.434"", ""retrieval_time_query_average(ms)"": ""180.757"", ""retrieval_time_query_p5(ms)"": ""82.166"", ""retrieval_time_query_p50(ms)"": ""157.236"", ""retrieval_time_query_p95(ms)"": ""289.054""}",profiling/igp_paper_cpu/chunks/igp_val_20260428T041716Z_nbit4_t32/val/lotte/igp_lotte_top100_val_chunk_001.json
igp_val_20260428T041716Z_nbit4_t32,val,lotte,100,recall@100,50,1,2000,77.9666302822392,77.9666302822392,314.6134,3.1785041578012887,12.826,0.31186887007572067,160.32379245758057,0.6090000000000001,0.615,0.9454999999999999,"{""decode_time_average(ms)"": ""201.648"", ""filter_time_average(ms)"": ""21.899"", ""incremental_graph_n_compute_l_average"": ""13660.740"", ""n_seen_item_average"": ""10018.040"", ""n_vq_score_linear_scan_average"": ""27709.640"", ""refine_time_average(ms)"": ""91.063"", ""retrieval_time_average(ms)"": ""12.826"", ""retrieval_time_query_average(ms)"": ""314.613"", ""retrieval_time_query_p5(ms)"": ""156.055"", ""retrieval_time_query_p50(ms)"": ""252.179"", ""retrieval_time_query_p95(ms)"": ""493.873""}",profiling/igp_paper_cpu/chunks/igp_val_20260428T041716Z_nbit4_t32/val/lotte/igp_lotte_top100_val_chunk_002.json
igp_val_20260428T041716Z_nbit4_t32,val,lotte,100,recall@100,50,1,3000,74.72166180975866,74.72166180975866,340.32536,2.938364628483755,13.383,0.3091583840116583,161.72940015792847,0.665,0.72,0.9454999999999999,"{""decode_time_average(ms)"": ""179.680"", ""filter_time_average(ms)"": ""25.791"", ""incremental_graph_n_compute_l_average"": ""13660.740"", ""n_seen_item_average"": ""10018.040"", ""n_vq_score_linear_scan_average"": ""27709.640"", ""refine_time_average(ms)"": ""134.850"", ""retrieval_time_average(ms)"": ""13.383"", ""retrieval_time_query_average(ms)"": ""340.325"", ""retrieval_time_query_p5(ms)"": ""210.304"", ""retrieval_time_query_p50(ms)"": ""373.727"", ""retrieval_time_query_p95(ms)"": ""456.810""}",profiling/igp_paper_cpu/chunks/igp_val_20260428T041716Z_nbit4_t32/val/lotte/igp_lotte_top100_val_chunk_002.json
igp_val_20260428T041716Z_nbit4_t32,val,lotte,100,recall@100,50,1,4000,54.28881650380021,54.28881650380021,459.45616,2.176486217966911,18.42,0.3061884821292985,163.29810857772827,0.7071999999999999,0.75,0.9454999999999999,"{""decode_time_average(ms)"": ""268.605"", ""filter_time_average(ms)"": ""15.775"", ""incremental_graph_n_compute_l_average"": ""13660.740"", ""n_seen_item_average"": ""10018.040"", ""n_vq_score_linear_scan_average"": ""27709.640"", ""refine_time_average(ms)"": ""175.073"", ""retrieval_time_average(ms)"": ""18.420"", ""retrieval_time_query_average(ms)"": ""459.456"", ""retrieval_time_query_p5(ms)"": ""295.039"", ""retrieval_time_query_p50(ms)"": ""465.758"", ""retrieval_time_query_p95(ms)"": ""641.438""}",profiling/igp_paper_cpu/chunks/igp_val_20260428T041716Z_nbit4_t32/val/lotte/igp_lotte_top100_val_chunk_002.json
igp_val_20260428T041716Z_nbit4_t32,val,lotte,100,recall@100,50,1,6000,43.21334428071389,43.21334428071389,533.10122,1.8758163787357305,23.141,0.29906896340326183,167.1855194568634,0.7318000000000001,0.775,0.95,"{""decode_time_average(ms)"": ""306.860"", ""filter_time_average(ms)"": ""16.151"", ""incremental_graph_n_compute_l_average"": ""13660.740"", ""n_seen_item_average"": ""10018.040"", ""n_vq_score_linear_scan_average"": ""27709.640"", ""refine_time_average(ms)"": ""210.087"", ""retrieval_time_average(ms)"": ""23.141"", ""retrieval_time_query_average(ms)"": ""533.101"", ""retrieval_time_query_p5(ms)"": ""380.375"", ""retrieval_time_query_p50(ms)"": ""535.632"", ""retrieval_time_query_p95(ms)"": ""715.856""}",profiling/igp_paper_cpu/chunks/igp_val_20260428T041716Z_nbit4_t32/val/lotte/igp_lotte_top100_val_chunk_002.json
igp_val_20260428T041716Z_nbit4_t32,val,lotte,100,recall@100,50,2,100,515.1983513652756,515.1983513652756,49.13572,20.351792952255508,1.941,0.2740581247462206,182.44304943084717,0.3012,0.28500000000000003,0.5619999999999998,"{""decode_time_average(ms)"": ""6.984"", ""filter_time_average(ms)"": ""38.901"", ""incremental_graph_n_compute_l_average"": ""14117.980"", ""n_seen_item_average"": ""17004.460"", ""n_vq_score_linear_scan_average"": ""55142.720"", ""refine_time_average(ms)"": ""3.249"", ""retrieval_time_average(ms)"": ""1.941"", ""retrieval_time_query_average(ms)"": ""49.136"", ""retrieval_time_query_p5(ms)"": ""17.496"", ""retrieval_time_query_p50(ms)"": ""57.021"", ""retrieval_time_query_p95(ms)"": ""80.497""}",profiling/igp_paper_cpu/chunks/igp_val_20260428T041716Z_nbit4_t32/val/lotte/igp_lotte_top100_val_chunk_003.json
igp_val_20260428T041716Z_nbit4_t32,val,lotte,100,recall@100,50,2,200,174.97812773403325,174.97812773403325,105.48044,9.480430684589484,5.715,0.2737258083928634,182.66454410552979,0.3768,0.36,0.6954999999999999,"{""decode_time_average(ms)"": ""64.409"", ""filter_time_average(ms)"": ""33.848"", ""incremental_graph_n_compute_l_average"": ""14117.980"", ""n_seen_item_average"": ""17004.460"", ""n_vq_score_linear_scan_average"": ""55142.720"", ""refine_time_average(ms)"": ""7.222"", ""retrieval_time_average(ms)"": ""5.715"", ""retrieval_time_query_average(ms)"": ""105.480"", ""retrieval_time_query_p5(ms)"": ""35.736"", ""retrieval_time_query_p50(ms)"": ""60.223"", ""retrieval_time_query_p95(ms)"": ""220.530""}",profiling/igp_paper_cpu/chunks/igp_val_20260428T041716Z_nbit4_t32/val/lotte/igp_lotte_top100_val_chunk_003.json
igp_val_20260428T041716Z_nbit4_t32,val,lotte,100,recall@100,50,2,500,199.8800719568259,199.8800719568259,105.65046000000002,9.46517412228967,5.003,0.3155658918574273,158.44551420211792,0.4972,0.495,0.8729999999999998,"{""decode_time_average(ms)"": ""68.735"", ""filter_time_average(ms)"": ""16.362"", ""incremental_graph_n_compute_l_average"": ""14117.980"", ""n_seen_item_average"": ""17004.460"", ""n_vq_score_linear_scan_average"": ""55142.720"", ""refine_time_average(ms)"": ""20.550"", ""retrieval_time_average(ms)"": ""5.003"", ""retrieval_time_query_average(ms)"": ""105.650"", ""retrieval_time_query_p5(ms)"": ""57.121"", ""retrieval_time_query_p50(ms)"": ""86.484"", ""retrieval_time_query_p95(ms)"": ""183.527""}",profiling/igp_paper_cpu/chunks/igp_val_20260428T041716Z_nbit4_t32/val/lotte/igp_lotte_top100_val_chunk_003.json
igp_val_20260428T041716Z_nbit4_t32,val,lotte,100,recall@100,50,2,1000,181.71906232963838,181.71906232963838,141.06108,7.089127631803187,5.503,0.3147749651657026,158.8436360359192,0.5864,0.61,0.9454999999999999,"{""decode_time_average(ms)"": ""86.205"", ""filter_time_average(ms)"": ""13.389"", ""incremental_graph_n_compute_l_average"": ""14117.980"", ""n_seen_item_average"": ""17004.460"", ""n_vq_score_linear_scan_average"": ""55142.720"", ""refine_time_average(ms)"": ""41.465"", ""retrieval_time_average(ms)"": ""5.503"", ""retrieval_time_query_average(ms)"": ""141.061"", ""retrieval_time_query_p5(ms)"": ""82.636"", ""retrieval_time_query_p50(ms)"": ""158.804"", ""retrieval_time_query_p95(ms)"": ""188.251""}",profiling/igp_paper_cpu/chunks/igp_val_20260428T041716Z_nbit4_t32/val/lotte/igp_lotte_top100_val_chunk_003.json
igp_val_20260428T041716Z_nbit4_t32,val,lotte,100,recall@100,50,2,2000,85.75593859874796,85.75593859874796,274.47046,3.6433793275968567,11.661,0.3114141300600633,160.55790400505066,0.6706,0.73,0.9509999999999998,"{""decode_time_average(ms)"": ""178.844"", ""filter_time_average(ms)"": ""25.824"", ""incremental_graph_n_compute_l_average"": ""14117.980"", ""n_seen_item_average"": ""17004.460"", ""n_vq_score_linear_scan_average"": ""55142.720"", ""refine_time_average(ms)"": ""69.784"", ""retrieval_time_average(ms)"": ""11.661"", ""retrieval_time_query_average(ms)"": ""274.470"", ""retrieval_time_query_p5(ms)"": ""162.553"", ""retrieval_time_query_p50(ms)"": ""247.396"", ""retrieval_time_query_p95(ms)"": ""430.848""}",profiling/igp_paper_cpu/chunks/igp_val_20260428T041716Z_nbit4_t32/val/lotte/igp_lotte_top100_val_chunk_004.json
igp_val_20260428T041716Z_nbit4_t32,val,lotte,100,recall@100,50,2,3000,81.53281695882592,81.53281695882592,295.70822000000004,3.3817118780127244,12.265,0.30933595814510223,161.63655948638916,0.7311999999999999,0.81,0.96,"{""decode_time_average(ms)"": ""162.514"", ""filter_time_average(ms)"": ""21.315"", ""incremental_graph_n_compute_l_average"": ""14117.980"", ""n_seen_item_average"": ""17004.460"", ""n_vq_score_linear_scan_average"": ""55142.720"", ""refine_time_average(ms)"": ""111.877"", ""retrieval_time_average(ms)"": ""12.265"", ""retrieval_time_query_average(ms)"": ""295.708"", ""retrieval_time_query_p5(ms)"": ""199.648"", ""retrieval_time_query_p50(ms)"": ""324.587"", ""retrieval_time_query_p95(ms)"": ""379.123""}",profiling/igp_paper_cpu/chunks/igp_val_20260428T041716Z_nbit4_t32/val/lotte/igp_lotte_top100_val_chunk_004.json
igp_val_20260428T041716Z_nbit4_t32,val,lotte,100,recall@100,50,2,4000,69.38180808991882,69.38180808991882,333.14869999999996,3.001662620925731,14.413,0.30463760563469405,164.1294412612915,0.7594,0.825,0.96,"{""decode_time_average(ms)"": ""198.358"", ""filter_time_average(ms)"": ""19.748"", ""incremental_graph_n_compute_l_average"": ""14117.980"", ""n_seen_item_average"": ""17004.460"", ""n_vq_score_linear_scan_average"": ""55142.720"", ""refine_time_average(ms)"": ""115.041"", ""retrieval_time_average(ms)"": ""14.413"", ""retrieval_time_query_average(ms)"": ""333.149"", ""retrieval_time_query_p5(ms)"": ""261.356"", ""retrieval_time_query_p50(ms)"": ""335.174"", ""retrieval_time_query_p95(ms)"": ""419.134""}",profiling/igp_paper_cpu/chunks/igp_val_20260428T041716Z_nbit4_t32/val/lotte/igp_lotte_top100_val_chunk_004.json
igp_val_20260428T041716Z_nbit4_t32,val,lotte,100,recall@100,50,2,6000,56.20187714269657,56.20187714269657,416.13468,2.4030681605291826,17.793,0.29704849474977857,168.3226842880249,0.8018,0.855,0.96,"{""decode_time_average(ms)"": ""252.232"", ""filter_time_average(ms)"": ""15.276"", ""incremental_graph_n_compute_l_average"": ""14117.980"", ""n_seen_item_average"": ""17004.460"", ""n_vq_score_linear_scan_average"": ""55142.720"", ""refine_time_average(ms)"": ""148.625"", ""retrieval_time_average(ms)"": ""17.793"", ""retrieval_time_query_average(ms)"": ""416.135"", ""retrieval_time_query_p5(ms)"": ""344.046"", ""retrieval_time_query_p50(ms)"": ""421.682"", ""retrieval_time_query_p95(ms)"": ""481.922""}",profiling/igp_paper_cpu/chunks/igp_val_20260428T041716Z_nbit4_t32/val/lotte/igp_lotte_top100_val_chunk_004.json
igp_val_20260428T041716Z_nbit4_t32,val,lotte,100,recall@100,50,4,100,205.1702913418137,205.1702913418137,107.68454,9.286384099333107,4.874,0.31729389163188515,157.58261132240295,0.3536000000000001,0.35,0.5854999999999999,"{""decode_time_average(ms)"": ""56.880"", ""filter_time_average(ms)"": ""47.301"", ""incremental_graph_n_compute_l_average"": ""15068.500"", ""n_seen_item_average"": ""31026.380"", ""n_vq_score_linear_scan_average"": ""111048.840"", ""refine_time_average(ms)"": ""3.500"", ""retrieval_time_average(ms)"": ""4.874"", ""retrieval_time_query_average(ms)"": ""107.685"", ""retrieval_time_query_p5(ms)"": ""24.599"", ""retrieval_time_query_p50(ms)"": ""125.362"", ""retrieval_time_query_p95(ms)"": ""184.289""}",profiling/igp_paper_cpu/chunks/igp_val_20260428T041716Z_nbit4_t32/val/lotte/igp_lotte_top100_val_chunk_005.json
igp_val_20260428T041716Z_nbit4_t32,val,lotte,100,recall@100,50,4,200,572.4098454493417,572.4098454493417,41.24084,24.247808725525474,1.747,0.3198202860437641,156.33780026435852,0.46620000000000006,0.455,0.7529999999999998,"{""decode_time_average(ms)"": ""13.867"", ""filter_time_average(ms)"": ""20.153"", ""incremental_graph_n_compute_l_average"": ""15068.500"", ""n_seen_item_average"": ""31026.380"", ""n_vq_score_linear_scan_average"": ""111048.840"", ""refine_time_average(ms)"": ""7.219"", ""retrieval_time_average(ms)"": ""1.747"", ""retrieval_time_query_average(ms)"": ""41.241"", ""retrieval_time_query_p5(ms)"": ""20.657"", ""retrieval_time_query_p50(ms)"": ""46.613"", ""retrieval_time_query_p95(ms)"": ""60.145""}",profiling/igp_paper_cpu/chunks/igp_val_20260428T041716Z_nbit4_t32/val/lotte/igp_lotte_top100_val_chunk_005.json
igp_val_20260428T041716Z_nbit4_t32,val,lotte,100,recall@100,50,4,500,160.46213093709883,160.46213093709883,127.81106,7.824049029872689,6.232,0.31711973973738694,157.6691505908966,0.6048,0.625,0.94,"{""decode_time_average(ms)"": ""79.746"", ""filter_time_average(ms)"": ""27.058"", ""incremental_graph_n_compute_l_average"": ""15068.500"", ""n_seen_item_average"": ""31026.380"", ""n_vq_score_linear_scan_average"": ""111048.840"", ""refine_time_average(ms)"": ""21.006"", ""retrieval_time_average(ms)"": ""6.232"", ""retrieval_time_query_average(ms)"": ""127.811"", ""retrieval_time_query_p5(ms)"": ""62.927"", ""retrieval_time_query_p50(ms)"": ""102.256"", ""retrieval_time_query_p95(ms)"": ""224.714""}",profiling/igp_paper_cpu/chunks/igp_val_20260428T041716Z_nbit4_t32/val/lotte/igp_lotte_top100_val_chunk_005.json
igp_val_20260428T041716Z_nbit4_t32,val,lotte,100,recall@100,50,4,1000,257.1355104139882,257.1355104139882,91.47001999999999,10.932543799596852,3.889,0.31753168679392296,157.46459984779358,0.6823999999999998,0.705,0.9554999999999999,"{""decode_time_average(ms)"": ""47.120"", ""filter_time_average(ms)"": ""19.347"", ""incremental_graph_n_compute_l_average"": ""15068.500"", ""n_seen_item_average"": ""31026.380"", ""n_vq_score_linear_scan_average"": ""111048.840"", ""refine_time_average(ms)"": ""25.001"", ""retrieval_time_average(ms)"": ""3.889"", ""retrieval_time_query_average(ms)"": ""91.470"", ""retrieval_time_query_p5(ms)"": ""64.191"", ""retrieval_time_query_p50(ms)"": ""95.446"", ""retrieval_time_query_p95(ms)"": ""117.768""}",profiling/igp_paper_cpu/chunks/igp_val_20260428T041716Z_nbit4_t32/val/lotte/igp_lotte_top100_val_chunk_005.json
igp_val_20260428T041716Z_nbit4_t32,val,lotte,100,recall@100,50,4,2000,135.7588922074396,135.7588922074396,176.4292,5.667996000662022,7.366,0.3041815653339722,164.37551021575928,0.7536,0.79,0.96,"{""decode_time_average(ms)"": ""98.247"", ""filter_time_average(ms)"": ""24.107"", ""incremental_graph_n_compute_l_average"": ""15068.500"", ""n_seen_item_average"": ""31026.380"", ""n_vq_score_linear_scan_average"": ""111048.840"", ""refine_time_average(ms)"": ""54.073"", ""retrieval_time_average(ms)"": ""7.366"", ""retrieval_time_query_average(ms)"": ""176.429"", ""retrieval_time_query_p5(ms)"": ""126.772"", ""retrieval_time_query_p50(ms)"": ""183.771"", ""retrieval_time_query_p95(ms)"": ""223.657""}",profiling/igp_paper_cpu/chunks/igp_val_20260428T041716Z_nbit4_t32/val/lotte/igp_lotte_top100_val_chunk_006.json
igp_val_20260428T041716Z_nbit4_t32,val,lotte,100,recall@100,50,4,3000,84.57374830852504,84.57374830852504,274.67780000000005,3.6406291298386684,11.824,0.3061145472610013,163.3375494480133,0.8101999999999999,0.84,0.96,"{""decode_time_average(ms)"": ""147.249"", ""filter_time_average(ms)"": ""28.549"", ""incremental_graph_n_compute_l_average"": ""15068.500"", ""n_seen_item_average"": ""31026.380"", ""n_vq_score_linear_scan_average"": ""111048.840"", ""refine_time_average(ms)"": ""98.877"", ""retrieval_time_average(ms)"": ""11.824"", ""retrieval_time_query_average(ms)"": ""274.678"", ""retrieval_time_query_p5(ms)"": ""186.926"", ""retrieval_time_query_p50(ms)"": ""296.362"", ""retrieval_time_query_p95(ms)"": ""344.894""}",profiling/igp_paper_cpu/chunks/igp_val_20260428T041716Z_nbit4_t32/val/lotte/igp_lotte_top100_val_chunk_006.json
igp_val_20260428T041716Z_nbit4_t32,val,lotte,100,recall@100,50,4,4000,66.74230794900888,66.74230794900888,335.15156,2.9837247363550983,14.983,0.3033787492640687,164.81048893928528,0.8386,0.88,0.97,"{""decode_time_average(ms)"": ""185.725"", ""filter_time_average(ms)"": ""17.841"", ""incremental_graph_n_compute_l_average"": ""15068.500"", ""n_seen_item_average"": ""31026.380"", ""n_vq_score_linear_scan_average"": ""111048.840"", ""refine_time_average(ms)"": ""131.584"", ""retrieval_time_average(ms)"": ""14.983"", ""retrieval_time_query_average(ms)"": ""335.151"", ""retrieval_time_query_p5(ms)"": ""233.908"", ""retrieval_time_query_p50(ms)"": ""345.315"", ""retrieval_time_query_p95(ms)"": ""421.806""}",profiling/igp_paper_cpu/chunks/igp_val_20260428T041716Z_nbit4_t32/val/lotte/igp_lotte_top100_val_chunk_006.json
igp_val_20260428T041716Z_nbit4_t32,val,lotte,100,recall@100,50,4,6000,45.89471751801367,45.89471751801367,492.14218,2.03193312956837,21.789,0.29587001017287357,168.99313306808472,0.8665999999999999,0.91,0.97,"{""decode_time_average(ms)"": ""272.638"", ""filter_time_average(ms)"": ""17.760"", ""incremental_graph_n_compute_l_average"": ""15068.500"", ""n_seen_item_average"": ""31026.380"", ""n_vq_score_linear_scan_average"": ""111048.840"", ""refine_time_average(ms)"": ""201.744"", ""retrieval_time_average(ms)"": ""21.789"", ""retrieval_time_query_average(ms)"": ""492.142"", ""retrieval_time_query_p5(ms)"": ""357.402"", ""retrieval_time_query_p50(ms)"": ""508.193"", ""retrieval_time_query_p95(ms)"": ""611.083""}",profiling/igp_paper_cpu/chunks/igp_val_20260428T041716Z_nbit4_t32/val/lotte/igp_lotte_top100_val_chunk_006.json
igp_val_20260428T041716Z_nbit4_t32,val,lotte,100,recall@100,50,8,100,206.058108386565,206.058108386565,90.48288000000002,11.05181444268794,4.853,0.3173635407385742,157.54802799224854,0.3932,0.41000000000000003,0.6719999999999998,"{""decode_time_average(ms)"": ""47.881"", ""filter_time_average(ms)"": ""39.130"", ""incremental_graph_n_compute_l_average"": ""16961.760"", ""n_seen_item_average"": ""55882.180"", ""n_vq_score_linear_scan_average"": ""223332.080"", ""refine_time_average(ms)"": ""3.461"", ""retrieval_time_average(ms)"": ""4.853"", ""retrieval_time_query_average(ms)"": ""90.483"", ""retrieval_time_query_p5(ms)"": ""22.254"", ""retrieval_time_query_p50(ms)"": ""76.062"", ""retrieval_time_query_p95(ms)"": ""172.059""}",profiling/igp_paper_cpu/chunks/igp_val_20260428T041716Z_nbit4_t32/val/lotte/igp_lotte_top100_val_chunk_007.json
igp_val_20260428T041716Z_nbit4_t32,val,lotte,100,recall@100,50,8,200,427.5331338178709,427.5331338178709,52.19626,19.15846077860751,2.339,0.3175287627314411,157.46604990959167,0.5307999999999999,0.53,0.821,"{""decode_time_average(ms)"": ""14.482"", ""filter_time_average(ms)"": ""30.266"", ""incremental_graph_n_compute_l_average"": ""16961.760"", ""n_seen_item_average"": ""55882.180"", ""n_vq_score_linear_scan_average"": ""223332.080"", ""refine_time_average(ms)"": ""7.446"", ""retrieval_time_average(ms)"": ""2.339"", ""retrieval_time_query_average(ms)"": ""52.196"", ""retrieval_time_query_p5(ms)"": ""25.503"", ""retrieval_time_query_p50(ms)"": ""60.282"", ""retrieval_time_query_p95(ms)"": ""75.717""}",profiling/igp_paper_cpu/chunks/igp_val_20260428T041716Z_nbit4_t32/val/lotte/igp_lotte_top100_val_chunk_007.json
igp_val_20260428T041716Z_nbit4_t32,val,lotte,100,recall@100,50,8,500,161.10842597067827,161.10842597067827,130.31795999999997,7.673539395490846,6.207,0.3170283856846096,157.71458411216736,0.6728000000000001,0.72,0.94,"{""decode_time_average(ms)"": ""78.788"", ""filter_time_average(ms)"": ""34.216"", ""incremental_graph_n_compute_l_average"": ""16961.760"", ""n_seen_item_average"": ""55882.180"", ""n_vq_score_linear_scan_average"": ""223332.080"", ""refine_time_average(ms)"": ""17.314"", ""retrieval_time_average(ms)"": ""6.207"", ""retrieval_time_query_average(ms)"": ""130.318"", ""retrieval_time_query_p5(ms)"": ""60.656"", ""retrieval_time_query_p50(ms)"": ""102.296"", ""retrieval_time_query_p95(ms)"": ""233.149""}",profiling/igp_paper_cpu/chunks/igp_val_20260428T041716Z_nbit4_t32/val/lotte/igp_lotte_top100_val_chunk_007.json
igp_val_20260428T041716Z_nbit4_t32,val,lotte,100,recall@100,50,8,1000,199.0049751243781,199.0049751243781,129.47917999999999,7.723249405811808,5.025,0.3150239147184126,158.7181088924408,0.7707999999999999,0.835,0.96,"{""decode_time_average(ms)"": ""61.907"", ""filter_time_average(ms)"": ""23.532"", ""incremental_graph_n_compute_l_average"": ""16961.760"", ""n_seen_item_average"": ""55882.180"", ""n_vq_score_linear_scan_average"": ""223332.080"", ""refine_time_average(ms)"": ""44.039"", ""retrieval_time_average(ms)"": ""5.025"", ""retrieval_time_query_average(ms)"": ""129.479"", ""retrieval_time_query_p5(ms)"": ""80.515"", ""retrieval_time_query_p50(ms)"": ""141.632"", ""retrieval_time_query_p95(ms)"": ""177.540""}",profiling/igp_paper_cpu/chunks/igp_val_20260428T041716Z_nbit4_t32/val/lotte/igp_lotte_top100_val_chunk_007.json
igp_val_20260428T041716Z_nbit4_t32,val,lotte,100,recall@100,50,8,2000,75.72889057175313,75.72889057175313,294.92138,3.3907341678653475,13.205,0.31093269431278114,160.80650544166565,0.8268000000000001,0.895,0.9654999999999999,"{""decode_time_average(ms)"": ""175.908"", ""filter_time_average(ms)"": ""43.757"", ""incremental_graph_n_compute_l_average"": ""16961.760"", ""n_seen_item_average"": ""55882.180"", ""n_vq_score_linear_scan_average"": ""223332.080"", ""refine_time_average(ms)"": ""75.255"", ""retrieval_time_average(ms)"": ""13.205"", ""retrieval_time_query_average(ms)"": ""294.921"", ""retrieval_time_query_p5(ms)"": ""149.747"", ""retrieval_time_query_p50(ms)"": ""256.551"", ""retrieval_time_query_p95(ms)"": ""510.796""}",profiling/igp_paper_cpu/chunks/igp_val_20260428T041716Z_nbit4_t32/val/lotte/igp_lotte_top100_val_chunk_008.json
igp_val_20260428T041716Z_nbit4_t32,val,lotte,100,recall@100,50,8,3000,82.87063893262616,82.87063893262616,302.48874,3.305908180251602,12.067,0.3084198969229524,162.11664843559265,0.8483999999999999,0.905,0.97,"{""decode_time_average(ms)"": ""158.625"", ""filter_time_average(ms)"": ""34.374"", ""incremental_graph_n_compute_l_average"": ""16961.760"", ""n_seen_item_average"": ""55882.180"", ""n_vq_score_linear_scan_average"": ""223332.080"", ""refine_time_average(ms)"": ""109.487"", ""retrieval_time_average(ms)"": ""12.067"", ""retrieval_time_query_average(ms)"": ""302.489"", ""retrieval_time_query_p5(ms)"": ""205.577"", ""retrieval_time_query_p50(ms)"": ""322.788"", ""retrieval_time_query_p95(ms)"": ""387.394""}",profiling/igp_paper_cpu/chunks/igp_val_20260428T041716Z_nbit4_t32/val/lotte/igp_lotte_top100_val_chunk_008.json
igp_val_20260428T041716Z_nbit4_t32,val,lotte,100,recall@100,50,8,4000,61.22199093914534,61.22199093914534,393.1943,2.5432718633001548,16.334,0.3045145672157834,164.1957573890686,0.8639999999999999,0.91,0.97,"{""decode_time_average(ms)"": ""230.862"", ""filter_time_average(ms)"": ""48.676"", ""incremental_graph_n_compute_l_average"": ""16961.760"", ""n_seen_item_average"": ""55882.180"", ""n_vq_score_linear_scan_average"": ""223332.080"", ""refine_time_average(ms)"": ""113.654"", ""retrieval_time_average(ms)"": ""16.334"", ""retrieval_time_query_average(ms)"": ""393.194"", ""retrieval_time_query_p5(ms)"": ""269.279"", ""retrieval_time_query_p50(ms)"": ""411.520"", ""retrieval_time_query_p95(ms)"": ""522.279""}",profiling/igp_paper_cpu/chunks/igp_val_20260428T041716Z_nbit4_t32/val/lotte/igp_lotte_top100_val_chunk_008.json
igp_val_20260428T041716Z_nbit4_t32,val,lotte,100,recall@100,50,8,6000,53.78368203087183,53.78368203087183,450.56370000000004,2.2194420012087077,18.593,0.2973282373634436,168.16431713104248,0.893,0.92,0.97,"{""decode_time_average(ms)"": ""267.767"", ""filter_time_average(ms)"": ""25.754"", ""incremental_graph_n_compute_l_average"": ""16961.760"", ""n_seen_item_average"": ""55882.180"", ""n_vq_score_linear_scan_average"": ""223332.080"", ""refine_time_average(ms)"": ""157.040"", ""retrieval_time_average(ms)"": ""18.593"", ""retrieval_time_query_average(ms)"": ""450.564"", ""retrieval_time_query_p5(ms)"": ""366.673"", ""retrieval_time_query_p50(ms)"": ""453.168"", ""retrieval_time_query_p95(ms)"": ""529.656""}",profiling/igp_paper_cpu/chunks/igp_val_20260428T041716Z_nbit4_t32/val/lotte/igp_lotte_top100_val_chunk_008.json
igp_val_20260428T041716Z_nbit4_t32,val,lotte,100,recall@100,50,16,100,340.02040122407345,340.02040122407345,75.79368,13.19371219341771,2.941,0.3171002585507376,157.67883706092834,0.4159999999999999,0.385,0.68,"{""decode_time_average(ms)"": ""15.153"", ""filter_time_average(ms)"": ""57.184"", ""incremental_graph_n_compute_l_average"": ""20579.560"", ""n_seen_item_average"": ""97291.440"", ""n_vq_score_linear_scan_average"": ""438661.520"", ""refine_time_average(ms)"": ""3.455"", ""retrieval_time_average(ms)"": ""2.941"", ""retrieval_time_query_average(ms)"": ""75.794"", ""retrieval_time_query_p5(ms)"": ""28.901"", ""retrieval_time_query_p50(ms)"": ""83.777"", ""retrieval_time_query_p95(ms)"": ""109.697""}",profiling/igp_paper_cpu/chunks/igp_val_20260428T041716Z_nbit4_t32/val/lotte/igp_lotte_top100_val_chunk_009.json
igp_val_20260428T041716Z_nbit4_t32,val,lotte,100,recall@100,50,16,200,417.5365344467641,417.5365344467641,56.7708,17.6146892416524,2.395,0.3179459009398802,157.25945782661438,0.5488000000000001,0.5700000000000001,0.8564999999999999,"{""decode_time_average(ms)"": ""13.465"", ""filter_time_average(ms)"": ""35.634"", ""incremental_graph_n_compute_l_average"": ""20579.560"", ""n_seen_item_average"": ""97291.440"", ""n_vq_score_linear_scan_average"": ""438661.520"", ""refine_time_average(ms)"": ""7.670"", ""retrieval_time_average(ms)"": ""2.395"", ""retrieval_time_query_average(ms)"": ""56.771"", ""retrieval_time_query_p5(ms)"": ""29.292"", ""retrieval_time_query_p50(ms)"": ""63.030"", ""retrieval_time_query_p95(ms)"": ""79.303""}",profiling/igp_paper_cpu/chunks/igp_val_20260428T041716Z_nbit4_t32/val/lotte/igp_lotte_top100_val_chunk_009.json
igp_val_20260428T041716Z_nbit4_t32,val,lotte,100,recall@100,50,16,500,261.9172341540073,261.9172341540073,91.30726,10.952031634724337,3.818,0.3172486305606014,157.60509324073792,0.7066,0.745,0.95,"{""decode_time_average(ms)"": ""31.585"", ""filter_time_average(ms)"": ""39.019"", ""incremental_graph_n_compute_l_average"": ""20579.560"", ""n_seen_item_average"": ""97291.440"", ""n_vq_score_linear_scan_average"": ""438661.520"", ""refine_time_average(ms)"": ""20.702"", ""retrieval_time_average(ms)"": ""3.818"", ""retrieval_time_query_average(ms)"": ""91.307"", ""retrieval_time_query_p5(ms)"": ""49.787"", ""retrieval_time_query_p50(ms)"": ""97.936"", ""retrieval_time_query_p95(ms)"": ""126.144""}",profiling/igp_paper_cpu/chunks/igp_val_20260428T041716Z_nbit4_t32/val/lotte/igp_lotte_top100_val_chunk_009.json
igp_val_20260428T041716Z_nbit4_t32,val,lotte,100,recall@100,50,16,1000,167.47613465081227,167.47613465081227,141.0684,7.088759778944115,5.971,0.3159317139217746,158.26204776763916,0.7963999999999999,0.855,0.9654999999999999,"{""decode_time_average(ms)"": ""62.474"", ""filter_time_average(ms)"": ""36.728"", ""incremental_graph_n_compute_l_average"": ""20579.560"", ""n_seen_item_average"": ""97291.440"", ""n_vq_score_linear_scan_average"": ""438661.520"", ""refine_time_average(ms)"": ""41.865"", ""retrieval_time_average(ms)"": ""5.971"", ""retrieval_time_query_average(ms)"": ""141.068"", ""retrieval_time_query_p5(ms)"": ""89.170"", ""retrieval_time_query_p50(ms)"": ""146.799"", ""retrieval_time_query_p95(ms)"": ""191.974""}",profiling/igp_paper_cpu/chunks/igp_val_20260428T041716Z_nbit4_t32/val/lotte/igp_lotte_top100_val_chunk_009.json
igp_val_20260428T041716Z_nbit4_t32,val,lotte,100,recall@100,50,16,2000,65.35520554212142,65.35520554212142,357.1958,2.7995849895211533,15.301,0.3133207026383251,159.58090090751648,0.8615999999999999,0.92,0.97,"{""decode_time_average(ms)"": ""204.998"", ""filter_time_average(ms)"": ""63.475"", ""incremental_graph_n_compute_l_average"": ""20579.560"", ""n_seen_item_average"": ""97291.440"", ""n_vq_score_linear_scan_average"": ""438661.520"", ""refine_time_average(ms)"": ""88.720"", ""retrieval_time_average(ms)"": ""15.301"", ""retrieval_time_query_average(ms)"": ""357.196"", ""retrieval_time_query_p5(ms)"": ""182.767"", ""retrieval_time_query_p50(ms)"": ""280.711"", ""retrieval_time_query_p95(ms)"": ""607.904""}",profiling/igp_paper_cpu/chunks/igp_val_20260428T041716Z_nbit4_t32/val/lotte/igp_lotte_top100_val_chunk_010.json
igp_val_20260428T041716Z_nbit4_t32,val,lotte,100,recall@100,50,16,3000,72.40081088908197,72.40081088908197,353.90318,2.825631575279996,13.812,0.3113643129653845,160.58359265327454,0.8842,0.93,0.97,"{""decode_time_average(ms)"": ""177.821"", ""filter_time_average(ms)"": ""38.501"", ""incremental_graph_n_compute_l_average"": ""20579.560"", ""n_seen_item_average"": ""97291.440"", ""n_vq_score_linear_scan_average"": ""438661.520"", ""refine_time_average(ms)"": ""137.578"", ""retrieval_time_average(ms)"": ""13.812"", ""retrieval_time_query_average(ms)"": ""353.903"", ""retrieval_time_query_p5(ms)"": ""218.976"", ""retrieval_time_query_p50(ms)"": ""391.400"", ""retrieval_time_query_p95(ms)"": ""466.316""}",profiling/igp_paper_cpu/chunks/igp_val_20260428T041716Z_nbit4_t32/val/lotte/igp_lotte_top100_val_chunk_010.json
igp_val_20260428T041716Z_nbit4_t32,val,lotte,100,recall@100,50,16,4000,52.06706237634073,52.06706237634073,494.67014,2.0215491478826677,19.206,0.30817937826391045,162.24317240715027,0.8981999999999999,0.94,0.97,"{""decode_time_average(ms)"": ""280.629"", ""filter_time_average(ms)"": ""39.976"", ""incremental_graph_n_compute_l_average"": ""20579.560"", ""n_seen_item_average"": ""97291.440"", ""n_vq_score_linear_scan_average"": ""438661.520"", ""refine_time_average(ms)"": ""174.064"", ""retrieval_time_average(ms)"": ""19.206"", ""retrieval_time_query_average(ms)"": ""494.670"", ""retrieval_time_query_p5(ms)"": ""307.731"", ""retrieval_time_query_p50(ms)"": ""470.988"", ""retrieval_time_query_p95(ms)"": ""680.780""}",profiling/igp_paper_cpu/chunks/igp_val_20260428T041716Z_nbit4_t32/val/lotte/igp_lotte_top100_val_chunk_010.json
igp_val_20260428T041716Z_nbit4_t32,val,lotte,100,recall@100,50,16,6000,38.92565200467108,38.92565200467108,680.2982400000001,1.469943535352965,25.69,0.30253257398073496,165.2714593410492,0.9152,0.94,0.97,"{""decode_time_average(ms)"": ""362.976"", ""filter_time_average(ms)"": ""39.583"", ""incremental_graph_n_compute_l_average"": ""20579.560"", ""n_seen_item_average"": ""97291.440"", ""n_vq_score_linear_scan_average"": ""438661.520"", ""refine_time_average(ms)"": ""277.737"", ""retrieval_time_average(ms)"": ""25.690"", ""retrieval_time_query_average(ms)"": ""680.298"", ""retrieval_time_query_p5(ms)"": ""447.148"", ""retrieval_time_query_p50(ms)"": ""741.495"", ""retrieval_time_query_p95(ms)"": ""907.658""}",profiling/igp_paper_cpu/chunks/igp_val_20260428T041716Z_nbit4_t32/val/lotte/igp_lotte_top100_val_chunk_010.json
igp_val_20260428T041716Z_nbit4_t32,val,lotte,100,recall@100,50,32,100,145.87892049598833,145.87892049598833,150.28423999999998,6.654057670983997,6.855,0.3150222736224934,158.71893572807312,0.4296,0.39,0.6855,"{""decode_time_average(ms)"": ""46.834"", ""filter_time_average(ms)"": ""100.048"", ""incremental_graph_n_compute_l_average"": ""27344.280"", ""n_seen_item_average"": ""176598.760"", ""n_vq_score_linear_scan_average"": ""858289.920"", ""refine_time_average(ms)"": ""3.400"", ""retrieval_time_average(ms)"": ""6.855"", ""retrieval_time_query_average(ms)"": ""150.284"", ""retrieval_time_query_p5(ms)"": ""51.902"", ""retrieval_time_query_p50(ms)"": ""143.023"", ""retrieval_time_query_p95(ms)"": ""248.084""}",profiling/igp_paper_cpu/chunks/igp_val_20260428T041716Z_nbit4_t32/val/lotte/igp_lotte_top100_val_chunk_011.json
igp_val_20260428T041716Z_nbit4_t32,val,lotte,100,recall@100,50,32,200,322.061191626409,322.061191626409,68.0895,14.686552258424573,3.105,0.31776953723521667,157.34673762321472,0.5684,0.55,0.8509999999999999,"{""decode_time_average(ms)"": ""10.883"", ""filter_time_average(ms)"": ""50.008"", ""incremental_graph_n_compute_l_average"": ""27344.280"", ""n_seen_item_average"": ""176598.760"", ""n_vq_score_linear_scan_average"": ""858289.920"", ""refine_time_average(ms)"": ""7.198"", ""retrieval_time_average(ms)"": ""3.105"", ""retrieval_time_query_average(ms)"": ""68.090"", ""retrieval_time_query_p5(ms)"": ""41.765"", ""retrieval_time_query_p50(ms)"": ""72.480"", ""retrieval_time_query_p95(ms)"": ""85.441""}",profiling/igp_paper_cpu/chunks/igp_val_20260428T041716Z_nbit4_t32/val/lotte/igp_lotte_top100_val_chunk_011.json
igp_val_20260428T041716Z_nbit4_t32,val,lotte,100,recall@100,50,32,500,184.36578171091443,184.36578171091443,125.7596,7.951679235620978,5.424,0.31611115557080766,158.17220973968506,0.7163999999999998,0.735,0.9554999999999999,"{""decode_time_average(ms)"": ""39.956"", ""filter_time_average(ms)"": ""68.795"", ""incremental_graph_n_compute_l_average"": ""27344.280"", ""n_seen_item_average"": ""176598.760"", ""n_vq_score_linear_scan_average"": ""858289.920"", ""refine_time_average(ms)"": ""17.008"", ""retrieval_time_average(ms)"": ""5.424"", ""retrieval_time_query_average(ms)"": ""125.760"", ""retrieval_time_query_p5(ms)"": ""71.343"", ""retrieval_time_query_p50(ms)"": ""131.791"", ""retrieval_time_query_p95(ms)"": ""183.281""}",profiling/igp_paper_cpu/chunks/igp_val_20260428T041716Z_nbit4_t32/val/lotte/igp_lotte_top100_val_chunk_011.json
igp_val_20260428T041716Z_nbit4_t32,val,lotte,100,recall@100,50,32,1000,117.30205278592375,117.30205278592375,199.93922000000006,5.001519961916425,8.525,0.31413777101986967,159.1658329963684,0.8113999999999999,0.88,0.96,"{""decode_time_average(ms)"": ""96.472"", ""filter_time_average(ms)"": ""70.870"", ""incremental_graph_n_compute_l_average"": ""27344.280"", ""n_seen_item_average"": ""176598.760"", ""n_vq_score_linear_scan_average"": ""858289.920"", ""refine_time_average(ms)"": ""32.596"", ""retrieval_time_average(ms)"": ""8.525"", ""retrieval_time_query_average(ms)"": ""199.939"", ""retrieval_time_query_p5(ms)"": ""109.451"", ""retrieval_time_query_p50(ms)"": ""174.506"", ""retrieval_time_query_p95(ms)"": ""305.703""}",profiling/igp_paper_cpu/chunks/igp_val_20260428T041716Z_nbit4_t32/val/lotte/igp_lotte_top100_val_chunk_011.json
igp_val_20260428T041716Z_nbit4_t32,val,lotte,100,recall@100,50,32,2000,59.18910920390648,59.18910920390648,432.35836,2.3128961817692155,16.895,0.30730730877119594,162.70358228683472,0.8728000000000001,0.93,0.97,"{""decode_time_average(ms)"": ""213.945"", ""filter_time_average(ms)"": ""132.256"", ""incremental_graph_n_compute_l_average"": ""27344.280"", ""n_seen_item_average"": ""176598.760"", ""n_vq_score_linear_scan_average"": ""858289.920"", ""refine_time_average(ms)"": ""86.155"", ""retrieval_time_average(ms)"": ""16.895"", ""retrieval_time_query_average(ms)"": ""432.358"", ""retrieval_time_query_p5(ms)"": ""187.207"", ""retrieval_time_query_p50(ms)"": ""427.590"", ""retrieval_time_query_p95(ms)"": ""628.233""}",profiling/igp_paper_cpu/chunks/igp_val_20260428T041716Z_nbit4_t32/val/lotte/igp_lotte_top100_val_chunk_012.json
igp_val_20260428T041716Z_nbit4_t32,val,lotte,100,recall@100,50,32,3000,70.47713017125943,70.47713017125943,321.10384,3.114257369204928,14.189,0.30681854739151426,162.96276879310608,0.8954000000000001,0.94,0.97,"{""decode_time_average(ms)"": ""143.555"", ""filter_time_average(ms)"": ""69.790"", ""incremental_graph_n_compute_l_average"": ""27344.280"", ""n_seen_item_average"": ""176598.760"", ""n_vq_score_linear_scan_average"": ""858289.920"", ""refine_time_average(ms)"": ""107.757"", ""retrieval_time_average(ms)"": ""14.189"", ""retrieval_time_query_average(ms)"": ""321.104"", ""retrieval_time_query_p5(ms)"": ""218.819"", ""retrieval_time_query_p50(ms)"": ""331.392"", ""retrieval_time_query_p95(ms)"": ""416.704""}",profiling/igp_paper_cpu/chunks/igp_val_20260428T041716Z_nbit4_t32/val/lotte/igp_lotte_top100_val_chunk_012.json
igp_val_20260428T041716Z_nbit4_t32,val,lotte,100,recall@100,50,32,4000,54.374422271763365,54.374422271763365,440.5803400000001,2.269733597282166,18.391,0.30250760963899065,165.28509831428528,0.9066000000000001,0.945,0.98,"{""decode_time_average(ms)"": ""224.494"", ""filter_time_average(ms)"": ""58.938"", ""incremental_graph_n_compute_l_average"": ""27344.280"", ""n_seen_item_average"": ""176598.760"", ""n_vq_score_linear_scan_average"": ""858289.920"", ""refine_time_average(ms)"": ""157.147"", ""retrieval_time_average(ms)"": ""18.391"", ""retrieval_time_query_average(ms)"": ""440.580"", ""retrieval_time_query_p5(ms)"": ""279.677"", ""retrieval_time_query_p50(ms)"": ""495.947"", ""retrieval_time_query_p95(ms)"": ""552.400""}",profiling/igp_paper_cpu/chunks/igp_val_20260428T041716Z_nbit4_t32/val/lotte/igp_lotte_top100_val_chunk_012.json
igp_val_20260428T041716Z_nbit4_t32,val,lotte,100,recall@100,50,32,6000,40.88474590130422,40.88474590130422,564.33942,1.7719832507890374,24.459,0.29526732844002185,169.33807158470154,0.9296,0.95,0.98,"{""decode_time_average(ms)"": ""281.935"", ""filter_time_average(ms)"": ""56.421"", ""incremental_graph_n_compute_l_average"": ""27344.280"", ""n_seen_item_average"": ""176598.760"", ""n_vq_score_linear_scan_average"": ""858289.920"", ""refine_time_average(ms)"": ""225.982"", ""retrieval_time_average(ms)"": ""24.459"", ""retrieval_time_query_average(ms)"": ""564.339"", ""retrieval_time_query_p5(ms)"": ""380.367"", ""retrieval_time_query_p50(ms)"": ""594.897"", ""retrieval_time_query_p95(ms)"": ""702.801""}",profiling/igp_paper_cpu/chunks/igp_val_20260428T041716Z_nbit4_t32/val/lotte/igp_lotte_top100_val_chunk_012.json
igp_val_20260428T041716Z_nbit4_t32,val,lotte,100,recall@100,50,64,100,112.57458065968706,112.57458065968706,198.73896000000002,5.031726039021236,8.883,0.31802011611530184,157.222758769989,0.4296,0.415,0.6954999999999999,"{""decode_time_average(ms)"": ""43.971"", ""filter_time_average(ms)"": ""151.441"", ""incremental_graph_n_compute_l_average"": ""40803.480"", ""n_seen_item_average"": ""311528.720"", ""n_vq_score_linear_scan_average"": ""1673821.680"", ""refine_time_average(ms)"": ""3.323"", ""retrieval_time_average(ms)"": ""8.883"", ""retrieval_time_query_average(ms)"": ""198.739"", ""retrieval_time_query_p5(ms)"": ""101.259"", ""retrieval_time_query_p50(ms)"": ""177.618"", ""retrieval_time_query_p95(ms)"": ""305.659""}",profiling/igp_paper_cpu/chunks/igp_val_20260428T041716Z_nbit4_t32/val/lotte/igp_lotte_top100_val_chunk_013.json
igp_val_20260428T041716Z_nbit4_t32,val,lotte,100,recall@100,50,64,200,182.0830298616169,182.0830298616169,109.92556,9.097065323115023,5.492,0.318878186287624,156.79968762397766,0.5688,0.545,0.87,"{""decode_time_average(ms)"": ""10.771"", ""filter_time_average(ms)"": ""93.017"", ""incremental_graph_n_compute_l_average"": ""40803.480"", ""n_seen_item_average"": ""311528.720"", ""n_vq_score_linear_scan_average"": ""1673821.680"", ""refine_time_average(ms)"": ""6.135"", ""retrieval_time_average(ms)"": ""5.492"", ""retrieval_time_query_average(ms)"": ""109.926"", ""retrieval_time_query_p5(ms)"": ""69.007"", ""retrieval_time_query_p50(ms)"": ""107.801"", ""retrieval_time_query_p95(ms)"": ""156.730""}",profiling/igp_paper_cpu/chunks/igp_val_20260428T041716Z_nbit4_t32/val/lotte/igp_lotte_top100_val_chunk_013.json
igp_val_20260428T041716Z_nbit4_t32,val,lotte,100,recall@100,50,64,500,128.98232942086935,128.98232942086935,171.72576,5.823238167645902,7.753,0.31785682166725615,157.30352973937988,0.725,0.735,0.96,"{""decode_time_average(ms)"": ""43.480"", ""filter_time_average(ms)"": ""110.885"", ""incremental_graph_n_compute_l_average"": ""40803.480"", ""n_seen_item_average"": ""311528.720"", ""n_vq_score_linear_scan_average"": ""1673821.680"", ""refine_time_average(ms)"": ""17.359"", ""retrieval_time_average(ms)"": ""7.753"", ""retrieval_time_query_average(ms)"": ""171.726"", ""retrieval_time_query_p5(ms)"": ""100.322"", ""retrieval_time_query_p50(ms)"": ""176.201"", ""retrieval_time_query_p95(ms)"": ""243.716""}",profiling/igp_paper_cpu/chunks/igp_val_20260428T041716Z_nbit4_t32/val/lotte/igp_lotte_top100_val_chunk_013.json
igp_val_20260428T041716Z_nbit4_t32,val,lotte,100,recall@100,50,64,1000,104.66820180029306,104.66820180029306,223.38464000000005,4.476583528751125,9.554,0.3169439524747051,157.75659894943237,0.819,0.865,0.9709999999999999,"{""decode_time_average(ms)"": ""71.483"", ""filter_time_average(ms)"": ""111.990"", ""incremental_graph_n_compute_l_average"": ""40803.480"", ""n_seen_item_average"": ""311528.720"", ""n_vq_score_linear_scan_average"": ""1673821.680"", ""refine_time_average(ms)"": ""39.910"", ""retrieval_time_average(ms)"": ""9.554"", ""retrieval_time_query_average(ms)"": ""223.385"", ""retrieval_time_query_p5(ms)"": ""150.054"", ""retrieval_time_query_p50(ms)"": ""216.636"", ""retrieval_time_query_p95(ms)"": ""290.028""}",profiling/igp_paper_cpu/chunks/igp_val_20260428T041716Z_nbit4_t32/val/lotte/igp_lotte_top100_val_chunk_013.json
igp_val_20260428T041716Z_nbit4_t32,val,lotte,100,recall@100,50,64,2000,56.532308214144386,56.532308214144386,418.11836000000005,2.3916672781362673,17.689,0.3102161322391289,161.17794919013977,0.8768,0.93,0.9754999999999999,"{""decode_time_average(ms)"": ""174.232"", ""filter_time_average(ms)"": ""173.085"", ""incremental_graph_n_compute_l_average"": ""40803.480"", ""n_seen_item_average"": ""311528.720"", ""n_vq_score_linear_scan_average"": ""1673821.680"", ""refine_time_average(ms)"": ""70.799"", ""retrieval_time_average(ms)"": ""17.689"", ""retrieval_time_query_average(ms)"": ""418.118"", ""retrieval_time_query_p5(ms)"": ""239.123"", ""retrieval_time_query_p50(ms)"": ""363.009"", ""retrieval_time_query_p95(ms)"": ""640.082""}",profiling/igp_paper_cpu/chunks/igp_val_20260428T041716Z_nbit4_t32/val/lotte/igp_lotte_top100_val_chunk_014.json
igp_val_20260428T041716Z_nbit4_t32,val,lotte,100,recall@100,50,64,3000,57.28361115884745,57.28361115884745,393.3258200000001,2.5424214459147376,17.457,0.3078697360355308,162.40634965896606,0.9065999999999999,0.94,0.98,"{""decode_time_average(ms)"": ""169.744"", ""filter_time_average(ms)"": ""108.696"", ""incremental_graph_n_compute_l_average"": ""40803.480"", ""n_seen_item_average"": ""311528.720"", ""n_vq_score_linear_scan_average"": ""1673821.680"", ""refine_time_average(ms)"": ""114.884"", ""retrieval_time_average(ms)"": ""17.457"", ""retrieval_time_query_average(ms)"": ""393.326"", ""retrieval_time_query_p5(ms)"": ""270.341"", ""retrieval_time_query_p50(ms)"": ""414.490"", ""retrieval_time_query_p95(ms)"": ""501.920""}",profiling/igp_paper_cpu/chunks/igp_val_20260428T041716Z_nbit4_t32/val/lotte/igp_lotte_top100_val_chunk_014.json
igp_val_20260428T041716Z_nbit4_t32,val,lotte,100,recall@100,50,64,4000,52.05622071837584,52.05622071837584,425.63131999999996,2.3494511635093023,19.21,0.30481065254883344,164.0362617969513,0.9152,0.95,0.98,"{""decode_time_average(ms)"": ""199.166"", ""filter_time_average(ms)"": ""106.179"", ""incremental_graph_n_compute_l_average"": ""40803.480"", ""n_seen_item_average"": ""311528.720"", ""n_vq_score_linear_scan_average"": ""1673821.680"", ""refine_time_average(ms)"": ""120.285"", ""retrieval_time_average(ms)"": ""19.210"", ""retrieval_time_query_average(ms)"": ""425.631"", ""retrieval_time_query_p5(ms)"": ""340.777"", ""retrieval_time_query_p50(ms)"": ""419.076"", ""retrieval_time_query_p95(ms)"": ""544.182""}",profiling/igp_paper_cpu/chunks/igp_val_20260428T041716Z_nbit4_t32/val/lotte/igp_lotte_top100_val_chunk_014.json
igp_val_20260428T041716Z_nbit4_t32,val,lotte,100,recall@100,50,64,6000,45.867351619117514,45.867351619117514,500.27648,1.9988946911915588,21.802,0.29617228442925625,168.8206582069397,0.9256,0.95,0.98,"{""decode_time_average(ms)"": ""249.687"", ""filter_time_average(ms)"": ""97.017"", ""incremental_graph_n_compute_l_average"": ""40803.480"", ""n_seen_item_average"": ""311528.720"", ""n_vq_score_linear_scan_average"": ""1673821.680"", ""refine_time_average(ms)"": ""153.570"", ""retrieval_time_average(ms)"": ""21.802"", ""retrieval_time_query_average(ms)"": ""500.276"", ""retrieval_time_query_p5(ms)"": ""424.691"", ""retrieval_time_query_p50(ms)"": ""501.218"", ""retrieval_time_query_p95(ms)"": ""577.053""}",profiling/igp_paper_cpu/chunks/igp_val_20260428T041716Z_nbit4_t32/val/lotte/igp_lotte_top100_val_chunk_014.json
igp_val_20260428T041716Z_nbit4_t32,val,lotte,10,recall@10,50,1,10,887.3114463176574,887.3114463176574,25.007940000000005,39.98730003350935,1.127,0.319137051193016,156.67250108718872,0.23199999999999998,0.2,0.6,"{""decode_time_average(ms)"": ""4.068"", ""filter_time_average(ms)"": ""20.521"", ""incremental_graph_n_compute_l_average"": ""13660.740"", ""n_seen_item_average"": ""10018.040"", ""n_vq_score_linear_scan_average"": ""27709.640"", ""refine_time_average(ms)"": ""0.419"", ""retrieval_time_average(ms)"": ""1.127"", ""retrieval_time_query_average(ms)"": ""25.008"", ""retrieval_time_query_p5(ms)"": ""6.895"", ""retrieval_time_query_p50(ms)"": ""28.998"", ""retrieval_time_query_p95(ms)"": ""44.349""}",profiling/igp_paper_cpu/chunks/igp_val_20260428T041716Z_nbit4_t32/val/lotte/igp_lotte_top10_val_chunk_001.json
igp_val_20260428T041716Z_nbit4_t32,val,lotte,10,recall@10,50,1,20,746.8259895444362,746.8259895444362,27.986180000000004,35.731921970058075,1.339,0.3208332691496574,155.8441870212555,0.31999999999999995,0.3,0.8549999999999998,"{""decode_time_average(ms)"": ""6.587"", ""filter_time_average(ms)"": ""20.771"", ""incremental_graph_n_compute_l_average"": ""13660.740"", ""n_seen_item_average"": ""10018.040"", ""n_vq_score_linear_scan_average"": ""27709.640"", ""refine_time_average(ms)"": ""0.628"", ""retrieval_time_average(ms)"": ""1.339"", ""retrieval_time_query_average(ms)"": ""27.986"", ""retrieval_time_query_p5(ms)"": ""8.831"", ""retrieval_time_query_p50(ms)"": ""34.690"", ""retrieval_time_query_p95(ms)"": ""41.690""}",profiling/igp_paper_cpu/chunks/igp_val_20260428T041716Z_nbit4_t32/val/lotte/igp_lotte_top10_val_chunk_001.json
igp_val_20260428T041716Z_nbit4_t32,val,lotte,10,recall@10,50,1,50,496.7709885742673,496.7709885742673,38.201040000000006,26.17729779084548,2.013,0.32032004339980763,156.09388494491577,0.41800000000000004,0.4,0.9,"{""decode_time_average(ms)"": ""20.261"", ""filter_time_average(ms)"": ""16.279"", ""incremental_graph_n_compute_l_average"": ""13660.740"", ""n_seen_item_average"": ""10018.040"", ""n_vq_score_linear_scan_average"": ""27709.640"", ""refine_time_average(ms)"": ""1.661"", ""retrieval_time_average(ms)"": ""2.013"", ""retrieval_time_query_average(ms)"": ""38.201"", ""retrieval_time_query_p5(ms)"": ""10.844"", ""retrieval_time_query_p50(ms)"": ""32.653"", ""retrieval_time_query_p95(ms)"": ""71.713""}",profiling/igp_paper_cpu/chunks/igp_val_20260428T041716Z_nbit4_t32/val/lotte/igp_lotte_top10_val_chunk_001.json
igp_val_20260428T041716Z_nbit4_t32,val,lotte,10,recall@10,50,1,100,853.2423208191127,853.2423208191127,29.828940000000003,33.52448997517176,1.172,0.3203712862498986,156.06891798973083,0.48800000000000004,0.5,1.0,"{""decode_time_average(ms)"": ""9.439"", ""filter_time_average(ms)"": ""16.270"", ""incremental_graph_n_compute_l_average"": ""13660.740"", ""n_seen_item_average"": ""10018.040"", ""n_vq_score_linear_scan_average"": ""27709.640"", ""refine_time_average(ms)"": ""4.119"", ""retrieval_time_average(ms)"": ""1.172"", ""retrieval_time_query_average(ms)"": ""29.829"", ""retrieval_time_query_p5(ms)"": ""13.601"", ""retrieval_time_query_p50(ms)"": ""35.859"", ""retrieval_time_query_p95(ms)"": ""41.469""}",profiling/igp_paper_cpu/chunks/igp_val_20260428T041716Z_nbit4_t32/val/lotte/igp_lotte_top10_val_chunk_001.json
igp_val_20260428T041716Z_nbit4_t32,val,lotte,10,recall@10,50,1,200,452.2840343735866,452.2840343735866,57.17575999999999,17.489929298709807,2.211,0.2762260608639016,181.01116108894348,0.534,0.5,1.0,"{""decode_time_average(ms)"": ""12.793"", ""filter_time_average(ms)"": ""36.800"", ""incremental_graph_n_compute_l_average"": ""13660.740"", ""n_seen_item_average"": ""10018.040"", ""n_vq_score_linear_scan_average"": ""27709.640"", ""refine_time_average(ms)"": ""7.583"", ""retrieval_time_average(ms)"": ""2.211"", ""retrieval_time_query_average(ms)"": ""57.176"", ""retrieval_time_query_p5(ms)"": ""21.152"", ""retrieval_time_query_p50(ms)"": ""65.263"", ""retrieval_time_query_p95(ms)"": ""85.573""}",profiling/igp_paper_cpu/chunks/igp_val_20260428T041716Z_nbit4_t32/val/lotte/igp_lotte_top10_val_chunk_002.json
igp_val_20260428T041716Z_nbit4_t32,val,lotte,10,recall@10,50,1,300,152.60186174271325,152.60186174271325,117.37191999999999,8.51992537908556,6.553,0.27251012151641135,183.47942352294922,0.5579999999999999,0.5,1.0,"{""decode_time_average(ms)"": ""76.619"", ""filter_time_average(ms)"": ""28.769"", ""incremental_graph_n_compute_l_average"": ""13660.740"", ""n_seen_item_average"": ""10018.040"", ""n_vq_score_linear_scan_average"": ""27709.640"", ""refine_time_average(ms)"": ""11.984"", ""retrieval_time_average(ms)"": ""6.553"", ""retrieval_time_query_average(ms)"": ""117.372"", ""retrieval_time_query_p5(ms)"": ""46.670"", ""retrieval_time_query_p50(ms)"": ""61.759"", ""retrieval_time_query_p95(ms)"": ""243.990""}",profiling/igp_paper_cpu/chunks/igp_val_20260428T041716Z_nbit4_t32/val/lotte/igp_lotte_top10_val_chunk_002.json
igp_val_20260428T041716Z_nbit4_t32,val,lotte,10,recall@10,50,1,400,314.96062992125985,314.96062992125985,66.72746000000001,14.986333962059996,3.175,0.317905575338425,157.27940583229065,0.5860000000000001,0.6,1.0,"{""decode_time_average(ms)"": ""37.421"", ""filter_time_average(ms)"": ""12.631"", ""incremental_graph_n_compute_l_average"": ""13660.740"", ""n_seen_item_average"": ""10018.040"", ""n_vq_score_linear_scan_average"": ""27709.640"", ""refine_time_average(ms)"": ""16.676"", ""retrieval_time_average(ms)"": ""3.175"", ""retrieval_time_query_average(ms)"": ""66.727"", ""retrieval_time_query_p5(ms)"": ""37.572"", ""retrieval_time_query_p50(ms)"": ""68.157"", ""retrieval_time_query_p95(ms)"": ""106.267""}",profiling/igp_paper_cpu/chunks/igp_val_20260428T041716Z_nbit4_t32/val/lotte/igp_lotte_top10_val_chunk_002.json
igp_val_20260428T041716Z_nbit4_t32,val,lotte,10,recall@10,50,1,600,231.69601482854495,231.69601482854495,105.23758000000002,9.50230896605566,4.316,0.31731476399694003,157.57224583625793,0.6140000000000001,0.6499999999999999,1.0,"{""decode_time_average(ms)"": ""69.888"", ""filter_time_average(ms)"": ""10.187"", ""incremental_graph_n_compute_l_average"": ""13660.740"", ""n_seen_item_average"": ""10018.040"", ""n_vq_score_linear_scan_average"": ""27709.640"", ""refine_time_average(ms)"": ""25.162"", ""retrieval_time_average(ms)"": ""4.316"", ""retrieval_time_query_average(ms)"": ""105.238"", ""retrieval_time_query_p5(ms)"": ""51.858"", ""retrieval_time_query_p50(ms)"": ""102.234"", ""retrieval_time_query_p95(ms)"": ""165.205""}",profiling/igp_paper_cpu/chunks/igp_val_20260428T041716Z_nbit4_t32/val/lotte/igp_lotte_top10_val_chunk_002.json
igp_val_20260428T041716Z_nbit4_t32,val,lotte,10,recall@10,50,2,10,1067.2358591248665,1067.2358591248665,22.12166,45.20456421443961,0.937,0.31976558883242734,156.36454248428345,0.302,0.3,0.5549999999999997,"{""decode_time_average(ms)"": ""2.830"", ""filter_time_average(ms)"": ""18.870"", ""incremental_graph_n_compute_l_average"": ""14117.980"", ""n_seen_item_average"": ""17004.460"", ""n_vq_score_linear_scan_average"": ""55142.720"", ""refine_time_average(ms)"": ""0.422"", ""retrieval_time_average(ms)"": ""0.937"", ""retrieval_time_query_average(ms)"": ""22.122"", ""retrieval_time_query_p5(ms)"": ""6.360"", ""retrieval_time_query_p50(ms)"": ""27.641"", ""retrieval_time_query_p95(ms)"": ""37.914""}",profiling/igp_paper_cpu/chunks/igp_val_20260428T041716Z_nbit4_t32/val/lotte/igp_lotte_top10_val_chunk_003.json
igp_val_20260428T041716Z_nbit4_t32,val,lotte,10,recall@10,50,2,20,868.8097306689834,868.8097306689834,27.559099999999994,36.28565519193298,1.151,0.3214600863687005,155.54030537605286,0.43200000000000005,0.45,0.8549999999999998,"{""decode_time_average(ms)"": ""7.440"", ""filter_time_average(ms)"": ""19.357"", ""incremental_graph_n_compute_l_average"": ""14117.980"", ""n_seen_item_average"": ""17004.460"", ""n_vq_score_linear_scan_average"": ""55142.720"", ""refine_time_average(ms)"": ""0.761"", ""retrieval_time_average(ms)"": ""1.151"", ""retrieval_time_query_average(ms)"": ""27.559"", ""retrieval_time_query_p5(ms)"": ""8.036"", ""retrieval_time_query_p50(ms)"": ""35.223"", ""retrieval_time_query_p95(ms)"": ""40.409""}",profiling/igp_paper_cpu/chunks/igp_val_20260428T041716Z_nbit4_t32/val/lotte/igp_lotte_top10_val_chunk_003.json
igp_val_20260428T041716Z_nbit4_t32,val,lotte,10,recall@10,50,2,50,769.2307692307692,769.2307692307692,31.82588,31.420969349472816,1.3,0.3211702828406451,155.680655002594,0.5539999999999999,0.6,0.9,"{""decode_time_average(ms)"": ""10.473"", ""filter_time_average(ms)"": ""19.430"", ""incremental_graph_n_compute_l_average"": ""14117.980"", ""n_seen_item_average"": ""17004.460"", ""n_vq_score_linear_scan_average"": ""55142.720"", ""refine_time_average(ms)"": ""1.923"", ""retrieval_time_average(ms)"": ""1.300"", ""retrieval_time_query_average(ms)"": ""31.826"", ""retrieval_time_query_p5(ms)"": ""9.149"", ""retrieval_time_query_p50(ms)"": ""40.996"", ""retrieval_time_query_p95(ms)"": ""46.766""}",profiling/igp_paper_cpu/chunks/igp_val_20260428T041716Z_nbit4_t32/val/lotte/igp_lotte_top10_val_chunk_003.json
igp_val_20260428T041716Z_nbit4_t32,val,lotte,10,recall@10,50,2,100,487.0920603994155,487.0920603994155,47.48461999999999,21.059450407310834,2.053,0.3203626370524154,156.0731315612793,0.596,0.6,0.9549999999999997,"{""decode_time_average(ms)"": ""21.236"", ""filter_time_average(ms)"": ""22.365"", ""incremental_graph_n_compute_l_average"": ""14117.980"", ""n_seen_item_average"": ""17004.460"", ""n_vq_score_linear_scan_average"": ""55142.720"", ""refine_time_average(ms)"": ""3.884"", ""retrieval_time_average(ms)"": ""2.053"", ""retrieval_time_query_average(ms)"": ""47.485"", ""retrieval_time_query_p5(ms)"": ""14.794"", ""retrieval_time_query_p50(ms)"": ""56.066"", ""retrieval_time_query_p95(ms)"": ""72.930""}",profiling/igp_paper_cpu/chunks/igp_val_20260428T041716Z_nbit4_t32/val/lotte/igp_lotte_top10_val_chunk_003.json
igp_val_20260428T041716Z_nbit4_t32,val,lotte,10,recall@10,50,2,200,527.7044854881267,527.7044854881267,47.87008,20.889875262376833,1.895,0.32038464538889944,156.06241035461426,0.64,0.7,1.0,"{""decode_time_average(ms)"": ""17.374"", ""filter_time_average(ms)"": ""22.264"", ""incremental_graph_n_compute_l_average"": ""14117.980"", ""n_seen_item_average"": ""17004.460"", ""n_vq_score_linear_scan_average"": ""55142.720"", ""refine_time_average(ms)"": ""8.231"", ""retrieval_time_average(ms)"": ""1.895"", ""retrieval_time_query_average(ms)"": ""47.870"", ""retrieval_time_query_p5(ms)"": ""19.361"", ""retrieval_time_query_p50(ms)"": ""57.791"", ""retrieval_time_query_p95(ms)"": ""69.447""}",profiling/igp_paper_cpu/chunks/igp_val_20260428T041716Z_nbit4_t32/val/lotte/igp_lotte_top10_val_chunk_004.json
igp_val_20260428T041716Z_nbit4_t32,val,lotte,10,recall@10,50,2,300,213.1741632914091,213.1741632914091,92.9251,10.761355112881235,4.691,0.32025730780582273,156.12446236610413,0.6559999999999999,0.7,1.0,"{""decode_time_average(ms)"": ""59.645"", ""filter_time_average(ms)"": ""22.442"", ""incremental_graph_n_compute_l_average"": ""14117.980"", ""n_seen_item_average"": ""17004.460"", ""n_vq_score_linear_scan_average"": ""55142.720"", ""refine_time_average(ms)"": ""10.838"", ""retrieval_time_average(ms)"": ""4.691"", ""retrieval_time_query_average(ms)"": ""92.925"", ""retrieval_time_query_p5(ms)"": ""36.915"", ""retrieval_time_query_p50(ms)"": ""70.773"", ""retrieval_time_query_p95(ms)"": ""177.489""}",profiling/igp_paper_cpu/chunks/igp_val_20260428T041716Z_nbit4_t32/val/lotte/igp_lotte_top10_val_chunk_004.json
igp_val_20260428T041716Z_nbit4_t32,val,lotte,10,recall@10,50,2,400,207.12510356255177,207.12510356255177,94.82052000000002,10.54624041294015,4.828,0.3206109047648838,155.9522750377655,0.68,0.7,1.0,"{""decode_time_average(ms)"": ""60.588"", ""filter_time_average(ms)"": ""19.610"", ""incremental_graph_n_compute_l_average"": ""14117.980"", ""n_seen_item_average"": ""17004.460"", ""n_vq_score_linear_scan_average"": ""55142.720"", ""refine_time_average(ms)"": ""14.622"", ""retrieval_time_average(ms)"": ""4.828"", ""retrieval_time_query_average(ms)"": ""94.821"", ""retrieval_time_query_p5(ms)"": ""46.382"", ""retrieval_time_query_p50(ms)"": ""74.098"", ""retrieval_time_query_p95(ms)"": ""172.354""}",profiling/igp_paper_cpu/chunks/igp_val_20260428T041716Z_nbit4_t32/val/lotte/igp_lotte_top10_val_chunk_004.json
igp_val_20260428T041716Z_nbit4_t32,val,lotte,10,recall@10,50,2,600,291.4602156805596,291.4602156805596,89.2192,11.208349772246333,3.431,0.32025875789547076,156.1237554550171,0.7000000000000002,0.75,1.0,"{""decode_time_average(ms)"": ""44.996"", ""filter_time_average(ms)"": ""17.912"", ""incremental_graph_n_compute_l_average"": ""14117.980"", ""n_seen_item_average"": ""17004.460"", ""n_vq_score_linear_scan_average"": ""55142.720"", ""refine_time_average(ms)"": ""26.311"", ""retrieval_time_average(ms)"": ""3.431"", ""retrieval_time_query_average(ms)"": ""89.219"", ""retrieval_time_query_p5(ms)"": ""50.112"", ""retrieval_time_query_p50(ms)"": ""101.042"", ""retrieval_time_query_p95(ms)"": ""122.463""}",profiling/igp_paper_cpu/chunks/igp_val_20260428T041716Z_nbit4_t32/val/lotte/igp_lotte_top10_val_chunk_004.json
igp_val_20260428T041716Z_nbit4_t32,val,lotte,10,recall@10,50,4,10,554.9389567147614,554.9389567147614,39.859919999999995,25.08785767758691,1.802,0.31729449170524693,157.58231329917908,0.34800000000000003,0.3,0.6549999999999997,"{""decode_time_average(ms)"": ""7.802"", ""filter_time_average(ms)"": ""31.611"", ""incremental_graph_n_compute_l_average"": ""15068.500"", ""n_seen_item_average"": ""31026.380"", ""n_vq_score_linear_scan_average"": ""111048.840"", ""refine_time_average(ms)"": ""0.447"", ""retrieval_time_average(ms)"": ""1.802"", ""retrieval_time_query_average(ms)"": ""39.860"", ""retrieval_time_query_p5(ms)"": ""9.925"", ""retrieval_time_query_p50(ms)"": ""46.714"", ""retrieval_time_query_p95(ms)"": ""64.887""}",profiling/igp_paper_cpu/chunks/igp_val_20260428T041716Z_nbit4_t32/val/lotte/igp_lotte_top10_val_chunk_005.json
igp_val_20260428T041716Z_nbit4_t32,val,lotte,10,recall@10,50,4,20,753.0120481927711,753.0120481927711,30.02564,33.30486877215606,1.328,0.3184941209563203,156.98876905441284,0.4599999999999999,0.4,0.9,"{""decode_time_average(ms)"": ""4.088"", ""filter_time_average(ms)"": ""25.239"", ""incremental_graph_n_compute_l_average"": ""15068.500"", ""n_seen_item_average"": ""31026.380"", ""n_vq_score_linear_scan_average"": ""111048.840"", ""refine_time_average(ms)"": ""0.699"", ""retrieval_time_average(ms)"": ""1.328"", ""retrieval_time_query_average(ms)"": ""30.026"", ""retrieval_time_query_p5(ms)"": ""9.687"", ""retrieval_time_query_p50(ms)"": ""32.892"", ""retrieval_time_query_p95(ms)"": ""48.295""}",profiling/igp_paper_cpu/chunks/igp_val_20260428T041716Z_nbit4_t32/val/lotte/igp_lotte_top10_val_chunk_005.json
igp_val_20260428T041716Z_nbit4_t32,val,lotte,10,recall@10,50,4,50,846.740050804403,846.740050804403,27.806780000000003,35.96245232277883,1.181,0.31834350818215884,157.06304264068604,0.6259999999999999,0.6,0.9549999999999997,"{""decode_time_average(ms)"": ""6.372"", ""filter_time_average(ms)"": ""19.727"", ""incremental_graph_n_compute_l_average"": ""15068.500"", ""n_seen_item_average"": ""31026.380"", ""n_vq_score_linear_scan_average"": ""111048.840"", ""refine_time_average(ms)"": ""1.708"", ""retrieval_time_average(ms)"": ""1.181"", ""retrieval_time_query_average(ms)"": ""27.807"", ""retrieval_time_query_p5(ms)"": ""12.224"", ""retrieval_time_query_p50(ms)"": ""30.737"", ""retrieval_time_query_p95(ms)"": ""42.941""}",profiling/igp_paper_cpu/chunks/igp_val_20260428T041716Z_nbit4_t32/val/lotte/igp_lotte_top10_val_chunk_005.json
igp_val_20260428T041716Z_nbit4_t32,val,lotte,10,recall@10,50,4,100,693.4812760055479,693.4812760055479,35.40488,28.24469395179422,1.442,0.31733246848420926,157.56345462799072,0.6980000000000001,0.75,1.0,"{""decode_time_average(ms)"": ""9.607"", ""filter_time_average(ms)"": ""22.002"", ""incremental_graph_n_compute_l_average"": ""15068.500"", ""n_seen_item_average"": ""31026.380"", ""n_vq_score_linear_scan_average"": ""111048.840"", ""refine_time_average(ms)"": ""3.796"", ""retrieval_time_average(ms)"": ""1.442"", ""retrieval_time_query_average(ms)"": ""35.405"", ""retrieval_time_query_p5(ms)"": ""14.112"", ""retrieval_time_query_p50(ms)"": ""42.903"", ""retrieval_time_query_p95(ms)"": ""52.672""}",profiling/igp_paper_cpu/chunks/igp_val_20260428T041716Z_nbit4_t32/val/lotte/igp_lotte_top10_val_chunk_005.json
igp_val_20260428T041716Z_nbit4_t32,val,lotte,10,recall@10,50,4,200,458.7155963302752,458.7155963302752,50.56742,19.77557882130431,2.18,0.3171569154161605,157.65066933631897,0.752,0.8,1.0,"{""decode_time_average(ms)"": ""15.153"", ""filter_time_average(ms)"": ""27.681"", ""incremental_graph_n_compute_l_average"": ""15068.500"", ""n_seen_item_average"": ""31026.380"", ""n_vq_score_linear_scan_average"": ""111048.840"", ""refine_time_average(ms)"": ""7.733"", ""retrieval_time_average(ms)"": ""2.180"", ""retrieval_time_query_average(ms)"": ""50.567"", ""retrieval_time_query_p5(ms)"": ""22.428"", ""retrieval_time_query_p50(ms)"": ""57.843"", ""retrieval_time_query_p95(ms)"": ""72.292""}",profiling/igp_paper_cpu/chunks/igp_val_20260428T041716Z_nbit4_t32/val/lotte/igp_lotte_top10_val_chunk_006.json
igp_val_20260428T041716Z_nbit4_t32,val,lotte,10,recall@10,50,4,300,142.02528049992898,142.02528049992898,129.42194,7.726665200660722,7.041,0.3161328852820435,158.16133761405945,0.78,0.8500000000000001,1.0,"{""decode_time_average(ms)"": ""89.009"", ""filter_time_average(ms)"": ""27.663"", ""incremental_graph_n_compute_l_average"": ""15068.500"", ""n_seen_item_average"": ""31026.380"", ""n_vq_score_linear_scan_average"": ""111048.840"", ""refine_time_average(ms)"": ""12.750"", ""retrieval_time_average(ms)"": ""7.041"", ""retrieval_time_query_average(ms)"": ""129.422"", ""retrieval_time_query_p5(ms)"": ""45.614"", ""retrieval_time_query_p50(ms)"": ""86.172"", ""retrieval_time_query_p95(ms)"": ""259.999""}",profiling/igp_paper_cpu/chunks/igp_val_20260428T041716Z_nbit4_t32/val/lotte/igp_lotte_top10_val_chunk_006.json
igp_val_20260428T041716Z_nbit4_t32,val,lotte,10,recall@10,50,4,400,311.4294612270321,311.4294612270321,72.00774,13.887395993819554,3.211,0.31808352878088814,157.19141507148743,0.7880000000000001,0.8500000000000001,1.0,"{""decode_time_average(ms)"": ""34.618"", ""filter_time_average(ms)"": ""25.482"", ""incremental_graph_n_compute_l_average"": ""15068.500"", ""n_seen_item_average"": ""31026.380"", ""n_vq_score_linear_scan_average"": ""111048.840"", ""refine_time_average(ms)"": ""11.907"", ""retrieval_time_average(ms)"": ""3.211"", ""retrieval_time_query_average(ms)"": ""72.008"", ""retrieval_time_query_p5(ms)"": ""37.210"", ""retrieval_time_query_p50(ms)"": ""78.847"", ""retrieval_time_query_p95(ms)"": ""111.349""}",profiling/igp_paper_cpu/chunks/igp_val_20260428T041716Z_nbit4_t32/val/lotte/igp_lotte_top10_val_chunk_006.json
igp_val_20260428T041716Z_nbit4_t32,val,lotte,10,recall@10,50,4,600,298.5074626865672,298.5074626865672,82.2718,12.15483312629601,3.35,0.3184922679258676,156.98968243598938,0.8080000000000002,0.9,1.0,"{""decode_time_average(ms)"": ""43.582"", ""filter_time_average(ms)"": ""18.349"", ""incremental_graph_n_compute_l_average"": ""15068.500"", ""n_seen_item_average"": ""31026.380"", ""n_vq_score_linear_scan_average"": ""111048.840"", ""refine_time_average(ms)"": ""20.340"", ""retrieval_time_average(ms)"": ""3.350"", ""retrieval_time_query_average(ms)"": ""82.272"", ""retrieval_time_query_p5(ms)"": ""48.403"", ""retrieval_time_query_p50(ms)"": ""85.455"", ""retrieval_time_query_p95(ms)"": ""116.921""}",profiling/igp_paper_cpu/chunks/igp_val_20260428T041716Z_nbit4_t32/val/lotte/igp_lotte_top10_val_chunk_006.json
igp_val_20260428T041716Z_nbit4_t32,val,lotte,10,recall@10,50,8,10,573.3944954128441,573.3944954128441,42.23924,23.674668388919876,1.744,0.320218484031883,156.14339113235474,0.37999999999999995,0.4,0.7,"{""decode_time_average(ms)"": ""8.859"", ""filter_time_average(ms)"": ""32.810"", ""incremental_graph_n_compute_l_average"": ""16961.760"", ""n_seen_item_average"": ""55882.180"", ""n_vq_score_linear_scan_average"": ""223332.080"", ""refine_time_average(ms)"": ""0.570"", ""retrieval_time_average(ms)"": ""1.744"", ""retrieval_time_query_average(ms)"": ""42.239"", ""retrieval_time_query_p5(ms)"": ""11.842"", ""retrieval_time_query_p50(ms)"": ""52.296"", ""retrieval_time_query_p95(ms)"": ""65.308""}",profiling/igp_paper_cpu/chunks/igp_val_20260428T041716Z_nbit4_t32/val/lotte/igp_lotte_top10_val_chunk_007.json
igp_val_20260428T041716Z_nbit4_t32,val,lotte,10,recall@10,50,8,20,753.5795026375283,753.5795026375283,28.86422,34.644968753702685,1.327,0.320247718471013,156.12913727760315,0.502,0.5,0.9,"{""decode_time_average(ms)"": ""3.105"", ""filter_time_average(ms)"": ""25.193"", ""incremental_graph_n_compute_l_average"": ""16961.760"", ""n_seen_item_average"": ""55882.180"", ""n_vq_score_linear_scan_average"": ""223332.080"", ""refine_time_average(ms)"": ""0.566"", ""retrieval_time_average(ms)"": ""1.327"", ""retrieval_time_query_average(ms)"": ""28.864"", ""retrieval_time_query_p5(ms)"": ""11.827"", ""retrieval_time_query_p50(ms)"": ""32.534"", ""retrieval_time_query_p95(ms)"": ""46.102""}",profiling/igp_paper_cpu/chunks/igp_val_20260428T041716Z_nbit4_t32/val/lotte/igp_lotte_top10_val_chunk_007.json
igp_val_20260428T041716Z_nbit4_t32,val,lotte,10,recall@10,50,8,50,369.4126339120798,369.4126339120798,46.38078,21.560655081695476,2.707,0.3200366956137927,156.232084274292,0.67,0.7,1.0,"{""decode_time_average(ms)"": ""18.814"", ""filter_time_average(ms)"": ""25.968"", ""incremental_graph_n_compute_l_average"": ""16961.760"", ""n_seen_item_average"": ""55882.180"", ""n_vq_score_linear_scan_average"": ""223332.080"", ""refine_time_average(ms)"": ""1.598"", ""retrieval_time_average(ms)"": ""2.707"", ""retrieval_time_query_average(ms)"": ""46.381"", ""retrieval_time_query_p5(ms)"": ""14.804"", ""retrieval_time_query_p50(ms)"": ""37.234"", ""retrieval_time_query_p95(ms)"": ""86.559""}",profiling/igp_paper_cpu/chunks/igp_val_20260428T041716Z_nbit4_t32/val/lotte/igp_lotte_top10_val_chunk_007.json
igp_val_20260428T041716Z_nbit4_t32,val,lotte,10,recall@10,50,8,100,619.9628022318661,619.9628022318661,36.68456,27.259424673486613,1.613,0.32036091441395587,156.07397079467773,0.7460000000000001,0.8,1.0,"{""decode_time_average(ms)"": ""8.256"", ""filter_time_average(ms)"": ""24.700"", ""incremental_graph_n_compute_l_average"": ""16961.760"", ""n_seen_item_average"": ""55882.180"", ""n_vq_score_linear_scan_average"": ""223332.080"", ""refine_time_average(ms)"": ""3.728"", ""retrieval_time_average(ms)"": ""1.613"", ""retrieval_time_query_average(ms)"": ""36.685"", ""retrieval_time_query_p5(ms)"": ""16.965"", ""retrieval_time_query_p50(ms)"": ""41.320"", ""retrieval_time_query_p95(ms)"": ""55.452""}",profiling/igp_paper_cpu/chunks/igp_val_20260428T041716Z_nbit4_t32/val/lotte/igp_lotte_top10_val_chunk_007.json
igp_val_20260428T041716Z_nbit4_t32,val,lotte,10,recall@10,50,8,200,418.06020066889636,418.06020066889636,51.30330000000001,19.491923521488868,2.392,0.3162661322002603,158.09470224380493,0.82,0.9,1.0,"{""decode_time_average(ms)"": ""13.882"", ""filter_time_average(ms)"": ""30.259"", ""incremental_graph_n_compute_l_average"": ""16961.760"", ""n_seen_item_average"": ""55882.180"", ""n_vq_score_linear_scan_average"": ""223332.080"", ""refine_time_average(ms)"": ""7.162"", ""retrieval_time_average(ms)"": ""2.392"", ""retrieval_time_query_average(ms)"": ""51.303"", ""retrieval_time_query_p5(ms)"": ""24.905"", ""retrieval_time_query_p50(ms)"": ""55.890"", ""retrieval_time_query_p95(ms)"": ""81.373""}",profiling/igp_paper_cpu/chunks/igp_val_20260428T041716Z_nbit4_t32/val/lotte/igp_lotte_top10_val_chunk_008.json
igp_val_20260428T041716Z_nbit4_t32,val,lotte,10,recall@10,50,8,300,134.1741580571582,134.1741580571582,139.69392,7.158507685946533,7.453,0.3165121759755249,157.97180581092834,0.8460000000000001,0.9,1.0,"{""decode_time_average(ms)"": ""91.988"", ""filter_time_average(ms)"": ""35.886"", ""incremental_graph_n_compute_l_average"": ""16961.760"", ""n_seen_item_average"": ""55882.180"", ""n_vq_score_linear_scan_average"": ""223332.080"", ""refine_time_average(ms)"": ""11.820"", ""retrieval_time_average(ms)"": ""7.453"", ""retrieval_time_query_average(ms)"": ""139.694"", ""retrieval_time_query_p5(ms)"": ""49.546"", ""retrieval_time_query_p50(ms)"": ""90.846"", ""retrieval_time_query_p95(ms)"": ""280.097""}",profiling/igp_paper_cpu/chunks/igp_val_20260428T041716Z_nbit4_t32/val/lotte/igp_lotte_top10_val_chunk_008.json
igp_val_20260428T041716Z_nbit4_t32,val,lotte,10,recall@10,50,8,400,343.52456200618343,343.52456200618343,67.22265999999999,14.87593617985364,2.911,0.3184029422246976,157.03372478485107,0.856,0.9,1.0,"{""decode_time_average(ms)"": ""30.742"", ""filter_time_average(ms)"": ""25.418"", ""incremental_graph_n_compute_l_average"": ""16961.760"", ""n_seen_item_average"": ""55882.180"", ""n_vq_score_linear_scan_average"": ""223332.080"", ""refine_time_average(ms)"": ""11.063"", ""retrieval_time_average(ms)"": ""2.911"", ""retrieval_time_query_average(ms)"": ""67.223"", ""retrieval_time_query_p5(ms)"": ""36.724"", ""retrieval_time_query_p50(ms)"": ""72.196"", ""retrieval_time_query_p95(ms)"": ""95.104""}",profiling/igp_paper_cpu/chunks/igp_val_20260428T041716Z_nbit4_t32/val/lotte/igp_lotte_top10_val_chunk_008.json
igp_val_20260428T041716Z_nbit4_t32,val,lotte,10,recall@10,50,8,600,242.306760358614,242.306760358614,92.63958000000002,10.79452216860223,4.127,0.3178633646210429,157.3002917766571,0.8599999999999999,0.9,1.0,"{""decode_time_average(ms)"": ""50.786"", ""filter_time_average(ms)"": ""24.116"", ""incremental_graph_n_compute_l_average"": ""16961.760"", ""n_seen_item_average"": ""55882.180"", ""n_vq_score_linear_scan_average"": ""223332.080"", ""refine_time_average(ms)"": ""17.737"", ""retrieval_time_average(ms)"": ""4.127"", ""retrieval_time_query_average(ms)"": ""92.640"", ""retrieval_time_query_p5(ms)"": ""56.827"", ""retrieval_time_query_p50(ms)"": ""87.898"", ""retrieval_time_query_p95(ms)"": ""141.566""}",profiling/igp_paper_cpu/chunks/igp_val_20260428T041716Z_nbit4_t32/val/lotte/igp_lotte_top10_val_chunk_008.json
igp_val_20260428T041716Z_nbit4_t32,val,lotte,10,recall@10,50,16,10,197.82393669634027,197.82393669634027,117.93490000000001,8.47925423263173,5.055,0.15163465969578593,329.7399163246155,0.402,0.4,0.7,"{""decode_time_average(ms)"": ""15.038"", ""filter_time_average(ms)"": ""101.845"", ""incremental_graph_n_compute_l_average"": ""20579.560"", ""n_seen_item_average"": ""97291.440"", ""n_vq_score_linear_scan_average"": ""438661.520"", ""refine_time_average(ms)"": ""1.051"", ""retrieval_time_average(ms)"": ""5.055"", ""retrieval_time_query_average(ms)"": ""117.935"", ""retrieval_time_query_p5(ms)"": ""46.179"", ""retrieval_time_query_p50(ms)"": ""131.045"", ""retrieval_time_query_p95(ms)"": ""184.370""}",profiling/igp_paper_cpu/chunks/igp_val_20260428T041716Z_nbit4_t32/val/lotte/igp_lotte_top10_val_chunk_009.json
igp_val_20260428T041716Z_nbit4_t32,val,lotte,10,recall@10,50,16,20,147.77597162701343,147.77597162701343,137.57134000000002,7.268955874094123,6.767,0.15585406683786532,320.812931060791,0.546,0.55,0.9,"{""decode_time_average(ms)"": ""13.939"", ""filter_time_average(ms)"": ""122.151"", ""incremental_graph_n_compute_l_average"": ""20579.560"", ""n_seen_item_average"": ""97291.440"", ""n_vq_score_linear_scan_average"": ""438661.520"", ""refine_time_average(ms)"": ""1.481"", ""retrieval_time_average(ms)"": ""6.767"", ""retrieval_time_query_average(ms)"": ""137.571"", ""retrieval_time_query_p5(ms)"": ""44.770"", ""retrieval_time_query_p50(ms)"": ""134.742"", ""retrieval_time_query_p95(ms)"": ""238.309""}",profiling/igp_paper_cpu/chunks/igp_val_20260428T041716Z_nbit4_t32/val/lotte/igp_lotte_top10_val_chunk_009.json
igp_val_20260428T041716Z_nbit4_t32,val,lotte,10,recall@10,50,16,50,109.11074740861976,109.11074740861976,188.74983999999998,5.298017736068015,9.165,0.1571172985402343,318.2335774898529,0.714,0.8,1.0,"{""decode_time_average(ms)"": ""30.843"", ""filter_time_average(ms)"": ""154.085"", ""incremental_graph_n_compute_l_average"": ""20579.560"", ""n_seen_item_average"": ""97291.440"", ""n_vq_score_linear_scan_average"": ""438661.520"", ""refine_time_average(ms)"": ""3.821"", ""retrieval_time_average(ms)"": ""9.165"", ""retrieval_time_query_average(ms)"": ""188.750"", ""retrieval_time_query_p5(ms)"": ""76.194"", ""retrieval_time_query_p50(ms)"": ""205.407"", ""retrieval_time_query_p95(ms)"": ""313.433""}",profiling/igp_paper_cpu/chunks/igp_val_20260428T041716Z_nbit4_t32/val/lotte/igp_lotte_top10_val_chunk_009.json
igp_val_20260428T041716Z_nbit4_t32,val,lotte,10,recall@10,50,16,100,120.72920439454305,120.72920439454305,187.98026000000002,5.319707505458285,8.283,0.15841294227284472,315.63077664375305,0.7980000000000002,0.8500000000000001,1.0,"{""decode_time_average(ms)"": ""20.912"", ""filter_time_average(ms)"": ""159.919"", ""incremental_graph_n_compute_l_average"": ""20579.560"", ""n_seen_item_average"": ""97291.440"", ""n_vq_score_linear_scan_average"": ""438661.520"", ""refine_time_average(ms)"": ""7.149"", ""retrieval_time_average(ms)"": ""8.283"", ""retrieval_time_query_average(ms)"": ""187.980"", ""retrieval_time_query_p5(ms)"": ""64.508"", ""retrieval_time_query_p50(ms)"": ""219.797"", ""retrieval_time_query_p95(ms)"": ""286.876""}",profiling/igp_paper_cpu/chunks/igp_val_20260428T041716Z_nbit4_t32/val/lotte/igp_lotte_top10_val_chunk_009.json
igp_val_20260428T041716Z_nbit4_t32,val,lotte,10,recall@10,50,16,200,381.38825324180016,381.38825324180016,59.86335999999999,16.704708856970274,2.622,0.3185738003755839,156.94950413703918,0.852,0.9,1.0,"{""decode_time_average(ms)"": ""14.303"", ""filter_time_average(ms)"": ""37.487"", ""incremental_graph_n_compute_l_average"": ""20579.560"", ""n_seen_item_average"": ""97291.440"", ""n_vq_score_linear_scan_average"": ""438661.520"", ""refine_time_average(ms)"": ""8.073"", ""retrieval_time_average(ms)"": ""2.622"", ""retrieval_time_query_average(ms)"": ""59.863"", ""retrieval_time_query_p5(ms)"": ""30.487"", ""retrieval_time_query_p50(ms)"": ""69.354"", ""retrieval_time_query_p95(ms)"": ""87.425""}",profiling/igp_paper_cpu/chunks/igp_val_20260428T041716Z_nbit4_t32/val/lotte/igp_lotte_top10_val_chunk_010.json
igp_val_20260428T041716Z_nbit4_t32,val,lotte,10,recall@10,50,16,300,169.4915254237288,169.4915254237288,131.52818000000002,7.602933455020817,5.9,0.3188518870228572,156.81262063980103,0.868,0.9,1.0,"{""decode_time_average(ms)"": ""70.041"", ""filter_time_average(ms)"": ""50.922"", ""incremental_graph_n_compute_l_average"": ""20579.560"", ""n_seen_item_average"": ""97291.440"", ""n_vq_score_linear_scan_average"": ""438661.520"", ""refine_time_average(ms)"": ""10.566"", ""retrieval_time_average(ms)"": ""5.900"", ""retrieval_time_query_average(ms)"": ""131.528"", ""retrieval_time_query_p5(ms)"": ""41.753"", ""retrieval_time_query_p50(ms)"": ""95.739"", ""retrieval_time_query_p95(ms)"": ""244.598""}",profiling/igp_paper_cpu/chunks/igp_val_20260428T041716Z_nbit4_t32/val/lotte/igp_lotte_top10_val_chunk_010.json
igp_val_20260428T041716Z_nbit4_t32,val,lotte,10,recall@10,50,16,400,294.5508100147275,294.5508100147275,74.03702,13.50675648479639,3.395,0.31952515147643556,156.48220419883728,0.878,0.9,1.0,"{""decode_time_average(ms)"": ""23.537"", ""filter_time_average(ms)"": ""35.330"", ""incremental_graph_n_compute_l_average"": ""20579.560"", ""n_seen_item_average"": ""97291.440"", ""n_vq_score_linear_scan_average"": ""438661.520"", ""refine_time_average(ms)"": ""15.170"", ""retrieval_time_average(ms)"": ""3.395"", ""retrieval_time_query_average(ms)"": ""74.037"", ""retrieval_time_query_p5(ms)"": ""43.854"", ""retrieval_time_query_p50(ms)"": ""73.471"", ""retrieval_time_query_p95(ms)"": ""107.536""}",profiling/igp_paper_cpu/chunks/igp_val_20260428T041716Z_nbit4_t32/val/lotte/igp_lotte_top10_val_chunk_010.json
igp_val_20260428T041716Z_nbit4_t32,val,lotte,10,recall@10,50,16,600,181.55410312273057,181.55410312273057,108.75535999999998,9.19494910411772,5.508,0.3190009777804543,156.73933148384094,0.892,0.9,1.0,"{""decode_time_average(ms)"": ""43.185"", ""filter_time_average(ms)"": ""43.216"", ""incremental_graph_n_compute_l_average"": ""20579.560"", ""n_seen_item_average"": ""97291.440"", ""n_vq_score_linear_scan_average"": ""438661.520"", ""refine_time_average(ms)"": ""22.354"", ""retrieval_time_average(ms)"": ""5.508"", ""retrieval_time_query_average(ms)"": ""108.755"", ""retrieval_time_query_p5(ms)"": ""73.157"", ""retrieval_time_query_p50(ms)"": ""99.166"", ""retrieval_time_query_p95(ms)"": ""189.090""}",profiling/igp_paper_cpu/chunks/igp_val_20260428T041716Z_nbit4_t32/val/lotte/igp_lotte_top10_val_chunk_010.json
igp_val_20260428T041716Z_nbit4_t32,val,lotte,10,recall@10,50,32,10,292.654375182909,292.654375182909,77.16084000000001,12.959941856516854,3.417,0.31870234806821685,156.88619899749756,0.3879999999999999,0.4,0.7549999999999997,"{""decode_time_average(ms)"": ""6.416"", ""filter_time_average(ms)"": ""70.400"", ""incremental_graph_n_compute_l_average"": ""27344.280"", ""n_seen_item_average"": ""176598.760"", ""n_vq_score_linear_scan_average"": ""858289.920"", ""refine_time_average(ms)"": ""0.344"", ""retrieval_time_average(ms)"": ""3.417"", ""retrieval_time_query_average(ms)"": ""77.161"", ""retrieval_time_query_p5(ms)"": ""36.232"", ""retrieval_time_query_p50(ms)"": ""80.433"", ""retrieval_time_query_p95(ms)"": ""119.014""}",profiling/igp_paper_cpu/chunks/igp_val_20260428T041716Z_nbit4_t32/val/lotte/igp_lotte_top10_val_chunk_011.json
igp_val_20260428T041716Z_nbit4_t32,val,lotte,10,recall@10,50,32,20,347.1017007983339,347.1017007983339,54.89250000000001,18.217424966980914,2.881,0.31960273841930453,156.44421648979187,0.55,0.55,0.9,"{""decode_time_average(ms)"": ""1.805"", ""filter_time_average(ms)"": ""52.509"", ""incremental_graph_n_compute_l_average"": ""27344.280"", ""n_seen_item_average"": ""176598.760"", ""n_vq_score_linear_scan_average"": ""858289.920"", ""refine_time_average(ms)"": ""0.578"", ""retrieval_time_average(ms)"": ""2.881"", ""retrieval_time_query_average(ms)"": ""54.893"", ""retrieval_time_query_p5(ms)"": ""28.528"", ""retrieval_time_query_p50(ms)"": ""55.599"", ""retrieval_time_query_p95(ms)"": ""90.771""}",profiling/igp_paper_cpu/chunks/igp_val_20260428T041716Z_nbit4_t32/val/lotte/igp_lotte_top10_val_chunk_011.json
igp_val_20260428T041716Z_nbit4_t32,val,lotte,10,recall@10,50,32,50,278.70680044593087,278.70680044593087,76.17280000000001,13.128045706603931,3.588,0.31911535862448503,156.6831512451172,0.7040000000000001,0.7,1.0,"{""decode_time_average(ms)"": ""17.488"", ""filter_time_average(ms)"": ""57.132"", ""incremental_graph_n_compute_l_average"": ""27344.280"", ""n_seen_item_average"": ""176598.760"", ""n_vq_score_linear_scan_average"": ""858289.920"", ""refine_time_average(ms)"": ""1.553"", ""retrieval_time_average(ms)"": ""3.588"", ""retrieval_time_query_average(ms)"": ""76.173"", ""retrieval_time_query_p5(ms)"": ""43.821"", ""retrieval_time_query_p50(ms)"": ""65.964"", ""retrieval_time_query_p95(ms)"": ""120.097""}",profiling/igp_paper_cpu/chunks/igp_val_20260428T041716Z_nbit4_t32/val/lotte/igp_lotte_top10_val_chunk_011.json
igp_val_20260428T041716Z_nbit4_t32,val,lotte,10,recall@10,50,32,100,248.38549428713364,248.38549428713364,85.2836,11.725583816818238,4.026,0.3184620686488429,157.00456953048706,0.8,0.8,1.0,"{""decode_time_average(ms)"": ""20.509"", ""filter_time_average(ms)"": ""61.649"", ""incremental_graph_n_compute_l_average"": ""27344.280"", ""n_seen_item_average"": ""176598.760"", ""n_vq_score_linear_scan_average"": ""858289.920"", ""refine_time_average(ms)"": ""3.126"", ""retrieval_time_average(ms)"": ""4.026"", ""retrieval_time_query_average(ms)"": ""85.284"", ""retrieval_time_query_p5(ms)"": ""38.374"", ""retrieval_time_query_p50(ms)"": ""77.670"", ""retrieval_time_query_p95(ms)"": ""132.083""}",profiling/igp_paper_cpu/chunks/igp_val_20260428T041716Z_nbit4_t32/val/lotte/igp_lotte_top10_val_chunk_011.json
igp_val_20260428T041716Z_nbit4_t32,val,lotte,10,recall@10,50,32,200,119.34598400763815,119.34598400763815,168.91098000000002,5.920278243605003,8.379,0.31796050382883423,157.25223541259766,0.868,0.9,1.0,"{""decode_time_average(ms)"": ""71.442"", ""filter_time_average(ms)"": ""90.689"", ""incremental_graph_n_compute_l_average"": ""27344.280"", ""n_seen_item_average"": ""176598.760"", ""n_vq_score_linear_scan_average"": ""858289.920"", ""refine_time_average(ms)"": ""6.780"", ""retrieval_time_average(ms)"": ""8.379"", ""retrieval_time_query_average(ms)"": ""168.911"", ""retrieval_time_query_p5(ms)"": ""65.978"", ""retrieval_time_query_p50(ms)"": ""124.967"", ""retrieval_time_query_p95(ms)"": ""306.087""}",profiling/igp_paper_cpu/chunks/igp_val_20260428T041716Z_nbit4_t32/val/lotte/igp_lotte_top10_val_chunk_012.json
igp_val_20260428T041716Z_nbit4_t32,val,lotte,10,recall@10,50,32,300,266.5955745134631,266.5955745134631,83.58928,11.963256532416597,3.751,0.3184189732250158,157.02581882476807,0.88,0.9,1.0,"{""decode_time_average(ms)"": ""18.757"", ""filter_time_average(ms)"": ""53.076"", ""incremental_graph_n_compute_l_average"": ""27344.280"", ""n_seen_item_average"": ""176598.760"", ""n_vq_score_linear_scan_average"": ""858289.920"", ""refine_time_average(ms)"": ""11.756"", ""retrieval_time_average(ms)"": ""3.751"", ""retrieval_time_query_average(ms)"": ""83.589"", ""retrieval_time_query_p5(ms)"": ""50.209"", ""retrieval_time_query_p50(ms)"": ""87.645"", ""retrieval_time_query_p95(ms)"": ""113.177""}",profiling/igp_paper_cpu/chunks/igp_val_20260428T041716Z_nbit4_t32/val/lotte/igp_lotte_top10_val_chunk_012.json
igp_val_20260428T041716Z_nbit4_t32,val,lotte,10,recall@10,50,32,400,186.21973929236498,186.21973929236498,124.69724000000001,8.01942368572071,5.37,0.31886356346760275,156.80687832832336,0.892,0.9,1.0,"{""decode_time_average(ms)"": ""40.770"", ""filter_time_average(ms)"": ""70.208"", ""incremental_graph_n_compute_l_average"": ""27344.280"", ""n_seen_item_average"": ""176598.760"", ""n_vq_score_linear_scan_average"": ""858289.920"", ""refine_time_average(ms)"": ""13.719"", ""retrieval_time_average(ms)"": ""5.370"", ""retrieval_time_query_average(ms)"": ""124.697"", ""retrieval_time_query_p5(ms)"": ""63.070"", ""retrieval_time_query_p50(ms)"": ""128.584"", ""retrieval_time_query_p95(ms)"": ""190.895""}",profiling/igp_paper_cpu/chunks/igp_val_20260428T041716Z_nbit4_t32/val/lotte/igp_lotte_top10_val_chunk_012.json
igp_val_20260428T041716Z_nbit4_t32,val,lotte,10,recall@10,50,32,600,169.75046681378373,169.75046681378373,130.45136,7.665692408266192,5.891,0.3186125864794241,156.93039798736572,0.8999999999999999,0.9,1.0,"{""decode_time_average(ms)"": ""47.142"", ""filter_time_average(ms)"": ""60.387"", ""incremental_graph_n_compute_l_average"": ""27344.280"", ""n_seen_item_average"": ""176598.760"", ""n_vq_score_linear_scan_average"": ""858289.920"", ""refine_time_average(ms)"": ""22.923"", ""retrieval_time_average(ms)"": ""5.891"", ""retrieval_time_query_average(ms)"": ""130.451"", ""retrieval_time_query_p5(ms)"": ""76.027"", ""retrieval_time_query_p50(ms)"": ""126.478"", ""retrieval_time_query_p95(ms)"": ""183.493""}",profiling/igp_paper_cpu/chunks/igp_val_20260428T041716Z_nbit4_t32/val/lotte/igp_lotte_top10_val_chunk_012.json
igp_val_20260428T041716Z_nbit4_t32,val,lotte,10,recall@10,50,64,10,167.58840288252054,167.58840288252054,135.21712,7.395513230868991,5.967,0.316626673164436,157.9146807193756,0.39399999999999996,0.4,0.7,"{""decode_time_average(ms)"": ""6.161"", ""filter_time_average(ms)"": ""128.692"", ""incremental_graph_n_compute_l_average"": ""40803.480"", ""n_seen_item_average"": ""311528.720"", ""n_vq_score_linear_scan_average"": ""1673821.680"", ""refine_time_average(ms)"": ""0.363"", ""retrieval_time_average(ms)"": ""5.967"", ""retrieval_time_query_average(ms)"": ""135.217"", ""retrieval_time_query_p5(ms)"": ""65.943"", ""retrieval_time_query_p50(ms)"": ""138.688"", ""retrieval_time_query_p95(ms)"": ""194.356""}",profiling/igp_paper_cpu/chunks/igp_val_20260428T041716Z_nbit4_t32/val/lotte/igp_lotte_top10_val_chunk_013.json
igp_val_20260428T041716Z_nbit4_t32,val,lotte,10,recall@10,50,64,20,215.610176800345,215.610176800345,100.88502,9.912274389200697,4.638,0.31822432661211797,157.1218659877777,0.526,0.5,0.9,"{""decode_time_average(ms)"": ""1.704"", ""filter_time_average(ms)"": ""98.582"", ""incremental_graph_n_compute_l_average"": ""40803.480"", ""n_seen_item_average"": ""311528.720"", ""n_vq_score_linear_scan_average"": ""1673821.680"", ""refine_time_average(ms)"": ""0.599"", ""retrieval_time_average(ms)"": ""4.638"", ""retrieval_time_query_average(ms)"": ""100.885"", ""retrieval_time_query_p5(ms)"": ""55.080"", ""retrieval_time_query_p50(ms)"": ""103.946"", ""retrieval_time_query_p95(ms)"": ""137.442""}",profiling/igp_paper_cpu/chunks/igp_val_20260428T041716Z_nbit4_t32/val/lotte/igp_lotte_top10_val_chunk_013.json
igp_val_20260428T041716Z_nbit4_t32,val,lotte,10,recall@10,50,64,50,218.62702229995628,218.62702229995628,99.35546000000001,10.064872126806115,4.574,0.31826955402096907,157.09953832626343,0.7219999999999999,0.8,1.0,"{""decode_time_average(ms)"": ""4.130"", ""filter_time_average(ms)"": ""93.726"", ""incremental_graph_n_compute_l_average"": ""40803.480"", ""n_seen_item_average"": ""311528.720"", ""n_vq_score_linear_scan_average"": ""1673821.680"", ""refine_time_average(ms)"": ""1.499"", ""retrieval_time_average(ms)"": ""4.574"", ""retrieval_time_query_average(ms)"": ""99.356"", ""retrieval_time_query_p5(ms)"": ""59.103"", ""retrieval_time_query_p50(ms)"": ""104.264"", ""retrieval_time_query_p95(ms)"": ""130.813""}",profiling/igp_paper_cpu/chunks/igp_val_20260428T041716Z_nbit4_t32/val/lotte/igp_lotte_top10_val_chunk_013.json
igp_val_20260428T041716Z_nbit4_t32,val,lotte,10,recall@10,50,64,100,194.81784531463083,194.81784531463083,114.30478,8.748540524726963,5.133,0.3172144893076213,157.62205600738525,0.7879999999999999,0.8,1.0,"{""decode_time_average(ms)"": ""7.219"", ""filter_time_average(ms)"": ""104.153"", ""incremental_graph_n_compute_l_average"": ""40803.480"", ""n_seen_item_average"": ""311528.720"", ""n_vq_score_linear_scan_average"": ""1673821.680"", ""refine_time_average(ms)"": ""2.933"", ""retrieval_time_average(ms)"": ""5.133"", ""retrieval_time_query_average(ms)"": ""114.305"", ""retrieval_time_query_p5(ms)"": ""63.947"", ""retrieval_time_query_p50(ms)"": ""113.174"", ""retrieval_time_query_p95(ms)"": ""170.410""}",profiling/igp_paper_cpu/chunks/igp_val_20260428T041716Z_nbit4_t32/val/lotte/igp_lotte_top10_val_chunk_013.json
igp_val_20260428T041716Z_nbit4_t32,val,lotte,10,recall@10,50,64,200,101.16337885685383,101.16337885685383,206.09952,4.852024885841558,9.885,0.3190654104021958,156.707679271698,0.8399999999999999,0.9,1.0,"{""decode_time_average(ms)"": ""74.586"", ""filter_time_average(ms)"": ""124.849"", ""incremental_graph_n_compute_l_average"": ""40803.480"", ""n_seen_item_average"": ""311528.720"", ""n_vq_score_linear_scan_average"": ""1673821.680"", ""refine_time_average(ms)"": ""6.665"", ""retrieval_time_average(ms)"": ""9.885"", ""retrieval_time_query_average(ms)"": ""206.099"", ""retrieval_time_query_p5(ms)"": ""113.151"", ""retrieval_time_query_p50(ms)"": ""157.696"", ""retrieval_time_query_p95(ms)"": ""337.333""}",profiling/igp_paper_cpu/chunks/igp_val_20260428T041716Z_nbit4_t32/val/lotte/igp_lotte_top10_val_chunk_014.json
igp_val_20260428T041716Z_nbit4_t32,val,lotte,10,recall@10,50,64,300,167.39203213927016,167.39203213927016,121.61506000000003,8.22266584418081,5.974,0.3210220233006216,155.75255393981934,0.884,0.9,1.0,"{""decode_time_average(ms)"": ""16.431"", ""filter_time_average(ms)"": ""95.479"", ""incremental_graph_n_compute_l_average"": ""40803.480"", ""n_seen_item_average"": ""311528.720"", ""n_vq_score_linear_scan_average"": ""1673821.680"", ""refine_time_average(ms)"": ""9.705"", ""retrieval_time_average(ms)"": ""5.974"", ""retrieval_time_query_average(ms)"": ""121.615"", ""retrieval_time_query_p5(ms)"": ""78.979"", ""retrieval_time_query_p50(ms)"": ""119.404"", ""retrieval_time_query_p95(ms)"": ""162.659""}",profiling/igp_paper_cpu/chunks/igp_val_20260428T041716Z_nbit4_t32/val/lotte/igp_lotte_top10_val_chunk_014.json
igp_val_20260428T041716Z_nbit4_t32,val,lotte,10,recall@10,50,64,400,125.14078338130398,125.14078338130398,180.93736,5.526774569939564,7.991,0.32006233342874885,156.21956968307495,0.902,0.9,1.0,"{""decode_time_average(ms)"": ""52.587"", ""filter_time_average(ms)"": ""112.820"", ""incremental_graph_n_compute_l_average"": ""40803.480"", ""n_seen_item_average"": ""311528.720"", ""n_vq_score_linear_scan_average"": ""1673821.680"", ""refine_time_average(ms)"": ""15.530"", ""retrieval_time_average(ms)"": ""7.991"", ""retrieval_time_query_average(ms)"": ""180.937"", ""retrieval_time_query_p5(ms)"": ""111.351"", ""retrieval_time_query_p50(ms)"": ""183.679"", ""retrieval_time_query_p95(ms)"": ""257.146""}",profiling/igp_paper_cpu/chunks/igp_val_20260428T041716Z_nbit4_t32/val/lotte/igp_lotte_top10_val_chunk_014.json
igp_val_20260428T041716Z_nbit4_t32,val,lotte,10,recall@10,50,64,600,135.464643727987,135.464643727987,166.62095999999997,6.00164589136925,7.382,0.3201893913214255,156.15757846832275,0.9179999999999999,0.9,1.0,"{""decode_time_average(ms)"": ""44.060"", ""filter_time_average(ms)"": ""101.217"", ""incremental_graph_n_compute_l_average"": ""40803.480"", ""n_seen_item_average"": ""311528.720"", ""n_vq_score_linear_scan_average"": ""1673821.680"", ""refine_time_average(ms)"": ""21.344"", ""retrieval_time_average(ms)"": ""7.382"", ""retrieval_time_query_average(ms)"": ""166.621"", ""retrieval_time_query_p5(ms)"": ""111.475"", ""retrieval_time_query_p50(ms)"": ""160.355"", ""retrieval_time_query_p95(ms)"": ""225.790""}",profiling/igp_paper_cpu/chunks/igp_val_20260428T041716Z_nbit4_t32/val/lotte/igp_lotte_top10_val_chunk_014.json
igp_val_20260428T041716Z_nbit4_t32,val,msmarco,100,recall@100,50,1,100,181.06101756291872,181.06101756291872,101.44394,9.857661285632242,5.523,0.14480524379601714,345.29136300086975,0.27240000000000003,0.25,0.5109999999999999,"{""decode_time_average(ms)"": ""9.189"", ""filter_time_average(ms)"": ""90.084"", ""incremental_graph_n_compute_l_average"": ""13391.700"", ""n_seen_item_average"": ""14148.540"", ""n_vq_score_linear_scan_average"": ""44277.920"", ""refine_time_average(ms)"": ""2.169"", ""retrieval_time_average(ms)"": ""5.523"", ""retrieval_time_query_average(ms)"": ""101.444"", ""retrieval_time_query_p5(ms)"": ""22.874"", ""retrieval_time_query_p50(ms)"": ""101.203"", ""retrieval_time_query_p95(ms)"": ""204.425""}",profiling/igp_paper_cpu/chunks/igp_val_20260428T041716Z_nbit4_t32/val/msmarco/igp_msmarco_top100_val_chunk_001.json
igp_val_20260428T041716Z_nbit4_t32,val,msmarco,100,recall@100,50,1,200,254.64731347084287,254.64731347084287,91.16723999999998,10.968852407948296,3.927,0.16678651242187723,299.7844326496124,0.3624,0.32,0.7254999999999999,"{""decode_time_average(ms)"": ""28.365"", ""filter_time_average(ms)"": ""59.633"", ""incremental_graph_n_compute_l_average"": ""13391.700"", ""n_seen_item_average"": ""14148.540"", ""n_vq_score_linear_scan_average"": ""44277.920"", ""refine_time_average(ms)"": ""3.158"", ""retrieval_time_average(ms)"": ""3.927"", ""retrieval_time_query_average(ms)"": ""91.167"", ""retrieval_time_query_p5(ms)"": ""34.588"", ""retrieval_time_query_p50(ms)"": ""96.831"", ""retrieval_time_query_p95(ms)"": ""145.721""}",profiling/igp_paper_cpu/chunks/igp_val_20260428T041716Z_nbit4_t32/val/msmarco/igp_msmarco_top100_val_chunk_001.json
igp_val_20260428T041716Z_nbit4_t32,val,msmarco,100,recall@100,50,1,500,234.52157598499062,234.52157598499062,112.595,8.881389049247302,4.264,0.16689298165812108,299.5931854248047,0.47759999999999997,0.41,0.95,"{""decode_time_average(ms)"": ""33.851"", ""filter_time_average(ms)"": ""68.764"", ""incremental_graph_n_compute_l_average"": ""13391.700"", ""n_seen_item_average"": ""14148.540"", ""n_vq_score_linear_scan_average"": ""44277.920"", ""refine_time_average(ms)"": ""9.979"", ""retrieval_time_average(ms)"": ""4.264"", ""retrieval_time_query_average(ms)"": ""112.595"", ""retrieval_time_query_p5(ms)"": ""34.083"", ""retrieval_time_query_p50(ms)"": ""141.919"", ""retrieval_time_query_p95(ms)"": ""175.426""}",profiling/igp_paper_cpu/chunks/igp_val_20260428T041716Z_nbit4_t32/val/msmarco/igp_msmarco_top100_val_chunk_001.json
igp_val_20260428T041716Z_nbit4_t32,val,msmarco,100,recall@100,50,1,1000,196.34792852935402,196.34792852935402,127.55027999999999,7.840045509896177,5.093,0.16664235231397093,300.0437722206116,0.5706,0.615,0.96,"{""decode_time_average(ms)"": ""61.874"", ""filter_time_average(ms)"": ""48.280"", ""incremental_graph_n_compute_l_average"": ""13391.700"", ""n_seen_item_average"": ""14148.540"", ""n_vq_score_linear_scan_average"": ""44277.920"", ""refine_time_average(ms)"": ""17.395"", ""retrieval_time_average(ms)"": ""5.093"", ""retrieval_time_query_average(ms)"": ""127.550"", ""retrieval_time_query_p5(ms)"": ""51.736"", ""retrieval_time_query_p50(ms)"": ""148.017"", ""retrieval_time_query_p95(ms)"": ""192.570""}",profiling/igp_paper_cpu/chunks/igp_val_20260428T041716Z_nbit4_t32/val/msmarco/igp_msmarco_top100_val_chunk_001.json
igp_val_20260428T041716Z_nbit4_t32,val,msmarco,100,recall@100,50,1,2000,103.3805437816603,103.3805437816603,248.23478,4.028444362228371,9.673,0.13959296985300074,358.1842269897461,0.6839999999999999,0.79,0.97,"{""decode_time_average(ms)"": ""89.190"", ""filter_time_average(ms)"": ""115.221"", ""incremental_graph_n_compute_l_average"": ""13391.700"", ""n_seen_item_average"": ""14148.540"", ""n_vq_score_linear_scan_average"": ""44277.920"", ""refine_time_average(ms)"": ""43.812"", ""retrieval_time_average(ms)"": ""9.673"", ""retrieval_time_query_average(ms)"": ""248.235"", ""retrieval_time_query_p5(ms)"": ""97.650"", ""retrieval_time_query_p50(ms)"": ""306.793"", ""retrieval_time_query_p95(ms)"": ""369.898""}",profiling/igp_paper_cpu/chunks/igp_val_20260428T041716Z_nbit4_t32/val/msmarco/igp_msmarco_top100_val_chunk_002.json
igp_val_20260428T041716Z_nbit4_t32,val,msmarco,100,recall@100,50,1,3000,87.23719794120214,87.23719794120214,303.6963,3.292763197971131,11.463,0.16433497385998552,304.2565975189209,0.7276,0.825,0.97,"{""decode_time_average(ms)"": ""160.811"", ""filter_time_average(ms)"": ""84.453"", ""incremental_graph_n_compute_l_average"": ""13391.700"", ""n_seen_item_average"": ""14148.540"", ""n_vq_score_linear_scan_average"": ""44277.920"", ""refine_time_average(ms)"": ""58.431"", ""retrieval_time_average(ms)"": ""11.463"", ""retrieval_time_query_average(ms)"": ""303.696"", ""retrieval_time_query_p5(ms)"": ""132.474"", ""retrieval_time_query_p50(ms)"": ""380.041"", ""retrieval_time_query_p95(ms)"": ""415.891""}",profiling/igp_paper_cpu/chunks/igp_val_20260428T041716Z_nbit4_t32/val/msmarco/igp_msmarco_top100_val_chunk_002.json
igp_val_20260428T041716Z_nbit4_t32,val,msmarco,100,recall@100,50,1,4000,98.4251968503937,98.4251968503937,238.28794000000002,4.196603487360711,10.16,0.16476380788707753,303.46470284461975,0.7626000000000001,0.88,0.97,"{""decode_time_average(ms)"": ""134.692"", ""filter_time_average(ms)"": ""28.970"", ""incremental_graph_n_compute_l_average"": ""13391.700"", ""n_seen_item_average"": ""14148.540"", ""n_vq_score_linear_scan_average"": ""44277.920"", ""refine_time_average(ms)"": ""74.624"", ""retrieval_time_average(ms)"": ""10.160"", ""retrieval_time_query_average(ms)"": ""238.288"", ""retrieval_time_query_p5(ms)"": ""165.621"", ""retrieval_time_query_p50(ms)"": ""250.526"", ""retrieval_time_query_p95(ms)"": ""307.488""}",profiling/igp_paper_cpu/chunks/igp_val_20260428T041716Z_nbit4_t32/val/msmarco/igp_msmarco_top100_val_chunk_002.json
igp_val_20260428T041716Z_nbit4_t32,val,msmarco,100,recall@100,50,1,6000,69.13238852402351,69.13238852402351,334.9897399999999,2.9851660531453894,14.465,0.16336941860158596,306.0548322200775,0.7894,0.885,0.98,"{""decode_time_average(ms)"": ""195.237"", ""filter_time_average(ms)"": ""25.985"", ""incremental_graph_n_compute_l_average"": ""13391.700"", ""n_seen_item_average"": ""14148.540"", ""n_vq_score_linear_scan_average"": ""44277.920"", ""refine_time_average(ms)"": ""113.766"", ""retrieval_time_average(ms)"": ""14.465"", ""retrieval_time_query_average(ms)"": ""334.990"", ""retrieval_time_query_p5(ms)"": ""232.920"", ""retrieval_time_query_p50(ms)"": ""346.063"", ""retrieval_time_query_p95(ms)"": ""441.936""}",profiling/igp_paper_cpu/chunks/igp_val_20260428T041716Z_nbit4_t32/val/msmarco/igp_msmarco_top100_val_chunk_002.json
igp_val_20260428T041716Z_nbit4_t32,val,msmarco,100,recall@100,50,2,100,151.285930408472,151.285930408472,131.44541999999998,7.60772037549882,6.61,0.14220458388144386,351.60610604286194,0.34259999999999996,0.325,0.6455,"{""decode_time_average(ms)"": ""13.043"", ""filter_time_average(ms)"": ""116.120"", ""incremental_graph_n_compute_l_average"": ""13966.760"", ""n_seen_item_average"": ""25844.240"", ""n_vq_score_linear_scan_average"": ""88082.120"", ""refine_time_average(ms)"": ""2.280"", ""retrieval_time_average(ms)"": ""6.610"", ""retrieval_time_query_average(ms)"": ""131.445"", ""retrieval_time_query_p5(ms)"": ""28.462"", ""retrieval_time_query_p50(ms)"": ""152.886"", ""retrieval_time_query_p95(ms)"": ""238.448""}",profiling/igp_paper_cpu/chunks/igp_val_20260428T041716Z_nbit4_t32/val/msmarco/igp_msmarco_top100_val_chunk_003.json
igp_val_20260428T041716Z_nbit4_t32,val,msmarco,100,recall@100,50,2,200,276.31942525559543,276.31942525559543,81.58073999999999,12.25779516096569,3.619,0.16685856052493944,299.6549882888794,0.45399999999999996,0.43,0.7909999999999999,"{""decode_time_average(ms)"": ""22.097"", ""filter_time_average(ms)"": ""55.978"", ""incremental_graph_n_compute_l_average"": ""13966.760"", ""n_seen_item_average"": ""25844.240"", ""n_vq_score_linear_scan_average"": ""88082.120"", ""refine_time_average(ms)"": ""3.503"", ""retrieval_time_average(ms)"": ""3.619"", ""retrieval_time_query_average(ms)"": ""81.581"", ""retrieval_time_query_p5(ms)"": ""24.982"", ""retrieval_time_query_p50(ms)"": ""84.883"", ""retrieval_time_query_p95(ms)"": ""147.495""}",profiling/igp_paper_cpu/chunks/igp_val_20260428T041716Z_nbit4_t32/val/msmarco/igp_msmarco_top100_val_chunk_003.json
igp_val_20260428T041716Z_nbit4_t32,val,msmarco,100,recall@100,50,2,500,252.27043390514632,252.27043390514632,98.09778,10.193910606335841,3.964,0.1669727556248857,299.45004987716675,0.601,0.655,0.95,"{""decode_time_average(ms)"": ""33.395"", ""filter_time_average(ms)"": ""56.657"", ""incremental_graph_n_compute_l_average"": ""13966.760"", ""n_seen_item_average"": ""25844.240"", ""n_vq_score_linear_scan_average"": ""88082.120"", ""refine_time_average(ms)"": ""8.045"", ""retrieval_time_average(ms)"": ""3.964"", ""retrieval_time_query_average(ms)"": ""98.098"", ""retrieval_time_query_p5(ms)"": ""34.312"", ""retrieval_time_query_p50(ms)"": ""107.523"", ""retrieval_time_query_p95(ms)"": ""153.606""}",profiling/igp_paper_cpu/chunks/igp_val_20260428T041716Z_nbit4_t32/val/msmarco/igp_msmarco_top100_val_chunk_003.json
igp_val_20260428T041716Z_nbit4_t32,val,msmarco,100,recall@100,50,2,1000,150.8978421608571,150.8978421608571,165.33714,6.0482478407452795,6.627,0.16646495478995452,300.36352133750916,0.6874000000000001,0.8,0.96,"{""decode_time_average(ms)"": ""77.363"", ""filter_time_average(ms)"": ""68.407"", ""incremental_graph_n_compute_l_average"": ""13966.760"", ""n_seen_item_average"": ""25844.240"", ""n_vq_score_linear_scan_average"": ""88082.120"", ""refine_time_average(ms)"": ""19.566"", ""retrieval_time_average(ms)"": ""6.627"", ""retrieval_time_query_average(ms)"": ""165.337"", ""retrieval_time_query_p5(ms)"": ""57.215"", ""retrieval_time_query_p50(ms)"": ""204.078"", ""retrieval_time_query_p95(ms)"": ""238.802""}",profiling/igp_paper_cpu/chunks/igp_val_20260428T041716Z_nbit4_t32/val/msmarco/igp_msmarco_top100_val_chunk_003.json
igp_val_20260428T041716Z_nbit4_t32,val,msmarco,100,recall@100,50,2,2000,90.89256498818396,90.89256498818396,237.35843999999994,4.213037463508777,11.002,0.14595778138017046,342.5648124217987,0.7782000000000001,0.87,0.97,"{""decode_time_average(ms)"": ""75.683"", ""filter_time_average(ms)"": ""120.383"", ""incremental_graph_n_compute_l_average"": ""13966.760"", ""n_seen_item_average"": ""25844.240"", ""n_vq_score_linear_scan_average"": ""88082.120"", ""refine_time_average(ms)"": ""41.290"", ""retrieval_time_average(ms)"": ""11.002"", ""retrieval_time_query_average(ms)"": ""237.358"", ""retrieval_time_query_p5(ms)"": ""104.020"", ""retrieval_time_query_p50(ms)"": ""226.101"", ""retrieval_time_query_p95(ms)"": ""430.229""}",profiling/igp_paper_cpu/chunks/igp_val_20260428T041716Z_nbit4_t32/val/msmarco/igp_msmarco_top100_val_chunk_004.json
igp_val_20260428T041716Z_nbit4_t32,val,msmarco,100,recall@100,50,2,3000,70.99247479767145,70.99247479767145,302.04314,3.310785340133863,14.086,0.16273155149431598,307.25449085235596,0.8085999999999999,0.9,0.97,"{""decode_time_average(ms)"": ""170.400"", ""filter_time_average(ms)"": ""79.661"", ""incremental_graph_n_compute_l_average"": ""13966.760"", ""n_seen_item_average"": ""25844.240"", ""n_vq_score_linear_scan_average"": ""88082.120"", ""refine_time_average(ms)"": ""51.981"", ""retrieval_time_average(ms)"": ""14.086"", ""retrieval_time_query_average(ms)"": ""302.043"", ""retrieval_time_query_p5(ms)"": ""132.859"", ""retrieval_time_query_p50(ms)"": ""354.926"", ""retrieval_time_query_p95(ms)"": ""414.790""}",profiling/igp_paper_cpu/chunks/igp_val_20260428T041716Z_nbit4_t32/val/msmarco/igp_msmarco_top100_val_chunk_004.json
igp_val_20260428T041716Z_nbit4_t32,val,msmarco,100,recall@100,50,2,4000,115.15430677107325,115.15430677107325,226.58224,4.41340857076883,8.684,0.1638369435450196,305.18147444725037,0.8314,0.925,0.97,"{""decode_time_average(ms)"": ""132.298"", ""filter_time_average(ms)"": ""30.348"", ""incremental_graph_n_compute_l_average"": ""13966.760"", ""n_seen_item_average"": ""25844.240"", ""n_vq_score_linear_scan_average"": ""88082.120"", ""refine_time_average(ms)"": ""63.935"", ""retrieval_time_average(ms)"": ""8.684"", ""retrieval_time_query_average(ms)"": ""226.582"", ""retrieval_time_query_p5(ms)"": ""159.397"", ""retrieval_time_query_p50(ms)"": ""245.726"", ""retrieval_time_query_p95(ms)"": ""292.142""}",profiling/igp_paper_cpu/chunks/igp_val_20260428T041716Z_nbit4_t32/val/msmarco/igp_msmarco_top100_val_chunk_004.json
igp_val_20260428T041716Z_nbit4_t32,val,msmarco,100,recall@100,50,2,6000,85.11362669163333,85.11362669163333,299.89738,3.334473945721033,11.749,0.16231648429023748,308.0401859283447,0.8469999999999999,0.935,0.9854999999999999,"{""decode_time_average(ms)"": ""167.141"", ""filter_time_average(ms)"": ""28.792"", ""incremental_graph_n_compute_l_average"": ""13966.760"", ""n_seen_item_average"": ""25844.240"", ""n_vq_score_linear_scan_average"": ""88082.120"", ""refine_time_average(ms)"": ""103.962"", ""retrieval_time_average(ms)"": ""11.749"", ""retrieval_time_query_average(ms)"": ""299.897"", ""retrieval_time_query_p5(ms)"": ""231.066"", ""retrieval_time_query_p50(ms)"": ""306.752"", ""retrieval_time_query_p95(ms)"": ""377.094""}",profiling/igp_paper_cpu/chunks/igp_val_20260428T041716Z_nbit4_t32/val/msmarco/igp_msmarco_top100_val_chunk_004.json
igp_val_20260428T041716Z_nbit4_t32,val,msmarco,100,recall@100,50,4,100,190.2587519025875,190.2587519025875,108.57146,9.210523649585259,5.256,0.15341985448926196,325.90305972099304,0.41539999999999994,0.41,0.7219999999999999,"{""decode_time_average(ms)"": ""24.024"", ""filter_time_average(ms)"": ""82.790"", ""incremental_graph_n_compute_l_average"": ""15102.640"", ""n_seen_item_average"": ""45867.940"", ""n_vq_score_linear_scan_average"": ""173164.280"", ""refine_time_average(ms)"": ""1.756"", ""retrieval_time_average(ms)"": ""5.256"", ""retrieval_time_query_average(ms)"": ""108.571"", ""retrieval_time_query_p5(ms)"": ""28.889"", ""retrieval_time_query_p50(ms)"": ""66.393"", ""retrieval_time_query_p95(ms)"": ""215.134""}",profiling/igp_paper_cpu/chunks/igp_val_20260428T041716Z_nbit4_t32/val/msmarco/igp_msmarco_top100_val_chunk_005.json
igp_val_20260428T041716Z_nbit4_t32,val,msmarco,100,recall@100,50,4,200,205.67667626491155,205.67667626491155,106.19652,9.416504420295505,4.862,0.16617468117967957,300.88819575309753,0.5434,0.55,0.8409999999999999,"{""decode_time_average(ms)"": ""39.923"", ""filter_time_average(ms)"": ""62.177"", ""incremental_graph_n_compute_l_average"": ""15102.640"", ""n_seen_item_average"": ""45867.940"", ""n_vq_score_linear_scan_average"": ""173164.280"", ""refine_time_average(ms)"": ""4.077"", ""retrieval_time_average(ms)"": ""4.862"", ""retrieval_time_query_average(ms)"": ""106.197"", ""retrieval_time_query_p5(ms)"": ""59.901"", ""retrieval_time_query_p50(ms)"": ""109.380"", ""retrieval_time_query_p95(ms)"": ""148.687""}",profiling/igp_paper_cpu/chunks/igp_val_20260428T041716Z_nbit4_t32/val/msmarco/igp_msmarco_top100_val_chunk_005.json
igp_val_20260428T041716Z_nbit4_t32,val,msmarco,100,recall@100,50,4,500,145.1378809869376,145.1378809869376,153.58396000000002,6.511096601494062,6.89,0.166240264737926,300.769492149353,0.6772,0.76,0.9554999999999999,"{""decode_time_average(ms)"": ""76.592"", ""filter_time_average(ms)"": ""66.291"", ""incremental_graph_n_compute_l_average"": ""15102.640"", ""n_seen_item_average"": ""45867.940"", ""n_vq_score_linear_scan_average"": ""173164.280"", ""refine_time_average(ms)"": ""10.698"", ""retrieval_time_average(ms)"": ""6.890"", ""retrieval_time_query_average(ms)"": ""153.584"", ""retrieval_time_query_p5(ms)"": ""75.937"", ""retrieval_time_query_p50(ms)"": ""164.126"", ""retrieval_time_query_p95(ms)"": ""240.619""}",profiling/igp_paper_cpu/chunks/igp_val_20260428T041716Z_nbit4_t32/val/msmarco/igp_msmarco_top100_val_chunk_005.json
igp_val_20260428T041716Z_nbit4_t32,val,msmarco,100,recall@100,50,4,1000,137.4192661811186,137.4192661811186,184.80532000000002,5.411099637174947,7.277,0.1670654403090142,299.2839207649231,0.7498,0.88,0.97,"{""decode_time_average(ms)"": ""93.646"", ""filter_time_average(ms)"": ""70.132"", ""incremental_graph_n_compute_l_average"": ""15102.640"", ""n_seen_item_average"": ""45867.940"", ""n_vq_score_linear_scan_average"": ""173164.280"", ""refine_time_average(ms)"": ""21.025"", ""retrieval_time_average(ms)"": ""7.277"", ""retrieval_time_query_average(ms)"": ""184.805"", ""retrieval_time_query_p5(ms)"": ""84.964"", ""retrieval_time_query_p50(ms)"": ""214.480"", ""retrieval_time_query_p95(ms)"": ""266.134""}",profiling/igp_paper_cpu/chunks/igp_val_20260428T041716Z_nbit4_t32/val/msmarco/igp_msmarco_top100_val_chunk_005.json
igp_val_20260428T041716Z_nbit4_t32,val,msmarco,100,recall@100,50,4,2000,98.74592673052236,98.74592673052236,258.76948,3.864443364804845,10.127,0.14315387428817808,349.27451491355896,0.8122,0.91,0.98,"{""decode_time_average(ms)"": ""80.500"", ""filter_time_average(ms)"": ""135.837"", ""incremental_graph_n_compute_l_average"": ""15102.640"", ""n_seen_item_average"": ""45867.940"", ""n_vq_score_linear_scan_average"": ""173164.280"", ""refine_time_average(ms)"": ""42.431"", ""retrieval_time_average(ms)"": ""10.127"", ""retrieval_time_query_average(ms)"": ""258.769"", ""retrieval_time_query_p5(ms)"": ""114.757"", ""retrieval_time_query_p50(ms)"": ""307.939"", ""retrieval_time_query_p95(ms)"": ""365.520""}",profiling/igp_paper_cpu/chunks/igp_val_20260428T041716Z_nbit4_t32/val/msmarco/igp_msmarco_top100_val_chunk_006.json
igp_val_20260428T041716Z_nbit4_t32,val,msmarco,100,recall@100,50,4,3000,95.89566551591868,95.89566551591868,258.96754,3.8614878142642897,10.428,0.16372627470629977,305.3877582550049,0.8453999999999999,0.92,0.98,"{""decode_time_average(ms)"": ""134.968"", ""filter_time_average(ms)"": ""62.507"", ""incremental_graph_n_compute_l_average"": ""15102.640"", ""n_seen_item_average"": ""45867.940"", ""n_vq_score_linear_scan_average"": ""173164.280"", ""refine_time_average(ms)"": ""61.491"", ""retrieval_time_average(ms)"": ""10.428"", ""retrieval_time_query_average(ms)"": ""258.968"", ""retrieval_time_query_p5(ms)"": ""145.585"", ""retrieval_time_query_p50(ms)"": ""286.079"", ""retrieval_time_query_p95(ms)"": ""356.677""}",profiling/igp_paper_cpu/chunks/igp_val_20260428T041716Z_nbit4_t32/val/msmarco/igp_msmarco_top100_val_chunk_006.json
igp_val_20260428T041716Z_nbit4_t32,val,msmarco,100,recall@100,50,4,4000,92.33610341643582,92.33610341643582,256.5164,3.8983862240386973,10.83,0.16418098415105709,304.54196786880493,0.8628,0.935,0.98,"{""decode_time_average(ms)"": ""133.716"", ""filter_time_average(ms)"": ""35.535"", ""incremental_graph_n_compute_l_average"": ""15102.640"", ""n_seen_item_average"": ""45867.940"", ""n_vq_score_linear_scan_average"": ""173164.280"", ""refine_time_average(ms)"": ""87.262"", ""retrieval_time_average(ms)"": ""10.830"", ""retrieval_time_query_average(ms)"": ""256.516"", ""retrieval_time_query_p5(ms)"": ""168.366"", ""retrieval_time_query_p50(ms)"": ""279.485"", ""retrieval_time_query_p95(ms)"": ""341.291""}",profiling/igp_paper_cpu/chunks/igp_val_20260428T041716Z_nbit4_t32/val/msmarco/igp_msmarco_top100_val_chunk_006.json
igp_val_20260428T041716Z_nbit4_t32,val,msmarco,100,recall@100,50,4,6000,62.893081761006286,62.893081761006286,364.9746200000001,2.7399165454299257,15.9,0.16270889492265397,307.29727482795715,0.8842,0.95,0.9854999999999999,"{""decode_time_average(ms)"": ""198.944"", ""filter_time_average(ms)"": ""36.045"", ""incremental_graph_n_compute_l_average"": ""15102.640"", ""n_seen_item_average"": ""45867.940"", ""n_vq_score_linear_scan_average"": ""173164.280"", ""refine_time_average(ms)"": ""129.983"", ""retrieval_time_average(ms)"": ""15.900"", ""retrieval_time_query_average(ms)"": ""364.975"", ""retrieval_time_query_p5(ms)"": ""255.112"", ""retrieval_time_query_p50(ms)"": ""378.550"", ""retrieval_time_query_p95(ms)"": ""468.877""}",profiling/igp_paper_cpu/chunks/igp_val_20260428T041716Z_nbit4_t32/val/msmarco/igp_msmarco_top100_val_chunk_006.json
igp_val_20260428T041716Z_nbit4_t32,val,msmarco,100,recall@100,50,8,100,147.3187978786093,147.3187978786093,152.71526000000003,6.54813408954678,6.788,0.15011174121540705,333.08520436286926,0.4424,0.42500000000000004,0.7154999999999999,"{""decode_time_average(ms)"": ""26.871"", ""filter_time_average(ms)"": ""124.062"", ""incremental_graph_n_compute_l_average"": ""17285.760"", ""n_seen_item_average"": ""80578.500"", ""n_vq_score_linear_scan_average"": ""335865.200"", ""refine_time_average(ms)"": ""1.780"", ""retrieval_time_average(ms)"": ""6.788"", ""retrieval_time_query_average(ms)"": ""152.715"", ""retrieval_time_query_p5(ms)"": ""36.793"", ""retrieval_time_query_p50(ms)"": ""145.068"", ""retrieval_time_query_p95(ms)"": ""274.796""}",profiling/igp_paper_cpu/chunks/igp_val_20260428T041716Z_nbit4_t32/val/msmarco/igp_msmarco_top100_val_chunk_007.json
igp_val_20260428T041716Z_nbit4_t32,val,msmarco,100,recall@100,50,8,200,164.88046166529264,164.88046166529264,133.40126,7.496181070553606,6.065,0.16424403300720564,304.425062417984,0.5856,0.59,0.8974999999999999,"{""decode_time_average(ms)"": ""38.547"", ""filter_time_average(ms)"": ""91.049"", ""incremental_graph_n_compute_l_average"": ""17285.760"", ""n_seen_item_average"": ""80578.500"", ""n_vq_score_linear_scan_average"": ""335865.200"", ""refine_time_average(ms)"": ""3.804"", ""retrieval_time_average(ms)"": ""6.065"", ""retrieval_time_query_average(ms)"": ""133.401"", ""retrieval_time_query_p5(ms)"": ""63.764"", ""retrieval_time_query_p50(ms)"": ""138.091"", ""retrieval_time_query_p95(ms)"": ""201.259""}",profiling/igp_paper_cpu/chunks/igp_val_20260428T041716Z_nbit4_t32/val/msmarco/igp_msmarco_top100_val_chunk_007.json
igp_val_20260428T041716Z_nbit4_t32,val,msmarco,100,recall@100,50,8,500,159.5150741745095,159.5150741745095,148.50081999999998,6.733969549797774,6.269,0.16553236200332008,302.055739402771,0.7292000000000001,0.775,0.9609999999999999,"{""decode_time_average(ms)"": ""51.854"", ""filter_time_average(ms)"": ""86.900"", ""incremental_graph_n_compute_l_average"": ""17285.760"", ""n_seen_item_average"": ""80578.500"", ""n_vq_score_linear_scan_average"": ""335865.200"", ""refine_time_average(ms)"": ""9.744"", ""retrieval_time_average(ms)"": ""6.269"", ""retrieval_time_query_average(ms)"": ""148.501"", ""retrieval_time_query_p5(ms)"": ""67.125"", ""retrieval_time_query_p50(ms)"": ""167.461"", ""retrieval_time_query_p95(ms)"": ""208.315""}",profiling/igp_paper_cpu/chunks/igp_val_20260428T041716Z_nbit4_t32/val/msmarco/igp_msmarco_top100_val_chunk_007.json
igp_val_20260428T041716Z_nbit4_t32,val,msmarco,100,recall@100,50,8,1000,148.69888475836433,148.69888475836433,146.74844,6.8143824901988745,6.725,0.16566802224502908,301.80839562416077,0.7929999999999999,0.885,0.9754999999999999,"{""decode_time_average(ms)"": ""45.878"", ""filter_time_average(ms)"": ""82.786"", ""incremental_graph_n_compute_l_average"": ""17285.760"", ""n_seen_item_average"": ""80578.500"", ""n_vq_score_linear_scan_average"": ""335865.200"", ""refine_time_average(ms)"": ""18.083"", ""retrieval_time_average(ms)"": ""6.725"", ""retrieval_time_query_average(ms)"": ""146.748"", ""retrieval_time_query_p5(ms)"": ""80.351"", ""retrieval_time_query_p50(ms)"": ""128.258"", ""retrieval_time_query_p95(ms)"": ""241.565""}",profiling/igp_paper_cpu/chunks/igp_val_20260428T041716Z_nbit4_t32/val/msmarco/igp_msmarco_top100_val_chunk_007.json
igp_val_20260428T041716Z_nbit4_t32,val,msmarco,100,recall@100,50,8,2000,103.11404413281089,103.11404413281089,237.14178,4.216886623689844,9.698,0.16268618206194785,307.3401770591736,0.8410000000000001,0.93,0.98,"{""decode_time_average(ms)"": ""79.194"", ""filter_time_average(ms)"": ""109.958"", ""incremental_graph_n_compute_l_average"": ""17285.760"", ""n_seen_item_average"": ""80578.500"", ""n_vq_score_linear_scan_average"": ""335865.200"", ""refine_time_average(ms)"": ""47.986"", ""retrieval_time_average(ms)"": ""9.698"", ""retrieval_time_query_average(ms)"": ""237.142"", ""retrieval_time_query_p5(ms)"": ""123.454"", ""retrieval_time_query_p50(ms)"": ""267.391"", ""retrieval_time_query_p95(ms)"": ""332.154""}",profiling/igp_paper_cpu/chunks/igp_val_20260428T041716Z_nbit4_t32/val/msmarco/igp_msmarco_top100_val_chunk_008.json
igp_val_20260428T041716Z_nbit4_t32,val,msmarco,100,recall@100,50,8,3000,85.23695874531197,85.23695874531197,289.63509999999997,3.4526202107410326,11.732,0.16332160980995278,306.1444230079651,0.8664000000000001,0.95,0.99,"{""decode_time_average(ms)"": ""123.603"", ""filter_time_average(ms)"": ""94.427"", ""incremental_graph_n_compute_l_average"": ""17285.760"", ""n_seen_item_average"": ""80578.500"", ""n_vq_score_linear_scan_average"": ""335865.200"", ""refine_time_average(ms)"": ""71.603"", ""retrieval_time_average(ms)"": ""11.732"", ""retrieval_time_query_average(ms)"": ""289.635"", ""retrieval_time_query_p5(ms)"": ""152.212"", ""retrieval_time_query_p50(ms)"": ""345.840"", ""retrieval_time_query_p95(ms)"": ""382.545""}",profiling/igp_paper_cpu/chunks/igp_val_20260428T041716Z_nbit4_t32/val/msmarco/igp_msmarco_top100_val_chunk_008.json
igp_val_20260428T041716Z_nbit4_t32,val,msmarco,100,recall@100,50,8,4000,91.31586156515387,91.31586156515387,278.42319999999995,3.591654718428637,10.951,0.16251966913120847,307.65506887435913,0.8881999999999999,0.95,0.99,"{""decode_time_average(ms)"": ""137.691"", ""filter_time_average(ms)"": ""39.851"", ""incremental_graph_n_compute_l_average"": ""17285.760"", ""n_seen_item_average"": ""80578.500"", ""n_vq_score_linear_scan_average"": ""335865.200"", ""refine_time_average(ms)"": ""100.879"", ""retrieval_time_average(ms)"": ""10.951"", ""retrieval_time_query_average(ms)"": ""278.423"", ""retrieval_time_query_p5(ms)"": ""193.810"", ""retrieval_time_query_p50(ms)"": ""305.433"", ""retrieval_time_query_p95(ms)"": ""342.217""}",profiling/igp_paper_cpu/chunks/igp_val_20260428T041716Z_nbit4_t32/val/msmarco/igp_msmarco_top100_val_chunk_008.json
igp_val_20260428T041716Z_nbit4_t32,val,msmarco,100,recall@100,50,8,6000,61.96554715578138,61.96554715578138,402.3017,2.4856966798798017,16.138,0.1622202587249727,308.22290873527527,0.9039999999999999,0.955,0.99,"{""decode_time_average(ms)"": ""203.330"", ""filter_time_average(ms)"": ""43.561"", ""incremental_graph_n_compute_l_average"": ""17285.760"", ""n_seen_item_average"": ""80578.500"", ""n_vq_score_linear_scan_average"": ""335865.200"", ""refine_time_average(ms)"": ""155.409"", ""retrieval_time_average(ms)"": ""16.138"", ""retrieval_time_query_average(ms)"": ""402.302"", ""retrieval_time_query_p5(ms)"": ""285.832"", ""retrieval_time_query_p50(ms)"": ""430.393"", ""retrieval_time_query_p95(ms)"": ""484.630""}",profiling/igp_paper_cpu/chunks/igp_val_20260428T041716Z_nbit4_t32/val/msmarco/igp_msmarco_top100_val_chunk_008.json
igp_val_20260428T041716Z_nbit4_t32,val,msmarco,100,recall@100,50,16,100,136.1841209314994,136.1841209314994,176.31307999999999,5.671728949434722,7.343,0.1530339451836222,326.724897146225,0.4522,0.45,0.7219999999999999,"{""decode_time_average(ms)"": ""27.438"", ""filter_time_average(ms)"": ""147.063"", ""incremental_graph_n_compute_l_average"": ""21727.540"", ""n_seen_item_average"": ""145259.180"", ""n_vq_score_linear_scan_average"": ""646327.740"", ""refine_time_average(ms)"": ""1.810"", ""retrieval_time_average(ms)"": ""7.343"", ""retrieval_time_query_average(ms)"": ""176.313"", ""retrieval_time_query_p5(ms)"": ""58.685"", ""retrieval_time_query_p50(ms)"": ""139.581"", ""retrieval_time_query_p95(ms)"": ""316.145""}",profiling/igp_paper_cpu/chunks/igp_val_20260428T041716Z_nbit4_t32/val/msmarco/igp_msmarco_top100_val_chunk_009.json
igp_val_20260428T041716Z_nbit4_t32,val,msmarco,100,recall@100,50,16,200,133.24450366422386,133.24450366422386,165.58154,6.039320566773325,7.505,0.16536758930751275,302.3567085266113,0.614,0.65,0.9174999999999999,"{""decode_time_average(ms)"": ""33.999"", ""filter_time_average(ms)"": ""127.752"", ""incremental_graph_n_compute_l_average"": ""21727.540"", ""n_seen_item_average"": ""145259.180"", ""n_vq_score_linear_scan_average"": ""646327.740"", ""refine_time_average(ms)"": ""3.829"", ""retrieval_time_average(ms)"": ""7.505"", ""retrieval_time_query_average(ms)"": ""165.582"", ""retrieval_time_query_p5(ms)"": ""90.869"", ""retrieval_time_query_p50(ms)"": ""172.739"", ""retrieval_time_query_p95(ms)"": ""238.120""}",profiling/igp_paper_cpu/chunks/igp_val_20260428T041716Z_nbit4_t32/val/msmarco/igp_msmarco_top100_val_chunk_009.json
igp_val_20260428T041716Z_nbit4_t32,val,msmarco,100,recall@100,50,16,500,125.86532410320956,125.86532410320956,194.75898,5.134551433777276,7.945,0.16629809185129152,300.66490507125854,0.7760000000000002,0.875,0.97,"{""decode_time_average(ms)"": ""39.324"", ""filter_time_average(ms)"": ""145.372"", ""incremental_graph_n_compute_l_average"": ""21727.540"", ""n_seen_item_average"": ""145259.180"", ""n_vq_score_linear_scan_average"": ""646327.740"", ""refine_time_average(ms)"": ""10.061"", ""retrieval_time_average(ms)"": ""7.945"", ""retrieval_time_query_average(ms)"": ""194.759"", ""retrieval_time_query_p5(ms)"": ""77.188"", ""retrieval_time_query_p50(ms)"": ""231.452"", ""retrieval_time_query_p95(ms)"": ""274.885""}",profiling/igp_paper_cpu/chunks/igp_val_20260428T041716Z_nbit4_t32/val/msmarco/igp_msmarco_top100_val_chunk_009.json
igp_val_20260428T041716Z_nbit4_t32,val,msmarco,100,recall@100,50,16,1000,114.09013120365087,114.09013120365087,196.98236,5.076596706425895,8.765,0.166156116966268,300.921813249588,0.8346000000000001,0.91,0.98,"{""decode_time_average(ms)"": ""41.291"", ""filter_time_average(ms)"": ""138.179"", ""incremental_graph_n_compute_l_average"": ""21727.540"", ""n_seen_item_average"": ""145259.180"", ""n_vq_score_linear_scan_average"": ""646327.740"", ""refine_time_average(ms)"": ""17.511"", ""retrieval_time_average(ms)"": ""8.765"", ""retrieval_time_query_average(ms)"": ""196.982"", ""retrieval_time_query_p5(ms)"": ""98.098"", ""retrieval_time_query_p50(ms)"": ""186.959"", ""retrieval_time_query_p95(ms)"": ""293.167""}",profiling/igp_paper_cpu/chunks/igp_val_20260428T041716Z_nbit4_t32/val/msmarco/igp_msmarco_top100_val_chunk_009.json
igp_val_20260428T041716Z_nbit4_t32,val,msmarco,100,recall@100,50,16,2000,79.827572443522,79.827572443522,304.79720000000003,3.2808700342391592,12.527,0.1498240321403366,333.72483229637146,0.8797999999999999,0.945,0.9854999999999999,"{""decode_time_average(ms)"": ""76.912"", ""filter_time_average(ms)"": ""180.182"", ""incremental_graph_n_compute_l_average"": ""21727.540"", ""n_seen_item_average"": ""145259.180"", ""n_vq_score_linear_scan_average"": ""646327.740"", ""refine_time_average(ms)"": ""47.701"", ""retrieval_time_average(ms)"": ""12.527"", ""retrieval_time_query_average(ms)"": ""304.797"", ""retrieval_time_query_p5(ms)"": ""182.441"", ""retrieval_time_query_p50(ms)"": ""315.730"", ""retrieval_time_query_p95(ms)"": ""390.592""}",profiling/igp_paper_cpu/chunks/igp_val_20260428T041716Z_nbit4_t32/val/msmarco/igp_msmarco_top100_val_chunk_010.json
igp_val_20260428T041716Z_nbit4_t32,val,msmarco,100,recall@100,50,16,3000,64.74168069403082,64.74168069403082,382.8665800000001,2.6118759177152513,15.446,0.1605456840895869,311.4378333091736,0.8979999999999998,0.95,0.9854999999999999,"{""decode_time_average(ms)"": ""161.917"", ""filter_time_average(ms)"": ""149.919"", ""incremental_graph_n_compute_l_average"": ""21727.540"", ""n_seen_item_average"": ""145259.180"", ""n_vq_score_linear_scan_average"": ""646327.740"", ""refine_time_average(ms)"": ""71.030"", ""retrieval_time_average(ms)"": ""15.446"", ""retrieval_time_query_average(ms)"": ""382.867"", ""retrieval_time_query_p5(ms)"": ""210.307"", ""retrieval_time_query_p50(ms)"": ""429.387"", ""retrieval_time_query_p95(ms)"": ""531.553""}",profiling/igp_paper_cpu/chunks/igp_val_20260428T041716Z_nbit4_t32/val/msmarco/igp_msmarco_top100_val_chunk_010.json
igp_val_20260428T041716Z_nbit4_t32,val,msmarco,100,recall@100,50,16,4000,78.16774798718049,78.16774798718049,326.36176,3.0640844687196194,12.793,0.15992606884510888,312.64446353912354,0.9092,0.95,0.99,"{""decode_time_average(ms)"": ""167.187"", ""filter_time_average(ms)"": ""64.961"", ""incremental_graph_n_compute_l_average"": ""21727.540"", ""n_seen_item_average"": ""145259.180"", ""n_vq_score_linear_scan_average"": ""646327.740"", ""refine_time_average(ms)"": ""94.212"", ""retrieval_time_average(ms)"": ""12.793"", ""retrieval_time_query_average(ms)"": ""326.362"", ""retrieval_time_query_p5(ms)"": ""222.742"", ""retrieval_time_query_p50(ms)"": ""356.380"", ""retrieval_time_query_p95(ms)"": ""405.651""}",profiling/igp_paper_cpu/chunks/igp_val_20260428T041716Z_nbit4_t32/val/msmarco/igp_msmarco_top100_val_chunk_010.json
igp_val_20260428T041716Z_nbit4_t32,val,msmarco,100,recall@100,50,16,6000,58.363487802031045,58.363487802031045,425.11322,2.3523145198824915,17.134,0.15906024715325945,314.3462989330292,0.9229999999999999,0.955,0.99,"{""decode_time_average(ms)"": ""208.148"", ""filter_time_average(ms)"": ""68.908"", ""incremental_graph_n_compute_l_average"": ""21727.540"", ""n_seen_item_average"": ""145259.180"", ""n_vq_score_linear_scan_average"": ""646327.740"", ""refine_time_average(ms)"": ""148.054"", ""retrieval_time_average(ms)"": ""17.134"", ""retrieval_time_query_average(ms)"": ""425.113"", ""retrieval_time_query_p5(ms)"": ""303.729"", ""retrieval_time_query_p50(ms)"": ""461.247"", ""retrieval_time_query_p95(ms)"": ""512.010""}",profiling/igp_paper_cpu/chunks/igp_val_20260428T041716Z_nbit4_t32/val/msmarco/igp_msmarco_top100_val_chunk_010.json
igp_val_20260428T041716Z_nbit4_t32,val,msmarco,100,recall@100,50,32,100,79.2016473942658,79.2016473942658,277.59918,3.602316116351641,12.626,0.1525033924855068,327.86155891418457,0.46399999999999997,0.46499999999999997,0.7354999999999999,"{""decode_time_average(ms)"": ""8.589"", ""filter_time_average(ms)"": ""267.159"", ""incremental_graph_n_compute_l_average"": ""30496.320"", ""n_seen_item_average"": ""259661.740"", ""n_vq_score_linear_scan_average"": ""1254205.500"", ""refine_time_average(ms)"": ""1.851"", ""retrieval_time_average(ms)"": ""12.626"", ""retrieval_time_query_average(ms)"": ""277.599"", ""retrieval_time_query_p5(ms)"": ""142.445"", ""retrieval_time_query_p50(ms)"": ""286.353"", ""retrieval_time_query_p95(ms)"": ""384.442""}",profiling/igp_paper_cpu/chunks/igp_val_20260428T041716Z_nbit4_t32/val/msmarco/igp_msmarco_top100_val_chunk_011.json
igp_val_20260428T041716Z_nbit4_t32,val,msmarco,100,recall@100,50,32,200,92.49838127832763,92.49838127832763,219.19624,4.562122050998685,10.811,0.16578836480965572,301.5893187522888,0.6316,0.65,0.9274999999999999,"{""decode_time_average(ms)"": ""20.189"", ""filter_time_average(ms)"": ""195.404"", ""incremental_graph_n_compute_l_average"": ""30496.320"", ""n_seen_item_average"": ""259661.740"", ""n_vq_score_linear_scan_average"": ""1254205.500"", ""refine_time_average(ms)"": ""3.603"", ""retrieval_time_average(ms)"": ""10.811"", ""retrieval_time_query_average(ms)"": ""219.196"", ""retrieval_time_query_p5(ms)"": ""123.288"", ""retrieval_time_query_p50(ms)"": ""207.692"", ""retrieval_time_query_p95(ms)"": ""330.507""}",profiling/igp_paper_cpu/chunks/igp_val_20260428T041716Z_nbit4_t32/val/msmarco/igp_msmarco_top100_val_chunk_011.json
igp_val_20260428T041716Z_nbit4_t32,val,msmarco,100,recall@100,50,32,500,72.1552781585973,72.1552781585973,316.0487,3.1640693348841493,13.859,0.16569817008888021,301.7534832954407,0.795,0.875,0.9754999999999999,"{""decode_time_average(ms)"": ""43.927"", ""filter_time_average(ms)"": ""263.190"", ""incremental_graph_n_compute_l_average"": ""30496.320"", ""n_seen_item_average"": ""259661.740"", ""n_vq_score_linear_scan_average"": ""1254205.500"", ""refine_time_average(ms)"": ""8.931"", ""retrieval_time_average(ms)"": ""13.859"", ""retrieval_time_query_average(ms)"": ""316.049"", ""retrieval_time_query_p5(ms)"": ""141.405"", ""retrieval_time_query_p50(ms)"": ""357.556"", ""retrieval_time_query_p95(ms)"": ""450.402""}",profiling/igp_paper_cpu/chunks/igp_val_20260428T041716Z_nbit4_t32/val/msmarco/igp_msmarco_top100_val_chunk_011.json
igp_val_20260428T041716Z_nbit4_t32,val,msmarco,100,recall@100,50,32,1000,79.37767899666613,79.37767899666613,280.98398,3.5589217577457624,12.598,0.16567869791809103,301.7889482975006,0.853,0.925,0.98,"{""decode_time_average(ms)"": ""64.975"", ""filter_time_average(ms)"": ""197.979"", ""incremental_graph_n_compute_l_average"": ""30496.320"", ""n_seen_item_average"": ""259661.740"", ""n_vq_score_linear_scan_average"": ""1254205.500"", ""refine_time_average(ms)"": ""18.028"", ""retrieval_time_average(ms)"": ""12.598"", ""retrieval_time_query_average(ms)"": ""280.984"", ""retrieval_time_query_p5(ms)"": ""155.178"", ""retrieval_time_query_p50(ms)"": ""291.565"", ""retrieval_time_query_p95(ms)"": ""396.690""}",profiling/igp_paper_cpu/chunks/igp_val_20260428T041716Z_nbit4_t32/val/msmarco/igp_msmarco_top100_val_chunk_011.json
igp_val_20260428T041716Z_nbit4_t32,val,msmarco,100,recall@100,50,32,2000,83.60504974500459,83.60504974500459,275.38872,3.6312307926047227,11.961,0.16451481780448254,303.9239909648895,0.8896000000000001,0.945,0.9854999999999999,"{""decode_time_average(ms)"": ""52.734"", ""filter_time_average(ms)"": ""186.367"", ""incremental_graph_n_compute_l_average"": ""30496.320"", ""n_seen_item_average"": ""259661.740"", ""n_vq_score_linear_scan_average"": ""1254205.500"", ""refine_time_average(ms)"": ""36.286"", ""retrieval_time_average(ms)"": ""11.961"", ""retrieval_time_query_average(ms)"": ""275.389"", ""retrieval_time_query_p5(ms)"": ""160.089"", ""retrieval_time_query_p50(ms)"": ""273.830"", ""retrieval_time_query_p95(ms)"": ""396.993""}",profiling/igp_paper_cpu/chunks/igp_val_20260428T041716Z_nbit4_t32/val/msmarco/igp_msmarco_top100_val_chunk_012.json
igp_val_20260428T041716Z_nbit4_t32,val,msmarco,100,recall@100,50,32,3000,60.25185274447189,60.25185274447189,426.24557999999996,2.346065383246907,16.597,0.16318135644536783,306.40755224227905,0.9153999999999998,0.95,0.9854999999999999,"{""decode_time_average(ms)"": ""164.207"", ""filter_time_average(ms)"": ""197.885"", ""incremental_graph_n_compute_l_average"": ""30496.320"", ""n_seen_item_average"": ""259661.740"", ""n_vq_score_linear_scan_average"": ""1254205.500"", ""refine_time_average(ms)"": ""64.152"", ""retrieval_time_average(ms)"": ""16.597"", ""retrieval_time_query_average(ms)"": ""426.246"", ""retrieval_time_query_p5(ms)"": ""228.491"", ""retrieval_time_query_p50(ms)"": ""447.554"", ""retrieval_time_query_p95(ms)"": ""610.421""}",profiling/igp_paper_cpu/chunks/igp_val_20260428T041716Z_nbit4_t32/val/msmarco/igp_msmarco_top100_val_chunk_012.json
igp_val_20260428T041716Z_nbit4_t32,val,msmarco,100,recall@100,50,32,4000,62.82985674792661,62.82985674792661,404.94352,2.4694801882494626,15.916,0.16310680407828795,306.5476040840149,0.9234,0.96,0.99,"{""decode_time_average(ms)"": ""123.024"", ""filter_time_average(ms)"": ""213.043"", ""incremental_graph_n_compute_l_average"": ""30496.320"", ""n_seen_item_average"": ""259661.740"", ""n_vq_score_linear_scan_average"": ""1254205.500"", ""refine_time_average(ms)"": ""68.867"", ""retrieval_time_average(ms)"": ""15.916"", ""retrieval_time_query_average(ms)"": ""404.944"", ""retrieval_time_query_p5(ms)"": ""227.843"", ""retrieval_time_query_p50(ms)"": ""435.481"", ""retrieval_time_query_p95(ms)"": ""538.767""}",profiling/igp_paper_cpu/chunks/igp_val_20260428T041716Z_nbit4_t32/val/msmarco/igp_msmarco_top100_val_chunk_012.json
igp_val_20260428T041716Z_nbit4_t32,val,msmarco,100,recall@100,50,32,6000,55.39859287574096,55.39859287574096,431.0945,2.319677008173382,18.051,0.16148531214002268,309.62568259239197,0.9336,0.96,0.99,"{""decode_time_average(ms)"": ""188.469"", ""filter_time_average(ms)"": ""133.306"", ""incremental_graph_n_compute_l_average"": ""30496.320"", ""n_seen_item_average"": ""259661.740"", ""n_vq_score_linear_scan_average"": ""1254205.500"", ""refine_time_average(ms)"": ""109.317"", ""retrieval_time_average(ms)"": ""18.051"", ""retrieval_time_query_average(ms)"": ""431.095"", ""retrieval_time_query_p5(ms)"": ""301.711"", ""retrieval_time_query_p50(ms)"": ""451.813"", ""retrieval_time_query_p95(ms)"": ""523.374""}",profiling/igp_paper_cpu/chunks/igp_val_20260428T041716Z_nbit4_t32/val/msmarco/igp_msmarco_top100_val_chunk_012.json
igp_val_20260428T041716Z_nbit4_t32,val,msmarco,100,recall@100,50,64,100,54.79151827297134,54.79151827297134,416.7949,2.399261603248984,18.251,0.14866589719505152,336.32461071014404,0.47,0.485,0.72,"{""decode_time_average(ms)"": ""31.749"", ""filter_time_average(ms)"": ""383.115"", ""incremental_graph_n_compute_l_average"": ""47302.160"", ""n_seen_item_average"": ""468771.960"", ""n_vq_score_linear_scan_average"": ""2445371.940"", ""refine_time_average(ms)"": ""1.930"", ""retrieval_time_average(ms)"": ""18.251"", ""retrieval_time_query_average(ms)"": ""416.795"", ""retrieval_time_query_p5(ms)"": ""245.307"", ""retrieval_time_query_p50(ms)"": ""425.446"", ""retrieval_time_query_p95(ms)"": ""569.971""}",profiling/igp_paper_cpu/chunks/igp_val_20260428T041716Z_nbit4_t32/val/msmarco/igp_msmarco_top100_val_chunk_013.json
igp_val_20260428T041716Z_nbit4_t32,val,msmarco,100,recall@100,50,64,200,51.78127589063794,51.78127589063794,381.01313999999996,2.624581398951228,19.312,0.16476843498914606,303.45618081092834,0.6184,0.635,0.9309999999999999,"{""decode_time_average(ms)"": ""31.027"", ""filter_time_average(ms)"": ""346.317"", ""incremental_graph_n_compute_l_average"": ""47302.160"", ""n_seen_item_average"": ""468771.960"", ""n_vq_score_linear_scan_average"": ""2445371.940"", ""refine_time_average(ms)"": ""3.668"", ""retrieval_time_average(ms)"": ""19.312"", ""retrieval_time_query_average(ms)"": ""381.013"", ""retrieval_time_query_p5(ms)"": ""244.925"", ""retrieval_time_query_p50(ms)"": ""367.938"", ""retrieval_time_query_p95(ms)"": ""537.743""}",profiling/igp_paper_cpu/chunks/igp_val_20260428T041716Z_nbit4_t32/val/msmarco/igp_msmarco_top100_val_chunk_013.json
igp_val_20260428T041716Z_nbit4_t32,val,msmarco,100,recall@100,50,64,500,53.02789267154523,53.02789267154523,385.99012000000005,2.590739887331831,18.858,0.16460253694105875,303.7620253562927,0.7975999999999999,0.865,0.97,"{""decode_time_average(ms)"": ""44.105"", ""filter_time_average(ms)"": ""333.044"", ""incremental_graph_n_compute_l_average"": ""47302.160"", ""n_seen_item_average"": ""468771.960"", ""n_vq_score_linear_scan_average"": ""2445371.940"", ""refine_time_average(ms)"": ""8.840"", ""retrieval_time_average(ms)"": ""18.858"", ""retrieval_time_query_average(ms)"": ""385.990"", ""retrieval_time_query_p5(ms)"": ""218.104"", ""retrieval_time_query_p50(ms)"": ""399.917"", ""retrieval_time_query_p95(ms)"": ""559.464""}",profiling/igp_paper_cpu/chunks/igp_val_20260428T041716Z_nbit4_t32/val/msmarco/igp_msmarco_top100_val_chunk_013.json
igp_val_20260428T041716Z_nbit4_t32,val,msmarco,100,recall@100,50,64,1000,68.35737234260715,68.35737234260715,348.51347999999996,2.86932947328178,14.629,0.16433186143770065,304.2623600959778,0.8672,0.925,0.98,"{""decode_time_average(ms)"": ""54.251"", ""filter_time_average(ms)"": ""276.568"", ""incremental_graph_n_compute_l_average"": ""47302.160"", ""n_seen_item_average"": ""468771.960"", ""n_vq_score_linear_scan_average"": ""2445371.940"", ""refine_time_average(ms)"": ""17.694"", ""retrieval_time_average(ms)"": ""14.629"", ""retrieval_time_query_average(ms)"": ""348.513"", ""retrieval_time_query_p5(ms)"": ""205.614"", ""retrieval_time_query_p50(ms)"": ""363.514"", ""retrieval_time_query_p95(ms)"": ""480.322""}",profiling/igp_paper_cpu/chunks/igp_val_20260428T041716Z_nbit4_t32/val/msmarco/igp_msmarco_top100_val_chunk_013.json
igp_val_20260428T041716Z_nbit4_t32,val,msmarco,100,recall@100,50,64,2000,38.156288156288156,38.156288156288156,660.2278399999999,1.5146286469834416,26.208,0.14775806454718673,338.39100527763367,0.8976000000000001,0.95,0.9854999999999999,"{""decode_time_average(ms)"": ""171.407"", ""filter_time_average(ms)"": ""449.454"", ""incremental_graph_n_compute_l_average"": ""47302.160"", ""n_seen_item_average"": ""468771.960"", ""n_vq_score_linear_scan_average"": ""2445371.940"", ""refine_time_average(ms)"": ""39.365"", ""retrieval_time_average(ms)"": ""26.208"", ""retrieval_time_query_average(ms)"": ""660.228"", ""retrieval_time_query_p5(ms)"": ""338.692"", ""retrieval_time_query_p50(ms)"": ""657.876"", ""retrieval_time_query_p95(ms)"": ""921.378""}",profiling/igp_paper_cpu/chunks/igp_val_20260428T041716Z_nbit4_t32/val/msmarco/igp_msmarco_top100_val_chunk_014.json
igp_val_20260428T041716Z_nbit4_t32,val,msmarco,100,recall@100,50,64,3000,52.81225244256668,52.81225244256668,427.29682,2.3402935692336766,18.935,0.1637890072356809,305.27079224586487,0.9144,0.95,0.9854999999999999,"{""decode_time_average(ms)"": ""95.607"", ""filter_time_average(ms)"": ""271.428"", ""incremental_graph_n_compute_l_average"": ""47302.160"", ""n_seen_item_average"": ""468771.960"", ""n_vq_score_linear_scan_average"": ""2445371.940"", ""refine_time_average(ms)"": ""60.260"", ""retrieval_time_average(ms)"": ""18.935"", ""retrieval_time_query_average(ms)"": ""427.297"", ""retrieval_time_query_p5(ms)"": ""287.210"", ""retrieval_time_query_p50(ms)"": ""432.582"", ""retrieval_time_query_p95(ms)"": ""553.197""}",profiling/igp_paper_cpu/chunks/igp_val_20260428T041716Z_nbit4_t32/val/msmarco/igp_msmarco_top100_val_chunk_014.json
igp_val_20260428T041716Z_nbit4_t32,val,msmarco,100,recall@100,50,64,4000,41.543766357858004,41.543766357858004,598.0276399999999,1.6721635140476119,24.071,0.16346183882585463,305.88179087638855,0.926,0.96,0.9854999999999999,"{""decode_time_average(ms)"": ""216.177"", ""filter_time_average(ms)"": ""283.425"", ""incremental_graph_n_compute_l_average"": ""47302.160"", ""n_seen_item_average"": ""468771.960"", ""n_vq_score_linear_scan_average"": ""2445371.940"", ""refine_time_average(ms)"": ""98.423"", ""retrieval_time_average(ms)"": ""24.071"", ""retrieval_time_query_average(ms)"": ""598.028"", ""retrieval_time_query_p5(ms)"": ""375.175"", ""retrieval_time_query_p50(ms)"": ""677.622"", ""retrieval_time_query_p95(ms)"": ""741.538""}",profiling/igp_paper_cpu/chunks/igp_val_20260428T041716Z_nbit4_t32/val/msmarco/igp_msmarco_top100_val_chunk_014.json
igp_val_20260428T041716Z_nbit4_t32,val,msmarco,100,recall@100,50,64,6000,35.49875754348598,35.49875754348598,677.14598,1.4767864382802656,28.17,0.16076513284569907,311.0127122402191,0.9381999999999999,0.96,0.99,"{""decode_time_average(ms)"": ""212.390"", ""filter_time_average(ms)"": ""322.186"", ""incremental_graph_n_compute_l_average"": ""47302.160"", ""n_seen_item_average"": ""468771.960"", ""n_vq_score_linear_scan_average"": ""2445371.940"", ""refine_time_average(ms)"": ""142.568"", ""retrieval_time_average(ms)"": ""28.170"", ""retrieval_time_query_average(ms)"": ""677.146"", ""retrieval_time_query_p5(ms)"": ""421.913"", ""retrieval_time_query_p50(ms)"": ""737.151"", ""retrieval_time_query_p95(ms)"": ""875.235""}",profiling/igp_paper_cpu/chunks/igp_val_20260428T041716Z_nbit4_t32/val/msmarco/igp_msmarco_top100_val_chunk_014.json
igp_val_20260428T041716Z_nbit4_t32,val,msmarco,10,recall@10,50,1,10,190.80328181644725,190.80328181644725,101.94040000000001,9.809653483800338,5.241,0.14136291380957305,353.69955706596375,0.324,0.3,0.7549999999999997,"{""decode_time_average(ms)"": ""2.634"", ""filter_time_average(ms)"": ""99.016"", ""incremental_graph_n_compute_l_average"": ""13391.700"", ""n_seen_item_average"": ""14148.540"", ""n_vq_score_linear_scan_average"": ""44277.920"", ""refine_time_average(ms)"": ""0.290"", ""retrieval_time_average(ms)"": ""5.241"", ""retrieval_time_query_average(ms)"": ""101.940"", ""retrieval_time_query_p5(ms)"": ""24.826"", ""retrieval_time_query_p50(ms)"": ""112.700"", ""retrieval_time_query_p95(ms)"": ""190.412""}",profiling/igp_paper_cpu/chunks/igp_val_20260428T041716Z_nbit4_t32/val/msmarco/igp_msmarco_top10_val_chunk_001.json
igp_val_20260428T041716Z_nbit4_t32,val,msmarco,10,recall@10,50,1,20,441.5011037527594,441.5011037527594,45.872880000000016,21.79937252686118,2.265,0.16733965873740947,298.79348611831665,0.41600000000000004,0.3,0.8549999999999998,"{""decode_time_average(ms)"": ""4.784"", ""filter_time_average(ms)"": ""40.530"", ""incremental_graph_n_compute_l_average"": ""13391.700"", ""n_seen_item_average"": ""14148.540"", ""n_vq_score_linear_scan_average"": ""44277.920"", ""refine_time_average(ms)"": ""0.559"", ""retrieval_time_average(ms)"": ""2.265"", ""retrieval_time_query_average(ms)"": ""45.873"", ""retrieval_time_query_p5(ms)"": ""15.054"", ""retrieval_time_query_p50(ms)"": ""41.701"", ""retrieval_time_query_p95(ms)"": ""90.293""}",profiling/igp_paper_cpu/chunks/igp_val_20260428T041716Z_nbit4_t32/val/msmarco/igp_msmarco_top10_val_chunk_001.json
igp_val_20260428T041716Z_nbit4_t32,val,msmarco,10,recall@10,50,1,50,353.98230088495575,353.98230088495575,58.27276,17.160676789635502,2.825,0.16817614021171173,297.30733466148376,0.5320000000000001,0.6,1.0,"{""decode_time_average(ms)"": ""7.400"", ""filter_time_average(ms)"": ""50.069"", ""incremental_graph_n_compute_l_average"": ""13391.700"", ""n_seen_item_average"": ""14148.540"", ""n_vq_score_linear_scan_average"": ""44277.920"", ""refine_time_average(ms)"": ""0.804"", ""retrieval_time_average(ms)"": ""2.825"", ""retrieval_time_query_average(ms)"": ""58.273"", ""retrieval_time_query_p5(ms)"": ""19.332"", ""retrieval_time_query_p50(ms)"": ""53.539"", ""retrieval_time_query_p95(ms)"": ""105.965""}",profiling/igp_paper_cpu/chunks/igp_val_20260428T041716Z_nbit4_t32/val/msmarco/igp_msmarco_top10_val_chunk_001.json
igp_val_20260428T041716Z_nbit4_t32,val,msmarco,10,recall@10,50,1,100,364.29872495446267,364.29872495446267,65.345,15.303389700818732,2.745,0.1682733542431108,297.1355757713318,0.5840000000000001,0.6,1.0,"{""decode_time_average(ms)"": ""12.559"", ""filter_time_average(ms)"": ""51.147"", ""incremental_graph_n_compute_l_average"": ""13391.700"", ""n_seen_item_average"": ""14148.540"", ""n_vq_score_linear_scan_average"": ""44277.920"", ""refine_time_average(ms)"": ""1.639"", ""retrieval_time_average(ms)"": ""2.745"", ""retrieval_time_query_average(ms)"": ""65.345"", ""retrieval_time_query_p5(ms)"": ""20.906"", ""retrieval_time_query_p50(ms)"": ""65.069"", ""retrieval_time_query_p95(ms)"": ""115.423""}",profiling/igp_paper_cpu/chunks/igp_val_20260428T041716Z_nbit4_t32/val/msmarco/igp_msmarco_top10_val_chunk_001.json
igp_val_20260428T041716Z_nbit4_t32,val,msmarco,10,recall@10,50,1,200,171.9986240110079,171.9986240110079,114.10188,8.764097489015956,5.814,0.14104018332307733,354.50889825820923,0.67,0.75,1.0,"{""decode_time_average(ms)"": ""14.057"", ""filter_time_average(ms)"": ""96.143"", ""incremental_graph_n_compute_l_average"": ""13391.700"", ""n_seen_item_average"": ""14148.540"", ""n_vq_score_linear_scan_average"": ""44277.920"", ""refine_time_average(ms)"": ""3.902"", ""retrieval_time_average(ms)"": ""5.814"", ""retrieval_time_query_average(ms)"": ""114.102"", ""retrieval_time_query_p5(ms)"": ""28.833"", ""retrieval_time_query_p50(ms)"": ""101.126"", ""retrieval_time_query_p95(ms)"": ""232.976""}",profiling/igp_paper_cpu/chunks/igp_val_20260428T041716Z_nbit4_t32/val/msmarco/igp_msmarco_top10_val_chunk_002.json
igp_val_20260428T041716Z_nbit4_t32,val,msmarco,10,recall@10,50,1,300,287.43891922966367,287.43891922966367,84.22992,11.872265817182303,3.479,0.16747700602754692,298.54844665527344,0.6919999999999998,0.75,1.0,"{""decode_time_average(ms)"": ""33.619"", ""filter_time_average(ms)"": ""45.507"", ""incremental_graph_n_compute_l_average"": ""13391.700"", ""n_seen_item_average"": ""14148.540"", ""n_vq_score_linear_scan_average"": ""44277.920"", ""refine_time_average(ms)"": ""5.104"", ""retrieval_time_average(ms)"": ""3.479"", ""retrieval_time_query_average(ms)"": ""84.230"", ""retrieval_time_query_p5(ms)"": ""24.942"", ""retrieval_time_query_p50(ms)"": ""82.334"", ""retrieval_time_query_p95(ms)"": ""145.391""}",profiling/igp_paper_cpu/chunks/igp_val_20260428T041716Z_nbit4_t32/val/msmarco/igp_msmarco_top10_val_chunk_002.json
igp_val_20260428T041716Z_nbit4_t32,val,msmarco,10,recall@10,50,1,400,198.17677368212443,198.17677368212443,132.3273,7.5570196021531455,5.046,0.16773329592696046,298.0922763347626,0.7019999999999998,0.8,1.0,"{""decode_time_average(ms)"": ""52.198"", ""filter_time_average(ms)"": ""71.857"", ""incremental_graph_n_compute_l_average"": ""13391.700"", ""n_seen_item_average"": ""14148.540"", ""n_vq_score_linear_scan_average"": ""44277.920"", ""refine_time_average(ms)"": ""8.272"", ""retrieval_time_average(ms)"": ""5.046"", ""retrieval_time_query_average(ms)"": ""132.327"", ""retrieval_time_query_p5(ms)"": ""37.160"", ""retrieval_time_query_p50(ms)"": ""163.901"", ""retrieval_time_query_p95(ms)"": ""205.976""}",profiling/igp_paper_cpu/chunks/igp_val_20260428T041716Z_nbit4_t32/val/msmarco/igp_msmarco_top10_val_chunk_002.json
igp_val_20260428T041716Z_nbit4_t32,val,msmarco,10,recall@10,50,1,600,187.4062968515742,187.4062968515742,125.04238,7.997288599273303,5.336,0.16786884023112156,297.8515841960907,0.7339999999999999,0.8,1.0,"{""decode_time_average(ms)"": ""53.996"", ""filter_time_average(ms)"": ""60.557"", ""incremental_graph_n_compute_l_average"": ""13391.700"", ""n_seen_item_average"": ""14148.540"", ""n_vq_score_linear_scan_average"": ""44277.920"", ""refine_time_average(ms)"": ""10.489"", ""retrieval_time_average(ms)"": ""5.336"", ""retrieval_time_query_average(ms)"": ""125.042"", ""retrieval_time_query_p5(ms)"": ""43.343"", ""retrieval_time_query_p50(ms)"": ""133.858"", ""retrieval_time_query_p95(ms)"": ""216.828""}",profiling/igp_paper_cpu/chunks/igp_val_20260428T041716Z_nbit4_t32/val/msmarco/igp_msmarco_top10_val_chunk_002.json
igp_val_20260428T041716Z_nbit4_t32,val,msmarco,10,recall@10,50,2,10,253.29280648429585,253.29280648429585,69.18634,14.453720199681035,3.948,0.16669164091335664,299.9550530910492,0.396,0.4,0.8,"{""decode_time_average(ms)"": ""2.041"", ""filter_time_average(ms)"": ""66.913"", ""incremental_graph_n_compute_l_average"": ""13966.760"", ""n_seen_item_average"": ""25844.240"", ""n_vq_score_linear_scan_average"": ""88082.120"", ""refine_time_average(ms)"": ""0.233"", ""retrieval_time_average(ms)"": ""3.948"", ""retrieval_time_query_average(ms)"": ""69.186"", ""retrieval_time_query_p5(ms)"": ""15.050"", ""retrieval_time_query_p50(ms)"": ""56.579"", ""retrieval_time_query_p95(ms)"": ""172.827""}",profiling/igp_paper_cpu/chunks/igp_val_20260428T041716Z_nbit4_t32/val/msmarco/igp_msmarco_top10_val_chunk_003.json
igp_val_20260428T041716Z_nbit4_t32,val,msmarco,10,recall@10,50,2,20,401.4452027298274,401.4452027298274,50.41758,19.834351430592264,2.491,0.16784754906235647,297.88936614990234,0.542,0.5,1.0,"{""decode_time_average(ms)"": ""4.993"", ""filter_time_average(ms)"": ""45.056"", ""incremental_graph_n_compute_l_average"": ""13966.760"", ""n_seen_item_average"": ""25844.240"", ""n_vq_score_linear_scan_average"": ""88082.120"", ""refine_time_average(ms)"": ""0.369"", ""retrieval_time_average(ms)"": ""2.491"", ""retrieval_time_query_average(ms)"": ""50.418"", ""retrieval_time_query_p5(ms)"": ""17.455"", ""retrieval_time_query_p50(ms)"": ""42.766"", ""retrieval_time_query_p95(ms)"": ""99.476""}",profiling/igp_paper_cpu/chunks/igp_val_20260428T041716Z_nbit4_t32/val/msmarco/igp_msmarco_top10_val_chunk_003.json
igp_val_20260428T041716Z_nbit4_t32,val,msmarco,10,recall@10,50,2,50,338.52403520649966,338.52403520649966,63.38644,15.776244887707843,2.954,0.1683561236871134,296.9894940853119,0.6679999999999999,0.7,1.0,"{""decode_time_average(ms)"": ""8.908"", ""filter_time_average(ms)"": ""53.648"", ""incremental_graph_n_compute_l_average"": ""13966.760"", ""n_seen_item_average"": ""25844.240"", ""n_vq_score_linear_scan_average"": ""88082.120"", ""refine_time_average(ms)"": ""0.830"", ""retrieval_time_average(ms)"": ""2.954"", ""retrieval_time_query_average(ms)"": ""63.386"", ""retrieval_time_query_p5(ms)"": ""17.939"", ""retrieval_time_query_p50(ms)"": ""55.511"", ""retrieval_time_query_p95(ms)"": ""119.061""}",profiling/igp_paper_cpu/chunks/igp_val_20260428T041716Z_nbit4_t32/val/msmarco/igp_msmarco_top10_val_chunk_003.json
igp_val_20260428T041716Z_nbit4_t32,val,msmarco,10,recall@10,50,2,100,342.8179636612959,342.8179636612959,64.06233999999999,15.609795083976017,2.917,0.16847704626171545,296.7763330936432,0.726,0.8,1.0,"{""decode_time_average(ms)"": ""9.990"", ""filter_time_average(ms)"": ""52.359"", ""incremental_graph_n_compute_l_average"": ""13966.760"", ""n_seen_item_average"": ""25844.240"", ""n_vq_score_linear_scan_average"": ""88082.120"", ""refine_time_average(ms)"": ""1.713"", ""retrieval_time_average(ms)"": ""2.917"", ""retrieval_time_query_average(ms)"": ""64.062"", ""retrieval_time_query_p5(ms)"": ""20.502"", ""retrieval_time_query_p50(ms)"": ""58.951"", ""retrieval_time_query_p95(ms)"": ""117.921""}",profiling/igp_paper_cpu/chunks/igp_val_20260428T041716Z_nbit4_t32/val/msmarco/igp_msmarco_top10_val_chunk_003.json
igp_val_20260428T041716Z_nbit4_t32,val,msmarco,10,recall@10,50,2,200,208.89910173386255,208.89910173386255,127.08016000000002,7.8690489530387735,4.787,0.1455886652883893,343.4333291053772,0.782,0.9,1.0,"{""decode_time_average(ms)"": ""12.399"", ""filter_time_average(ms)"": ""110.690"", ""incremental_graph_n_compute_l_average"": ""13966.760"", ""n_seen_item_average"": ""25844.240"", ""n_vq_score_linear_scan_average"": ""88082.120"", ""refine_time_average(ms)"": ""3.990"", ""retrieval_time_average(ms)"": ""4.787"", ""retrieval_time_query_average(ms)"": ""127.080"", ""retrieval_time_query_p5(ms)"": ""31.907"", ""retrieval_time_query_p50(ms)"": ""149.654"", ""retrieval_time_query_p95(ms)"": ""209.639""}",profiling/igp_paper_cpu/chunks/igp_val_20260428T041716Z_nbit4_t32/val/msmarco/igp_msmarco_top10_val_chunk_004.json
igp_val_20260428T041716Z_nbit4_t32,val,msmarco,10,recall@10,50,2,300,297.08853238265004,297.08853238265004,76.87136,13.008746040137707,3.366,0.16493054667385745,303.1579110622406,0.82,0.9,1.0,"{""decode_time_average(ms)"": ""21.819"", ""filter_time_average(ms)"": ""49.479"", ""incremental_graph_n_compute_l_average"": ""13966.760"", ""n_seen_item_average"": ""25844.240"", ""n_vq_score_linear_scan_average"": ""88082.120"", ""refine_time_average(ms)"": ""5.573"", ""retrieval_time_average(ms)"": ""3.366"", ""retrieval_time_query_average(ms)"": ""76.871"", ""retrieval_time_query_p5(ms)"": ""30.235"", ""retrieval_time_query_p50(ms)"": ""74.024"", ""retrieval_time_query_p95(ms)"": ""133.231""}",profiling/igp_paper_cpu/chunks/igp_val_20260428T041716Z_nbit4_t32/val/msmarco/igp_msmarco_top10_val_chunk_004.json
igp_val_20260428T041716Z_nbit4_t32,val,msmarco,10,recall@10,50,2,400,257.6655501159495,257.6655501159495,86.13018,11.610332173925563,3.881,0.16675793066155478,299.83581471443176,0.828,0.9,1.0,"{""decode_time_average(ms)"": ""29.724"", ""filter_time_average(ms)"": ""49.227"", ""incremental_graph_n_compute_l_average"": ""13966.760"", ""n_seen_item_average"": ""25844.240"", ""n_vq_score_linear_scan_average"": ""88082.120"", ""refine_time_average(ms)"": ""7.179"", ""retrieval_time_average(ms)"": ""3.881"", ""retrieval_time_query_average(ms)"": ""86.130"", ""retrieval_time_query_p5(ms)"": ""35.445"", ""retrieval_time_query_p50(ms)"": ""82.383"", ""retrieval_time_query_p95(ms)"": ""148.749""}",profiling/igp_paper_cpu/chunks/igp_val_20260428T041716Z_nbit4_t32/val/msmarco/igp_msmarco_top10_val_chunk_004.json
igp_val_20260428T041716Z_nbit4_t32,val,msmarco,10,recall@10,50,2,600,202.0610224287735,202.0610224287735,104.59392,9.560785177570551,4.949,0.16633463434656076,300.59885120391846,0.8439999999999999,0.9,1.0,"{""decode_time_average(ms)"": ""35.487"", ""filter_time_average(ms)"": ""58.105"", ""incremental_graph_n_compute_l_average"": ""13966.760"", ""n_seen_item_average"": ""25844.240"", ""n_vq_score_linear_scan_average"": ""88082.120"", ""refine_time_average(ms)"": ""11.002"", ""retrieval_time_average(ms)"": ""4.949"", ""retrieval_time_query_average(ms)"": ""104.594"", ""retrieval_time_query_p5(ms)"": ""44.940"", ""retrieval_time_query_p50(ms)"": ""95.227"", ""retrieval_time_query_p95(ms)"": ""177.029""}",profiling/igp_paper_cpu/chunks/igp_val_20260428T041716Z_nbit4_t32/val/msmarco/igp_msmarco_top10_val_chunk_004.json
igp_val_20260428T041716Z_nbit4_t32,val,msmarco,10,recall@10,50,4,10,254.90695895997962,254.90695895997962,77.22854000000001,12.948580926170557,3.923,0.14585203877368658,342.81317162513733,0.46399999999999997,0.4,0.8,"{""decode_time_average(ms)"": ""1.391"", ""filter_time_average(ms)"": ""75.615"", ""incremental_graph_n_compute_l_average"": ""15102.640"", ""n_seen_item_average"": ""45867.940"", ""n_vq_score_linear_scan_average"": ""173164.280"", ""refine_time_average(ms)"": ""0.222"", ""retrieval_time_average(ms)"": ""3.923"", ""retrieval_time_query_average(ms)"": ""77.229"", ""retrieval_time_query_p5(ms)"": ""20.426"", ""retrieval_time_query_p50(ms)"": ""54.298"", ""retrieval_time_query_p95(ms)"": ""161.664""}",profiling/igp_paper_cpu/chunks/igp_val_20260428T041716Z_nbit4_t32/val/msmarco/igp_msmarco_top10_val_chunk_005.json
igp_val_20260428T041716Z_nbit4_t32,val,msmarco,10,recall@10,50,4,20,335.2329869259135,335.2329869259135,64.11928,15.595933079722666,2.983,0.1670459387395434,299.3188602924347,0.618,0.6,1.0,"{""decode_time_average(ms)"": ""3.364"", ""filter_time_average(ms)"": ""60.419"", ""incremental_graph_n_compute_l_average"": ""15102.640"", ""n_seen_item_average"": ""45867.940"", ""n_vq_score_linear_scan_average"": ""173164.280"", ""refine_time_average(ms)"": ""0.336"", ""retrieval_time_average(ms)"": ""2.983"", ""retrieval_time_query_average(ms)"": ""64.119"", ""retrieval_time_query_p5(ms)"": ""19.997"", ""retrieval_time_query_p50(ms)"": ""59.942"", ""retrieval_time_query_p95(ms)"": ""120.344""}",profiling/igp_paper_cpu/chunks/igp_val_20260428T041716Z_nbit4_t32/val/msmarco/igp_msmarco_top10_val_chunk_005.json
igp_val_20260428T041716Z_nbit4_t32,val,msmarco,10,recall@10,50,4,50,340.4834865509023,340.4834865509023,60.43016000000001,16.548028335519877,2.937,0.1678339490753558,297.9135048389435,0.74,0.8,1.0,"{""decode_time_average(ms)"": ""5.098"", ""filter_time_average(ms)"": ""54.549"", ""incremental_graph_n_compute_l_average"": ""15102.640"", ""n_seen_item_average"": ""45867.940"", ""n_vq_score_linear_scan_average"": ""173164.280"", ""refine_time_average(ms)"": ""0.783"", ""retrieval_time_average(ms)"": ""2.937"", ""retrieval_time_query_average(ms)"": ""60.430"", ""retrieval_time_query_p5(ms)"": ""20.952"", ""retrieval_time_query_p50(ms)"": ""52.068"", ""retrieval_time_query_p95(ms)"": ""117.251""}",profiling/igp_paper_cpu/chunks/igp_val_20260428T041716Z_nbit4_t32/val/msmarco/igp_msmarco_top10_val_chunk_005.json
igp_val_20260428T041716Z_nbit4_t32,val,msmarco,10,recall@10,50,4,100,334.1129301703976,334.1129301703976,63.08874000000001,15.850689045303486,2.993,0.16777646259382792,298.01558113098145,0.782,0.8500000000000001,1.0,"{""decode_time_average(ms)"": ""8.910"", ""filter_time_average(ms)"": ""52.665"", ""incremental_graph_n_compute_l_average"": ""15102.640"", ""n_seen_item_average"": ""45867.940"", ""n_vq_score_linear_scan_average"": ""173164.280"", ""refine_time_average(ms)"": ""1.513"", ""retrieval_time_average(ms)"": ""2.993"", ""retrieval_time_query_average(ms)"": ""63.089"", ""retrieval_time_query_p5(ms)"": ""21.824"", ""retrieval_time_query_p50(ms)"": ""58.706"", ""retrieval_time_query_p95(ms)"": ""118.180""}",profiling/igp_paper_cpu/chunks/igp_val_20260428T041716Z_nbit4_t32/val/msmarco/igp_msmarco_top10_val_chunk_005.json
igp_val_20260428T041716Z_nbit4_t32,val,msmarco,10,recall@10,50,4,200,133.88673182487614,133.88673182487614,161.5091,6.191601587774311,7.469,0.14379684082999458,347.71278500556946,0.8420000000000001,0.9,1.0,"{""decode_time_average(ms)"": ""16.792"", ""filter_time_average(ms)"": ""140.700"", ""incremental_graph_n_compute_l_average"": ""15102.640"", ""n_seen_item_average"": ""45867.940"", ""n_vq_score_linear_scan_average"": ""173164.280"", ""refine_time_average(ms)"": ""4.017"", ""retrieval_time_average(ms)"": ""7.469"", ""retrieval_time_query_average(ms)"": ""161.509"", ""retrieval_time_query_p5(ms)"": ""32.601"", ""retrieval_time_query_p50(ms)"": ""184.723"", ""retrieval_time_query_p95(ms)"": ""324.009""}",profiling/igp_paper_cpu/chunks/igp_val_20260428T041716Z_nbit4_t32/val/msmarco/igp_msmarco_top10_val_chunk_006.json
igp_val_20260428T041716Z_nbit4_t32,val,msmarco,10,recall@10,50,4,300,247.5860361475613,247.5860361475613,95.90935999999999,10.42651103083161,4.039,0.16662387939976364,300.077036857605,0.868,0.9,1.0,"{""decode_time_average(ms)"": ""27.925"", ""filter_time_average(ms)"": ""62.423"", ""incremental_graph_n_compute_l_average"": ""15102.640"", ""n_seen_item_average"": ""45867.940"", ""n_vq_score_linear_scan_average"": ""173164.280"", ""refine_time_average(ms)"": ""5.561"", ""retrieval_time_average(ms)"": ""4.039"", ""retrieval_time_query_average(ms)"": ""95.909"", ""retrieval_time_query_p5(ms)"": ""34.347"", ""retrieval_time_query_p50(ms)"": ""100.336"", ""retrieval_time_query_p95(ms)"": ""157.202""}",profiling/igp_paper_cpu/chunks/igp_val_20260428T041716Z_nbit4_t32/val/msmarco/igp_msmarco_top10_val_chunk_006.json
igp_val_20260428T041716Z_nbit4_t32,val,msmarco,10,recall@10,50,4,400,263.15789473684214,263.15789473684214,93.8946,10.650239736896477,3.8,0.16718023270721635,299.07842087745667,0.8699999999999999,0.9,1.0,"{""decode_time_average(ms)"": ""27.688"", ""filter_time_average(ms)"": ""59.635"", ""incremental_graph_n_compute_l_average"": ""15102.640"", ""n_seen_item_average"": ""45867.940"", ""n_vq_score_linear_scan_average"": ""173164.280"", ""refine_time_average(ms)"": ""6.572"", ""retrieval_time_average(ms)"": ""3.800"", ""retrieval_time_query_average(ms)"": ""93.895"", ""retrieval_time_query_p5(ms)"": ""36.003"", ""retrieval_time_query_p50(ms)"": ""97.901"", ""retrieval_time_query_p95(ms)"": ""150.467""}",profiling/igp_paper_cpu/chunks/igp_val_20260428T041716Z_nbit4_t32/val/msmarco/igp_msmarco_top10_val_chunk_006.json
igp_val_20260428T041716Z_nbit4_t32,val,msmarco,10,recall@10,50,4,600,204.5408058907752,204.5408058907752,105.12577999999999,9.512414557114345,4.889,0.16707687732736926,299.2634336948395,0.89,0.9,1.0,"{""decode_time_average(ms)"": ""35.458"", ""filter_time_average(ms)"": ""59.968"", ""incremental_graph_n_compute_l_average"": ""15102.640"", ""n_seen_item_average"": ""45867.940"", ""n_vq_score_linear_scan_average"": ""173164.280"", ""refine_time_average(ms)"": ""9.700"", ""retrieval_time_average(ms)"": ""4.889"", ""retrieval_time_query_average(ms)"": ""105.126"", ""retrieval_time_query_p5(ms)"": ""42.795"", ""retrieval_time_query_p50(ms)"": ""112.227"", ""retrieval_time_query_p95(ms)"": ""161.113""}",profiling/igp_paper_cpu/chunks/igp_val_20260428T041716Z_nbit4_t32/val/msmarco/igp_msmarco_top10_val_chunk_006.json
igp_val_20260428T041716Z_nbit4_t32,val,msmarco,10,recall@10,50,8,10,298.6857825567503,298.6857825567503,69.09473999999999,14.47288172732107,3.348,0.1637176503464769,305.40384554862976,0.484,0.45,0.8,"{""decode_time_average(ms)"": ""0.984"", ""filter_time_average(ms)"": ""67.904"", ""incremental_graph_n_compute_l_average"": ""17285.760"", ""n_seen_item_average"": ""80578.500"", ""n_vq_score_linear_scan_average"": ""335865.200"", ""refine_time_average(ms)"": ""0.207"", ""retrieval_time_average(ms)"": ""3.348"", ""retrieval_time_query_average(ms)"": ""69.095"", ""retrieval_time_query_p5(ms)"": ""24.731"", ""retrieval_time_query_p50(ms)"": ""75.362"", ""retrieval_time_query_p95(ms)"": ""114.603""}",profiling/igp_paper_cpu/chunks/igp_val_20260428T041716Z_nbit4_t32/val/msmarco/igp_msmarco_top10_val_chunk_007.json
igp_val_20260428T041716Z_nbit4_t32,val,msmarco,10,recall@10,50,8,20,304.32136335970785,304.32136335970785,64.96944,15.39185192299641,3.286,0.1654963185747377,302.1215240955353,0.6559999999999999,0.7,1.0,"{""decode_time_average(ms)"": ""1.985"", ""filter_time_average(ms)"": ""62.664"", ""incremental_graph_n_compute_l_average"": ""17285.760"", ""n_seen_item_average"": ""80578.500"", ""n_vq_score_linear_scan_average"": ""335865.200"", ""refine_time_average(ms)"": ""0.321"", ""retrieval_time_average(ms)"": ""3.286"", ""retrieval_time_query_average(ms)"": ""64.969"", ""retrieval_time_query_p5(ms)"": ""26.083"", ""retrieval_time_query_p50(ms)"": ""54.364"", ""retrieval_time_query_p95(ms)"": ""121.672""}",profiling/igp_paper_cpu/chunks/igp_val_20260428T041716Z_nbit4_t32/val/msmarco/igp_msmarco_top10_val_chunk_007.json
igp_val_20260428T041716Z_nbit4_t32,val,msmarco,10,recall@10,50,8,50,288.35063437139564,288.35063437139564,73.14808,13.67089881238168,3.468,0.16671639177150077,299.9105215072632,0.7879999999999998,0.9,1.0,"{""decode_time_average(ms)"": ""4.465"", ""filter_time_average(ms)"": ""67.941"", ""incremental_graph_n_compute_l_average"": ""17285.760"", ""n_seen_item_average"": ""80578.500"", ""n_vq_score_linear_scan_average"": ""335865.200"", ""refine_time_average(ms)"": ""0.742"", ""retrieval_time_average(ms)"": ""3.468"", ""retrieval_time_query_average(ms)"": ""73.148"", ""retrieval_time_query_p5(ms)"": ""25.705"", ""retrieval_time_query_p50(ms)"": ""64.330"", ""retrieval_time_query_p95(ms)"": ""133.265""}",profiling/igp_paper_cpu/chunks/igp_val_20260428T041716Z_nbit4_t32/val/msmarco/igp_msmarco_top10_val_chunk_007.json
igp_val_20260428T041716Z_nbit4_t32,val,msmarco,10,recall@10,50,8,100,237.41690408357076,237.41690408357076,97.06536,10.302336487496673,4.212,0.16645131501826504,300.3881344795227,0.824,0.9,1.0,"{""decode_time_average(ms)"": ""8.246"", ""filter_time_average(ms)"": ""87.331"", ""incremental_graph_n_compute_l_average"": ""17285.760"", ""n_seen_item_average"": ""80578.500"", ""n_vq_score_linear_scan_average"": ""335865.200"", ""refine_time_average(ms)"": ""1.489"", ""retrieval_time_average(ms)"": ""4.212"", ""retrieval_time_query_average(ms)"": ""97.065"", ""retrieval_time_query_p5(ms)"": ""28.955"", ""retrieval_time_query_p50(ms)"": ""96.197"", ""retrieval_time_query_p95(ms)"": ""166.889""}",profiling/igp_paper_cpu/chunks/igp_val_20260428T041716Z_nbit4_t32/val/msmarco/igp_msmarco_top10_val_chunk_007.json
igp_val_20260428T041716Z_nbit4_t32,val,msmarco,10,recall@10,50,8,200,117.60555098200635,117.60555098200635,172.60838,5.79346147620411,8.503,0.14757072995925832,338.82057785987854,0.898,0.9,1.0,"{""decode_time_average(ms)"": ""38.834"", ""filter_time_average(ms)"": ""129.742"", ""incremental_graph_n_compute_l_average"": ""17285.760"", ""n_seen_item_average"": ""80578.500"", ""n_vq_score_linear_scan_average"": ""335865.200"", ""refine_time_average(ms)"": ""4.032"", ""retrieval_time_average(ms)"": ""8.503"", ""retrieval_time_query_average(ms)"": ""172.608"", ""retrieval_time_query_p5(ms)"": ""51.496"", ""retrieval_time_query_p50(ms)"": ""129.212"", ""retrieval_time_query_p95(ms)"": ""318.929""}",profiling/igp_paper_cpu/chunks/igp_val_20260428T041716Z_nbit4_t32/val/msmarco/igp_msmarco_top10_val_chunk_008.json
igp_val_20260428T041716Z_nbit4_t32,val,msmarco,10,recall@10,50,8,300,167.02856188408217,167.02856188408217,127.82246,7.823351232639396,5.987,0.16667873072522646,299.9782862663269,0.916,1.0,1.0,"{""decode_time_average(ms)"": ""37.326"", ""filter_time_average(ms)"": ""84.936"", ""incremental_graph_n_compute_l_average"": ""17285.760"", ""n_seen_item_average"": ""80578.500"", ""n_vq_score_linear_scan_average"": ""335865.200"", ""refine_time_average(ms)"": ""5.560"", ""retrieval_time_average(ms)"": ""5.987"", ""retrieval_time_query_average(ms)"": ""127.822"", ""retrieval_time_query_p5(ms)"": ""54.455"", ""retrieval_time_query_p50(ms)"": ""122.732"", ""retrieval_time_query_p95(ms)"": ""226.775""}",profiling/igp_paper_cpu/chunks/igp_val_20260428T041716Z_nbit4_t32/val/msmarco/igp_msmarco_top10_val_chunk_008.json
igp_val_20260428T041716Z_nbit4_t32,val,msmarco,10,recall@10,50,8,400,147.62326542663124,147.62326542663124,174.11494,5.743332536541667,6.774,0.16686528654782024,299.64290976524353,0.9179999999999999,1.0,1.0,"{""decode_time_average(ms)"": ""49.505"", ""filter_time_average(ms)"": ""116.623"", ""incremental_graph_n_compute_l_average"": ""17285.760"", ""n_seen_item_average"": ""80578.500"", ""n_vq_score_linear_scan_average"": ""335865.200"", ""refine_time_average(ms)"": ""7.986"", ""retrieval_time_average(ms)"": ""6.774"", ""retrieval_time_query_average(ms)"": ""174.115"", ""retrieval_time_query_p5(ms)"": ""92.376"", ""retrieval_time_query_p50(ms)"": ""181.285"", ""retrieval_time_query_p95(ms)"": ""255.361""}",profiling/igp_paper_cpu/chunks/igp_val_20260428T041716Z_nbit4_t32/val/msmarco/igp_msmarco_top10_val_chunk_008.json
igp_val_20260428T041716Z_nbit4_t32,val,msmarco,10,recall@10,50,8,600,148.41199168892845,148.41199168892845,138.81776,7.203689210948225,6.738,0.16733518357896482,298.8014769554138,0.9299999999999998,1.0,1.0,"{""decode_time_average(ms)"": ""51.154"", ""filter_time_average(ms)"": ""76.566"", ""incremental_graph_n_compute_l_average"": ""17285.760"", ""n_seen_item_average"": ""80578.500"", ""n_vq_score_linear_scan_average"": ""335865.200"", ""refine_time_average(ms)"": ""11.098"", ""retrieval_time_average(ms)"": ""6.738"", ""retrieval_time_query_average(ms)"": ""138.818"", ""retrieval_time_query_p5(ms)"": ""72.325"", ""retrieval_time_query_p50(ms)"": ""135.290"", ""retrieval_time_query_p95(ms)"": ""206.020""}",profiling/igp_paper_cpu/chunks/igp_val_20260428T041716Z_nbit4_t32/val/msmarco/igp_msmarco_top10_val_chunk_008.json
igp_val_20260428T041716Z_nbit4_t32,val,msmarco,10,recall@10,50,16,10,152.3229246001523,152.3229246001523,135.56562,7.376501505322662,6.565,0.14601734721471882,342.42506766319275,0.48800000000000004,0.45,0.8,"{""decode_time_average(ms)"": ""1.784"", ""filter_time_average(ms)"": ""133.556"", ""incremental_graph_n_compute_l_average"": ""21727.540"", ""n_seen_item_average"": ""145259.180"", ""n_vq_score_linear_scan_average"": ""646327.740"", ""refine_time_average(ms)"": ""0.225"", ""retrieval_time_average(ms)"": ""6.565"", ""retrieval_time_query_average(ms)"": ""135.566"", ""retrieval_time_query_p5(ms)"": ""43.962"", ""retrieval_time_query_p50(ms)"": ""114.064"", ""retrieval_time_query_p95(ms)"": ""257.353""}",profiling/igp_paper_cpu/chunks/igp_val_20260428T041716Z_nbit4_t32/val/msmarco/igp_msmarco_top10_val_chunk_009.json
igp_val_20260428T041716Z_nbit4_t32,val,msmarco,10,recall@10,50,16,20,207.64119601328903,207.64119601328903,102.3251,9.77277324918324,4.816,0.16637246419955407,300.53050088882446,0.6839999999999997,0.75,1.0,"{""decode_time_average(ms)"": ""4.191"", ""filter_time_average(ms)"": ""97.790"", ""incremental_graph_n_compute_l_average"": ""21727.540"", ""n_seen_item_average"": ""145259.180"", ""n_vq_score_linear_scan_average"": ""646327.740"", ""refine_time_average(ms)"": ""0.345"", ""retrieval_time_average(ms)"": ""4.816"", ""retrieval_time_query_average(ms)"": ""102.325"", ""retrieval_time_query_p5(ms)"": ""42.963"", ""retrieval_time_query_p50(ms)"": ""89.458"", ""retrieval_time_query_p95(ms)"": ""168.037""}",profiling/igp_paper_cpu/chunks/igp_val_20260428T041716Z_nbit4_t32/val/msmarco/igp_msmarco_top10_val_chunk_009.json
igp_val_20260428T041716Z_nbit4_t32,val,msmarco,10,recall@10,50,16,50,206.95364238410596,206.95364238410596,104.17636,9.599106745522688,4.832,0.16703692878433787,299.3350055217743,0.802,0.9,1.0,"{""decode_time_average(ms)"": ""5.826"", ""filter_time_average(ms)"": ""97.523"", ""incremental_graph_n_compute_l_average"": ""21727.540"", ""n_seen_item_average"": ""145259.180"", ""n_vq_score_linear_scan_average"": ""646327.740"", ""refine_time_average(ms)"": ""0.828"", ""retrieval_time_average(ms)"": ""4.832"", ""retrieval_time_query_average(ms)"": ""104.176"", ""retrieval_time_query_p5(ms)"": ""41.069"", ""retrieval_time_query_p50(ms)"": ""91.658"", ""retrieval_time_query_p95(ms)"": ""175.513""}",profiling/igp_paper_cpu/chunks/igp_val_20260428T041716Z_nbit4_t32/val/msmarco/igp_msmarco_top10_val_chunk_009.json
igp_val_20260428T041716Z_nbit4_t32,val,msmarco,10,recall@10,50,16,100,208.55057351407717,208.55057351407717,94.82174,10.546104722398049,4.795,0.16672779231451654,299.89001417160034,0.852,0.9,1.0,"{""decode_time_average(ms)"": ""7.509"", ""filter_time_average(ms)"": ""85.642"", ""incremental_graph_n_compute_l_average"": ""21727.540"", ""n_seen_item_average"": ""145259.180"", ""n_vq_score_linear_scan_average"": ""646327.740"", ""refine_time_average(ms)"": ""1.670"", ""retrieval_time_average(ms)"": ""4.795"", ""retrieval_time_query_average(ms)"": ""94.822"", ""retrieval_time_query_p5(ms)"": ""46.031"", ""retrieval_time_query_p50(ms)"": ""89.374"", ""retrieval_time_query_p95(ms)"": ""157.711""}",profiling/igp_paper_cpu/chunks/igp_val_20260428T041716Z_nbit4_t32/val/msmarco/igp_msmarco_top10_val_chunk_009.json
igp_val_20260428T041716Z_nbit4_t32,val,msmarco,10,recall@10,50,16,200,154.82272797646695,154.82272797646695,138.09650000000002,7.241313139724757,6.459,0.14692540110195157,340.30875277519226,0.9139999999999999,0.9,1.0,"{""decode_time_average(ms)"": ""10.586"", ""filter_time_average(ms)"": ""123.979"", ""incremental_graph_n_compute_l_average"": ""21727.540"", ""n_seen_item_average"": ""145259.180"", ""n_vq_score_linear_scan_average"": ""646327.740"", ""refine_time_average(ms)"": ""3.531"", ""retrieval_time_average(ms)"": ""6.459"", ""retrieval_time_query_average(ms)"": ""138.097"", ""retrieval_time_query_p5(ms)"": ""50.796"", ""retrieval_time_query_p50(ms)"": ""129.236"", ""retrieval_time_query_p95(ms)"": ""251.373""}",profiling/igp_paper_cpu/chunks/igp_val_20260428T041716Z_nbit4_t32/val/msmarco/igp_msmarco_top10_val_chunk_010.json
igp_val_20260428T041716Z_nbit4_t32,val,msmarco,10,recall@10,50,16,300,161.78611875101117,161.78611875101117,136.04678,7.350412850638581,6.181,0.1656515112193691,301.8384778499603,0.926,0.95,1.0,"{""decode_time_average(ms)"": ""32.958"", ""filter_time_average(ms)"": ""97.720"", ""incremental_graph_n_compute_l_average"": ""21727.540"", ""n_seen_item_average"": ""145259.180"", ""n_vq_score_linear_scan_average"": ""646327.740"", ""refine_time_average(ms)"": ""5.368"", ""retrieval_time_average(ms)"": ""6.181"", ""retrieval_time_query_average(ms)"": ""136.047"", ""retrieval_time_query_p5(ms)"": ""70.834"", ""retrieval_time_query_p50(ms)"": ""122.307"", ""retrieval_time_query_p95(ms)"": ""231.884""}",profiling/igp_paper_cpu/chunks/igp_val_20260428T041716Z_nbit4_t32/val/msmarco/igp_msmarco_top10_val_chunk_010.json
igp_val_20260428T041716Z_nbit4_t32,val,msmarco,10,recall@10,50,16,400,179.79144192736425,179.79144192736425,116.22815999999999,8.603766935654837,5.562,0.1663551834120052,300.5617196559906,0.93,1.0,1.0,"{""decode_time_average(ms)"": ""19.579"", ""filter_time_average(ms)"": ""89.615"", ""incremental_graph_n_compute_l_average"": ""21727.540"", ""n_seen_item_average"": ""145259.180"", ""n_vq_score_linear_scan_average"": ""646327.740"", ""refine_time_average(ms)"": ""7.034"", ""retrieval_time_average(ms)"": ""5.562"", ""retrieval_time_query_average(ms)"": ""116.228"", ""retrieval_time_query_p5(ms)"": ""60.130"", ""retrieval_time_query_p50(ms)"": ""102.968"", ""retrieval_time_query_p95(ms)"": ""185.196""}",profiling/igp_paper_cpu/chunks/igp_val_20260428T041716Z_nbit4_t32/val/msmarco/igp_msmarco_top10_val_chunk_010.json
igp_val_20260428T041716Z_nbit4_t32,val,msmarco,10,recall@10,50,16,600,149.947518368571,149.947518368571,154.6571,6.465917180653199,6.669,0.16584194890721532,301.49187421798706,0.934,1.0,1.0,"{""decode_time_average(ms)"": ""41.781"", ""filter_time_average(ms)"": ""102.176"", ""incremental_graph_n_compute_l_average"": ""21727.540"", ""n_seen_item_average"": ""145259.180"", ""n_vq_score_linear_scan_average"": ""646327.740"", ""refine_time_average(ms)"": ""10.699"", ""retrieval_time_average(ms)"": ""6.669"", ""retrieval_time_query_average(ms)"": ""154.657"", ""retrieval_time_query_p5(ms)"": ""78.469"", ""retrieval_time_query_p50(ms)"": ""142.809"", ""retrieval_time_query_p95(ms)"": ""238.866""}",profiling/igp_paper_cpu/chunks/igp_val_20260428T041716Z_nbit4_t32/val/msmarco/igp_msmarco_top10_val_chunk_010.json
igp_val_20260428T041716Z_nbit4_t32,val,msmarco,10,recall@10,50,32,10,40.23821020441011,40.23821020441011,601.1386399999999,1.6635097687282259,24.852,0.07323746732207845,682.7106647491455,0.502,0.5,0.8,"{""decode_time_average(ms)"": ""2.903"", ""filter_time_average(ms)"": ""597.126"", ""incremental_graph_n_compute_l_average"": ""30496.320"", ""n_seen_item_average"": ""259661.740"", ""n_vq_score_linear_scan_average"": ""1254205.500"", ""refine_time_average(ms)"": ""1.110"", ""retrieval_time_average(ms)"": ""24.852"", ""retrieval_time_query_average(ms)"": ""601.139"", ""retrieval_time_query_p5(ms)"": ""172.930"", ""retrieval_time_query_p50(ms)"": ""687.762"", ""retrieval_time_query_p95(ms)"": ""983.121""}",profiling/igp_paper_cpu/chunks/igp_val_20260428T041716Z_nbit4_t32/val/msmarco/igp_msmarco_top10_val_chunk_011.json
igp_val_20260428T041716Z_nbit4_t32,val,msmarco,10,recall@10,50,32,20,54.8666739822232,54.8666739822232,433.56988000000007,2.30643327899069,18.226,0.08382822015294861,596.4578504562378,0.6759999999999999,0.7,1.0,"{""decode_time_average(ms)"": ""6.607"", ""filter_time_average(ms)"": ""426.170"", ""incremental_graph_n_compute_l_average"": ""30496.320"", ""n_seen_item_average"": ""259661.740"", ""n_vq_score_linear_scan_average"": ""1254205.500"", ""refine_time_average(ms)"": ""0.792"", ""retrieval_time_average(ms)"": ""18.226"", ""retrieval_time_query_average(ms)"": ""433.570"", ""retrieval_time_query_p5(ms)"": ""163.661"", ""retrieval_time_query_p50(ms)"": ""450.137"", ""retrieval_time_query_p95(ms)"": ""686.946""}",profiling/igp_paper_cpu/chunks/igp_val_20260428T041716Z_nbit4_t32/val/msmarco/igp_msmarco_top10_val_chunk_011.json
igp_val_20260428T041716Z_nbit4_t32,val,msmarco,10,recall@10,50,32,50,56.78269263528476,56.78269263528476,399.08404,2.5057378891924618,17.611,0.08441898293399319,592.2838473320007,0.82,0.9,1.0,"{""decode_time_average(ms)"": ""11.701"", ""filter_time_average(ms)"": ""385.213"", ""incremental_graph_n_compute_l_average"": ""30496.320"", ""n_seen_item_average"": ""259661.740"", ""n_vq_score_linear_scan_average"": ""1254205.500"", ""refine_time_average(ms)"": ""2.169"", ""retrieval_time_average(ms)"": ""17.611"", ""retrieval_time_query_average(ms)"": ""399.084"", ""retrieval_time_query_p5(ms)"": ""162.248"", ""retrieval_time_query_p50(ms)"": ""428.083"", ""retrieval_time_query_p95(ms)"": ""625.247""}",profiling/igp_paper_cpu/chunks/igp_val_20260428T041716Z_nbit4_t32/val/msmarco/igp_msmarco_top10_val_chunk_011.json
igp_val_20260428T041716Z_nbit4_t32,val,msmarco,10,recall@10,50,32,100,56.76657584014532,56.76657584014532,393.38068,2.5420668854403323,17.616,0.08443078459893841,592.2010583877563,0.8859999999999999,0.9,1.0,"{""decode_time_average(ms)"": ""21.975"", ""filter_time_average(ms)"": ""367.501"", ""incremental_graph_n_compute_l_average"": ""30496.320"", ""n_seen_item_average"": ""259661.740"", ""n_vq_score_linear_scan_average"": ""1254205.500"", ""refine_time_average(ms)"": ""3.904"", ""retrieval_time_average(ms)"": ""17.616"", ""retrieval_time_query_average(ms)"": ""393.381"", ""retrieval_time_query_p5(ms)"": ""178.408"", ""retrieval_time_query_p50(ms)"": ""416.223"", ""retrieval_time_query_p95(ms)"": ""609.270""}",profiling/igp_paper_cpu/chunks/igp_val_20260428T041716Z_nbit4_t32/val/msmarco/igp_msmarco_top10_val_chunk_011.json
igp_val_20260428T041716Z_nbit4_t32,val,msmarco,10,recall@10,50,32,200,88.19897689186806,88.19897689186806,265.83366,3.761750863303014,11.338,0.14173295220101617,352.77611327171326,0.9339999999999999,1.0,1.0,"{""decode_time_average(ms)"": ""11.720"", ""filter_time_average(ms)"": ""250.403"", ""incremental_graph_n_compute_l_average"": ""30496.320"", ""n_seen_item_average"": ""259661.740"", ""n_vq_score_linear_scan_average"": ""1254205.500"", ""refine_time_average(ms)"": ""3.710"", ""retrieval_time_average(ms)"": ""11.338"", ""retrieval_time_query_average(ms)"": ""265.834"", ""retrieval_time_query_p5(ms)"": ""93.227"", ""retrieval_time_query_p50(ms)"": ""286.982"", ""retrieval_time_query_p95(ms)"": ""442.123""}",profiling/igp_paper_cpu/chunks/igp_val_20260428T041716Z_nbit4_t32/val/msmarco/igp_msmarco_top10_val_chunk_012.json
igp_val_20260428T041716Z_nbit4_t32,val,msmarco,10,recall@10,50,32,300,112.44799280332845,112.44799280332845,207.33156000000002,4.823192378429988,8.893,0.16726457157146807,298.927618265152,0.938,1.0,1.0,"{""decode_time_average(ms)"": ""42.238"", ""filter_time_average(ms)"": ""160.115"", ""incremental_graph_n_compute_l_average"": ""30496.320"", ""n_seen_item_average"": ""259661.740"", ""n_vq_score_linear_scan_average"": ""1254205.500"", ""refine_time_average(ms)"": ""4.978"", ""retrieval_time_average(ms)"": ""8.893"", ""retrieval_time_query_average(ms)"": ""207.332"", ""retrieval_time_query_p5(ms)"": ""112.829"", ""retrieval_time_query_p50(ms)"": ""203.402"", ""retrieval_time_query_p95(ms)"": ""289.265""}",profiling/igp_paper_cpu/chunks/igp_val_20260428T041716Z_nbit4_t32/val/msmarco/igp_msmarco_top10_val_chunk_012.json
igp_val_20260428T041716Z_nbit4_t32,val,msmarco,10,recall@10,50,32,400,127.71392081736909,127.71392081736909,176.64898000000002,5.660944093761537,7.83,0.167515620949553,298.4796266555786,0.944,1.0,1.0,"{""decode_time_average(ms)"": ""28.594"", ""filter_time_average(ms)"": ""141.554"", ""incremental_graph_n_compute_l_average"": ""30496.320"", ""n_seen_item_average"": ""259661.740"", ""n_vq_score_linear_scan_average"": ""1254205.500"", ""refine_time_average(ms)"": ""6.501"", ""retrieval_time_average(ms)"": ""7.830"", ""retrieval_time_query_average(ms)"": ""176.649"", ""retrieval_time_query_p5(ms)"": ""102.276"", ""retrieval_time_query_p50(ms)"": ""169.317"", ""retrieval_time_query_p95(ms)"": ""253.479""}",profiling/igp_paper_cpu/chunks/igp_val_20260428T041716Z_nbit4_t32/val/msmarco/igp_msmarco_top10_val_chunk_012.json
igp_val_20260428T041716Z_nbit4_t32,val,msmarco,10,recall@10,50,32,600,109.50503723171266,109.50503723171266,233.74474,4.278171136599694,9.132,0.1675088988603304,298.4916045665741,0.944,1.0,1.0,"{""decode_time_average(ms)"": ""36.281"", ""filter_time_average(ms)"": ""187.846"", ""incremental_graph_n_compute_l_average"": ""30496.320"", ""n_seen_item_average"": ""259661.740"", ""n_vq_score_linear_scan_average"": ""1254205.500"", ""refine_time_average(ms)"": ""9.617"", ""retrieval_time_average(ms)"": ""9.132"", ""retrieval_time_query_average(ms)"": ""233.745"", ""retrieval_time_query_p5(ms)"": ""112.715"", ""retrieval_time_query_p50(ms)"": ""255.987"", ""retrieval_time_query_p95(ms)"": ""329.099""}",profiling/igp_paper_cpu/chunks/igp_val_20260428T041716Z_nbit4_t32/val/msmarco/igp_msmarco_top10_val_chunk_012.json
igp_val_20260428T041716Z_nbit4_t32,val,msmarco,10,recall@10,50,64,10,69.65243435258063,69.65243435258063,329.50946,3.0348142356823384,14.357,0.14837093698694048,336.993221282959,0.512,0.5,0.8549999999999998,"{""decode_time_average(ms)"": ""2.442"", ""filter_time_average(ms)"": ""326.857"", ""incremental_graph_n_compute_l_average"": ""47302.160"", ""n_seen_item_average"": ""468771.960"", ""n_vq_score_linear_scan_average"": ""2445371.940"", ""refine_time_average(ms)"": ""0.211"", ""retrieval_time_average(ms)"": ""14.357"", ""retrieval_time_query_average(ms)"": ""329.509"", ""retrieval_time_query_p5(ms)"": ""156.295"", ""retrieval_time_query_p50(ms)"": ""326.351"", ""retrieval_time_query_p95(ms)"": ""494.984""}",profiling/igp_paper_cpu/chunks/igp_val_20260428T041716Z_nbit4_t32/val/msmarco/igp_msmarco_top10_val_chunk_013.json
igp_val_20260428T041716Z_nbit4_t32,val,msmarco,10,recall@10,50,64,20,85.85164835164835,85.85164835164835,244.06772,4.097223508295157,11.648,0.16737410835143218,298.7319872379303,0.6759999999999999,0.7,1.0,"{""decode_time_average(ms)"": ""3.434"", ""filter_time_average(ms)"": ""240.271"", ""incremental_graph_n_compute_l_average"": ""47302.160"", ""n_seen_item_average"": ""468771.960"", ""n_vq_score_linear_scan_average"": ""2445371.940"", ""refine_time_average(ms)"": ""0.363"", ""retrieval_time_average(ms)"": ""11.648"", ""retrieval_time_query_average(ms)"": ""244.068"", ""retrieval_time_query_p5(ms)"": ""144.367"", ""retrieval_time_query_p50(ms)"": ""237.447"", ""retrieval_time_query_p95(ms)"": ""345.741""}",profiling/igp_paper_cpu/chunks/igp_val_20260428T041716Z_nbit4_t32/val/msmarco/igp_msmarco_top10_val_chunk_013.json
igp_val_20260428T041716Z_nbit4_t32,val,msmarco,10,recall@10,50,64,50,73.7300007373,73.7300007373,314.323,3.181440747256803,13.563,0.16729087472619603,298.88061785697937,0.814,0.9,1.0,"{""decode_time_average(ms)"": ""9.690"", ""filter_time_average(ms)"": ""303.753"", ""incremental_graph_n_compute_l_average"": ""47302.160"", ""n_seen_item_average"": ""468771.960"", ""n_vq_score_linear_scan_average"": ""2445371.940"", ""refine_time_average(ms)"": ""0.879"", ""retrieval_time_average(ms)"": ""13.563"", ""retrieval_time_query_average(ms)"": ""314.323"", ""retrieval_time_query_p5(ms)"": ""156.761"", ""retrieval_time_query_p50(ms)"": ""324.507"", ""retrieval_time_query_p95(ms)"": ""449.291""}",profiling/igp_paper_cpu/chunks/igp_val_20260428T041716Z_nbit4_t32/val/msmarco/igp_msmarco_top10_val_chunk_013.json
igp_val_20260428T041716Z_nbit4_t32,val,msmarco,10,recall@10,50,64,100,86.40801866413203,86.40801866413203,248.80537999999996,4.019205694024785,11.573,0.16776042388337015,298.0440728664398,0.8759999999999999,0.9,1.0,"{""decode_time_average(ms)"": ""11.875"", ""filter_time_average(ms)"": ""235.270"", ""incremental_graph_n_compute_l_average"": ""47302.160"", ""n_seen_item_average"": ""468771.960"", ""n_vq_score_linear_scan_average"": ""2445371.940"", ""refine_time_average(ms)"": ""1.660"", ""retrieval_time_average(ms)"": ""11.573"", ""retrieval_time_query_average(ms)"": ""248.805"", ""retrieval_time_query_p5(ms)"": ""147.650"", ""retrieval_time_query_p50(ms)"": ""245.915"", ""retrieval_time_query_p95(ms)"": ""351.105""}",profiling/igp_paper_cpu/chunks/igp_val_20260428T041716Z_nbit4_t32/val/msmarco/igp_msmarco_top10_val_chunk_013.json
igp_val_20260428T041716Z_nbit4_t32,val,msmarco,10,recall@10,50,64,200,61.6827041697508,61.6827041697508,362.67792000000003,2.7572673847914424,16.212,0.1564316385984697,319.628436088562,0.9179999999999999,1.0,1.0,"{""decode_time_average(ms)"": ""11.137"", ""filter_time_average(ms)"": ""347.629"", ""incremental_graph_n_compute_l_average"": ""47302.160"", ""n_seen_item_average"": ""468771.960"", ""n_vq_score_linear_scan_average"": ""2445371.940"", ""refine_time_average(ms)"": ""3.912"", ""retrieval_time_average(ms)"": ""16.212"", ""retrieval_time_query_average(ms)"": ""362.678"", ""retrieval_time_query_p5(ms)"": ""176.193"", ""retrieval_time_query_p50(ms)"": ""387.129"", ""retrieval_time_query_p95(ms)"": ""587.537""}",profiling/igp_paper_cpu/chunks/igp_val_20260428T041716Z_nbit4_t32/val/msmarco/igp_msmarco_top10_val_chunk_014.json
igp_val_20260428T041716Z_nbit4_t32,val,msmarco,10,recall@10,50,64,300,74.2611020347542,74.2611020347542,295.43996,3.3847824783079448,13.466,0.16710124396034537,299.2197952270508,0.926,1.0,1.0,"{""decode_time_average(ms)"": ""41.040"", ""filter_time_average(ms)"": ""249.649"", ""incremental_graph_n_compute_l_average"": ""47302.160"", ""n_seen_item_average"": ""468771.960"", ""n_vq_score_linear_scan_average"": ""2445371.940"", ""refine_time_average(ms)"": ""4.751"", ""retrieval_time_average(ms)"": ""13.466"", ""retrieval_time_query_average(ms)"": ""295.440"", ""retrieval_time_query_p5(ms)"": ""173.061"", ""retrieval_time_query_p50(ms)"": ""282.004"", ""retrieval_time_query_p95(ms)"": ""414.777""}",profiling/igp_paper_cpu/chunks/igp_val_20260428T041716Z_nbit4_t32/val/msmarco/igp_msmarco_top10_val_chunk_014.json
igp_val_20260428T041716Z_nbit4_t32,val,msmarco,10,recall@10,50,64,400,75.17101405697963,75.17101405697963,321.04537999999997,3.114824452543127,13.303,0.1675944143249616,298.3392984867096,0.926,1.0,1.0,"{""decode_time_average(ms)"": ""16.693"", ""filter_time_average(ms)"": ""298.184"", ""incremental_graph_n_compute_l_average"": ""47302.160"", ""n_seen_item_average"": ""468771.960"", ""n_vq_score_linear_scan_average"": ""2445371.940"", ""refine_time_average(ms)"": ""6.167"", ""retrieval_time_average(ms)"": ""13.303"", ""retrieval_time_query_average(ms)"": ""321.045"", ""retrieval_time_query_p5(ms)"": ""165.276"", ""retrieval_time_query_p50(ms)"": ""330.286"", ""retrieval_time_query_p95(ms)"": ""443.432""}",profiling/igp_paper_cpu/chunks/igp_val_20260428T041716Z_nbit4_t32/val/msmarco/igp_msmarco_top10_val_chunk_014.json
igp_val_20260428T041716Z_nbit4_t32,val,msmarco,10,recall@10,50,64,600,75.00750075007501,75.00750075007501,283.76214,3.524078300227085,13.332,0.16759940778194568,298.33040976524353,0.948,1.0,1.0,"{""decode_time_average(ms)"": ""31.166"", ""filter_time_average(ms)"": ""243.458"", ""incremental_graph_n_compute_l_average"": ""47302.160"", ""n_seen_item_average"": ""468771.960"", ""n_vq_score_linear_scan_average"": ""2445371.940"", ""refine_time_average(ms)"": ""9.138"", ""retrieval_time_average(ms)"": ""13.332"", ""retrieval_time_query_average(ms)"": ""283.762"", ""retrieval_time_query_p5(ms)"": ""179.126"", ""retrieval_time_query_p50(ms)"": ""274.705"", ""retrieval_time_query_p95(ms)"": ""399.577""}",profiling/igp_paper_cpu/chunks/igp_val_20260428T041716Z_nbit4_t32/val/msmarco/igp_msmarco_top10_val_chunk_014.json
