batch_id,phase,dataset,topk,metric_name,query_count_run,phi_pb,phi_ref,qps,throughput_qps,avg_latency_ms,service_qps_equivalent,batch_time_per_query_ms,wall_qps,wall_sec,recall_mean,recall_p50,recall_p95,search_time_m,chunk_json
igp_val_20260424T111000Z_fix1,val,hotpot,100,recall@100,50,1,100,224.7191011235955,224.7191011235955,122.11454000000002,8.189033017689784,4.45,0.3125704499423153,159.9639377593994,0.1624,0.10500000000000001,0.44749999999999984,"{""decode_time_average(ms)"": ""37.993"", ""filter_time_average(ms)"": ""79.993"", ""incremental_graph_n_compute_l_average"": ""15685.380"", ""n_seen_item_average"": ""20492.120"", ""n_vq_score_linear_scan_average"": ""36056.180"", ""refine_time_average(ms)"": ""4.127"", ""retrieval_time_average(ms)"": ""4.450"", ""retrieval_time_query_average(ms)"": ""122.115"", ""retrieval_time_query_p5(ms)"": ""16.046"", ""retrieval_time_query_p50(ms)"": ""120.833"", ""retrieval_time_query_p95(ms)"": ""217.372""}",profiling/igp_paper_cpu/chunks/igp_val_20260424T111000Z_fix1/val/hotpot/igp_hotpot_top100_val_chunk_001.json
igp_val_20260424T111000Z_fix1,val,hotpot,100,recall@100,50,1,200,678.8866259334691,678.8866259334691,37.67236,26.544660329217496,1.473,0.31338988964787623,159.5456702709198,0.21420000000000003,0.14,0.5559999999999996,"{""decode_time_average(ms)"": ""9.414"", ""filter_time_average(ms)"": ""24.202"", ""incremental_graph_n_compute_l_average"": ""15685.380"", ""n_seen_item_average"": ""20492.120"", ""n_vq_score_linear_scan_average"": ""36056.180"", ""refine_time_average(ms)"": ""4.054"", ""retrieval_time_average(ms)"": ""1.473"", ""retrieval_time_query_average(ms)"": ""37.672"", ""retrieval_time_query_p5(ms)"": ""15.175"", ""retrieval_time_query_p50(ms)"": ""43.657"", ""retrieval_time_query_p95(ms)"": ""54.531""}",profiling/igp_paper_cpu/chunks/igp_val_20260424T111000Z_fix1/val/hotpot/igp_hotpot_top100_val_chunk_001.json
igp_val_20260424T111000Z_fix1,val,hotpot,100,recall@100,50,1,500,505.5611729019211,505.5611729019211,55.62464,17.977644439586484,1.978,0.3117096639774513,160.40567803382874,0.3136,0.21,0.8064999999999999,"{""decode_time_average(ms)"": ""22.163"", ""filter_time_average(ms)"": ""24.120"", ""incremental_graph_n_compute_l_average"": ""15685.380"", ""n_seen_item_average"": ""20492.120"", ""n_vq_score_linear_scan_average"": ""36056.180"", ""refine_time_average(ms)"": ""9.340"", ""retrieval_time_average(ms)"": ""1.978"", ""retrieval_time_query_average(ms)"": ""55.625"", ""retrieval_time_query_p5(ms)"": ""25.413"", ""retrieval_time_query_p50(ms)"": ""61.570"", ""retrieval_time_query_p95(ms)"": ""77.704""}",profiling/igp_paper_cpu/chunks/igp_val_20260424T111000Z_fix1/val/hotpot/igp_hotpot_top100_val_chunk_001.json
igp_val_20260424T111000Z_fix1,val,hotpot,100,recall@100,50,1,1000,349.7726477789437,349.7726477789437,81.60186,12.254622627474422,2.859,0.3094091462539987,161.59832572937012,0.3882,0.28500000000000003,0.8809999999999999,"{""decode_time_average(ms)"": ""40.909"", ""filter_time_average(ms)"": ""25.157"", ""incremental_graph_n_compute_l_average"": ""15685.380"", ""n_seen_item_average"": ""20492.120"", ""n_vq_score_linear_scan_average"": ""36056.180"", ""refine_time_average(ms)"": ""15.534"", ""retrieval_time_average(ms)"": ""2.859"", ""retrieval_time_query_average(ms)"": ""81.602"", ""retrieval_time_query_p5(ms)"": ""39.865"", ""retrieval_time_query_p50(ms)"": ""89.643"", ""retrieval_time_query_p95(ms)"": ""111.191""}",profiling/igp_paper_cpu/chunks/igp_val_20260424T111000Z_fix1/val/hotpot/igp_hotpot_top100_val_chunk_001.json
igp_val_20260424T111000Z_fix1,val,hotpot,100,recall@100,50,1,2000,137.4192661811186,137.4192661811186,171.32994000000002,5.836691473772768,7.277,0.3033271902675194,164.8385031223297,0.44880000000000003,0.31,0.9009999999999999,"{""decode_time_average(ms)"": ""71.238"", ""filter_time_average(ms)"": ""67.923"", ""incremental_graph_n_compute_l_average"": ""15685.380"", ""n_seen_item_average"": ""20492.120"", ""n_vq_score_linear_scan_average"": ""36056.180"", ""refine_time_average(ms)"": ""32.167"", ""retrieval_time_average(ms)"": ""7.277"", ""retrieval_time_query_average(ms)"": ""171.330"", ""retrieval_time_query_p5(ms)"": ""82.992"", ""retrieval_time_query_p50(ms)"": ""156.842"", ""retrieval_time_query_p95(ms)"": ""262.148""}",profiling/igp_paper_cpu/chunks/igp_val_20260424T111000Z_fix1/val/hotpot/igp_hotpot_top100_val_chunk_002.json
igp_val_20260424T111000Z_fix1,val,hotpot,100,recall@100,50,1,3000,156.51901706057285,156.51901706057285,163.70738,6.108460107296324,6.389,0.2988139308920801,167.328209400177,0.5228,0.495,0.9055,"{""decode_time_average(ms)"": ""69.792"", ""filter_time_average(ms)"": ""45.934"", ""incremental_graph_n_compute_l_average"": ""15685.380"", ""n_seen_item_average"": ""20492.120"", ""n_vq_score_linear_scan_average"": ""36056.180"", ""refine_time_average(ms)"": ""47.979"", ""retrieval_time_average(ms)"": ""6.389"", ""retrieval_time_query_average(ms)"": ""163.707"", ""retrieval_time_query_p5(ms)"": ""95.413"", ""retrieval_time_query_p50(ms)"": ""178.479"", ""retrieval_time_query_p95(ms)"": ""217.178""}",profiling/igp_paper_cpu/chunks/igp_val_20260424T111000Z_fix1/val/hotpot/igp_hotpot_top100_val_chunk_002.json
igp_val_20260424T111000Z_fix1,val,hotpot,100,recall@100,50,1,4000,113.92116655274549,113.92116655274549,246.54612000000006,4.056036249931655,8.778,0.2944423637397358,169.81252074241638,0.5640000000000001,0.525,0.9055,"{""decode_time_average(ms)"": ""109.233"", ""filter_time_average(ms)"": ""68.955"", ""incremental_graph_n_compute_l_average"": ""15685.380"", ""n_seen_item_average"": ""20492.120"", ""n_vq_score_linear_scan_average"": ""36056.180"", ""refine_time_average(ms)"": ""68.356"", ""retrieval_time_average(ms)"": ""8.778"", ""retrieval_time_query_average(ms)"": ""246.546"", ""retrieval_time_query_p5(ms)"": ""131.592"", ""retrieval_time_query_p50(ms)"": ""264.982"", ""retrieval_time_query_p95(ms)"": ""329.621""}",profiling/igp_paper_cpu/chunks/igp_val_20260424T111000Z_fix1/val/hotpot/igp_hotpot_top100_val_chunk_002.json
igp_val_20260424T111000Z_fix1,val,hotpot,100,recall@100,50,1,6000,84.5594452900389,84.5594452900389,296.32401999999996,3.374684239232446,11.826,0.2849022375304996,175.49879717826843,0.6202000000000001,0.625,0.91,"{""decode_time_average(ms)"": ""149.602"", ""filter_time_average(ms)"": ""24.795"", ""incremental_graph_n_compute_l_average"": ""15685.380"", ""n_seen_item_average"": ""20492.120"", ""n_vq_score_linear_scan_average"": ""36056.180"", ""refine_time_average(ms)"": ""121.925"", ""retrieval_time_average(ms)"": ""11.826"", ""retrieval_time_query_average(ms)"": ""296.324"", ""retrieval_time_query_p5(ms)"": ""185.225"", ""retrieval_time_query_p50(ms)"": ""325.009"", ""retrieval_time_query_p95(ms)"": ""381.807""}",profiling/igp_paper_cpu/chunks/igp_val_20260424T111000Z_fix1/val/hotpot/igp_hotpot_top100_val_chunk_002.json
igp_val_20260424T111000Z_fix1,val,hotpot,100,recall@100,50,2,100,396.19651347068145,396.19651347068145,73.57531999999999,13.591514110981782,2.524,0.3135813782921591,159.44824361801147,0.20540000000000003,0.165,0.4604999999999997,"{""decode_time_average(ms)"": ""38.336"", ""filter_time_average(ms)"": ""32.498"", ""incremental_graph_n_compute_l_average"": ""16322.400"", ""n_seen_item_average"": ""38167.280"", ""n_vq_score_linear_scan_average"": ""70922.720"", ""refine_time_average(ms)"": ""2.700"", ""retrieval_time_average(ms)"": ""2.524"", ""retrieval_time_query_average(ms)"": ""73.575"", ""retrieval_time_query_p5(ms)"": ""19.927"", ""retrieval_time_query_p50(ms)"": ""70.595"", ""retrieval_time_query_p95(ms)"": ""122.207""}",profiling/igp_paper_cpu/chunks/igp_val_20260424T111000Z_fix1/val/hotpot/igp_hotpot_top100_val_chunk_003.json
igp_val_20260424T111000Z_fix1,val,hotpot,100,recall@100,50,2,200,734.7538574577517,734.7538574577517,39.09162,25.580930132852004,1.361,0.3136313999128135,159.42281293869019,0.2870000000000001,0.235,0.6519999999999999,"{""decode_time_average(ms)"": ""9.864"", ""filter_time_average(ms)"": ""24.345"", ""incremental_graph_n_compute_l_average"": ""16322.400"", ""n_seen_item_average"": ""38167.280"", ""n_vq_score_linear_scan_average"": ""70922.720"", ""refine_time_average(ms)"": ""4.881"", ""retrieval_time_average(ms)"": ""1.361"", ""retrieval_time_query_average(ms)"": ""39.092"", ""retrieval_time_query_p5(ms)"": ""17.275"", ""retrieval_time_query_p50(ms)"": ""46.126"", ""retrieval_time_query_p95(ms)"": ""50.446""}",profiling/igp_paper_cpu/chunks/igp_val_20260424T111000Z_fix1/val/hotpot/igp_hotpot_top100_val_chunk_003.json
igp_val_20260424T111000Z_fix1,val,hotpot,100,recall@100,50,2,500,444.24700133274104,444.24700133274104,66.17643999999999,15.1111180958057,2.251,0.3123173301290736,160.09358167648315,0.408,0.355,0.8284999999999998,"{""decode_time_average(ms)"": ""27.373"", ""filter_time_average(ms)"": ""26.354"", ""incremental_graph_n_compute_l_average"": ""16322.400"", ""n_seen_item_average"": ""38167.280"", ""n_vq_score_linear_scan_average"": ""70922.720"", ""refine_time_average(ms)"": ""12.449"", ""retrieval_time_average(ms)"": ""2.251"", ""retrieval_time_query_average(ms)"": ""66.176"", ""retrieval_time_query_p5(ms)"": ""29.183"", ""retrieval_time_query_p50(ms)"": ""74.756"", ""retrieval_time_query_p95(ms)"": ""89.073""}",profiling/igp_paper_cpu/chunks/igp_val_20260424T111000Z_fix1/val/hotpot/igp_hotpot_top100_val_chunk_003.json
igp_val_20260424T111000Z_fix1,val,hotpot,100,recall@100,50,2,1000,294.11764705882354,294.11764705882354,102.79646000000001,9.727961449256131,3.4,0.31153724032237445,160.49445629119873,0.48340000000000005,0.43,0.8955,"{""decode_time_average(ms)"": ""51.175"", ""filter_time_average(ms)"": ""28.259"", ""incremental_graph_n_compute_l_average"": ""16322.400"", ""n_seen_item_average"": ""38167.280"", ""n_vq_score_linear_scan_average"": ""70922.720"", ""refine_time_average(ms)"": ""23.361"", ""retrieval_time_average(ms)"": ""3.400"", ""retrieval_time_query_average(ms)"": ""102.796"", ""retrieval_time_query_p5(ms)"": ""51.730"", ""retrieval_time_query_p50(ms)"": ""107.028"", ""retrieval_time_query_p95(ms)"": ""144.691""}",profiling/igp_paper_cpu/chunks/igp_val_20260424T111000Z_fix1/val/hotpot/igp_hotpot_top100_val_chunk_003.json
igp_val_20260424T111000Z_fix1,val,hotpot,100,recall@100,50,2,2000,177.74617845716315,177.74617845716315,165.6684,6.036154148890193,5.626,0.3063989409142199,163.1859426498413,0.562,0.59,0.9009999999999999,"{""decode_time_average(ms)"": ""86.217"", ""filter_time_average(ms)"": ""43.988"", ""incremental_graph_n_compute_l_average"": ""16322.400"", ""n_seen_item_average"": ""38167.280"", ""n_vq_score_linear_scan_average"": ""70922.720"", ""refine_time_average(ms)"": ""35.461"", ""retrieval_time_average(ms)"": ""5.626"", ""retrieval_time_query_average(ms)"": ""165.668"", ""retrieval_time_query_p5(ms)"": ""85.794"", ""retrieval_time_query_p50(ms)"": ""174.771"", ""retrieval_time_query_p95(ms)"": ""231.049""}",profiling/igp_paper_cpu/chunks/igp_val_20260424T111000Z_fix1/val/hotpot/igp_hotpot_top100_val_chunk_004.json
igp_val_20260424T111000Z_fix1,val,hotpot,100,recall@100,50,2,3000,161.81229773462783,161.81229773462783,159.22054,6.280596711956887,6.18,0.3018543566978535,165.6427972316742,0.6052000000000001,0.63,0.9055,"{""decode_time_average(ms)"": ""81.214"", ""filter_time_average(ms)"": ""33.497"", ""incremental_graph_n_compute_l_average"": ""16322.400"", ""n_seen_item_average"": ""38167.280"", ""n_vq_score_linear_scan_average"": ""70922.720"", ""refine_time_average(ms)"": ""44.507"", ""retrieval_time_average(ms)"": ""6.180"", ""retrieval_time_query_average(ms)"": ""159.221"", ""retrieval_time_query_p5(ms)"": ""105.344"", ""retrieval_time_query_p50(ms)"": ""171.029"", ""retrieval_time_query_p95(ms)"": ""201.486""}",profiling/igp_paper_cpu/chunks/igp_val_20260424T111000Z_fix1/val/hotpot/igp_hotpot_top100_val_chunk_004.json
igp_val_20260424T111000Z_fix1,val,hotpot,100,recall@100,50,2,4000,139.31457230426304,139.31457230426304,187.42188000000002,5.335556339526633,7.178,0.29756357309883025,168.03132009506226,0.6374,0.64,0.9055,"{""decode_time_average(ms)"": ""104.599"", ""filter_time_average(ms)"": ""25.955"", ""incremental_graph_n_compute_l_average"": ""16322.400"", ""n_seen_item_average"": ""38167.280"", ""n_vq_score_linear_scan_average"": ""70922.720"", ""refine_time_average(ms)"": ""56.866"", ""retrieval_time_average(ms)"": ""7.178"", ""retrieval_time_query_average(ms)"": ""187.422"", ""retrieval_time_query_p5(ms)"": ""132.349"", ""retrieval_time_query_p50(ms)"": ""191.959"", ""retrieval_time_query_p95(ms)"": ""226.616""}",profiling/igp_paper_cpu/chunks/igp_val_20260424T111000Z_fix1/val/hotpot/igp_hotpot_top100_val_chunk_004.json
igp_val_20260424T111000Z_fix1,val,hotpot,100,recall@100,50,2,6000,91.6254352208173,91.6254352208173,262.79242,3.8052847947440798,10.914,0.2884668356570991,173.33015036582947,0.7008,0.73,0.91,"{""decode_time_average(ms)"": ""142.378"", ""filter_time_average(ms)"": ""26.176"", ""incremental_graph_n_compute_l_average"": ""16322.400"", ""n_seen_item_average"": ""38167.280"", ""n_vq_score_linear_scan_average"": ""70922.720"", ""refine_time_average(ms)"": ""94.237"", ""retrieval_time_average(ms)"": ""10.914"", ""retrieval_time_query_average(ms)"": ""262.792"", ""retrieval_time_query_p5(ms)"": ""183.222"", ""retrieval_time_query_p50(ms)"": ""269.099"", ""retrieval_time_query_p95(ms)"": ""329.755""}",profiling/igp_paper_cpu/chunks/igp_val_20260424T111000Z_fix1/val/hotpot/igp_hotpot_top100_val_chunk_004.json
igp_val_20260424T111000Z_fix1,val,hotpot,100,recall@100,50,4,100,391.38943248532286,391.38943248532286,68.28876,14.64369831872771,2.555,0.31034472001722435,161.11116695404053,0.24340000000000003,0.195,0.46749999999999986,"{""decode_time_average(ms)"": ""23.933"", ""filter_time_average(ms)"": ""42.182"", ""incremental_graph_n_compute_l_average"": ""17673.680"", ""n_seen_item_average"": ""68797.680"", ""n_vq_score_linear_scan_average"": ""138236.900"", ""refine_time_average(ms)"": ""2.156"", ""retrieval_time_average(ms)"": ""2.555"", ""retrieval_time_query_average(ms)"": ""68.289"", ""retrieval_time_query_p5(ms)"": ""23.742"", ""retrieval_time_query_p50(ms)"": ""55.455"", ""retrieval_time_query_p95(ms)"": ""123.150""}",profiling/igp_paper_cpu/chunks/igp_val_20260424T111000Z_fix1/val/hotpot/igp_hotpot_top100_val_chunk_005.json
igp_val_20260424T111000Z_fix1,val,hotpot,100,recall@100,50,4,200,551.5719801434087,551.5719801434087,44.10679999999999,22.672241014990888,1.813,0.31008083690219823,161.24827480316162,0.33039999999999997,0.28500000000000003,0.6465,"{""decode_time_average(ms)"": ""6.637"", ""filter_time_average(ms)"": ""33.257"", ""incremental_graph_n_compute_l_average"": ""17673.680"", ""n_seen_item_average"": ""68797.680"", ""n_vq_score_linear_scan_average"": ""138236.900"", ""refine_time_average(ms)"": ""4.212"", ""retrieval_time_average(ms)"": ""1.813"", ""retrieval_time_query_average(ms)"": ""44.107"", ""retrieval_time_query_p5(ms)"": ""24.914"", ""retrieval_time_query_p50(ms)"": ""50.078"", ""retrieval_time_query_p95(ms)"": ""56.713""}",profiling/igp_paper_cpu/chunks/igp_val_20260424T111000Z_fix1/val/hotpot/igp_hotpot_top100_val_chunk_005.json
igp_val_20260424T111000Z_fix1,val,hotpot,100,recall@100,50,4,500,389.1050583657588,389.1050583657588,69.03106,14.486232719010834,2.57,0.30932760298158984,161.64092540740967,0.45399999999999996,0.41,0.821,"{""decode_time_average(ms)"": ""25.088"", ""filter_time_average(ms)"": ""31.939"", ""incremental_graph_n_compute_l_average"": ""17673.680"", ""n_seen_item_average"": ""68797.680"", ""n_vq_score_linear_scan_average"": ""138236.900"", ""refine_time_average(ms)"": ""12.003"", ""retrieval_time_average(ms)"": ""2.570"", ""retrieval_time_query_average(ms)"": ""69.031"", ""retrieval_time_query_p5(ms)"": ""36.084"", ""retrieval_time_query_p50(ms)"": ""78.636"", ""retrieval_time_query_p95(ms)"": ""86.168""}",profiling/igp_paper_cpu/chunks/igp_val_20260424T111000Z_fix1/val/hotpot/igp_hotpot_top100_val_chunk_005.json
igp_val_20260424T111000Z_fix1,val,hotpot,100,recall@100,50,4,1000,254.97195308516064,254.97195308516064,110.38837999999998,9.058924499118477,3.922,0.3069421059836103,162.89716863632202,0.5524,0.525,0.8955,"{""decode_time_average(ms)"": ""51.413"", ""filter_time_average(ms)"": ""33.423"", ""incremental_graph_n_compute_l_average"": ""17673.680"", ""n_seen_item_average"": ""68797.680"", ""n_vq_score_linear_scan_average"": ""138236.900"", ""refine_time_average(ms)"": ""25.550"", ""retrieval_time_average(ms)"": ""3.922"", ""retrieval_time_query_average(ms)"": ""110.388"", ""retrieval_time_query_p5(ms)"": ""57.412"", ""retrieval_time_query_p50(ms)"": ""125.391"", ""retrieval_time_query_p95(ms)"": ""139.603""}",profiling/igp_paper_cpu/chunks/igp_val_20260424T111000Z_fix1/val/hotpot/igp_hotpot_top100_val_chunk_005.json
igp_val_20260424T111000Z_fix1,val,hotpot,100,recall@100,50,4,2000,158.37820715869495,158.37820715869495,183.5523,5.448038515453089,6.314,0.28747440234215793,173.92852926254272,0.6316000000000002,0.66,0.9155,"{""decode_time_average(ms)"": ""88.941"", ""filter_time_average(ms)"": ""47.822"", ""incremental_graph_n_compute_l_average"": ""17673.680"", ""n_seen_item_average"": ""68797.680"", ""n_vq_score_linear_scan_average"": ""138236.900"", ""refine_time_average(ms)"": ""46.788"", ""retrieval_time_average(ms)"": ""6.314"", ""retrieval_time_query_average(ms)"": ""183.552"", ""retrieval_time_query_p5(ms)"": ""110.428"", ""retrieval_time_query_p50(ms)"": ""183.303"", ""retrieval_time_query_p95(ms)"": ""258.337""}",profiling/igp_paper_cpu/chunks/igp_val_20260424T111000Z_fix1/val/hotpot/igp_hotpot_top100_val_chunk_006.json
igp_val_20260424T111000Z_fix1,val,hotpot,100,recall@100,50,4,3000,145.49687181725594,145.49687181725594,169.3817,5.903825501810409,6.873,0.28486492970035626,175.52178168296814,0.6724,0.705,0.9155,"{""decode_time_average(ms)"": ""75.924"", ""filter_time_average(ms)"": ""39.163"", ""incremental_graph_n_compute_l_average"": ""17673.680"", ""n_seen_item_average"": ""68797.680"", ""n_vq_score_linear_scan_average"": ""138236.900"", ""refine_time_average(ms)"": ""54.293"", ""retrieval_time_average(ms)"": ""6.873"", ""retrieval_time_query_average(ms)"": ""169.382"", ""retrieval_time_query_p5(ms)"": ""116.784"", ""retrieval_time_query_p50(ms)"": ""173.323"", ""retrieval_time_query_p95(ms)"": ""217.473""}",profiling/igp_paper_cpu/chunks/igp_val_20260424T111000Z_fix1/val/hotpot/igp_hotpot_top100_val_chunk_006.json
igp_val_20260424T111000Z_fix1,val,hotpot,100,recall@100,50,4,4000,118.28720132481665,118.28720132481665,212.95426,4.695844074685334,8.454,0.2809837617252041,177.94622611999512,0.693,0.74,0.9155,"{""decode_time_average(ms)"": ""115.694"", ""filter_time_average(ms)"": ""35.612"", ""incremental_graph_n_compute_l_average"": ""17673.680"", ""n_seen_item_average"": ""68797.680"", ""n_vq_score_linear_scan_average"": ""138236.900"", ""refine_time_average(ms)"": ""61.646"", ""retrieval_time_average(ms)"": ""8.454"", ""retrieval_time_query_average(ms)"": ""212.954"", ""retrieval_time_query_p5(ms)"": ""140.812"", ""retrieval_time_query_p50(ms)"": ""226.257"", ""retrieval_time_query_p95(ms)"": ""263.294""}",profiling/igp_paper_cpu/chunks/igp_val_20260424T111000Z_fix1/val/hotpot/igp_hotpot_top100_val_chunk_006.json
igp_val_20260424T111000Z_fix1,val,hotpot,100,recall@100,50,4,6000,88.15232722143865,88.15232722143865,284.56751999999994,3.5141044909130885,11.344,0.2734641264783373,182.83933854103088,0.7303999999999999,0.765,0.9155,"{""decode_time_average(ms)"": ""156.036"", ""filter_time_average(ms)"": ""34.678"", ""incremental_graph_n_compute_l_average"": ""17673.680"", ""n_seen_item_average"": ""68797.680"", ""n_vq_score_linear_scan_average"": ""138236.900"", ""refine_time_average(ms)"": ""93.850"", ""retrieval_time_average(ms)"": ""11.344"", ""retrieval_time_query_average(ms)"": ""284.567"", ""retrieval_time_query_p5(ms)"": ""205.401"", ""retrieval_time_query_p50(ms)"": ""294.035"", ""retrieval_time_query_p95(ms)"": ""345.992""}",profiling/igp_paper_cpu/chunks/igp_val_20260424T111000Z_fix1/val/hotpot/igp_hotpot_top100_val_chunk_006.json
igp_val_20260424T111000Z_fix1,val,hotpot,100,recall@100,50,8,100,256.5418163160595,256.5418163160595,103.9305,9.621814578011268,3.898,0.3125927774858875,159.95251202583313,0.25919999999999993,0.23,0.5009999999999999,"{""decode_time_average(ms)"": ""22.148"", ""filter_time_average(ms)"": ""79.798"", ""incremental_graph_n_compute_l_average"": ""20080.420"", ""n_seen_item_average"": ""123263.500"", ""n_vq_score_linear_scan_average"": ""269926.000"", ""refine_time_average(ms)"": ""1.984"", ""retrieval_time_average(ms)"": ""3.898"", ""retrieval_time_query_average(ms)"": ""103.930"", ""retrieval_time_query_p5(ms)"": ""38.007"", ""retrieval_time_query_p50(ms)"": ""99.611"", ""retrieval_time_query_p95(ms)"": ""186.504""}",profiling/igp_paper_cpu/chunks/igp_val_20260424T111000Z_fix1/val/hotpot/igp_hotpot_top100_val_chunk_007.json
igp_val_20260424T111000Z_fix1,val,hotpot,100,recall@100,50,8,200,411.3533525298231,411.3533525298231,59.3921,16.837256133391477,2.431,0.31194639199635166,160.2839503288269,0.3588,0.305,0.6709999999999999,"{""decode_time_average(ms)"": ""7.054"", ""filter_time_average(ms)"": ""48.580"", ""incremental_graph_n_compute_l_average"": ""20080.420"", ""n_seen_item_average"": ""123263.500"", ""n_vq_score_linear_scan_average"": ""269926.000"", ""refine_time_average(ms)"": ""3.758"", ""retrieval_time_average(ms)"": ""2.431"", ""retrieval_time_query_average(ms)"": ""59.392"", ""retrieval_time_query_p5(ms)"": ""36.037"", ""retrieval_time_query_p50(ms)"": ""63.333"", ""retrieval_time_query_p95(ms)"": ""79.533""}",profiling/igp_paper_cpu/chunks/igp_val_20260424T111000Z_fix1/val/hotpot/igp_hotpot_top100_val_chunk_007.json
igp_val_20260424T111000Z_fix1,val,hotpot,100,recall@100,50,8,500,313.47962382445144,313.47962382445144,88.78242000000002,11.26349112808594,3.19,0.31115218793822896,160.69306898117065,0.5028,0.495,0.8449999999999998,"{""decode_time_average(ms)"": ""25.927"", ""filter_time_average(ms)"": ""50.991"", ""incremental_graph_n_compute_l_average"": ""20080.420"", ""n_seen_item_average"": ""123263.500"", ""n_vq_score_linear_scan_average"": ""269926.000"", ""refine_time_average(ms)"": ""11.864"", ""retrieval_time_average(ms)"": ""3.190"", ""retrieval_time_query_average(ms)"": ""88.782"", ""retrieval_time_query_p5(ms)"": ""50.439"", ""retrieval_time_query_p50(ms)"": ""94.009"", ""retrieval_time_query_p95(ms)"": ""116.275""}",profiling/igp_paper_cpu/chunks/igp_val_20260424T111000Z_fix1/val/hotpot/igp_hotpot_top100_val_chunk_007.json
igp_val_20260424T111000Z_fix1,val,hotpot,100,recall@100,50,8,1000,220.02200220022002,220.02200220022002,131.11162000000002,7.627089040620502,4.545,0.3099281806431411,161.3276982307434,0.596,0.6,0.9009999999999999,"{""decode_time_average(ms)"": ""51.895"", ""filter_time_average(ms)"": ""54.364"", ""incremental_graph_n_compute_l_average"": ""20080.420"", ""n_seen_item_average"": ""123263.500"", ""n_vq_score_linear_scan_average"": ""269926.000"", ""refine_time_average(ms)"": ""24.851"", ""retrieval_time_average(ms)"": ""4.545"", ""retrieval_time_query_average(ms)"": ""131.112"", ""retrieval_time_query_p5(ms)"": ""71.980"", ""retrieval_time_query_p50(ms)"": ""137.446"", ""retrieval_time_query_p95(ms)"": ""172.042""}",profiling/igp_paper_cpu/chunks/igp_val_20260424T111000Z_fix1/val/hotpot/igp_hotpot_top100_val_chunk_007.json
igp_val_20260424T111000Z_fix1,val,hotpot,100,recall@100,50,8,2000,135.50135501355012,135.50135501355012,223.01057999999998,4.484092189706875,7.38,0.30699085453575997,162.8713014125824,0.6834,0.7,0.9055,"{""decode_time_average(ms)"": ""73.803"", ""filter_time_average(ms)"": ""105.057"", ""incremental_graph_n_compute_l_average"": ""20080.420"", ""n_seen_item_average"": ""123263.500"", ""n_vq_score_linear_scan_average"": ""269926.000"", ""refine_time_average(ms)"": ""44.149"", ""retrieval_time_average(ms)"": ""7.380"", ""retrieval_time_query_average(ms)"": ""223.011"", ""retrieval_time_query_p5(ms)"": ""129.617"", ""retrieval_time_query_p50(ms)"": ""209.705"", ""retrieval_time_query_p95(ms)"": ""319.298""}",profiling/igp_paper_cpu/chunks/igp_val_20260424T111000Z_fix1/val/hotpot/igp_hotpot_top100_val_chunk_008.json
igp_val_20260424T111000Z_fix1,val,hotpot,100,recall@100,50,8,3000,111.53245594467991,111.53245594467991,247.43932,4.041394876125589,8.966,0.3038866897390222,164.53501152992249,0.7173999999999999,0.745,0.9155,"{""decode_time_average(ms)"": ""95.291"", ""filter_time_average(ms)"": ""73.228"", ""incremental_graph_n_compute_l_average"": ""20080.420"", ""n_seen_item_average"": ""123263.500"", ""n_vq_score_linear_scan_average"": ""269926.000"", ""refine_time_average(ms)"": ""78.918"", ""retrieval_time_average(ms)"": ""8.966"", ""retrieval_time_query_average(ms)"": ""247.439"", ""retrieval_time_query_p5(ms)"": ""124.572"", ""retrieval_time_query_p50(ms)"": ""278.755"", ""retrieval_time_query_p95(ms)"": ""315.907""}",profiling/igp_paper_cpu/chunks/igp_val_20260424T111000Z_fix1/val/hotpot/igp_hotpot_top100_val_chunk_008.json
igp_val_20260424T111000Z_fix1,val,hotpot,100,recall@100,50,8,4000,104.42773600668338,104.42773600668338,247.17445999999995,4.045725436195958,9.576,0.2999839370745517,166.67559099197388,0.7478,0.78,0.9155,"{""decode_time_average(ms)"": ""112.459"", ""filter_time_average(ms)"": ""50.461"", ""incremental_graph_n_compute_l_average"": ""20080.420"", ""n_seen_item_average"": ""123263.500"", ""n_vq_score_linear_scan_average"": ""269926.000"", ""refine_time_average(ms)"": ""84.251"", ""retrieval_time_average(ms)"": ""9.576"", ""retrieval_time_query_average(ms)"": ""247.174"", ""retrieval_time_query_p5(ms)"": ""155.192"", ""retrieval_time_query_p50(ms)"": ""263.305"", ""retrieval_time_query_p95(ms)"": ""317.525""}",profiling/igp_paper_cpu/chunks/igp_val_20260424T111000Z_fix1/val/hotpot/igp_hotpot_top100_val_chunk_008.json
igp_val_20260424T111000Z_fix1,val,hotpot,100,recall@100,50,8,6000,84.86082824168363,84.86082824168363,289.84572000000003,3.4501113212918924,11.784,0.29022015500256004,172.2830035686493,0.773,0.8,0.9155,"{""decode_time_average(ms)"": ""150.823"", ""filter_time_average(ms)"": ""49.017"", ""incremental_graph_n_compute_l_average"": ""20080.420"", ""n_seen_item_average"": ""123263.500"", ""n_vq_score_linear_scan_average"": ""269926.000"", ""refine_time_average(ms)"": ""90.004"", ""retrieval_time_average(ms)"": ""11.784"", ""retrieval_time_query_average(ms)"": ""289.846"", ""retrieval_time_query_p5(ms)"": ""201.123"", ""retrieval_time_query_p50(ms)"": ""300.998"", ""retrieval_time_query_p95(ms)"": ""347.944""}",profiling/igp_paper_cpu/chunks/igp_val_20260424T111000Z_fix1/val/hotpot/igp_hotpot_top100_val_chunk_008.json
igp_val_20260424T111000Z_fix1,val,hotpot,100,recall@100,50,16,100,251.63563160543532,251.63563160543532,121.55668000000001,8.226614942099438,3.974,0.31416205682993015,159.1535289287567,0.2874,0.27,0.5455,"{""decode_time_average(ms)"": ""30.473"", ""filter_time_average(ms)"": ""89.094"", ""incremental_graph_n_compute_l_average"": ""24702.820"", ""n_seen_item_average"": ""217983.840"", ""n_vq_score_linear_scan_average"": ""524843.500"", ""refine_time_average(ms)"": ""1.983"", ""retrieval_time_average(ms)"": ""3.974"", ""retrieval_time_query_average(ms)"": ""121.557"", ""retrieval_time_query_p5(ms)"": ""67.349"", ""retrieval_time_query_p50(ms)"": ""106.999"", ""retrieval_time_query_p95(ms)"": ""182.491""}",profiling/igp_paper_cpu/chunks/igp_val_20260424T111000Z_fix1/val/hotpot/igp_hotpot_top100_val_chunk_009.json
igp_val_20260424T111000Z_fix1,val,hotpot,100,recall@100,50,16,200,294.11764705882354,294.11764705882354,85.73698,11.663578539855264,3.4,0.3142076493930993,159.13043522834778,0.40059999999999996,0.385,0.7309999999999999,"{""decode_time_average(ms)"": ""6.960"", ""filter_time_average(ms)"": ""75.035"", ""incremental_graph_n_compute_l_average"": ""24702.820"", ""n_seen_item_average"": ""217983.840"", ""n_vq_score_linear_scan_average"": ""524843.500"", ""refine_time_average(ms)"": ""3.741"", ""retrieval_time_average(ms)"": ""3.400"", ""retrieval_time_query_average(ms)"": ""85.737"", ""retrieval_time_query_p5(ms)"": ""58.028"", ""retrieval_time_query_p50(ms)"": ""87.388"", ""retrieval_time_query_p95(ms)"": ""110.180""}",profiling/igp_paper_cpu/chunks/igp_val_20260424T111000Z_fix1/val/hotpot/igp_hotpot_top100_val_chunk_009.json
igp_val_20260424T111000Z_fix1,val,hotpot,100,recall@100,50,16,500,225.17451024544022,225.17451024544022,118.97742,8.404956167313092,4.441,0.313122305071999,159.68201303482056,0.5498,0.545,0.8594999999999998,"{""decode_time_average(ms)"": ""27.505"", ""filter_time_average(ms)"": ""80.253"", ""incremental_graph_n_compute_l_average"": ""24702.820"", ""n_seen_item_average"": ""217983.840"", ""n_vq_score_linear_scan_average"": ""524843.500"", ""refine_time_average(ms)"": ""11.218"", ""retrieval_time_average(ms)"": ""4.441"", ""retrieval_time_query_average(ms)"": ""118.977"", ""retrieval_time_query_p5(ms)"": ""69.195"", ""retrieval_time_query_p50(ms)"": ""126.253"", ""retrieval_time_query_p95(ms)"": ""151.551""}",profiling/igp_paper_cpu/chunks/igp_val_20260424T111000Z_fix1/val/hotpot/igp_hotpot_top100_val_chunk_009.json
igp_val_20260424T111000Z_fix1,val,hotpot,100,recall@100,50,16,1000,194.62826002335538,194.62826002335538,131.97462000000002,7.5772144674483615,5.138,0.3113776143350702,160.57673287391663,0.6466,0.68,0.9009999999999999,"{""decode_time_average(ms)"": ""35.157"", ""filter_time_average(ms)"": ""78.691"", ""incremental_graph_n_compute_l_average"": ""24702.820"", ""n_seen_item_average"": ""217983.840"", ""n_vq_score_linear_scan_average"": ""524843.500"", ""refine_time_average(ms)"": ""18.126"", ""retrieval_time_average(ms)"": ""5.138"", ""retrieval_time_query_average(ms)"": ""131.975"", ""retrieval_time_query_p5(ms)"": ""83.827"", ""retrieval_time_query_p50(ms)"": ""139.676"", ""retrieval_time_query_p95(ms)"": ""165.954""}",profiling/igp_paper_cpu/chunks/igp_val_20260424T111000Z_fix1/val/hotpot/igp_hotpot_top100_val_chunk_009.json
igp_val_20260424T111000Z_fix1,val,hotpot,100,recall@100,50,16,2000,127.74655084312722,127.74655084312722,229.53308,4.356670506926496,7.828,0.30337659396643113,164.81165981292725,0.7272000000000002,0.745,0.9155,"{""decode_time_average(ms)"": ""60.560"", ""filter_time_average(ms)"": ""134.997"", ""incremental_graph_n_compute_l_average"": ""24702.820"", ""n_seen_item_average"": ""217983.840"", ""n_vq_score_linear_scan_average"": ""524843.500"", ""refine_time_average(ms)"": ""33.975"", ""retrieval_time_average(ms)"": ""7.828"", ""retrieval_time_query_average(ms)"": ""229.533"", ""retrieval_time_query_p5(ms)"": ""123.478"", ""retrieval_time_query_p50(ms)"": ""234.938"", ""retrieval_time_query_p95(ms)"": ""315.599""}",profiling/igp_paper_cpu/chunks/igp_val_20260424T111000Z_fix1/val/hotpot/igp_hotpot_top100_val_chunk_010.json
igp_val_20260424T111000Z_fix1,val,hotpot,100,recall@100,50,16,3000,115.38017768547364,115.38017768547364,210.28531999999998,4.755443699065632,8.667,0.2985404512686835,167.48149132728577,0.7546,0.775,0.9155,"{""decode_time_average(ms)"": ""75.086"", ""filter_time_average(ms)"": ""84.911"", ""incremental_graph_n_compute_l_average"": ""24702.820"", ""n_seen_item_average"": ""217983.840"", ""n_vq_score_linear_scan_average"": ""524843.500"", ""refine_time_average(ms)"": ""50.287"", ""retrieval_time_average(ms)"": ""8.667"", ""retrieval_time_query_average(ms)"": ""210.285"", ""retrieval_time_query_p5(ms)"": ""141.792"", ""retrieval_time_query_p50(ms)"": ""220.021"", ""retrieval_time_query_p95(ms)"": ""262.873""}",profiling/igp_paper_cpu/chunks/igp_val_20260424T111000Z_fix1/val/hotpot/igp_hotpot_top100_val_chunk_010.json
igp_val_20260424T111000Z_fix1,val,hotpot,100,recall@100,50,16,4000,91.95402298850574,91.95402298850574,272.6729,3.667397823546087,10.875,0.2940010723602308,170.0674068927765,0.7709999999999999,0.79,0.9155,"{""decode_time_average(ms)"": ""113.313"", ""filter_time_average(ms)"": ""84.531"", ""incremental_graph_n_compute_l_average"": ""24702.820"", ""n_seen_item_average"": ""217983.840"", ""n_vq_score_linear_scan_average"": ""524843.500"", ""refine_time_average(ms)"": ""74.827"", ""retrieval_time_average(ms)"": ""10.875"", ""retrieval_time_query_average(ms)"": ""272.673"", ""retrieval_time_query_p5(ms)"": ""173.890"", ""retrieval_time_query_p50(ms)"": ""281.168"", ""retrieval_time_query_p95(ms)"": ""351.977""}",profiling/igp_paper_cpu/chunks/igp_val_20260424T111000Z_fix1/val/hotpot/igp_hotpot_top100_val_chunk_010.json
igp_val_20260424T111000Z_fix1,val,hotpot,100,recall@100,50,16,6000,66.29980773055757,66.29980773055757,369.5511,2.7059857215957415,15.083,0.2851542762367002,175.3436794281006,0.7955999999999999,0.82,0.9155,"{""decode_time_average(ms)"": ""164.019"", ""filter_time_average(ms)"": ""83.824"", ""incremental_graph_n_compute_l_average"": ""24702.820"", ""n_seen_item_average"": ""217983.840"", ""n_vq_score_linear_scan_average"": ""524843.500"", ""refine_time_average(ms)"": ""121.706"", ""retrieval_time_average(ms)"": ""15.083"", ""retrieval_time_query_average(ms)"": ""369.551"", ""retrieval_time_query_p5(ms)"": ""238.539"", ""retrieval_time_query_p50(ms)"": ""381.156"", ""retrieval_time_query_p95(ms)"": ""473.043""}",profiling/igp_paper_cpu/chunks/igp_val_20260424T111000Z_fix1/val/hotpot/igp_hotpot_top100_val_chunk_010.json
igp_val_20260424T111000Z_fix1,val,hotpot,100,recall@100,50,32,100,141.10342881332016,141.10342881332016,211.06352000000004,4.737910179835908,7.087,0.31288969997123833,159.80072212219238,0.29960000000000003,0.295,0.5465,"{""decode_time_average(ms)"": ""24.494"", ""filter_time_average(ms)"": ""184.488"", ""incremental_graph_n_compute_l_average"": ""33490.460"", ""n_seen_item_average"": ""383880.560"", ""n_vq_score_linear_scan_average"": ""1019530.000"", ""refine_time_average(ms)"": ""2.080"", ""retrieval_time_average(ms)"": ""7.087"", ""retrieval_time_query_average(ms)"": ""211.064"", ""retrieval_time_query_p5(ms)"": ""115.457"", ""retrieval_time_query_p50(ms)"": ""217.189"", ""retrieval_time_query_p95(ms)"": ""309.002""}",profiling/igp_paper_cpu/chunks/igp_val_20260424T111000Z_fix1/val/hotpot/igp_hotpot_top100_val_chunk_011.json
igp_val_20260424T111000Z_fix1,val,hotpot,100,recall@100,50,32,200,170.32873445750297,170.32873445750297,142.79829999999998,7.002884488120658,5.871,0.31339832192488215,159.54137754440308,0.42460000000000003,0.41,0.7464999999999999,"{""decode_time_average(ms)"": ""6.329"", ""filter_time_average(ms)"": ""132.680"", ""incremental_graph_n_compute_l_average"": ""33490.460"", ""n_seen_item_average"": ""383880.560"", ""n_vq_score_linear_scan_average"": ""1019530.000"", ""refine_time_average(ms)"": ""3.788"", ""retrieval_time_average(ms)"": ""5.871"", ""retrieval_time_query_average(ms)"": ""142.798"", ""retrieval_time_query_p5(ms)"": ""106.576"", ""retrieval_time_query_p50(ms)"": ""143.254"", ""retrieval_time_query_p95(ms)"": ""181.024""}",profiling/igp_paper_cpu/chunks/igp_val_20260424T111000Z_fix1/val/hotpot/igp_hotpot_top100_val_chunk_011.json
igp_val_20260424T111000Z_fix1,val,hotpot,100,recall@100,50,32,500,144.25851125216386,144.25851125216386,178.73452,5.594890119714983,6.932,0.3116555324936609,160.4335389137268,0.5742,0.545,0.8639999999999998,"{""decode_time_average(ms)"": ""26.758"", ""filter_time_average(ms)"": ""140.718"", ""incremental_graph_n_compute_l_average"": ""33490.460"", ""n_seen_item_average"": ""383880.560"", ""n_vq_score_linear_scan_average"": ""1019530.000"", ""refine_time_average(ms)"": ""11.256"", ""retrieval_time_average(ms)"": ""6.932"", ""retrieval_time_query_average(ms)"": ""178.735"", ""retrieval_time_query_p5(ms)"": ""115.112"", ""retrieval_time_query_p50(ms)"": ""190.631"", ""retrieval_time_query_p95(ms)"": ""221.900""}",profiling/igp_paper_cpu/chunks/igp_val_20260424T111000Z_fix1/val/hotpot/igp_hotpot_top100_val_chunk_011.json
igp_val_20260424T111000Z_fix1,val,hotpot,100,recall@100,50,32,1000,122.33912405187179,122.33912405187179,208.53225999999998,4.795421101751835,8.174,0.31076560958468125,160.892963886261,0.6784,0.67,0.9055,"{""decode_time_average(ms)"": ""41.814"", ""filter_time_average(ms)"": ""141.302"", ""incremental_graph_n_compute_l_average"": ""33490.460"", ""n_seen_item_average"": ""383880.560"", ""n_vq_score_linear_scan_average"": ""1019530.000"", ""refine_time_average(ms)"": ""25.414"", ""retrieval_time_average(ms)"": ""8.174"", ""retrieval_time_query_average(ms)"": ""208.532"", ""retrieval_time_query_p5(ms)"": ""130.623"", ""retrieval_time_query_p50(ms)"": ""220.107"", ""retrieval_time_query_p95(ms)"": ""258.342""}",profiling/igp_paper_cpu/chunks/igp_val_20260424T111000Z_fix1/val/hotpot/igp_hotpot_top100_val_chunk_011.json
igp_val_20260424T111000Z_fix1,val,hotpot,100,recall@100,50,32,2000,88.4251481121231,88.4251481121231,313.44577999999996,3.1903444353278583,11.309,0.30620913773160136,163.28709316253662,0.7515999999999998,0.74,0.91,"{""decode_time_average(ms)"": ""72.748"", ""filter_time_average(ms)"": ""201.560"", ""incremental_graph_n_compute_l_average"": ""33490.460"", ""n_seen_item_average"": ""383880.560"", ""n_vq_score_linear_scan_average"": ""1019530.000"", ""refine_time_average(ms)"": ""39.135"", ""retrieval_time_average(ms)"": ""11.309"", ""retrieval_time_query_average(ms)"": ""313.446"", ""retrieval_time_query_p5(ms)"": ""191.411"", ""retrieval_time_query_p50(ms)"": ""314.624"", ""retrieval_time_query_p95(ms)"": ""422.053""}",profiling/igp_paper_cpu/chunks/igp_val_20260424T111000Z_fix1/val/hotpot/igp_hotpot_top100_val_chunk_012.json
igp_val_20260424T111000Z_fix1,val,hotpot,100,recall@100,50,32,3000,90.38322487346349,90.38322487346349,272.56773999999996,3.668812750914691,11.064,0.3012015946562225,166.00177717208862,0.7857999999999999,0.795,0.91,"{""decode_time_average(ms)"": ""77.446"", ""filter_time_average(ms)"": ""148.665"", ""incremental_graph_n_compute_l_average"": ""33490.460"", ""n_seen_item_average"": ""383880.560"", ""n_vq_score_linear_scan_average"": ""1019530.000"", ""refine_time_average(ms)"": ""46.455"", ""retrieval_time_average(ms)"": ""11.064"", ""retrieval_time_query_average(ms)"": ""272.568"", ""retrieval_time_query_p5(ms)"": ""187.369"", ""retrieval_time_query_p50(ms)"": ""289.481"", ""retrieval_time_query_p95(ms)"": ""336.799""}",profiling/igp_paper_cpu/chunks/igp_val_20260424T111000Z_fix1/val/hotpot/igp_hotpot_top100_val_chunk_012.json
igp_val_20260424T111000Z_fix1,val,hotpot,100,recall@100,50,32,4000,82.28420966016621,82.28420966016621,310.9789,3.215652251647941,12.153,0.2973690386776068,168.14124369621277,0.8008,0.805,0.9155,"{""decode_time_average(ms)"": ""108.110"", ""filter_time_average(ms)"": ""138.579"", ""incremental_graph_n_compute_l_average"": ""33490.460"", ""n_seen_item_average"": ""383880.560"", ""n_vq_score_linear_scan_average"": ""1019530.000"", ""refine_time_average(ms)"": ""64.288"", ""retrieval_time_average(ms)"": ""12.153"", ""retrieval_time_query_average(ms)"": ""310.979"", ""retrieval_time_query_p5(ms)"": ""214.213"", ""retrieval_time_query_p50(ms)"": ""327.668"", ""retrieval_time_query_p95(ms)"": ""374.110""}",profiling/igp_paper_cpu/chunks/igp_val_20260424T111000Z_fix1/val/hotpot/igp_hotpot_top100_val_chunk_012.json
igp_val_20260424T111000Z_fix1,val,hotpot,100,recall@100,50,32,6000,62.8693574751666,62.8693574751666,393.6155999999999,2.540549713984914,15.906,0.2888394814363677,173.10652875900269,0.8201999999999999,0.835,0.92,"{""decode_time_average(ms)"": ""151.341"", ""filter_time_average(ms)"": ""137.958"", ""incremental_graph_n_compute_l_average"": ""33490.460"", ""n_seen_item_average"": ""383880.560"", ""n_vq_score_linear_scan_average"": ""1019530.000"", ""refine_time_average(ms)"": ""104.314"", ""retrieval_time_average(ms)"": ""15.906"", ""retrieval_time_query_average(ms)"": ""393.616"", ""retrieval_time_query_p5(ms)"": ""281.085"", ""retrieval_time_query_p50(ms)"": ""400.670"", ""retrieval_time_query_p95(ms)"": ""500.150""}",profiling/igp_paper_cpu/chunks/igp_val_20260424T111000Z_fix1/val/hotpot/igp_hotpot_top100_val_chunk_012.json
igp_val_20260424T111000Z_fix1,val,hotpot,100,recall@100,50,64,100,85.98452278589853,85.98452278589853,318.45784,3.14013308637652,11.63,0.3089955357919355,161.814635515213,0.3144,0.315,0.571,"{""decode_time_average(ms)"": ""27.499"", ""filter_time_average(ms)"": ""288.695"", ""incremental_graph_n_compute_l_average"": ""50347.640"", ""n_seen_item_average"": ""667497.860"", ""n_vq_score_linear_scan_average"": ""1992297.800"", ""refine_time_average(ms)"": ""2.263"", ""retrieval_time_average(ms)"": ""11.630"", ""retrieval_time_query_average(ms)"": ""318.458"", ""retrieval_time_query_p5(ms)"": ""201.069"", ""retrieval_time_query_p50(ms)"": ""332.751"", ""retrieval_time_query_p95(ms)"": ""411.081""}",profiling/igp_paper_cpu/chunks/igp_val_20260424T111000Z_fix1/val/hotpot/igp_hotpot_top100_val_chunk_013.json
igp_val_20260424T111000Z_fix1,val,hotpot,100,recall@100,50,64,200,96.11687812379854,96.11687812379854,248.84115999999997,4.018627786496414,10.404,0.3097726157431302,161.4087154865265,0.43360000000000004,0.43,0.6855,"{""decode_time_average(ms)"": ""6.084"", ""filter_time_average(ms)"": ""239.005"", ""incremental_graph_n_compute_l_average"": ""50347.640"", ""n_seen_item_average"": ""667497.860"", ""n_vq_score_linear_scan_average"": ""1992297.800"", ""refine_time_average(ms)"": ""3.749"", ""retrieval_time_average(ms)"": ""10.404"", ""retrieval_time_query_average(ms)"": ""248.841"", ""retrieval_time_query_p5(ms)"": ""180.287"", ""retrieval_time_query_p50(ms)"": ""246.974"", ""retrieval_time_query_p95(ms)"": ""313.230""}",profiling/igp_paper_cpu/chunks/igp_val_20260424T111000Z_fix1/val/hotpot/igp_hotpot_top100_val_chunk_013.json
igp_val_20260424T111000Z_fix1,val,hotpot,100,recall@100,50,64,500,87.48141020033243,87.48141020033243,278.98555999999996,3.5844149066353115,11.431,0.3085177363457913,162.0652368068695,0.5953999999999999,0.595,0.8865,"{""decode_time_average(ms)"": ""22.124"", ""filter_time_average(ms)"": ""247.242"", ""incremental_graph_n_compute_l_average"": ""50347.640"", ""n_seen_item_average"": ""667497.860"", ""n_vq_score_linear_scan_average"": ""1992297.800"", ""refine_time_average(ms)"": ""9.618"", ""retrieval_time_average(ms)"": ""11.431"", ""retrieval_time_query_average(ms)"": ""278.986"", ""retrieval_time_query_p5(ms)"": ""196.583"", ""retrieval_time_query_p50(ms)"": ""286.223"", ""retrieval_time_query_p95(ms)"": ""347.794""}",profiling/igp_paper_cpu/chunks/igp_val_20260424T111000Z_fix1/val/hotpot/igp_hotpot_top100_val_chunk_013.json
igp_val_20260424T111000Z_fix1,val,hotpot,100,recall@100,50,64,1000,81.92020971573687,81.92020971573687,302.28864,3.308096526551577,12.207,0.30632321844070826,163.2262818813324,0.7030000000000001,0.715,0.9009999999999999,"{""decode_time_average(ms)"": ""35.656"", ""filter_time_average(ms)"": ""248.192"", ""incremental_graph_n_compute_l_average"": ""50347.640"", ""n_seen_item_average"": ""667497.860"", ""n_vq_score_linear_scan_average"": ""1992297.800"", ""refine_time_average(ms)"": ""18.439"", ""retrieval_time_average(ms)"": ""12.207"", ""retrieval_time_query_average(ms)"": ""302.289"", ""retrieval_time_query_p5(ms)"": ""212.637"", ""retrieval_time_query_p50(ms)"": ""305.774"", ""retrieval_time_query_p95(ms)"": ""376.225""}",profiling/igp_paper_cpu/chunks/igp_val_20260424T111000Z_fix1/val/hotpot/igp_hotpot_top100_val_chunk_013.json
igp_val_20260424T111000Z_fix1,val,hotpot,100,recall@100,50,64,2000,60.00240009600384,60.00240009600384,449.36977999999993,2.2253387844638777,16.666,0.2872922845474653,174.03878450393677,0.7689999999999999,0.79,0.9055,"{""decode_time_average(ms)"": ""88.284"", ""filter_time_average(ms)"": ""309.370"", ""incremental_graph_n_compute_l_average"": ""50347.640"", ""n_seen_item_average"": ""667497.860"", ""n_vq_score_linear_scan_average"": ""1992297.800"", ""refine_time_average(ms)"": ""51.714"", ""retrieval_time_average(ms)"": ""16.666"", ""retrieval_time_query_average(ms)"": ""449.370"", ""retrieval_time_query_p5(ms)"": ""280.011"", ""retrieval_time_query_p50(ms)"": ""448.085"", ""retrieval_time_query_p95(ms)"": ""563.779""}",profiling/igp_paper_cpu/chunks/igp_val_20260424T111000Z_fix1/val/hotpot/igp_hotpot_top100_val_chunk_014.json
igp_val_20260424T111000Z_fix1,val,hotpot,100,recall@100,50,64,3000,57.66347595433053,57.66347595433053,419.994,2.3809863950437387,17.342,0.283587027175979,176.31271958351135,0.7968,0.81,0.9155,"{""decode_time_average(ms)"": ""81.584"", ""filter_time_average(ms)"": ""279.887"", ""incremental_graph_n_compute_l_average"": ""50347.640"", ""n_seen_item_average"": ""667497.860"", ""n_vq_score_linear_scan_average"": ""1992297.800"", ""refine_time_average(ms)"": ""58.521"", ""retrieval_time_average(ms)"": ""17.342"", ""retrieval_time_query_average(ms)"": ""419.994"", ""retrieval_time_query_p5(ms)"": ""287.820"", ""retrieval_time_query_p50(ms)"": ""416.601"", ""retrieval_time_query_p95(ms)"": ""531.231""}",profiling/igp_paper_cpu/chunks/igp_val_20260424T111000Z_fix1/val/hotpot/igp_hotpot_top100_val_chunk_014.json
igp_val_20260424T111000Z_fix1,val,hotpot,100,recall@100,50,64,4000,54.53454763592736,54.53454763592736,441.98348,2.262528002177819,18.337,0.2794890398547179,178.89789175987244,0.8086,0.825,0.9155,"{""decode_time_average(ms)"": ""113.621"", ""filter_time_average(ms)"": ""260.290"", ""incremental_graph_n_compute_l_average"": ""50347.640"", ""n_seen_item_average"": ""667497.860"", ""n_vq_score_linear_scan_average"": ""1992297.800"", ""refine_time_average(ms)"": ""68.071"", ""retrieval_time_average(ms)"": ""18.337"", ""retrieval_time_query_average(ms)"": ""441.983"", ""retrieval_time_query_p5(ms)"": ""320.142"", ""retrieval_time_query_p50(ms)"": ""447.022"", ""retrieval_time_query_p95(ms)"": ""536.764""}",profiling/igp_paper_cpu/chunks/igp_val_20260424T111000Z_fix1/val/hotpot/igp_hotpot_top100_val_chunk_014.json
igp_val_20260424T111000Z_fix1,val,hotpot,100,recall@100,50,64,6000,46.18084418583172,46.18084418583172,544.5356400000001,1.8364270885924012,21.654,0.27170941199533843,184.02012515068054,0.8266000000000001,0.83,0.9155,"{""decode_time_average(ms)"": ""178.639"", ""filter_time_average(ms)"": ""264.233"", ""incremental_graph_n_compute_l_average"": ""50347.640"", ""n_seen_item_average"": ""667497.860"", ""n_vq_score_linear_scan_average"": ""1992297.800"", ""refine_time_average(ms)"": ""101.662"", ""retrieval_time_average(ms)"": ""21.654"", ""retrieval_time_query_average(ms)"": ""544.536"", ""retrieval_time_query_p5(ms)"": ""391.162"", ""retrieval_time_query_p50(ms)"": ""563.031"", ""retrieval_time_query_p95(ms)"": ""657.273""}",profiling/igp_paper_cpu/chunks/igp_val_20260424T111000Z_fix1/val/hotpot/igp_hotpot_top100_val_chunk_014.json
igp_val_20260424T111000Z_fix1,val,hotpot,10,recall@10,50,1,10,808.4074373484235,808.4074373484235,29.57792,33.80900347286084,1.237,0.3094786340620305,161.56204175949097,0.23600000000000002,0.2,0.5549999999999997,"{""decode_time_average(ms)"": ""5.928"", ""filter_time_average(ms)"": ""23.262"", ""incremental_graph_n_compute_l_average"": ""15685.380"", ""n_seen_item_average"": ""20492.120"", ""n_vq_score_linear_scan_average"": ""36056.180"", ""refine_time_average(ms)"": ""0.388"", ""retrieval_time_average(ms)"": ""1.237"", ""retrieval_time_query_average(ms)"": ""29.578"", ""retrieval_time_query_p5(ms)"": ""8.649"", ""retrieval_time_query_p50(ms)"": ""26.069"", ""retrieval_time_query_p95(ms)"": ""55.594""}",profiling/igp_paper_cpu/chunks/igp_val_20260424T111000Z_fix1/val/hotpot/igp_hotpot_top10_val_chunk_001.json
igp_val_20260424T111000Z_fix1,val,hotpot,10,recall@10,50,1,20,916.5902841429881,916.5902841429881,23.526039999999995,42.50609112285792,1.091,0.3100372507963861,161.2709436416626,0.276,0.2,0.7,"{""decode_time_average(ms)"": ""3.337"", ""filter_time_average(ms)"": ""19.817"", ""incremental_graph_n_compute_l_average"": ""15685.380"", ""n_seen_item_average"": ""20492.120"", ""n_vq_score_linear_scan_average"": ""36056.180"", ""refine_time_average(ms)"": ""0.373"", ""retrieval_time_average(ms)"": ""1.091"", ""retrieval_time_query_average(ms)"": ""23.526"", ""retrieval_time_query_p5(ms)"": ""9.044"", ""retrieval_time_query_p50(ms)"": ""24.323"", ""retrieval_time_query_p95(ms)"": ""42.320""}",profiling/igp_paper_cpu/chunks/igp_val_20260424T111000Z_fix1/val/hotpot/igp_hotpot_top10_val_chunk_001.json
igp_val_20260424T111000Z_fix1,val,hotpot,10,recall@10,50,1,50,870.3220191470845,870.3220191470845,27.398540000000004,36.49829516463286,1.149,0.31026077159601834,161.15475940704346,0.33399999999999996,0.3,0.8,"{""decode_time_average(ms)"": ""7.434"", ""filter_time_average(ms)"": ""19.049"", ""incremental_graph_n_compute_l_average"": ""15685.380"", ""n_seen_item_average"": ""20492.120"", ""n_vq_score_linear_scan_average"": ""36056.180"", ""refine_time_average(ms)"": ""0.915"", ""retrieval_time_average(ms)"": ""1.149"", ""retrieval_time_query_average(ms)"": ""27.398"", ""retrieval_time_query_p5(ms)"": ""10.831"", ""retrieval_time_query_p50(ms)"": ""29.679"", ""retrieval_time_query_p95(ms)"": ""40.302""}",profiling/igp_paper_cpu/chunks/igp_val_20260424T111000Z_fix1/val/hotpot/igp_hotpot_top10_val_chunk_001.json
igp_val_20260424T111000Z_fix1,val,hotpot,10,recall@10,50,1,100,853.9709649871904,853.9709649871904,34.733459999999994,28.790681953367162,1.171,0.3102765867348495,161.14654517173767,0.37800000000000006,0.3,0.8,"{""decode_time_average(ms)"": ""10.879"", ""filter_time_average(ms)"": ""21.769"", ""incremental_graph_n_compute_l_average"": ""15685.380"", ""n_seen_item_average"": ""20492.120"", ""n_vq_score_linear_scan_average"": ""36056.180"", ""refine_time_average(ms)"": ""2.086"", ""retrieval_time_average(ms)"": ""1.171"", ""retrieval_time_query_average(ms)"": ""34.734"", ""retrieval_time_query_p5(ms)"": ""14.263"", ""retrieval_time_query_p50(ms)"": ""33.758"", ""retrieval_time_query_p95(ms)"": ""56.061""}",profiling/igp_paper_cpu/chunks/igp_val_20260424T111000Z_fix1/val/hotpot/igp_hotpot_top10_val_chunk_001.json
igp_val_20260424T111000Z_fix1,val,hotpot,10,recall@10,50,1,200,377.5009437523594,377.5009437523594,70.49340000000001,14.185725188457358,2.649,0.3147367714057986,158.86291193962097,0.41400000000000003,0.3,0.9,"{""decode_time_average(ms)"": ""35.852"", ""filter_time_average(ms)"": ""30.497"", ""incremental_graph_n_compute_l_average"": ""15685.380"", ""n_seen_item_average"": ""20492.120"", ""n_vq_score_linear_scan_average"": ""36056.180"", ""refine_time_average(ms)"": ""4.143"", ""retrieval_time_average(ms)"": ""2.649"", ""retrieval_time_query_average(ms)"": ""70.493"", ""retrieval_time_query_p5(ms)"": ""20.497"", ""retrieval_time_query_p50(ms)"": ""62.643"", ""retrieval_time_query_p95(ms)"": ""126.174""}",profiling/igp_paper_cpu/chunks/igp_val_20260424T111000Z_fix1/val/hotpot/igp_hotpot_top10_val_chunk_002.json
igp_val_20260424T111000Z_fix1,val,hotpot,10,recall@10,50,1,300,574.052812858783,574.052812858783,44.46005999999999,22.49209740157796,1.742,0.3134095822160626,159.53564548492432,0.43800000000000006,0.35,0.9,"{""decode_time_average(ms)"": ""13.185"", ""filter_time_average(ms)"": ""24.685"", ""incremental_graph_n_compute_l_average"": ""15685.380"", ""n_seen_item_average"": ""20492.120"", ""n_vq_score_linear_scan_average"": ""36056.180"", ""refine_time_average(ms)"": ""6.589"", ""retrieval_time_average(ms)"": ""1.742"", ""retrieval_time_query_average(ms)"": ""44.460"", ""retrieval_time_query_p5(ms)"": ""18.325"", ""retrieval_time_query_p50(ms)"": ""50.564"", ""retrieval_time_query_p95(ms)"": ""63.192""}",profiling/igp_paper_cpu/chunks/igp_val_20260424T111000Z_fix1/val/hotpot/igp_hotpot_top10_val_chunk_002.json
igp_val_20260424T111000Z_fix1,val,hotpot,10,recall@10,50,1,400,487.0920603994155,487.0920603994155,60.76096,16.457936148474285,2.053,0.3137215535834945,159.3769998550415,0.47200000000000003,0.4,0.9,"{""decode_time_average(ms)"": ""26.932"", ""filter_time_average(ms)"": ""24.889"", ""incremental_graph_n_compute_l_average"": ""15685.380"", ""n_seen_item_average"": ""20492.120"", ""n_vq_score_linear_scan_average"": ""36056.180"", ""refine_time_average(ms)"": ""8.940"", ""retrieval_time_average(ms)"": ""2.053"", ""retrieval_time_query_average(ms)"": ""60.761"", ""retrieval_time_query_p5(ms)"": ""27.965"", ""retrieval_time_query_p50(ms)"": ""62.852"", ""retrieval_time_query_p95(ms)"": ""88.744""}",profiling/igp_paper_cpu/chunks/igp_val_20260424T111000Z_fix1/val/hotpot/igp_hotpot_top10_val_chunk_002.json
igp_val_20260424T111000Z_fix1,val,hotpot,10,recall@10,50,1,600,411.52263374485597,411.52263374485597,67.20751999999999,14.879287317847767,2.43,0.31277423554688066,159.85971450805664,0.504,0.45,0.9,"{""decode_time_average(ms)"": ""29.568"", ""filter_time_average(ms)"": ""22.289"", ""incremental_graph_n_compute_l_average"": ""15685.380"", ""n_seen_item_average"": ""20492.120"", ""n_vq_score_linear_scan_average"": ""36056.180"", ""refine_time_average(ms)"": ""15.351"", ""retrieval_time_average(ms)"": ""2.430"", ""retrieval_time_query_average(ms)"": ""67.207"", ""retrieval_time_query_p5(ms)"": ""26.697"", ""retrieval_time_query_p50(ms)"": ""76.704"", ""retrieval_time_query_p95(ms)"": ""89.314""}",profiling/igp_paper_cpu/chunks/igp_val_20260424T111000Z_fix1/val/hotpot/igp_hotpot_top10_val_chunk_002.json
igp_val_20260424T111000Z_fix1,val,hotpot,10,recall@10,50,2,10,868.8097306689834,868.8097306689834,35.43052,28.22425411763643,1.151,0.31343326087999956,159.52359318733215,0.27,0.25,0.6549999999999997,"{""decode_time_average(ms)"": ""6.032"", ""filter_time_average(ms)"": ""29.066"", ""incremental_graph_n_compute_l_average"": ""16322.400"", ""n_seen_item_average"": ""38167.280"", ""n_vq_score_linear_scan_average"": ""70922.720"", ""refine_time_average(ms)"": ""0.333"", ""retrieval_time_average(ms)"": ""1.151"", ""retrieval_time_query_average(ms)"": ""35.431"", ""retrieval_time_query_p5(ms)"": ""15.876"", ""retrieval_time_query_p50(ms)"": ""33.985"", ""retrieval_time_query_p95(ms)"": ""52.369""}",profiling/igp_paper_cpu/chunks/igp_val_20260424T111000Z_fix1/val/hotpot/igp_hotpot_top10_val_chunk_003.json
igp_val_20260424T111000Z_fix1,val,hotpot,10,recall@10,50,2,20,1075.268817204301,1075.268817204301,26.308439999999997,38.01061560472609,0.93,0.3140120612828837,159.2295525074005,0.322,0.3,0.7,"{""decode_time_average(ms)"": ""1.788"", ""filter_time_average(ms)"": ""24.141"", ""incremental_graph_n_compute_l_average"": ""16322.400"", ""n_seen_item_average"": ""38167.280"", ""n_vq_score_linear_scan_average"": ""70922.720"", ""refine_time_average(ms)"": ""0.379"", ""retrieval_time_average(ms)"": ""0.930"", ""retrieval_time_query_average(ms)"": ""26.308"", ""retrieval_time_query_p5(ms)"": ""11.205"", ""retrieval_time_query_p50(ms)"": ""30.897"", ""retrieval_time_query_p95(ms)"": ""33.858""}",profiling/igp_paper_cpu/chunks/igp_val_20260424T111000Z_fix1/val/hotpot/igp_hotpot_top10_val_chunk_003.json
igp_val_20260424T111000Z_fix1,val,hotpot,10,recall@10,50,2,50,881.8342151675486,881.8342151675486,34.258160000000004,29.190125797766136,1.134,0.3142400125991372,159.11404657363892,0.4,0.4,0.8099999999999994,"{""decode_time_average(ms)"": ""7.300"", ""filter_time_average(ms)"": ""25.861"", ""incremental_graph_n_compute_l_average"": ""16322.400"", ""n_seen_item_average"": ""38167.280"", ""n_vq_score_linear_scan_average"": ""70922.720"", ""refine_time_average(ms)"": ""1.097"", ""retrieval_time_average(ms)"": ""1.134"", ""retrieval_time_query_average(ms)"": ""34.258"", ""retrieval_time_query_p5(ms)"": ""15.242"", ""retrieval_time_query_p50(ms)"": ""37.236"", ""retrieval_time_query_p95(ms)"": ""47.913""}",profiling/igp_paper_cpu/chunks/igp_val_20260424T111000Z_fix1/val/hotpot/igp_hotpot_top10_val_chunk_003.json
igp_val_20260424T111000Z_fix1,val,hotpot,10,recall@10,50,2,100,735.8351729212657,735.8351729212657,42.742799999999995,23.395753202878616,1.359,0.31341956175284574,159.53056573867798,0.44800000000000006,0.4,0.8549999999999998,"{""decode_time_average(ms)"": ""13.049"", ""filter_time_average(ms)"": ""27.517"", ""incremental_graph_n_compute_l_average"": ""16322.400"", ""n_seen_item_average"": ""38167.280"", ""n_vq_score_linear_scan_average"": ""70922.720"", ""refine_time_average(ms)"": ""2.176"", ""retrieval_time_average(ms)"": ""1.359"", ""retrieval_time_query_average(ms)"": ""42.743"", ""retrieval_time_query_p5(ms)"": ""19.041"", ""retrieval_time_query_p50(ms)"": ""42.582"", ""retrieval_time_query_p95(ms)"": ""64.594""}",profiling/igp_paper_cpu/chunks/igp_val_20260424T111000Z_fix1/val/hotpot/igp_hotpot_top10_val_chunk_003.json
igp_val_20260424T111000Z_fix1,val,hotpot,10,recall@10,50,2,200,352.23670306445933,352.23670306445933,79.17235999999998,12.630670602720446,2.839,0.2982662432641658,167.6354637145996,0.496,0.5,0.9,"{""decode_time_average(ms)"": ""42.936"", ""filter_time_average(ms)"": ""31.230"", ""incremental_graph_n_compute_l_average"": ""16322.400"", ""n_seen_item_average"": ""38167.280"", ""n_vq_score_linear_scan_average"": ""70922.720"", ""refine_time_average(ms)"": ""5.006"", ""retrieval_time_average(ms)"": ""2.839"", ""retrieval_time_query_average(ms)"": ""79.172"", ""retrieval_time_query_p5(ms)"": ""26.398"", ""retrieval_time_query_p50(ms)"": ""72.856"", ""retrieval_time_query_p95(ms)"": ""135.338""}",profiling/igp_paper_cpu/chunks/igp_val_20260424T111000Z_fix1/val/hotpot/igp_hotpot_top10_val_chunk_004.json
igp_val_20260424T111000Z_fix1,val,hotpot,10,recall@10,50,2,300,489.4762604013705,489.4762604013705,50.26634,19.89402848904456,2.043,0.2984676465186797,167.52234482765198,0.53,0.5,0.9,"{""decode_time_average(ms)"": ""12.860"", ""filter_time_average(ms)"": ""30.794"", ""incremental_graph_n_compute_l_average"": ""16322.400"", ""n_seen_item_average"": ""38167.280"", ""n_vq_score_linear_scan_average"": ""70922.720"", ""refine_time_average(ms)"": ""6.612"", ""retrieval_time_average(ms)"": ""2.043"", ""retrieval_time_query_average(ms)"": ""50.266"", ""retrieval_time_query_p5(ms)"": ""21.871"", ""retrieval_time_query_p50(ms)"": ""56.801"", ""retrieval_time_query_p95(ms)"": ""76.329""}",profiling/igp_paper_cpu/chunks/igp_val_20260424T111000Z_fix1/val/hotpot/igp_hotpot_top10_val_chunk_004.json
igp_val_20260424T111000Z_fix1,val,hotpot,10,recall@10,50,2,400,453.10376076121435,453.10376076121435,69.32302,14.425222674949822,2.207,0.298175159809591,167.68667125701904,0.5680000000000001,0.55,0.9,"{""decode_time_average(ms)"": ""29.610"", ""filter_time_average(ms)"": ""30.396"", ""incremental_graph_n_compute_l_average"": ""16322.400"", ""n_seen_item_average"": ""38167.280"", ""n_vq_score_linear_scan_average"": ""70922.720"", ""refine_time_average(ms)"": ""9.317"", ""retrieval_time_average(ms)"": ""2.207"", ""retrieval_time_query_average(ms)"": ""69.323"", ""retrieval_time_query_p5(ms)"": ""34.772"", ""retrieval_time_query_p50(ms)"": ""70.719"", ""retrieval_time_query_p95(ms)"": ""101.666""}",profiling/igp_paper_cpu/chunks/igp_val_20260424T111000Z_fix1/val/hotpot/igp_hotpot_top10_val_chunk_004.json
igp_val_20260424T111000Z_fix1,val,hotpot,10,recall@10,50,2,600,385.95137012736393,385.95137012736393,74.21362,13.474615575954925,2.591,0.29762430408804813,167.99703288078308,0.602,0.6,0.9,"{""decode_time_average(ms)"": ""31.460"", ""filter_time_average(ms)"": ""27.543"", ""incremental_graph_n_compute_l_average"": ""16322.400"", ""n_seen_item_average"": ""38167.280"", ""n_vq_score_linear_scan_average"": ""70922.720"", ""refine_time_average(ms)"": ""15.210"", ""retrieval_time_average(ms)"": ""2.591"", ""retrieval_time_query_average(ms)"": ""74.214"", ""retrieval_time_query_p5(ms)"": ""31.252"", ""retrieval_time_query_p50(ms)"": ""84.039"", ""retrieval_time_query_p95(ms)"": ""99.696""}",profiling/igp_paper_cpu/chunks/igp_val_20260424T111000Z_fix1/val/hotpot/igp_hotpot_top10_val_chunk_004.json
igp_val_20260424T111000Z_fix1,val,hotpot,10,recall@10,50,4,10,480.5382027871216,480.5382027871216,62.82334,15.917650987674326,2.081,0.31231663943178517,160.09393572807312,0.30400000000000005,0.3,0.6549999999999997,"{""decode_time_average(ms)"": ""4.963"", ""filter_time_average(ms)"": ""57.547"", ""incremental_graph_n_compute_l_average"": ""17673.680"", ""n_seen_item_average"": ""68797.680"", ""n_vq_score_linear_scan_average"": ""138236.900"", ""refine_time_average(ms)"": ""0.313"", ""retrieval_time_average(ms)"": ""2.081"", ""retrieval_time_query_average(ms)"": ""62.823"", ""retrieval_time_query_p5(ms)"": ""18.924"", ""retrieval_time_query_p50(ms)"": ""72.705"", ""retrieval_time_query_p95(ms)"": ""97.612""}",profiling/igp_paper_cpu/chunks/igp_val_20260424T111000Z_fix1/val/hotpot/igp_hotpot_top10_val_chunk_005.json
igp_val_20260424T111000Z_fix1,val,hotpot,10,recall@10,50,4,20,676.5899864682003,676.5899864682003,33.8007,29.585186105613197,1.478,0.3144745597199163,158.99537324905396,0.37800000000000006,0.3,0.7,"{""decode_time_average(ms)"": ""1.346"", ""filter_time_average(ms)"": ""32.089"", ""incremental_graph_n_compute_l_average"": ""17673.680"", ""n_seen_item_average"": ""68797.680"", ""n_vq_score_linear_scan_average"": ""138236.900"", ""refine_time_average(ms)"": ""0.365"", ""retrieval_time_average(ms)"": ""1.478"", ""retrieval_time_query_average(ms)"": ""33.801"", ""retrieval_time_query_p5(ms)"": ""16.375"", ""retrieval_time_query_p50(ms)"": ""37.383"", ""retrieval_time_query_p95(ms)"": ""50.765""}",profiling/igp_paper_cpu/chunks/igp_val_20260424T111000Z_fix1/val/hotpot/igp_hotpot_top10_val_chunk_005.json
igp_val_20260424T111000Z_fix1,val,hotpot,10,recall@10,50,4,50,664.8936170212766,664.8936170212766,40.616080000000004,24.620790583433948,1.504,0.31384552591970905,159.31404423713684,0.468,0.45,0.8,"{""decode_time_average(ms)"": ""6.047"", ""filter_time_average(ms)"": ""33.559"", ""incremental_graph_n_compute_l_average"": ""17673.680"", ""n_seen_item_average"": ""68797.680"", ""n_vq_score_linear_scan_average"": ""138236.900"", ""refine_time_average(ms)"": ""1.009"", ""retrieval_time_average(ms)"": ""1.504"", ""retrieval_time_query_average(ms)"": ""40.616"", ""retrieval_time_query_p5(ms)"": ""18.781"", ""retrieval_time_query_p50(ms)"": ""44.452"", ""retrieval_time_query_p95(ms)"": ""59.000""}",profiling/igp_paper_cpu/chunks/igp_val_20260424T111000Z_fix1/val/hotpot/igp_hotpot_top10_val_chunk_005.json
igp_val_20260424T111000Z_fix1,val,hotpot,10,recall@10,50,4,100,552.1811154058531,552.1811154058531,48.00827999999999,20.829740203148294,1.811,0.3138972499572202,159.28779244422913,0.5379999999999999,0.6,0.9,"{""decode_time_average(ms)"": ""11.747"", ""filter_time_average(ms)"": ""34.314"", ""incremental_graph_n_compute_l_average"": ""17673.680"", ""n_seen_item_average"": ""68797.680"", ""n_vq_score_linear_scan_average"": ""138236.900"", ""refine_time_average(ms)"": ""1.947"", ""retrieval_time_average(ms)"": ""1.811"", ""retrieval_time_query_average(ms)"": ""48.008"", ""retrieval_time_query_p5(ms)"": ""25.041"", ""retrieval_time_query_p50(ms)"": ""49.049"", ""retrieval_time_query_p95(ms)"": ""67.167""}",profiling/igp_paper_cpu/chunks/igp_val_20260424T111000Z_fix1/val/hotpot/igp_hotpot_top10_val_chunk_005.json
igp_val_20260424T111000Z_fix1,val,hotpot,10,recall@10,50,4,200,444.24700133274104,444.24700133274104,70.5034,14.183713125891801,2.251,0.30913655667585255,161.74081945419312,0.59,0.6,0.9,"{""decode_time_average(ms)"": ""20.080"", ""filter_time_average(ms)"": ""46.107"", ""incremental_graph_n_compute_l_average"": ""17673.680"", ""n_seen_item_average"": ""68797.680"", ""n_vq_score_linear_scan_average"": ""138236.900"", ""refine_time_average(ms)"": ""4.316"", ""retrieval_time_average(ms)"": ""2.251"", ""retrieval_time_query_average(ms)"": ""70.503"", ""retrieval_time_query_p5(ms)"": ""30.110"", ""retrieval_time_query_p50(ms)"": ""63.535"", ""retrieval_time_query_p95(ms)"": ""111.667""}",profiling/igp_paper_cpu/chunks/igp_val_20260424T111000Z_fix1/val/hotpot/igp_hotpot_top10_val_chunk_006.json
igp_val_20260424T111000Z_fix1,val,hotpot,10,recall@10,50,4,300,441.306266548985,441.306266548985,53.793060000000004,18.589758604548614,2.266,0.310792909440999,160.87883114814758,0.62,0.7,0.9549999999999997,"{""decode_time_average(ms)"": ""11.738"", ""filter_time_average(ms)"": ""35.765"", ""incremental_graph_n_compute_l_average"": ""17673.680"", ""n_seen_item_average"": ""68797.680"", ""n_vq_score_linear_scan_average"": ""138236.900"", ""refine_time_average(ms)"": ""6.290"", ""retrieval_time_average(ms)"": ""2.266"", ""retrieval_time_query_average(ms)"": ""53.793"", ""retrieval_time_query_p5(ms)"": ""28.685"", ""retrieval_time_query_p50(ms)"": ""59.242"", ""retrieval_time_query_p95(ms)"": ""76.634""}",profiling/igp_paper_cpu/chunks/igp_val_20260424T111000Z_fix1/val/hotpot/igp_hotpot_top10_val_chunk_006.json
igp_val_20260424T111000Z_fix1,val,hotpot,10,recall@10,50,4,400,461.68051708217916,461.68051708217916,60.152439999999984,16.62442953270059,2.166,0.3103625283941522,161.10192251205444,0.638,0.7,0.9549999999999997,"{""decode_time_average(ms)"": ""16.549"", ""filter_time_average(ms)"": ""32.858"", ""incremental_graph_n_compute_l_average"": ""17673.680"", ""n_seen_item_average"": ""68797.680"", ""n_vq_score_linear_scan_average"": ""138236.900"", ""refine_time_average(ms)"": ""10.745"", ""retrieval_time_average(ms)"": ""2.166"", ""retrieval_time_query_average(ms)"": ""60.153"", ""retrieval_time_query_p5(ms)"": ""30.117"", ""retrieval_time_query_p50(ms)"": ""67.205"", ""retrieval_time_query_p95(ms)"": ""77.113""}",profiling/igp_paper_cpu/chunks/igp_val_20260424T111000Z_fix1/val/hotpot/igp_hotpot_top10_val_chunk_006.json
igp_val_20260424T111000Z_fix1,val,hotpot,10,recall@10,50,4,600,398.72408293460927,398.72408293460927,69.3779,14.413811891106535,2.508,0.3101573425374498,161.20850014686584,0.6839999999999999,0.7,0.9549999999999997,"{""decode_time_average(ms)"": ""20.746"", ""filter_time_average(ms)"": ""33.317"", ""incremental_graph_n_compute_l_average"": ""17673.680"", ""n_seen_item_average"": ""68797.680"", ""n_vq_score_linear_scan_average"": ""138236.900"", ""refine_time_average(ms)"": ""15.315"", ""retrieval_time_average(ms)"": ""2.508"", ""retrieval_time_query_average(ms)"": ""69.378"", ""retrieval_time_query_p5(ms)"": ""36.800"", ""retrieval_time_query_p50(ms)"": ""78.062"", ""retrieval_time_query_p95(ms)"": ""88.775""}",profiling/igp_paper_cpu/chunks/igp_val_20260424T111000Z_fix1/val/hotpot/igp_hotpot_top10_val_chunk_006.json
igp_val_20260424T111000Z_fix1,val,hotpot,10,recall@10,50,8,10,494.80455220188026,494.80455220188026,59.13286,16.911071103274896,2.021,0.3129612630911427,159.76418137550354,0.32800000000000007,0.3,0.6549999999999997,"{""decode_time_average(ms)"": ""5.004"", ""filter_time_average(ms)"": ""53.852"", ""incremental_graph_n_compute_l_average"": ""20080.420"", ""n_seen_item_average"": ""123263.500"", ""n_vq_score_linear_scan_average"": ""269926.000"", ""refine_time_average(ms)"": ""0.276"", ""retrieval_time_average(ms)"": ""2.021"", ""retrieval_time_query_average(ms)"": ""59.133"", ""retrieval_time_query_p5(ms)"": ""30.948"", ""retrieval_time_query_p50(ms)"": ""62.352"", ""retrieval_time_query_p95(ms)"": ""84.948""}",profiling/igp_paper_cpu/chunks/igp_val_20260424T111000Z_fix1/val/hotpot/igp_hotpot_top10_val_chunk_007.json
igp_val_20260424T111000Z_fix1,val,hotpot,10,recall@10,50,8,20,559.2841163310962,559.2841163310962,47.14138,21.212785879412102,1.788,0.31180675185873497,160.3557322025299,0.392,0.4,0.7,"{""decode_time_average(ms)"": ""1.116"", ""filter_time_average(ms)"": ""45.667"", ""incremental_graph_n_compute_l_average"": ""20080.420"", ""n_seen_item_average"": ""123263.500"", ""n_vq_score_linear_scan_average"": ""269926.000"", ""refine_time_average(ms)"": ""0.359"", ""retrieval_time_average(ms)"": ""1.788"", ""retrieval_time_query_average(ms)"": ""47.141"", ""retrieval_time_query_p5(ms)"": ""27.217"", ""retrieval_time_query_p50(ms)"": ""48.872"", ""retrieval_time_query_p95(ms)"": ""67.191""}",profiling/igp_paper_cpu/chunks/igp_val_20260424T111000Z_fix1/val/hotpot/igp_hotpot_top10_val_chunk_007.json
igp_val_20260424T111000Z_fix1,val,hotpot,10,recall@10,50,8,50,441.5011037527594,441.5011037527594,54.53538,18.33672012554052,2.265,0.3123648183573242,160.06924295425415,0.504,0.5,0.8549999999999998,"{""decode_time_average(ms)"": ""4.888"", ""filter_time_average(ms)"": ""48.695"", ""incremental_graph_n_compute_l_average"": ""20080.420"", ""n_seen_item_average"": ""123263.500"", ""n_vq_score_linear_scan_average"": ""269926.000"", ""refine_time_average(ms)"": ""0.952"", ""retrieval_time_average(ms)"": ""2.265"", ""retrieval_time_query_average(ms)"": ""54.535"", ""retrieval_time_query_p5(ms)"": ""30.929"", ""retrieval_time_query_p50(ms)"": ""56.663"", ""retrieval_time_query_p95(ms)"": ""78.408""}",profiling/igp_paper_cpu/chunks/igp_val_20260424T111000Z_fix1/val/hotpot/igp_hotpot_top10_val_chunk_007.json
igp_val_20260424T111000Z_fix1,val,hotpot,10,recall@10,50,8,100,463.3920296570899,463.3920296570899,63.461539999999985,15.757575375573934,2.158,0.312061635029928,160.22475814819336,0.588,0.6,0.9,"{""decode_time_average(ms)"": ""9.967"", ""filter_time_average(ms)"": ""51.530"", ""incremental_graph_n_compute_l_average"": ""20080.420"", ""n_seen_item_average"": ""123263.500"", ""n_vq_score_linear_scan_average"": ""269926.000"", ""refine_time_average(ms)"": ""1.964"", ""retrieval_time_average(ms)"": ""2.158"", ""retrieval_time_query_average(ms)"": ""63.462"", ""retrieval_time_query_p5(ms)"": ""35.133"", ""retrieval_time_query_p50(ms)"": ""64.519"", ""retrieval_time_query_p95(ms)"": ""88.687""}",profiling/igp_paper_cpu/chunks/igp_val_20260424T111000Z_fix1/val/hotpot/igp_hotpot_top10_val_chunk_007.json
igp_val_20260424T111000Z_fix1,val,hotpot,10,recall@10,50,8,200,248.13895781637714,248.13895781637714,114.23126,8.754171143695691,4.03,0.3125310426677929,159.98410773277283,0.6359999999999999,0.7,0.9,"{""decode_time_average(ms)"": ""28.935"", ""filter_time_average(ms)"": ""81.207"", ""incremental_graph_n_compute_l_average"": ""20080.420"", ""n_seen_item_average"": ""123263.500"", ""n_vq_score_linear_scan_average"": ""269926.000"", ""refine_time_average(ms)"": ""4.089"", ""retrieval_time_average(ms)"": ""4.030"", ""retrieval_time_query_average(ms)"": ""114.231"", ""retrieval_time_query_p5(ms)"": ""45.449"", ""retrieval_time_query_p50(ms)"": ""103.221"", ""retrieval_time_query_p95(ms)"": ""198.197""}",profiling/igp_paper_cpu/chunks/igp_val_20260424T111000Z_fix1/val/hotpot/igp_hotpot_top10_val_chunk_008.json
igp_val_20260424T111000Z_fix1,val,hotpot,10,recall@10,50,8,300,384.31975403535745,384.31975403535745,63.951040000000006,15.636962276141247,2.602,0.3136114782681547,159.4329400062561,0.6799999999999998,0.7,0.9,"{""decode_time_average(ms)"": ""10.597"", ""filter_time_average(ms)"": ""46.804"", ""incremental_graph_n_compute_l_average"": ""20080.420"", ""n_seen_item_average"": ""123263.500"", ""n_vq_score_linear_scan_average"": ""269926.000"", ""refine_time_average(ms)"": ""6.550"", ""retrieval_time_average(ms)"": ""2.602"", ""retrieval_time_query_average(ms)"": ""63.951"", ""retrieval_time_query_p5(ms)"": ""38.623"", ""retrieval_time_query_p50(ms)"": ""66.806"", ""retrieval_time_query_p95(ms)"": ""81.521""}",profiling/igp_paper_cpu/chunks/igp_val_20260424T111000Z_fix1/val/hotpot/igp_hotpot_top10_val_chunk_008.json
igp_val_20260424T111000Z_fix1,val,hotpot,10,recall@10,50,8,400,329.27230819888047,329.27230819888047,87.21034000000002,11.466530230245631,3.037,0.3126464128694912,159.9250717163086,0.7120000000000001,0.8,0.9549999999999997,"{""decode_time_average(ms)"": ""26.540"", ""filter_time_average(ms)"": ""51.211"", ""incremental_graph_n_compute_l_average"": ""20080.420"", ""n_seen_item_average"": ""123263.500"", ""n_vq_score_linear_scan_average"": ""269926.000"", ""refine_time_average(ms)"": ""9.459"", ""retrieval_time_average(ms)"": ""3.037"", ""retrieval_time_query_average(ms)"": ""87.210"", ""retrieval_time_query_p5(ms)"": ""47.762"", ""retrieval_time_query_p50(ms)"": ""91.201"", ""retrieval_time_query_p95(ms)"": ""115.344""}",profiling/igp_paper_cpu/chunks/igp_val_20260424T111000Z_fix1/val/hotpot/igp_hotpot_top10_val_chunk_008.json
igp_val_20260424T111000Z_fix1,val,hotpot,10,recall@10,50,8,600,288.85037550548816,288.85037550548816,93.51107999999998,10.693919907672976,3.462,0.3122784423493187,160.11351799964905,0.732,0.8,1.0,"{""decode_time_average(ms)"": ""29.363"", ""filter_time_average(ms)"": ""49.570"", ""incremental_graph_n_compute_l_average"": ""20080.420"", ""n_seen_item_average"": ""123263.500"", ""n_vq_score_linear_scan_average"": ""269926.000"", ""refine_time_average(ms)"": ""14.578"", ""retrieval_time_average(ms)"": ""3.462"", ""retrieval_time_query_average(ms)"": ""93.511"", ""retrieval_time_query_p5(ms)"": ""49.743"", ""retrieval_time_query_p50(ms)"": ""100.141"", ""retrieval_time_query_p95(ms)"": ""120.391""}",profiling/igp_paper_cpu/chunks/igp_val_20260424T111000Z_fix1/val/hotpot/igp_hotpot_top10_val_chunk_008.json
igp_val_20260424T111000Z_fix1,val,hotpot,10,recall@10,50,16,10,301.9323671497585,301.9323671497585,90.1538,11.092155849226543,3.312,0.3146967178118761,158.88313150405884,0.344,0.35,0.7,"{""decode_time_average(ms)"": ""4.722"", ""filter_time_average(ms)"": ""85.161"", ""incremental_graph_n_compute_l_average"": ""24702.820"", ""n_seen_item_average"": ""217983.840"", ""n_vq_score_linear_scan_average"": ""524843.500"", ""refine_time_average(ms)"": ""0.271"", ""retrieval_time_average(ms)"": ""3.312"", ""retrieval_time_query_average(ms)"": ""90.154"", ""retrieval_time_query_p5(ms)"": ""54.342"", ""retrieval_time_query_p50(ms)"": ""95.773"", ""retrieval_time_query_p95(ms)"": ""126.998""}",profiling/igp_paper_cpu/chunks/igp_val_20260424T111000Z_fix1/val/hotpot/igp_hotpot_top10_val_chunk_009.json
igp_val_20260424T111000Z_fix1,val,hotpot,10,recall@10,50,16,20,321.13037893384717,321.13037893384717,75.6321,13.221899167152573,3.114,0.3143496527691636,159.05855011940002,0.428,0.4,0.7549999999999997,"{""decode_time_average(ms)"": ""1.122"", ""filter_time_average(ms)"": ""74.142"", ""incremental_graph_n_compute_l_average"": ""24702.820"", ""n_seen_item_average"": ""217983.840"", ""n_vq_score_linear_scan_average"": ""524843.500"", ""refine_time_average(ms)"": ""0.368"", ""retrieval_time_average(ms)"": ""3.114"", ""retrieval_time_query_average(ms)"": ""75.632"", ""retrieval_time_query_p5(ms)"": ""50.669"", ""retrieval_time_query_p50(ms)"": ""77.549"", ""retrieval_time_query_p95(ms)"": ""99.782""}",profiling/igp_paper_cpu/chunks/igp_val_20260424T111000Z_fix1/val/hotpot/igp_hotpot_top10_val_chunk_009.json
igp_val_20260424T111000Z_fix1,val,hotpot,10,recall@10,50,16,50,277.2387025228722,277.2387025228722,84.58121999999999,11.82295549768613,3.607,0.3144200662081685,159.02292943000793,0.5379999999999999,0.55,0.8,"{""decode_time_average(ms)"": ""4.947"", ""filter_time_average(ms)"": ""78.673"", ""incremental_graph_n_compute_l_average"": ""24702.820"", ""n_seen_item_average"": ""217983.840"", ""n_vq_score_linear_scan_average"": ""524843.500"", ""refine_time_average(ms)"": ""0.960"", ""retrieval_time_average(ms)"": ""3.607"", ""retrieval_time_query_average(ms)"": ""84.581"", ""retrieval_time_query_p5(ms)"": ""56.036"", ""retrieval_time_query_p50(ms)"": ""88.477"", ""retrieval_time_query_p95(ms)"": ""115.467""}",profiling/igp_paper_cpu/chunks/igp_val_20260424T111000Z_fix1/val/hotpot/igp_hotpot_top10_val_chunk_009.json
igp_val_20260424T111000Z_fix1,val,hotpot,10,recall@10,50,16,100,294.6375957572186,294.6375957572186,92.5567,10.80418813548884,3.394,0.31446574171056335,158.99983167648315,0.6120000000000001,0.6,0.9,"{""decode_time_average(ms)"": ""11.250"", ""filter_time_average(ms)"": ""79.270"", ""incremental_graph_n_compute_l_average"": ""24702.820"", ""n_seen_item_average"": ""217983.840"", ""n_vq_score_linear_scan_average"": ""524843.500"", ""refine_time_average(ms)"": ""2.037"", ""retrieval_time_average(ms)"": ""3.394"", ""retrieval_time_query_average(ms)"": ""92.557"", ""retrieval_time_query_p5(ms)"": ""58.028"", ""retrieval_time_query_p50(ms)"": ""97.211"", ""retrieval_time_query_p95(ms)"": ""121.437""}",profiling/igp_paper_cpu/chunks/igp_val_20260424T111000Z_fix1/val/hotpot/igp_hotpot_top10_val_chunk_009.json
igp_val_20260424T111000Z_fix1,val,hotpot,10,recall@10,50,16,200,247.46349913387772,247.46349913387772,127.73719999999999,7.82857303902074,4.041,0.308297263832529,162.18113446235657,0.6920000000000001,0.7,0.9549999999999997,"{""decode_time_average(ms)"": ""35.782"", ""filter_time_average(ms)"": ""87.623"", ""incremental_graph_n_compute_l_average"": ""24702.820"", ""n_seen_item_average"": ""217983.840"", ""n_vq_score_linear_scan_average"": ""524843.500"", ""refine_time_average(ms)"": ""4.332"", ""retrieval_time_average(ms)"": ""4.041"", ""retrieval_time_query_average(ms)"": ""127.737"", ""retrieval_time_query_p5(ms)"": ""76.133"", ""retrieval_time_query_p50(ms)"": ""104.446"", ""retrieval_time_query_p95(ms)"": ""195.497""}",profiling/igp_paper_cpu/chunks/igp_val_20260424T111000Z_fix1/val/hotpot/igp_hotpot_top10_val_chunk_010.json
igp_val_20260424T111000Z_fix1,val,hotpot,10,recall@10,50,16,300,281.214848143982,281.214848143982,88.90588,11.247849973477571,3.556,0.30900504542880386,161.80965566635132,0.716,0.75,1.0,"{""decode_time_average(ms)"": ""8.413"", ""filter_time_average(ms)"": ""74.956"", ""incremental_graph_n_compute_l_average"": ""24702.820"", ""n_seen_item_average"": ""217983.840"", ""n_vq_score_linear_scan_average"": ""524843.500"", ""refine_time_average(ms)"": ""5.537"", ""retrieval_time_average(ms)"": ""3.556"", ""retrieval_time_query_average(ms)"": ""88.906"", ""retrieval_time_query_p5(ms)"": ""62.407"", ""retrieval_time_query_p50(ms)"": ""93.484"", ""retrieval_time_query_p95(ms)"": ""111.106""}",profiling/igp_paper_cpu/chunks/igp_val_20260424T111000Z_fix1/val/hotpot/igp_hotpot_top10_val_chunk_010.json
igp_val_20260424T111000Z_fix1,val,hotpot,10,recall@10,50,16,400,247.5247524752475,247.5247524752475,109.19470000000001,9.157953636943917,4.04,0.30813916242767264,162.26434707641602,0.7319999999999998,0.8,1.0,"{""decode_time_average(ms)"": ""22.134"", ""filter_time_average(ms)"": ""78.734"", ""incremental_graph_n_compute_l_average"": ""24702.820"", ""n_seen_item_average"": ""217983.840"", ""n_vq_score_linear_scan_average"": ""524843.500"", ""refine_time_average(ms)"": ""8.327"", ""retrieval_time_average(ms)"": ""4.040"", ""retrieval_time_query_average(ms)"": ""109.195"", ""retrieval_time_query_p5(ms)"": ""66.978"", ""retrieval_time_query_p50(ms)"": ""121.147"", ""retrieval_time_query_p95(ms)"": ""139.235""}",profiling/igp_paper_cpu/chunks/igp_val_20260424T111000Z_fix1/val/hotpot/igp_hotpot_top10_val_chunk_010.json
igp_val_20260424T111000Z_fix1,val,hotpot,10,recall@10,50,16,600,237.30422401518746,237.30422401518746,112.78262000000001,8.866614377286146,4.214,0.3084750849266188,162.08764481544495,0.7559999999999999,0.8,1.0,"{""decode_time_average(ms)"": ""24.263"", ""filter_time_average(ms)"": ""76.946"", ""incremental_graph_n_compute_l_average"": ""24702.820"", ""n_seen_item_average"": ""217983.840"", ""n_vq_score_linear_scan_average"": ""524843.500"", ""refine_time_average(ms)"": ""11.573"", ""retrieval_time_average(ms)"": ""4.214"", ""retrieval_time_query_average(ms)"": ""112.783"", ""retrieval_time_query_p5(ms)"": ""73.680"", ""retrieval_time_query_p50(ms)"": ""119.092"", ""retrieval_time_query_p95(ms)"": ""140.049""}",profiling/igp_paper_cpu/chunks/igp_val_20260424T111000Z_fix1/val/hotpot/igp_hotpot_top10_val_chunk_010.json
igp_val_20260424T111000Z_fix1,val,hotpot,10,recall@10,50,32,10,175.13134851138355,175.13134851138355,148.10366000000002,6.75202760012818,5.71,0.3135754858670072,159.45123982429504,0.34800000000000003,0.3,0.6,"{""decode_time_average(ms)"": ""4.504"", ""filter_time_average(ms)"": ""143.352"", ""incremental_graph_n_compute_l_average"": ""33490.460"", ""n_seen_item_average"": ""383880.560"", ""n_vq_score_linear_scan_average"": ""1019530.000"", ""refine_time_average(ms)"": ""0.247"", ""retrieval_time_average(ms)"": ""5.710"", ""retrieval_time_query_average(ms)"": ""148.104"", ""retrieval_time_query_p5(ms)"": ""99.068"", ""retrieval_time_query_p50(ms)"": ""155.326"", ""retrieval_time_query_p95(ms)"": ""195.335""}",profiling/igp_paper_cpu/chunks/igp_val_20260424T111000Z_fix1/val/hotpot/igp_hotpot_top10_val_chunk_011.json
igp_val_20260424T111000Z_fix1,val,hotpot,10,recall@10,50,32,20,186.08113137327877,186.08113137327877,130.17638,7.681885146906067,5.374,0.31399724806824686,159.23706436157227,0.45,0.4,0.7549999999999997,"{""decode_time_average(ms)"": ""1.113"", ""filter_time_average(ms)"": ""128.671"", ""incremental_graph_n_compute_l_average"": ""33490.460"", ""n_seen_item_average"": ""383880.560"", ""n_vq_score_linear_scan_average"": ""1019530.000"", ""refine_time_average(ms)"": ""0.392"", ""retrieval_time_average(ms)"": ""5.374"", ""retrieval_time_query_average(ms)"": ""130.176"", ""retrieval_time_query_p5(ms)"": ""94.120"", ""retrieval_time_query_p50(ms)"": ""132.590"", ""retrieval_time_query_p95(ms)"": ""164.126""}",profiling/igp_paper_cpu/chunks/igp_val_20260424T111000Z_fix1/val/hotpot/igp_hotpot_top10_val_chunk_011.json
igp_val_20260424T111000Z_fix1,val,hotpot,10,recall@10,50,32,50,167.9261125104954,167.9261125104954,138.36812,7.227098265120607,5.955,0.31392389560652717,159.27427220344543,0.5660000000000001,0.6,0.9,"{""decode_time_average(ms)"": ""4.666"", ""filter_time_average(ms)"": ""132.712"", ""incremental_graph_n_compute_l_average"": ""33490.460"", ""n_seen_item_average"": ""383880.560"", ""n_vq_score_linear_scan_average"": ""1019530.000"", ""refine_time_average(ms)"": ""0.990"", ""retrieval_time_average(ms)"": ""5.955"", ""retrieval_time_query_average(ms)"": ""138.368"", ""retrieval_time_query_p5(ms)"": ""95.853"", ""retrieval_time_query_p50(ms)"": ""144.450"", ""retrieval_time_query_p95(ms)"": ""177.919""}",profiling/igp_paper_cpu/chunks/igp_val_20260424T111000Z_fix1/val/hotpot/igp_hotpot_top10_val_chunk_011.json
igp_val_20260424T111000Z_fix1,val,hotpot,10,recall@10,50,32,100,171.9986240110079,171.9986240110079,147.73822,6.768729175158601,5.814,0.31360888154938116,159.4342601299286,0.6360000000000001,0.7,0.9,"{""decode_time_average(ms)"": ""10.687"", ""filter_time_average(ms)"": ""135.012"", ""incremental_graph_n_compute_l_average"": ""33490.460"", ""n_seen_item_average"": ""383880.560"", ""n_vq_score_linear_scan_average"": ""1019530.000"", ""refine_time_average(ms)"": ""2.039"", ""retrieval_time_average(ms)"": ""5.814"", ""retrieval_time_query_average(ms)"": ""147.738"", ""retrieval_time_query_p5(ms)"": ""97.453"", ""retrieval_time_query_p50(ms)"": ""152.449"", ""retrieval_time_query_p95(ms)"": ""191.657""}",profiling/igp_paper_cpu/chunks/igp_val_20260424T111000Z_fix1/val/hotpot/igp_hotpot_top10_val_chunk_011.json
igp_val_20260424T111000Z_fix1,val,hotpot,10,recall@10,50,32,200,129.29919834497025,129.29919834497025,232.06468,4.30914346810553,7.734,0.29628121828222975,168.75858783721924,0.708,0.75,1.0,"{""decode_time_average(ms)"": ""35.230"", ""filter_time_average(ms)"": ""192.617"", ""incremental_graph_n_compute_l_average"": ""33490.460"", ""n_seen_item_average"": ""383880.560"", ""n_vq_score_linear_scan_average"": ""1019530.000"", ""refine_time_average(ms)"": ""4.218"", ""retrieval_time_average(ms)"": ""7.734"", ""retrieval_time_query_average(ms)"": ""232.065"", ""retrieval_time_query_p5(ms)"": ""133.396"", ""retrieval_time_query_p50(ms)"": ""226.677"", ""retrieval_time_query_p95(ms)"": ""337.262""}",profiling/igp_paper_cpu/chunks/igp_val_20260424T111000Z_fix1/val/hotpot/igp_hotpot_top10_val_chunk_012.json
igp_val_20260424T111000Z_fix1,val,hotpot,10,recall@10,50,32,300,149.2537313432836,149.2537313432836,151.76654,6.589067656151349,6.7,0.29740354452414697,168.12173533439636,0.738,0.8,1.0,"{""decode_time_average(ms)"": ""8.885"", ""filter_time_average(ms)"": ""137.159"", ""incremental_graph_n_compute_l_average"": ""33490.460"", ""n_seen_item_average"": ""383880.560"", ""n_vq_score_linear_scan_average"": ""1019530.000"", ""refine_time_average(ms)"": ""5.723"", ""retrieval_time_average(ms)"": ""6.700"", ""retrieval_time_query_average(ms)"": ""151.767"", ""retrieval_time_query_p5(ms)"": ""106.699"", ""retrieval_time_query_p50(ms)"": ""154.915"", ""retrieval_time_query_p95(ms)"": ""203.068""}",profiling/igp_paper_cpu/chunks/igp_val_20260424T111000Z_fix1/val/hotpot/igp_hotpot_top10_val_chunk_012.json
igp_val_20260424T111000Z_fix1,val,hotpot,10,recall@10,50,32,400,142.6126640045636,142.6126640045636,183.45426,5.45095000792023,7.012,0.2976628748054463,167.9752640724182,0.7499999999999999,0.8,1.0,"{""decode_time_average(ms)"": ""28.636"", ""filter_time_average(ms)"": ""145.363"", ""incremental_graph_n_compute_l_average"": ""33490.460"", ""n_seen_item_average"": ""383880.560"", ""n_vq_score_linear_scan_average"": ""1019530.000"", ""refine_time_average(ms)"": ""9.455"", ""retrieval_time_average(ms)"": ""7.012"", ""retrieval_time_query_average(ms)"": ""183.454"", ""retrieval_time_query_p5(ms)"": ""111.297"", ""retrieval_time_query_p50(ms)"": ""196.493"", ""retrieval_time_query_p95(ms)"": ""230.316""}",profiling/igp_paper_cpu/chunks/igp_val_20260424T111000Z_fix1/val/hotpot/igp_hotpot_top10_val_chunk_012.json
igp_val_20260424T111000Z_fix1,val,hotpot,10,recall@10,50,32,600,134.4628210299852,134.4628210299852,187.8739,5.322719121708763,7.437,0.2970857834080465,168.30155730247498,0.78,0.8,1.0,"{""decode_time_average(ms)"": ""29.659"", ""filter_time_average(ms)"": ""143.412"", ""incremental_graph_n_compute_l_average"": ""33490.460"", ""n_seen_item_average"": ""383880.560"", ""n_vq_score_linear_scan_average"": ""1019530.000"", ""refine_time_average(ms)"": ""14.802"", ""retrieval_time_average(ms)"": ""7.437"", ""retrieval_time_query_average(ms)"": ""187.874"", ""retrieval_time_query_p5(ms)"": ""117.344"", ""retrieval_time_query_p50(ms)"": ""202.046"", ""retrieval_time_query_p95(ms)"": ""233.940""}",profiling/igp_paper_cpu/chunks/igp_val_20260424T111000Z_fix1/val/hotpot/igp_hotpot_top10_val_chunk_012.json
igp_val_20260424T111000Z_fix1,val,hotpot,10,recall@10,50,64,10,89.35751943526047,89.35751943526047,294.55002,3.3950091057539225,11.191,0.31450907307083265,158.97792553901672,0.34,0.3,0.7,"{""decode_time_average(ms)"": ""4.912"", ""filter_time_average(ms)"": ""289.250"", ""incremental_graph_n_compute_l_average"": ""50347.640"", ""n_seen_item_average"": ""667497.860"", ""n_vq_score_linear_scan_average"": ""1992297.800"", ""refine_time_average(ms)"": ""0.388"", ""retrieval_time_average(ms)"": ""11.191"", ""retrieval_time_query_average(ms)"": ""294.550"", ""retrieval_time_query_p5(ms)"": ""185.287"", ""retrieval_time_query_p50(ms)"": ""301.801"", ""retrieval_time_query_p95(ms)"": ""389.020""}",profiling/igp_paper_cpu/chunks/igp_val_20260424T111000Z_fix1/val/hotpot/igp_hotpot_top10_val_chunk_013.json
igp_val_20260424T111000Z_fix1,val,hotpot,10,recall@10,50,64,20,100.64412238325282,100.64412238325282,238.78393999999997,4.187886337749516,9.936,0.3148067601342405,158.82759308815002,0.43999999999999995,0.4,0.7549999999999997,"{""decode_time_average(ms)"": ""1.128"", ""filter_time_average(ms)"": ""237.262"", ""incremental_graph_n_compute_l_average"": ""50347.640"", ""n_seen_item_average"": ""667497.860"", ""n_vq_score_linear_scan_average"": ""1992297.800"", ""refine_time_average(ms)"": ""0.394"", ""retrieval_time_average(ms)"": ""9.936"", ""retrieval_time_query_average(ms)"": ""238.784"", ""retrieval_time_query_p5(ms)"": ""172.325"", ""retrieval_time_query_p50(ms)"": ""237.521"", ""retrieval_time_query_p95(ms)"": ""303.561""}",profiling/igp_paper_cpu/chunks/igp_val_20260424T111000Z_fix1/val/hotpot/igp_hotpot_top10_val_chunk_013.json
igp_val_20260424T111000Z_fix1,val,hotpot,10,recall@10,50,64,50,97.59906304899472,97.59906304899472,251.44874,3.976953712315282,10.246,0.3141995952917105,159.13451433181763,0.584,0.6,0.9549999999999997,"{""decode_time_average(ms)"": ""5.011"", ""filter_time_average(ms)"": ""245.452"", ""incremental_graph_n_compute_l_average"": ""50347.640"", ""n_seen_item_average"": ""667497.860"", ""n_vq_score_linear_scan_average"": ""1992297.800"", ""refine_time_average(ms)"": ""0.985"", ""retrieval_time_average(ms)"": ""10.246"", ""retrieval_time_query_average(ms)"": ""251.449"", ""retrieval_time_query_p5(ms)"": ""186.554"", ""retrieval_time_query_p50(ms)"": ""241.937"", ""retrieval_time_query_p95(ms)"": ""328.429""}",profiling/igp_paper_cpu/chunks/igp_val_20260424T111000Z_fix1/val/hotpot/igp_hotpot_top10_val_chunk_013.json
igp_val_20260424T111000Z_fix1,val,hotpot,10,recall@10,50,64,100,93.01460329271696,93.01460329271696,255.44096,3.9147989421900076,10.751,0.3142862429180084,159.09064149856567,0.6639999999999999,0.7,0.9549999999999997,"{""decode_time_average(ms)"": ""10.008"", ""filter_time_average(ms)"": ""243.435"", ""incremental_graph_n_compute_l_average"": ""50347.640"", ""n_seen_item_average"": ""667497.860"", ""n_vq_score_linear_scan_average"": ""1992297.800"", ""refine_time_average(ms)"": ""1.998"", ""retrieval_time_average(ms)"": ""10.751"", ""retrieval_time_query_average(ms)"": ""255.441"", ""retrieval_time_query_p5(ms)"": ""174.687"", ""retrieval_time_query_p50(ms)"": ""254.922"", ""retrieval_time_query_p95(ms)"": ""323.589""}",profiling/igp_paper_cpu/chunks/igp_val_20260424T111000Z_fix1/val/hotpot/igp_hotpot_top10_val_chunk_013.json
igp_val_20260424T111000Z_fix1,val,hotpot,10,recall@10,50,64,200,84.90405841399219,84.90405841399219,303.75678,3.2921075868660448,11.778,0.308709612464783,161.96450638771057,0.7339999999999999,0.7,0.9549999999999997,"{""decode_time_average(ms)"": ""16.517"", ""filter_time_average(ms)"": ""283.006"", ""incremental_graph_n_compute_l_average"": ""50347.640"", ""n_seen_item_average"": ""667497.860"", ""n_vq_score_linear_scan_average"": ""1992297.800"", ""refine_time_average(ms)"": ""4.234"", ""retrieval_time_average(ms)"": ""11.778"", ""retrieval_time_query_average(ms)"": ""303.757"", ""retrieval_time_query_p5(ms)"": ""198.343"", ""retrieval_time_query_p50(ms)"": ""328.510"", ""retrieval_time_query_p95(ms)"": ""387.979""}",profiling/igp_paper_cpu/chunks/igp_val_20260424T111000Z_fix1/val/hotpot/igp_hotpot_top10_val_chunk_014.json
igp_val_20260424T111000Z_fix1,val,hotpot,10,recall@10,50,64,300,92.31053263177328,92.31053263177328,259.5344,3.853053776300945,10.833,0.3089059061693862,161.86158633232117,0.746,0.8,0.9549999999999997,"{""decode_time_average(ms)"": ""9.111"", ""filter_time_average(ms)"": ""244.805"", ""incremental_graph_n_compute_l_average"": ""50347.640"", ""n_seen_item_average"": ""667497.860"", ""n_vq_score_linear_scan_average"": ""1992297.800"", ""refine_time_average(ms)"": ""5.618"", ""retrieval_time_average(ms)"": ""10.833"", ""retrieval_time_query_average(ms)"": ""259.534"", ""retrieval_time_query_p5(ms)"": ""183.417"", ""retrieval_time_query_p50(ms)"": ""252.323"", ""retrieval_time_query_p95(ms)"": ""335.207""}",profiling/igp_paper_cpu/chunks/igp_val_20260424T111000Z_fix1/val/hotpot/igp_hotpot_top10_val_chunk_014.json
igp_val_20260424T111000Z_fix1,val,hotpot,10,recall@10,50,64,400,88.54258898530193,88.54258898530193,270.62948,3.695088945964054,11.294,0.30898940972314537,161.8178436756134,0.7539999999999999,0.8,0.9549999999999997,"{""decode_time_average(ms)"": ""13.395"", ""filter_time_average(ms)"": ""249.541"", ""incremental_graph_n_compute_l_average"": ""50347.640"", ""n_seen_item_average"": ""667497.860"", ""n_vq_score_linear_scan_average"": ""1992297.800"", ""refine_time_average(ms)"": ""7.694"", ""retrieval_time_average(ms)"": ""11.294"", ""retrieval_time_query_average(ms)"": ""270.629"", ""retrieval_time_query_p5(ms)"": ""189.915"", ""retrieval_time_query_p50(ms)"": ""273.517"", ""retrieval_time_query_p95(ms)"": ""343.425""}",profiling/igp_paper_cpu/chunks/igp_val_20260424T111000Z_fix1/val/hotpot/igp_hotpot_top10_val_chunk_014.json
igp_val_20260424T111000Z_fix1,val,hotpot,10,recall@10,50,64,600,85.89589417625838,85.89589417625838,275.72354,3.626821271770992,11.642,0.3082652009190082,162.19800305366516,0.7879999999999999,0.8,1.0,"{""decode_time_average(ms)"": ""17.247"", ""filter_time_average(ms)"": ""246.967"", ""incremental_graph_n_compute_l_average"": ""50347.640"", ""n_seen_item_average"": ""667497.860"", ""n_vq_score_linear_scan_average"": ""1992297.800"", ""refine_time_average(ms)"": ""11.509"", ""retrieval_time_average(ms)"": ""11.642"", ""retrieval_time_query_average(ms)"": ""275.724"", ""retrieval_time_query_p5(ms)"": ""191.160"", ""retrieval_time_query_p50(ms)"": ""271.383"", ""retrieval_time_query_p95(ms)"": ""351.104""}",profiling/igp_paper_cpu/chunks/igp_val_20260424T111000Z_fix1/val/hotpot/igp_hotpot_top10_val_chunk_014.json
igp_val_20260424T111000Z_fix1,val,lotte,100,recall@100,50,1,100,438.7889425186485,438.7889425186485,52.373760000000004,19.093530806266344,2.279,0.31322765823020265,159.62830448150635,0.22659999999999997,0.18,0.5055,"{""decode_time_average(ms)"": ""30.952"", ""filter_time_average(ms)"": ""17.674"", ""incremental_graph_n_compute_l_average"": ""13660.740"", ""n_seen_item_average"": ""10018.040"", ""n_vq_score_linear_scan_average"": ""27709.640"", ""refine_time_average(ms)"": ""3.724"", ""retrieval_time_average(ms)"": ""2.279"", ""retrieval_time_query_average(ms)"": ""52.374"", ""retrieval_time_query_p5(ms)"": ""13.392"", ""retrieval_time_query_p50(ms)"": ""43.420"", ""retrieval_time_query_p95(ms)"": ""105.883""}",profiling/igp_paper_cpu/chunks/igp_val_20260424T111000Z_fix1/val/lotte/igp_lotte_top100_val_chunk_001.json
igp_val_20260424T111000Z_fix1,val,lotte,100,recall@100,50,1,200,643.915003219575,643.915003219575,42.18544,23.704861203296684,1.553,0.31414838709977017,159.16045427322388,0.3008,0.265,0.6619999999999999,"{""decode_time_average(ms)"": ""14.341"", ""filter_time_average(ms)"": ""18.098"", ""incremental_graph_n_compute_l_average"": ""13660.740"", ""n_seen_item_average"": ""10018.040"", ""n_vq_score_linear_scan_average"": ""27709.640"", ""refine_time_average(ms)"": ""9.745"", ""retrieval_time_average(ms)"": ""1.553"", ""retrieval_time_query_average(ms)"": ""42.185"", ""retrieval_time_query_p5(ms)"": ""17.362"", ""retrieval_time_query_p50(ms)"": ""49.250"", ""retrieval_time_query_p95(ms)"": ""56.819""}",profiling/igp_paper_cpu/chunks/igp_val_20260424T111000Z_fix1/val/lotte/igp_lotte_top100_val_chunk_001.json
igp_val_20260424T111000Z_fix1,val,lotte,100,recall@100,50,1,500,383.5826620636747,383.5826620636747,77.30829999999999,12.935221703232385,2.607,0.3134771586162073,159.50125432014465,0.4038000000000001,0.375,0.7774999999999999,"{""decode_time_average(ms)"": ""36.299"", ""filter_time_average(ms)"": ""17.142"", ""incremental_graph_n_compute_l_average"": ""13660.740"", ""n_seen_item_average"": ""10018.040"", ""n_vq_score_linear_scan_average"": ""27709.640"", ""refine_time_average(ms)"": ""23.867"", ""retrieval_time_average(ms)"": ""2.607"", ""retrieval_time_query_average(ms)"": ""77.308"", ""retrieval_time_query_p5(ms)"": ""37.963"", ""retrieval_time_query_p50(ms)"": ""85.196"", ""retrieval_time_query_p95(ms)"": ""109.127""}",profiling/igp_paper_cpu/chunks/igp_val_20260424T111000Z_fix1/val/lotte/igp_lotte_top100_val_chunk_001.json
igp_val_20260424T111000Z_fix1,val,lotte,100,recall@100,50,1,1000,214.40823327615783,214.40823327615783,141.64748,7.059779672748149,4.664,0.31183285087574303,160.34231114387512,0.4964,0.45,0.8765,"{""decode_time_average(ms)"": ""74.346"", ""filter_time_average(ms)"": ""17.085"", ""incremental_graph_n_compute_l_average"": ""13660.740"", ""n_seen_item_average"": ""10018.040"", ""n_vq_score_linear_scan_average"": ""27709.640"", ""refine_time_average(ms)"": ""50.215"", ""retrieval_time_average(ms)"": ""4.664"", ""retrieval_time_query_average(ms)"": ""141.647"", ""retrieval_time_query_p5(ms)"": ""74.088"", ""retrieval_time_query_p50(ms)"": ""147.752"", ""retrieval_time_query_p95(ms)"": ""195.359""}",profiling/igp_paper_cpu/chunks/igp_val_20260424T111000Z_fix1/val/lotte/igp_lotte_top100_val_chunk_001.json
igp_val_20260424T111000Z_fix1,val,lotte,100,recall@100,50,1,2000,98.1836033382425,98.1836033382425,298.19379999999995,3.3535237821846064,10.185,0.29385867098623203,170.1498200893402,0.5938,0.615,0.9,"{""decode_time_average(ms)"": ""138.091"", ""filter_time_average(ms)"": ""57.991"", ""incremental_graph_n_compute_l_average"": ""13660.740"", ""n_seen_item_average"": ""10018.040"", ""n_vq_score_linear_scan_average"": ""27709.640"", ""refine_time_average(ms)"": ""102.109"", ""retrieval_time_average(ms)"": ""10.185"", ""retrieval_time_query_average(ms)"": ""298.194"", ""retrieval_time_query_p5(ms)"": ""167.322"", ""retrieval_time_query_p50(ms)"": ""288.403"", ""retrieval_time_query_p95(ms)"": ""424.811""}",profiling/igp_paper_cpu/chunks/igp_val_20260424T111000Z_fix1/val/lotte/igp_lotte_top100_val_chunk_002.json
igp_val_20260424T111000Z_fix1,val,lotte,100,recall@100,50,1,3000,75.30687551773477,75.30687551773477,375.06362,2.6662143345174347,13.279,0.2887276991847361,173.17354774475098,0.6444,0.705,0.9055,"{""decode_time_average(ms)"": ""183.966"", ""filter_time_average(ms)"": ""22.706"", ""incremental_graph_n_compute_l_average"": ""13660.740"", ""n_seen_item_average"": ""10018.040"", ""n_vq_score_linear_scan_average"": ""27709.640"", ""refine_time_average(ms)"": ""168.388"", ""retrieval_time_average(ms)"": ""13.279"", ""retrieval_time_query_average(ms)"": ""375.064"", ""retrieval_time_query_p5(ms)"": ""186.886"", ""retrieval_time_query_p50(ms)"": ""431.590"", ""retrieval_time_query_p95(ms)"": ""478.924""}",profiling/igp_paper_cpu/chunks/igp_val_20260424T111000Z_fix1/val/lotte/igp_lotte_top100_val_chunk_002.json
igp_val_20260424T111000Z_fix1,val,lotte,100,recall@100,50,1,4000,56.856947919035704,56.856947919035704,499.2294,2.0030871579277982,17.588,0.2856620899515752,175.03197574615479,0.6853999999999999,0.74,0.9055,"{""decode_time_average(ms)"": ""255.106"", ""filter_time_average(ms)"": ""20.571"", ""incremental_graph_n_compute_l_average"": ""13660.740"", ""n_seen_item_average"": ""10018.040"", ""n_vq_score_linear_scan_average"": ""27709.640"", ""refine_time_average(ms)"": ""223.550"", ""retrieval_time_average(ms)"": ""17.588"", ""retrieval_time_query_average(ms)"": ""499.229"", ""retrieval_time_query_p5(ms)"": ""250.029"", ""retrieval_time_query_p50(ms)"": ""577.557"", ""retrieval_time_query_p95(ms)"": ""651.128""}",profiling/igp_paper_cpu/chunks/igp_val_20260424T111000Z_fix1/val/lotte/igp_lotte_top100_val_chunk_002.json
igp_val_20260424T111000Z_fix1,val,lotte,100,recall@100,50,1,6000,45.83581610670578,45.83581610670578,552.48798,1.8099941287410453,21.817,0.27802714075252066,179.83855772018433,0.7077999999999999,0.75,0.91,"{""decode_time_average(ms)"": ""291.061"", ""filter_time_average(ms)"": ""19.709"", ""incremental_graph_n_compute_l_average"": ""13660.740"", ""n_seen_item_average"": ""10018.040"", ""n_vq_score_linear_scan_average"": ""27709.640"", ""refine_time_average(ms)"": ""241.715"", ""retrieval_time_average(ms)"": ""21.817"", ""retrieval_time_query_average(ms)"": ""552.488"", ""retrieval_time_query_p5(ms)"": ""352.909"", ""retrieval_time_query_p50(ms)"": ""615.847"", ""retrieval_time_query_p95(ms)"": ""716.456""}",profiling/igp_paper_cpu/chunks/igp_val_20260424T111000Z_fix1/val/lotte/igp_lotte_top100_val_chunk_002.json
igp_val_20260424T111000Z_fix1,val,lotte,100,recall@100,50,2,100,325.41490400260335,325.41490400260335,74.49952,13.42290527509439,3.073,0.31563926268677106,158.4086833000183,0.3012,0.28500000000000003,0.5619999999999998,"{""decode_time_average(ms)"": ""43.204"", ""filter_time_average(ms)"": ""26.963"", ""incremental_graph_n_compute_l_average"": ""14117.980"", ""n_seen_item_average"": ""17004.460"", ""n_vq_score_linear_scan_average"": ""55142.720"", ""refine_time_average(ms)"": ""4.331"", ""retrieval_time_average(ms)"": ""3.073"", ""retrieval_time_query_average(ms)"": ""74.499"", ""retrieval_time_query_p5(ms)"": ""11.457"", ""retrieval_time_query_p50(ms)"": ""63.163"", ""retrieval_time_query_p95(ms)"": ""143.609""}",profiling/igp_paper_cpu/chunks/igp_val_20260424T111000Z_fix1/val/lotte/igp_lotte_top100_val_chunk_003.json
igp_val_20260424T111000Z_fix1,val,lotte,100,recall@100,50,2,200,645.9948320413437,645.9948320413437,43.55474,22.959613580519594,1.548,0.3162545994234905,158.1004674434662,0.3766,0.36,0.6954999999999999,"{""decode_time_average(ms)"": ""15.817"", ""filter_time_average(ms)"": ""17.800"", ""incremental_graph_n_compute_l_average"": ""14117.980"", ""n_seen_item_average"": ""17004.460"", ""n_vq_score_linear_scan_average"": ""55142.720"", ""refine_time_average(ms)"": ""9.936"", ""retrieval_time_average(ms)"": ""1.548"", ""retrieval_time_query_average(ms)"": ""43.555"", ""retrieval_time_query_p5(ms)"": ""18.274"", ""retrieval_time_query_p50(ms)"": ""50.650"", ""retrieval_time_query_p95(ms)"": ""58.188""}",profiling/igp_paper_cpu/chunks/igp_val_20260424T111000Z_fix1/val/lotte/igp_lotte_top100_val_chunk_003.json
igp_val_20260424T111000Z_fix1,val,lotte,100,recall@100,50,2,500,349.40600978336823,349.40600978336823,84.33699999999999,11.857191979795346,2.862,0.3155948889210059,158.4309561252594,0.4932,0.495,0.8474999999999998,"{""decode_time_average(ms)"": ""42.890"", ""filter_time_average(ms)"": ""18.140"", ""incremental_graph_n_compute_l_average"": ""14117.980"", ""n_seen_item_average"": ""17004.460"", ""n_vq_score_linear_scan_average"": ""55142.720"", ""refine_time_average(ms)"": ""23.306"", ""retrieval_time_average(ms)"": ""2.862"", ""retrieval_time_query_average(ms)"": ""84.337"", ""retrieval_time_query_p5(ms)"": ""40.479"", ""retrieval_time_query_p50(ms)"": ""94.389"", ""retrieval_time_query_p95(ms)"": ""117.831""}",profiling/igp_paper_cpu/chunks/igp_val_20260424T111000Z_fix1/val/lotte/igp_lotte_top100_val_chunk_003.json
igp_val_20260424T111000Z_fix1,val,lotte,100,recall@100,50,2,1000,191.8649270913277,191.8649270913277,156.38144,6.3946207427172945,5.212,0.3145374049485524,158.96360564231873,0.5738,0.61,0.9055,"{""decode_time_average(ms)"": ""83.699"", ""filter_time_average(ms)"": ""25.550"", ""incremental_graph_n_compute_l_average"": ""14117.980"", ""n_seen_item_average"": ""17004.460"", ""n_vq_score_linear_scan_average"": ""55142.720"", ""refine_time_average(ms)"": ""47.129"", ""retrieval_time_average(ms)"": ""5.212"", ""retrieval_time_query_average(ms)"": ""156.381"", ""retrieval_time_query_p5(ms)"": ""80.253"", ""retrieval_time_query_p50(ms)"": ""165.325"", ""retrieval_time_query_p95(ms)"": ""216.355""}",profiling/igp_paper_cpu/chunks/igp_val_20260424T111000Z_fix1/val/lotte/igp_lotte_top100_val_chunk_003.json
igp_val_20260424T111000Z_fix1,val,lotte,100,recall@100,50,2,2000,106.82619378271552,106.82619378271552,278.11289999999997,3.5956620494770295,9.361,0.3076424723438424,162.52632355690002,0.6498,0.71,0.9009999999999999,"{""decode_time_average(ms)"": ""163.943"", ""filter_time_average(ms)"": ""22.454"", ""incremental_graph_n_compute_l_average"": ""14117.980"", ""n_seen_item_average"": ""17004.460"", ""n_vq_score_linear_scan_average"": ""55142.720"", ""refine_time_average(ms)"": ""91.712"", ""retrieval_time_average(ms)"": ""9.361"", ""retrieval_time_query_average(ms)"": ""278.113"", ""retrieval_time_query_p5(ms)"": ""158.080"", ""retrieval_time_query_p50(ms)"": ""277.335"", ""retrieval_time_query_p95(ms)"": ""388.949""}",profiling/igp_paper_cpu/chunks/igp_val_20260424T111000Z_fix1/val/lotte/igp_lotte_top100_val_chunk_004.json
igp_val_20260424T111000Z_fix1,val,lotte,100,recall@100,50,2,3000,79.57981855801368,79.57981855801368,358.83404,2.7868036153983606,12.566,0.30566559780273467,163.5774531364441,0.7016,0.77,0.9155,"{""decode_time_average(ms)"": ""188.555"", ""filter_time_average(ms)"": ""19.758"", ""incremental_graph_n_compute_l_average"": ""14117.980"", ""n_seen_item_average"": ""17004.460"", ""n_vq_score_linear_scan_average"": ""55142.720"", ""refine_time_average(ms)"": ""150.518"", ""retrieval_time_average(ms)"": ""12.566"", ""retrieval_time_query_average(ms)"": ""358.834"", ""retrieval_time_query_p5(ms)"": ""184.364"", ""retrieval_time_query_p50(ms)"": ""408.564"", ""retrieval_time_query_p95(ms)"": ""470.711""}",profiling/igp_paper_cpu/chunks/igp_val_20260424T111000Z_fix1/val/lotte/igp_lotte_top100_val_chunk_004.json
igp_val_20260424T111000Z_fix1,val,lotte,100,recall@100,50,2,4000,59.39653124257544,59.39653124257544,483.22682000000003,2.069421560665859,16.836,0.3024777774924215,165.3013997077942,0.7262000000000001,0.78,0.9209999999999999,"{""decode_time_average(ms)"": ""271.891"", ""filter_time_average(ms)"": ""18.769"", ""incremental_graph_n_compute_l_average"": ""14117.980"", ""n_seen_item_average"": ""17004.460"", ""n_vq_score_linear_scan_average"": ""55142.720"", ""refine_time_average(ms)"": ""192.564"", ""retrieval_time_average(ms)"": ""16.836"", ""retrieval_time_query_average(ms)"": ""483.227"", ""retrieval_time_query_p5(ms)"": ""270.494"", ""retrieval_time_query_p50(ms)"": ""522.658"", ""retrieval_time_query_p95(ms)"": ""649.766""}",profiling/igp_paper_cpu/chunks/igp_val_20260424T111000Z_fix1/val/lotte/igp_lotte_top100_val_chunk_004.json
igp_val_20260424T111000Z_fix1,val,lotte,100,recall@100,50,2,6000,45.93899301727306,45.93899301727306,583.0197400000001,1.7152077903914538,21.768,0.2939942846214168,170.0713334083557,0.7646000000000001,0.795,0.9355,"{""decode_time_average(ms)"": ""328.927"", ""filter_time_average(ms)"": ""17.758"", ""incremental_graph_n_compute_l_average"": ""14117.980"", ""n_seen_item_average"": ""17004.460"", ""n_vq_score_linear_scan_average"": ""55142.720"", ""refine_time_average(ms)"": ""236.332"", ""retrieval_time_average(ms)"": ""21.768"", ""retrieval_time_query_average(ms)"": ""583.020"", ""retrieval_time_query_p5(ms)"": ""358.591"", ""retrieval_time_query_p50(ms)"": ""645.637"", ""retrieval_time_query_p95(ms)"": ""747.774""}",profiling/igp_paper_cpu/chunks/igp_val_20260424T111000Z_fix1/val/lotte/igp_lotte_top100_val_chunk_004.json
igp_val_20260424T111000Z_fix1,val,lotte,100,recall@100,50,4,100,405.84415584415586,405.84415584415586,61.9243,16.148749360105807,2.464,0.31332978049788807,159.57627749443054,0.3536000000000001,0.35,0.5854999999999999,"{""decode_time_average(ms)"": ""35.789"", ""filter_time_average(ms)"": ""22.249"", ""incremental_graph_n_compute_l_average"": ""15068.500"", ""n_seen_item_average"": ""31026.380"", ""n_vq_score_linear_scan_average"": ""111048.840"", ""refine_time_average(ms)"": ""3.825"", ""retrieval_time_average(ms)"": ""2.464"", ""retrieval_time_query_average(ms)"": ""61.924"", ""retrieval_time_query_p5(ms)"": ""16.597"", ""retrieval_time_query_p50(ms)"": ""50.697"", ""retrieval_time_query_p95(ms)"": ""118.483""}",profiling/igp_paper_cpu/chunks/igp_val_20260424T111000Z_fix1/val/lotte/igp_lotte_top100_val_chunk_005.json
igp_val_20260424T111000Z_fix1,val,lotte,100,recall@100,50,4,200,595.5926146515783,595.5926146515783,43.8394,22.810531166028735,1.679,0.31387313989108884,159.30002808570862,0.46599999999999997,0.455,0.7529999999999998,"{""decode_time_average(ms)"": ""13.099"", ""filter_time_average(ms)"": ""20.976"", ""incremental_graph_n_compute_l_average"": ""15068.500"", ""n_seen_item_average"": ""31026.380"", ""n_vq_score_linear_scan_average"": ""111048.840"", ""refine_time_average(ms)"": ""9.764"", ""retrieval_time_average(ms)"": ""1.679"", ""retrieval_time_query_average(ms)"": ""43.839"", ""retrieval_time_query_p5(ms)"": ""19.255"", ""retrieval_time_query_p50(ms)"": ""50.248"", ""retrieval_time_query_p95(ms)"": ""56.612""}",profiling/igp_paper_cpu/chunks/igp_val_20260424T111000Z_fix1/val/lotte/igp_lotte_top100_val_chunk_005.json
igp_val_20260424T111000Z_fix1,val,lotte,100,recall@100,50,4,500,364.1660597232338,364.1660597232338,79.36564,12.599910994228736,2.746,0.3124750979532098,160.01275086402893,0.5986,0.62,0.9209999999999999,"{""decode_time_average(ms)"": ""34.486"", ""filter_time_average(ms)"": ""20.716"", ""incremental_graph_n_compute_l_average"": ""15068.500"", ""n_seen_item_average"": ""31026.380"", ""n_vq_score_linear_scan_average"": ""111048.840"", ""refine_time_average(ms)"": ""24.162"", ""retrieval_time_average(ms)"": ""2.746"", ""retrieval_time_query_average(ms)"": ""79.366"", ""retrieval_time_query_p5(ms)"": ""41.844"", ""retrieval_time_query_p50(ms)"": ""85.814"", ""retrieval_time_query_p95(ms)"": ""108.468""}",profiling/igp_paper_cpu/chunks/igp_val_20260424T111000Z_fix1/val/lotte/igp_lotte_top100_val_chunk_005.json
igp_val_20260424T111000Z_fix1,val,lotte,100,recall@100,50,4,1000,198.68865487780647,198.68865487780647,147.51856,6.77880803608712,5.033,0.31085981729022844,160.84420442581177,0.6649999999999998,0.69,0.9209999999999999,"{""decode_time_average(ms)"": ""72.234"", ""filter_time_average(ms)"": ""26.143"", ""incremental_graph_n_compute_l_average"": ""15068.500"", ""n_seen_item_average"": ""31026.380"", ""n_vq_score_linear_scan_average"": ""111048.840"", ""refine_time_average(ms)"": ""49.140"", ""retrieval_time_average(ms)"": ""5.033"", ""retrieval_time_query_average(ms)"": ""147.519"", ""retrieval_time_query_p5(ms)"": ""74.912"", ""retrieval_time_query_p50(ms)"": ""159.670"", ""retrieval_time_query_p95(ms)"": ""201.810""}",profiling/igp_paper_cpu/chunks/igp_val_20260424T111000Z_fix1/val/lotte/igp_lotte_top100_val_chunk_005.json
igp_val_20260424T111000Z_fix1,val,lotte,100,recall@100,50,4,2000,101.64667615368978,101.64667615368978,300.79392,3.3245352831599786,9.838,0.3081777714758824,162.24401831626892,0.7232,0.76,0.9209999999999999,"{""decode_time_average(ms)"": ""144.986"", ""filter_time_average(ms)"": ""64.744"", ""incremental_graph_n_compute_l_average"": ""15068.500"", ""n_seen_item_average"": ""31026.380"", ""n_vq_score_linear_scan_average"": ""111048.840"", ""refine_time_average(ms)"": ""91.061"", ""retrieval_time_average(ms)"": ""9.838"", ""retrieval_time_query_average(ms)"": ""300.794"", ""retrieval_time_query_p5(ms)"": ""189.691"", ""retrieval_time_query_p50(ms)"": ""276.411"", ""retrieval_time_query_p95(ms)"": ""435.385""}",profiling/igp_paper_cpu/chunks/igp_val_20260424T111000Z_fix1/val/lotte/igp_lotte_top100_val_chunk_006.json
igp_val_20260424T111000Z_fix1,val,lotte,100,recall@100,50,4,3000,75.78628268283441,75.78628268283441,369.33786,2.7075480428678502,13.195,0.3049839170164501,163.94307112693787,0.773,0.795,0.93,"{""decode_time_average(ms)"": ""193.111"", ""filter_time_average(ms)"": ""25.367"", ""incremental_graph_n_compute_l_average"": ""15068.500"", ""n_seen_item_average"": ""31026.380"", ""n_vq_score_linear_scan_average"": ""111048.840"", ""refine_time_average(ms)"": ""150.857"", ""retrieval_time_average(ms)"": ""13.195"", ""retrieval_time_query_average(ms)"": ""369.338"", ""retrieval_time_query_p5(ms)"": ""178.898"", ""retrieval_time_query_p50(ms)"": ""429.870"", ""retrieval_time_query_p95(ms)"": ""478.941""}",profiling/igp_paper_cpu/chunks/igp_val_20260424T111000Z_fix1/val/lotte/igp_lotte_top100_val_chunk_006.json
igp_val_20260424T111000Z_fix1,val,lotte,100,recall@100,50,4,4000,57.28361115884745,57.28361115884745,498.14554,2.0074454545954583,17.457,0.301412763962571,165.88547658920288,0.7956000000000002,0.82,0.941,"{""decode_time_average(ms)"": ""255.770"", ""filter_time_average(ms)"": ""42.049"", ""incremental_graph_n_compute_l_average"": ""15068.500"", ""n_seen_item_average"": ""31026.380"", ""n_vq_score_linear_scan_average"": ""111048.840"", ""refine_time_average(ms)"": ""200.325"", ""retrieval_time_average(ms)"": ""17.457"", ""retrieval_time_query_average(ms)"": ""498.146"", ""retrieval_time_query_p5(ms)"": ""251.117"", ""retrieval_time_query_p50(ms)"": ""578.229"", ""retrieval_time_query_p95(ms)"": ""655.390""}",profiling/igp_paper_cpu/chunks/igp_val_20260424T111000Z_fix1/val/lotte/igp_lotte_top100_val_chunk_006.json
igp_val_20260424T111000Z_fix1,val,lotte,100,recall@100,50,4,6000,40.08337341670675,40.08337341670675,706.74762,1.414932249789536,24.948,0.2944094037245829,169.83153176307678,0.8178,0.85,0.941,"{""decode_time_average(ms)"": ""388.641"", ""filter_time_average(ms)"": ""24.604"", ""incremental_graph_n_compute_l_average"": ""15068.500"", ""n_seen_item_average"": ""31026.380"", ""n_vq_score_linear_scan_average"": ""111048.840"", ""refine_time_average(ms)"": ""293.501"", ""retrieval_time_average(ms)"": ""24.948"", ""retrieval_time_query_average(ms)"": ""706.748"", ""retrieval_time_query_p5(ms)"": ""398.471"", ""retrieval_time_query_p50(ms)"": ""773.215"", ""retrieval_time_query_p95(ms)"": ""928.946""}",profiling/igp_paper_cpu/chunks/igp_val_20260424T111000Z_fix1/val/lotte/igp_lotte_top100_val_chunk_006.json
igp_val_20260424T111000Z_fix1,val,lotte,100,recall@100,50,8,100,581.3953488372093,581.3953488372093,52.70844,18.972293621287214,1.72,0.3118875115270296,160.31420993804932,0.3932,0.41000000000000003,0.6719999999999998,"{""decode_time_average(ms)"": ""19.358"", ""filter_time_average(ms)"": ""29.269"", ""incremental_graph_n_compute_l_average"": ""16961.760"", ""n_seen_item_average"": ""55882.180"", ""n_vq_score_linear_scan_average"": ""223332.080"", ""refine_time_average(ms)"": ""4.076"", ""retrieval_time_average(ms)"": ""1.720"", ""retrieval_time_query_average(ms)"": ""52.708"", ""retrieval_time_query_p5(ms)"": ""21.952"", ""retrieval_time_query_p50(ms)"": ""51.625"", ""retrieval_time_query_p95(ms)"": ""78.469""}",profiling/igp_paper_cpu/chunks/igp_val_20260424T111000Z_fix1/val/lotte/igp_lotte_top100_val_chunk_007.json
igp_val_20260424T111000Z_fix1,val,lotte,100,recall@100,50,8,200,550.05500550055,550.05500550055,47.14058,21.21314587134906,1.818,0.31259099854538863,159.95342230796814,0.53,0.53,0.8055,"{""decode_time_average(ms)"": ""13.552"", ""filter_time_average(ms)"": ""23.543"", ""incremental_graph_n_compute_l_average"": ""16961.760"", ""n_seen_item_average"": ""55882.180"", ""n_vq_score_linear_scan_average"": ""223332.080"", ""refine_time_average(ms)"": ""10.044"", ""retrieval_time_average(ms)"": ""1.818"", ""retrieval_time_query_average(ms)"": ""47.141"", ""retrieval_time_query_p5(ms)"": ""21.770"", ""retrieval_time_query_p50(ms)"": ""54.558"", ""retrieval_time_query_p95(ms)"": ""60.262""}",profiling/igp_paper_cpu/chunks/igp_val_20260424T111000Z_fix1/val/lotte/igp_lotte_top100_val_chunk_007.json
igp_val_20260424T111000Z_fix1,val,lotte,100,recall@100,50,8,500,320.41012495994875,320.41012495994875,81.0856,12.332645993863276,3.121,0.31128900035067425,160.62244391441345,0.6611999999999999,0.71,0.9209999999999999,"{""decode_time_average(ms)"": ""30.110"", ""filter_time_average(ms)"": ""25.960"", ""incremental_graph_n_compute_l_average"": ""16961.760"", ""n_seen_item_average"": ""55882.180"", ""n_vq_score_linear_scan_average"": ""223332.080"", ""refine_time_average(ms)"": ""25.014"", ""retrieval_time_average(ms)"": ""3.121"", ""retrieval_time_query_average(ms)"": ""81.086"", ""retrieval_time_query_p5(ms)"": ""39.727"", ""retrieval_time_query_p50(ms)"": ""92.695"", ""retrieval_time_query_p95(ms)"": ""105.892""}",profiling/igp_paper_cpu/chunks/igp_val_20260424T111000Z_fix1/val/lotte/igp_lotte_top100_val_chunk_007.json
igp_val_20260424T111000Z_fix1,val,lotte,100,recall@100,50,8,1000,202.14271275520517,202.14271275520517,135.4174,7.384575394299404,4.947,0.3096733949737676,161.46043157577515,0.7456,0.815,0.9209999999999999,"{""decode_time_average(ms)"": ""60.828"", ""filter_time_average(ms)"": ""23.891"", ""incremental_graph_n_compute_l_average"": ""16961.760"", ""n_seen_item_average"": ""55882.180"", ""n_vq_score_linear_scan_average"": ""223332.080"", ""refine_time_average(ms)"": ""50.695"", ""retrieval_time_average(ms)"": ""4.947"", ""retrieval_time_query_average(ms)"": ""135.417"", ""retrieval_time_query_p5(ms)"": ""71.517"", ""retrieval_time_query_p50(ms)"": ""153.926"", ""retrieval_time_query_p95(ms)"": ""175.039""}",profiling/igp_paper_cpu/chunks/igp_val_20260424T111000Z_fix1/val/lotte/igp_lotte_top100_val_chunk_007.json
igp_val_20260424T111000Z_fix1,val,lotte,100,recall@100,50,8,2000,102.6272577996716,102.6272577996716,285.84228,3.4984327720867605,9.744,0.30827445946988213,162.19313168525696,0.7875999999999999,0.845,0.9209999999999999,"{""decode_time_average(ms)"": ""160.623"", ""filter_time_average(ms)"": ""34.194"", ""incremental_graph_n_compute_l_average"": ""16961.760"", ""n_seen_item_average"": ""55882.180"", ""n_vq_score_linear_scan_average"": ""223332.080"", ""refine_time_average(ms)"": ""91.022"", ""retrieval_time_average(ms)"": ""9.744"", ""retrieval_time_query_average(ms)"": ""285.842"", ""retrieval_time_query_p5(ms)"": ""166.966"", ""retrieval_time_query_p50(ms)"": ""290.688"", ""retrieval_time_query_p95(ms)"": ""400.365""}",profiling/igp_paper_cpu/chunks/igp_val_20260424T111000Z_fix1/val/lotte/igp_lotte_top100_val_chunk_008.json
igp_val_20260424T111000Z_fix1,val,lotte,100,recall@100,50,8,3000,76.76953784738215,76.76953784738215,369.98422,2.702817974236847,13.026,0.3046443573774805,164.12580370903015,0.8038000000000001,0.855,0.941,"{""decode_time_average(ms)"": ""186.770"", ""filter_time_average(ms)"": ""28.053"", ""incremental_graph_n_compute_l_average"": ""16961.760"", ""n_seen_item_average"": ""55882.180"", ""n_vq_score_linear_scan_average"": ""223332.080"", ""refine_time_average(ms)"": ""155.157"", ""retrieval_time_average(ms)"": ""13.026"", ""retrieval_time_query_average(ms)"": ""369.984"", ""retrieval_time_query_p5(ms)"": ""185.521"", ""retrieval_time_query_p50(ms)"": ""425.057"", ""retrieval_time_query_p95(ms)"": ""476.240""}",profiling/igp_paper_cpu/chunks/igp_val_20260424T111000Z_fix1/val/lotte/igp_lotte_top100_val_chunk_008.json
igp_val_20260424T111000Z_fix1,val,lotte,100,recall@100,50,8,4000,58.83045064125191,58.83045064125191,483.5159000000001,2.0681843141042515,16.998,0.3019672186203342,165.58088731765747,0.8156,0.86,0.9454999999999999,"{""decode_time_average(ms)"": ""254.233"", ""filter_time_average(ms)"": ""25.157"", ""incremental_graph_n_compute_l_average"": ""16961.760"", ""n_seen_item_average"": ""55882.180"", ""n_vq_score_linear_scan_average"": ""223332.080"", ""refine_time_average(ms)"": ""204.124"", ""retrieval_time_average(ms)"": ""16.998"", ""retrieval_time_query_average(ms)"": ""483.516"", ""retrieval_time_query_p5(ms)"": ""244.321"", ""retrieval_time_query_p50(ms)"": ""556.606"", ""retrieval_time_query_p95(ms)"": ""636.611""}",profiling/igp_paper_cpu/chunks/igp_val_20260424T111000Z_fix1/val/lotte/igp_lotte_top100_val_chunk_008.json
igp_val_20260424T111000Z_fix1,val,lotte,100,recall@100,50,8,6000,39.87717829086414,39.87717829086414,717.27398,1.3941674003007887,25.077,0.2954149641015273,169.25344371795654,0.8400000000000002,0.875,0.9454999999999999,"{""decode_time_average(ms)"": ""387.052"", ""filter_time_average(ms)"": ""28.152"", ""incremental_graph_n_compute_l_average"": ""16961.760"", ""n_seen_item_average"": ""55882.180"", ""n_vq_score_linear_scan_average"": ""223332.080"", ""refine_time_average(ms)"": ""302.068"", ""retrieval_time_average(ms)"": ""25.077"", ""retrieval_time_query_average(ms)"": ""717.274"", ""retrieval_time_query_p5(ms)"": ""391.554"", ""retrieval_time_query_p50(ms)"": ""820.134"", ""retrieval_time_query_p95(ms)"": ""937.021""}",profiling/igp_paper_cpu/chunks/igp_val_20260424T111000Z_fix1/val/lotte/igp_lotte_top100_val_chunk_008.json
igp_val_20260424T111000Z_fix1,val,lotte,100,recall@100,50,16,100,367.2420124862284,367.2420124862284,76.65038,13.046249738096536,2.723,0.31332102376237736,159.58073735237122,0.4159999999999999,0.385,0.68,"{""decode_time_average(ms)"": ""31.354"", ""filter_time_average(ms)"": ""41.533"", ""incremental_graph_n_compute_l_average"": ""20579.560"", ""n_seen_item_average"": ""97291.440"", ""n_vq_score_linear_scan_average"": ""438661.520"", ""refine_time_average(ms)"": ""3.738"", ""retrieval_time_average(ms)"": ""2.723"", ""retrieval_time_query_average(ms)"": ""76.650"", ""retrieval_time_query_p5(ms)"": ""33.389"", ""retrieval_time_query_p50(ms)"": ""61.994"", ""retrieval_time_query_p95(ms)"": ""132.405""}",profiling/igp_paper_cpu/chunks/igp_val_20260424T111000Z_fix1/val/lotte/igp_lotte_top100_val_chunk_009.json
igp_val_20260424T111000Z_fix1,val,lotte,100,recall@100,50,16,200,426.62116040955635,426.62116040955635,55.351020000000005,18.066514402083286,2.344,0.31380231943916825,159.3359797000885,0.548,0.5700000000000001,0.8509999999999999,"{""decode_time_average(ms)"": ""10.783"", ""filter_time_average(ms)"": ""36.328"", ""incremental_graph_n_compute_l_average"": ""20579.560"", ""n_seen_item_average"": ""97291.440"", ""n_vq_score_linear_scan_average"": ""438661.520"", ""refine_time_average(ms)"": ""8.238"", ""retrieval_time_average(ms)"": ""2.344"", ""retrieval_time_query_average(ms)"": ""55.351"", ""retrieval_time_query_p5(ms)"": ""28.499"", ""retrieval_time_query_p50(ms)"": ""59.912"", ""retrieval_time_query_p95(ms)"": ""78.156""}",profiling/igp_paper_cpu/chunks/igp_val_20260424T111000Z_fix1/val/lotte/igp_lotte_top100_val_chunk_009.json
igp_val_20260424T111000Z_fix1,val,lotte,100,recall@100,50,16,500,269.3965517241379,269.3965517241379,92.44058,10.817759905876835,3.712,0.3133645927297296,159.55854988098145,0.6928,0.72,0.91,"{""decode_time_average(ms)"": ""34.040"", ""filter_time_average(ms)"": ""36.942"", ""incremental_graph_n_compute_l_average"": ""20579.560"", ""n_seen_item_average"": ""97291.440"", ""n_vq_score_linear_scan_average"": ""438661.520"", ""refine_time_average(ms)"": ""21.457"", ""retrieval_time_average(ms)"": ""3.712"", ""retrieval_time_query_average(ms)"": ""92.440"", ""retrieval_time_query_p5(ms)"": ""53.617"", ""retrieval_time_query_p50(ms)"": ""93.694"", ""retrieval_time_query_p95(ms)"": ""126.984""}",profiling/igp_paper_cpu/chunks/igp_val_20260424T111000Z_fix1/val/lotte/igp_lotte_top100_val_chunk_009.json
igp_val_20260424T111000Z_fix1,val,lotte,100,recall@100,50,16,1000,167.19612104999163,167.19612104999163,148.40216,6.738446394580779,5.981,0.31145146240872573,160.538658618927,0.7664,0.805,0.9255,"{""decode_time_average(ms)"": ""61.134"", ""filter_time_average(ms)"": ""39.032"", ""incremental_graph_n_compute_l_average"": ""20579.560"", ""n_seen_item_average"": ""97291.440"", ""n_vq_score_linear_scan_average"": ""438661.520"", ""refine_time_average(ms)"": ""48.233"", ""retrieval_time_average(ms)"": ""5.981"", ""retrieval_time_query_average(ms)"": ""148.402"", ""retrieval_time_query_p5(ms)"": ""79.546"", ""retrieval_time_query_p50(ms)"": ""166.954"", ""retrieval_time_query_p95(ms)"": ""193.000""}",profiling/igp_paper_cpu/chunks/igp_val_20260424T111000Z_fix1/val/lotte/igp_lotte_top100_val_chunk_009.json
igp_val_20260424T111000Z_fix1,val,lotte,100,recall@100,50,16,2000,93.17927692881103,93.17927692881103,308.67373999999995,3.239666581290654,10.732,0.294328153750352,169.87841415405273,0.816,0.855,0.941,"{""decode_time_average(ms)"": ""160.902"", ""filter_time_average(ms)"": ""53.082"", ""incremental_graph_n_compute_l_average"": ""20579.560"", ""n_seen_item_average"": ""97291.440"", ""n_vq_score_linear_scan_average"": ""438661.520"", ""refine_time_average(ms)"": ""94.686"", ""retrieval_time_average(ms)"": ""10.732"", ""retrieval_time_query_average(ms)"": ""308.674"", ""retrieval_time_query_p5(ms)"": ""183.107"", ""retrieval_time_query_p50(ms)"": ""306.744"", ""retrieval_time_query_p95(ms)"": ""433.061""}",profiling/igp_paper_cpu/chunks/igp_val_20260424T111000Z_fix1/val/lotte/igp_lotte_top100_val_chunk_010.json
igp_val_20260424T111000Z_fix1,val,lotte,100,recall@100,50,16,3000,67.8472080873872,67.8472080873872,396.46118,2.5223150473395655,14.739,0.2917072206987362,171.40473890304565,0.8297999999999999,0.885,0.9454999999999999,"{""decode_time_average(ms)"": ""196.326"", ""filter_time_average(ms)"": ""46.621"", ""incremental_graph_n_compute_l_average"": ""20579.560"", ""n_seen_item_average"": ""97291.440"", ""n_vq_score_linear_scan_average"": ""438661.520"", ""refine_time_average(ms)"": ""153.510"", ""retrieval_time_average(ms)"": ""14.739"", ""retrieval_time_query_average(ms)"": ""396.461"", ""retrieval_time_query_p5(ms)"": ""207.281"", ""retrieval_time_query_p50(ms)"": ""440.380"", ""retrieval_time_query_p95(ms)"": ""530.371""}",profiling/igp_paper_cpu/chunks/igp_val_20260424T111000Z_fix1/val/lotte/igp_lotte_top100_val_chunk_010.json
igp_val_20260424T111000Z_fix1,val,lotte,100,recall@100,50,16,4000,53.73166406963623,53.73166406963623,530.77986,1.8840202414613094,18.611,0.28783075208327114,173.713196516037,0.8414,0.885,0.941,"{""decode_time_average(ms)"": ""268.325"", ""filter_time_average(ms)"": ""43.601"", ""incremental_graph_n_compute_l_average"": ""20579.560"", ""n_seen_item_average"": ""97291.440"", ""n_vq_score_linear_scan_average"": ""438661.520"", ""refine_time_average(ms)"": ""218.853"", ""retrieval_time_average(ms)"": ""18.611"", ""retrieval_time_query_average(ms)"": ""530.780"", ""retrieval_time_query_p5(ms)"": ""272.246"", ""retrieval_time_query_p50(ms)"": ""601.080"", ""retrieval_time_query_p95(ms)"": ""683.031""}",profiling/igp_paper_cpu/chunks/igp_val_20260424T111000Z_fix1/val/lotte/igp_lotte_top100_val_chunk_010.json
igp_val_20260424T111000Z_fix1,val,lotte,100,recall@100,50,16,6000,41.230312525768944,41.230312525768944,645.18326,1.5499472196473294,24.254,0.28034786506859094,178.3498511314392,0.8546,0.89,0.9454999999999999,"{""decode_time_average(ms)"": ""329.782"", ""filter_time_average(ms)"": ""41.502"", ""incremental_graph_n_compute_l_average"": ""20579.560"", ""n_seen_item_average"": ""97291.440"", ""n_vq_score_linear_scan_average"": ""438661.520"", ""refine_time_average(ms)"": ""273.897"", ""retrieval_time_average(ms)"": ""24.254"", ""retrieval_time_query_average(ms)"": ""645.183"", ""retrieval_time_query_p5(ms)"": ""373.952"", ""retrieval_time_query_p50(ms)"": ""741.136"", ""retrieval_time_query_p95(ms)"": ""804.740""}",profiling/igp_paper_cpu/chunks/igp_val_20260424T111000Z_fix1/val/lotte/igp_lotte_top100_val_chunk_010.json
igp_val_20260424T111000Z_fix1,val,lotte,100,recall@100,50,32,100,270.6359945872801,270.6359945872801,105.69924,9.460805962275604,3.695,0.31521562079155835,158.62158060073853,0.4296,0.39,0.6855,"{""decode_time_average(ms)"": ""29.976"", ""filter_time_average(ms)"": ""72.282"", ""incremental_graph_n_compute_l_average"": ""27344.280"", ""n_seen_item_average"": ""176598.760"", ""n_vq_score_linear_scan_average"": ""858289.920"", ""refine_time_average(ms)"": ""3.439"", ""retrieval_time_average(ms)"": ""3.695"", ""retrieval_time_query_average(ms)"": ""105.699"", ""retrieval_time_query_p5(ms)"": ""57.282"", ""retrieval_time_query_p50(ms)"": ""89.825"", ""retrieval_time_query_p95(ms)"": ""168.657""}",profiling/igp_paper_cpu/chunks/igp_val_20260424T111000Z_fix1/val/lotte/igp_lotte_top100_val_chunk_011.json
igp_val_20260424T111000Z_fix1,val,lotte,100,recall@100,50,32,200,289.35185185185185,289.35185185185185,72.83996,13.728728022365745,3.456,0.31624361924273187,158.10595679283142,0.5672,0.55,0.8509999999999999,"{""decode_time_average(ms)"": ""11.309"", ""filter_time_average(ms)"": ""53.987"", ""incremental_graph_n_compute_l_average"": ""27344.280"", ""n_seen_item_average"": ""176598.760"", ""n_vq_score_linear_scan_average"": ""858289.920"", ""refine_time_average(ms)"": ""7.543"", ""retrieval_time_average(ms)"": ""3.456"", ""retrieval_time_query_average(ms)"": ""72.840"", ""retrieval_time_query_p5(ms)"": ""44.266"", ""retrieval_time_query_p50(ms)"": ""75.279"", ""retrieval_time_query_p95(ms)"": ""99.586""}",profiling/igp_paper_cpu/chunks/igp_val_20260424T111000Z_fix1/val/lotte/igp_lotte_top100_val_chunk_011.json
igp_val_20260424T111000Z_fix1,val,lotte,100,recall@100,50,32,500,204.0816326530612,204.0816326530612,118.36126,8.4487103297143,4.9,0.31482220844997827,158.81979942321777,0.7027999999999999,0.735,0.9255,"{""decode_time_average(ms)"": ""37.213"", ""filter_time_average(ms)"": ""60.144"", ""incremental_graph_n_compute_l_average"": ""27344.280"", ""n_seen_item_average"": ""176598.760"", ""n_vq_score_linear_scan_average"": ""858289.920"", ""refine_time_average(ms)"": ""21.003"", ""retrieval_time_average(ms)"": ""4.900"", ""retrieval_time_query_average(ms)"": ""118.361"", ""retrieval_time_query_p5(ms)"": ""67.766"", ""retrieval_time_query_p50(ms)"": ""123.825"", ""retrieval_time_query_p95(ms)"": ""157.844""}",profiling/igp_paper_cpu/chunks/igp_val_20260424T111000Z_fix1/val/lotte/igp_lotte_top100_val_chunk_011.json
igp_val_20260424T111000Z_fix1,val,lotte,100,recall@100,50,32,1000,135.68521031207598,135.68521031207598,193.40937999999997,5.170380050853791,7.37,0.31369601774821765,159.3899736404419,0.7794,0.83,0.93,"{""decode_time_average(ms)"": ""79.226"", ""filter_time_average(ms)"": ""71.092"", ""incremental_graph_n_compute_l_average"": ""27344.280"", ""n_seen_item_average"": ""176598.760"", ""n_vq_score_linear_scan_average"": ""858289.920"", ""refine_time_average(ms)"": ""43.090"", ""retrieval_time_average(ms)"": ""7.370"", ""retrieval_time_query_average(ms)"": ""193.409"", ""retrieval_time_query_p5(ms)"": ""113.637"", ""retrieval_time_query_p50(ms)"": ""198.957"", ""retrieval_time_query_p95(ms)"": ""256.407""}",profiling/igp_paper_cpu/chunks/igp_val_20260424T111000Z_fix1/val/lotte/igp_lotte_top100_val_chunk_011.json
igp_val_20260424T111000Z_fix1,val,lotte,100,recall@100,50,32,2000,66.05019815059445,66.05019815059445,357.4474399999999,2.7976141051674626,15.14,0.30695643621298896,162.88956379890442,0.8245999999999999,0.875,0.95,"{""decode_time_average(ms)"": ""125.602"", ""filter_time_average(ms)"": ""135.440"", ""incremental_graph_n_compute_l_average"": ""27344.280"", ""n_seen_item_average"": ""176598.760"", ""n_vq_score_linear_scan_average"": ""858289.920"", ""refine_time_average(ms)"": ""96.404"", ""retrieval_time_average(ms)"": ""15.140"", ""retrieval_time_query_average(ms)"": ""357.447"", ""retrieval_time_query_p5(ms)"": ""238.637"", ""retrieval_time_query_p50(ms)"": ""341.839"", ""retrieval_time_query_p95(ms)"": ""452.082""}",profiling/igp_paper_cpu/chunks/igp_val_20260424T111000Z_fix1/val/lotte/igp_lotte_top100_val_chunk_012.json
igp_val_20260424T111000Z_fix1,val,lotte,100,recall@100,50,32,3000,66.72449456195369,66.72449456195369,399.3206400000001,2.5042532236750894,14.987,0.30320545511542163,164.9046847820282,0.8399999999999999,0.88,0.95,"{""decode_time_average(ms)"": ""164.122"", ""filter_time_average(ms)"": ""85.266"", ""incremental_graph_n_compute_l_average"": ""27344.280"", ""n_seen_item_average"": ""176598.760"", ""n_vq_score_linear_scan_average"": ""858289.920"", ""refine_time_average(ms)"": ""149.930"", ""retrieval_time_average(ms)"": ""14.987"", ""retrieval_time_query_average(ms)"": ""399.321"", ""retrieval_time_query_p5(ms)"": ""229.026"", ""retrieval_time_query_p50(ms)"": ""445.246"", ""retrieval_time_query_p95(ms)"": ""508.178""}",profiling/igp_paper_cpu/chunks/igp_val_20260424T111000Z_fix1/val/lotte/igp_lotte_top100_val_chunk_012.json
igp_val_20260424T111000Z_fix1,val,lotte,100,recall@100,50,32,4000,60.620756547041715,60.620756547041715,415.92081999999994,2.4043037807051837,16.496,0.2993090852800954,167.05139422416687,0.847,0.88,0.95,"{""decode_time_average(ms)"": ""190.618"", ""filter_time_average(ms)"": ""64.945"", ""incremental_graph_n_compute_l_average"": ""27344.280"", ""n_seen_item_average"": ""176598.760"", ""n_vq_score_linear_scan_average"": ""858289.920"", ""refine_time_average(ms)"": ""160.356"", ""retrieval_time_average(ms)"": ""16.496"", ""retrieval_time_query_average(ms)"": ""415.921"", ""retrieval_time_query_p5(ms)"": ""275.470"", ""retrieval_time_query_p50(ms)"": ""463.999"", ""retrieval_time_query_p95(ms)"": ""522.755""}",profiling/igp_paper_cpu/chunks/igp_val_20260424T111000Z_fix1/val/lotte/igp_lotte_top100_val_chunk_012.json
igp_val_20260424T111000Z_fix1,val,lotte,100,recall@100,50,32,6000,49.583498611662044,49.583498611662044,487.15998,2.052713771767541,20.168,0.2900108552446883,172.4073395729065,0.8654,0.89,0.95,"{""decode_time_average(ms)"": ""246.297"", ""filter_time_average(ms)"": ""72.571"", ""incremental_graph_n_compute_l_average"": ""27344.280"", ""n_seen_item_average"": ""176598.760"", ""n_vq_score_linear_scan_average"": ""858289.920"", ""refine_time_average(ms)"": ""168.290"", ""retrieval_time_average(ms)"": ""20.168"", ""retrieval_time_query_average(ms)"": ""487.160"", ""retrieval_time_query_p5(ms)"": ""378.424"", ""retrieval_time_query_p50(ms)"": ""507.254"", ""retrieval_time_query_p95(ms)"": ""579.423""}",profiling/igp_paper_cpu/chunks/igp_val_20260424T111000Z_fix1/val/lotte/igp_lotte_top100_val_chunk_012.json
igp_val_20260424T111000Z_fix1,val,lotte,100,recall@100,50,64,100,182.3819077147547,182.3819077147547,135.25874000000002,7.393237583020512,5.483,0.3110065044305301,160.76834177970886,0.4296,0.415,0.6954999999999999,"{""decode_time_average(ms)"": ""12.934"", ""filter_time_average(ms)"": ""118.842"", ""incremental_graph_n_compute_l_average"": ""40803.480"", ""n_seen_item_average"": ""311528.720"", ""n_vq_score_linear_scan_average"": ""1673821.680"", ""refine_time_average(ms)"": ""3.482"", ""retrieval_time_average(ms)"": ""5.483"", ""retrieval_time_query_average(ms)"": ""135.259"", ""retrieval_time_query_p5(ms)"": ""72.894"", ""retrieval_time_query_p50(ms)"": ""148.374"", ""retrieval_time_query_p95(ms)"": ""176.493""}",profiling/igp_paper_cpu/chunks/igp_val_20260424T111000Z_fix1/val/lotte/igp_lotte_top100_val_chunk_013.json
igp_val_20260424T111000Z_fix1,val,lotte,100,recall@100,50,64,200,179.6299622777079,179.6299622777079,126.59600000000002,7.899143732819361,5.567,0.31208001159871346,160.21532344818115,0.5676,0.545,0.86,"{""decode_time_average(ms)"": ""11.017"", ""filter_time_average(ms)"": ""109.299"", ""incremental_graph_n_compute_l_average"": ""40803.480"", ""n_seen_item_average"": ""311528.720"", ""n_vq_score_linear_scan_average"": ""1673821.680"", ""refine_time_average(ms)"": ""6.278"", ""retrieval_time_average(ms)"": ""5.567"", ""retrieval_time_query_average(ms)"": ""126.596"", ""retrieval_time_query_p5(ms)"": ""74.378"", ""retrieval_time_query_p50(ms)"": ""129.617"", ""retrieval_time_query_p95(ms)"": ""169.622""}",profiling/igp_paper_cpu/chunks/igp_val_20260424T111000Z_fix1/val/lotte/igp_lotte_top100_val_chunk_013.json
igp_val_20260424T111000Z_fix1,val,lotte,100,recall@100,50,64,500,147.23203769140164,147.23203769140164,152.89038000000002,6.5406338842247616,6.792,0.31098015664819895,160.7819628715515,0.7126,0.73,0.941,"{""decode_time_average(ms)"": ""23.972"", ""filter_time_average(ms)"": ""111.619"", ""incremental_graph_n_compute_l_average"": ""40803.480"", ""n_seen_item_average"": ""311528.720"", ""n_vq_score_linear_scan_average"": ""1673821.680"", ""refine_time_average(ms)"": ""17.298"", ""retrieval_time_average(ms)"": ""6.792"", ""retrieval_time_query_average(ms)"": ""152.890"", ""retrieval_time_query_p5(ms)"": ""96.650"", ""retrieval_time_query_p50(ms)"": ""149.261"", ""retrieval_time_query_p95(ms)"": ""205.545""}",profiling/igp_paper_cpu/chunks/igp_val_20260424T111000Z_fix1/val/lotte/igp_lotte_top100_val_chunk_013.json
igp_val_20260424T111000Z_fix1,val,lotte,100,recall@100,50,64,1000,110.12003083360864,110.12003083360864,207.12829999999997,4.827925493522614,9.081,0.30916403776501866,161.7264425754547,0.7894,0.83,0.95,"{""decode_time_average(ms)"": ""50.127"", ""filter_time_average(ms)"": ""116.783"", ""incremental_graph_n_compute_l_average"": ""40803.480"", ""n_seen_item_average"": ""311528.720"", ""n_vq_score_linear_scan_average"": ""1673821.680"", ""refine_time_average(ms)"": ""40.216"", ""retrieval_time_average(ms)"": ""9.081"", ""retrieval_time_query_average(ms)"": ""207.128"", ""retrieval_time_query_p5(ms)"": ""131.602"", ""retrieval_time_query_p50(ms)"": ""207.066"", ""retrieval_time_query_p95(ms)"": ""282.621""}",profiling/igp_paper_cpu/chunks/igp_val_20260424T111000Z_fix1/val/lotte/igp_lotte_top100_val_chunk_013.json
igp_val_20260424T111000Z_fix1,val,lotte,100,recall@100,50,64,2000,69.66213862765586,69.66213862765586,381.1034,2.6239597967375783,14.355,0.3084365247385447,162.10790872573853,0.8319999999999999,0.865,0.95,"{""decode_time_average(ms)"": ""150.499"", ""filter_time_average(ms)"": ""144.396"", ""incremental_graph_n_compute_l_average"": ""40803.480"", ""n_seen_item_average"": ""311528.720"", ""n_vq_score_linear_scan_average"": ""1673821.680"", ""refine_time_average(ms)"": ""86.207"", ""retrieval_time_average(ms)"": ""14.355"", ""retrieval_time_query_average(ms)"": ""381.103"", ""retrieval_time_query_p5(ms)"": ""247.152"", ""retrieval_time_query_p50(ms)"": ""370.602"", ""retrieval_time_query_p95(ms)"": ""505.756""}",profiling/igp_paper_cpu/chunks/igp_val_20260424T111000Z_fix1/val/lotte/igp_lotte_top100_val_chunk_014.json
igp_val_20260424T111000Z_fix1,val,lotte,100,recall@100,50,64,3000,57.98446016467587,57.98446016467587,441.1771800000001,2.266663021872527,17.246,0.30475821867057584,164.06448435783386,0.8505999999999999,0.88,0.95,"{""decode_time_average(ms)"": ""186.440"", ""filter_time_average(ms)"": ""113.262"", ""incremental_graph_n_compute_l_average"": ""40803.480"", ""n_seen_item_average"": ""311528.720"", ""n_vq_score_linear_scan_average"": ""1673821.680"", ""refine_time_average(ms)"": ""141.473"", ""retrieval_time_average(ms)"": ""17.246"", ""retrieval_time_query_average(ms)"": ""441.177"", ""retrieval_time_query_p5(ms)"": ""255.492"", ""retrieval_time_query_p50(ms)"": ""481.282"", ""retrieval_time_query_p95(ms)"": ""559.749""}",profiling/igp_paper_cpu/chunks/igp_val_20260424T111000Z_fix1/val/lotte/igp_lotte_top100_val_chunk_014.json
igp_val_20260424T111000Z_fix1,val,lotte,100,recall@100,50,64,4000,44.71072163104713,44.71072163104713,580.91836,1.7214122824418907,22.366,0.30183752389510604,165.65203475952148,0.8555999999999999,0.89,0.95,"{""decode_time_average(ms)"": ""253.663"", ""filter_time_average(ms)"": ""137.162"", ""incremental_graph_n_compute_l_average"": ""40803.480"", ""n_seen_item_average"": ""311528.720"", ""n_vq_score_linear_scan_average"": ""1673821.680"", ""refine_time_average(ms)"": ""190.091"", ""retrieval_time_average(ms)"": ""22.366"", ""retrieval_time_query_average(ms)"": ""580.918"", ""retrieval_time_query_p5(ms)"": ""313.340"", ""retrieval_time_query_p50(ms)"": ""650.150"", ""retrieval_time_query_p95(ms)"": ""745.112""}",profiling/igp_paper_cpu/chunks/igp_val_20260424T111000Z_fix1/val/lotte/igp_lotte_top100_val_chunk_014.json
igp_val_20260424T111000Z_fix1,val,lotte,100,recall@100,50,64,6000,36.88539707129947,36.88539707129947,686.28808,1.4571140445860578,27.111,0.29313668549794286,170.5688931941986,0.8632,0.89,0.95,"{""decode_time_average(ms)"": ""336.102"", ""filter_time_average(ms)"": ""122.018"", ""incremental_graph_n_compute_l_average"": ""40803.480"", ""n_seen_item_average"": ""311528.720"", ""n_vq_score_linear_scan_average"": ""1673821.680"", ""refine_time_average(ms)"": ""228.165"", ""retrieval_time_average(ms)"": ""27.111"", ""retrieval_time_query_average(ms)"": ""686.288"", ""retrieval_time_query_p5(ms)"": ""434.790"", ""retrieval_time_query_p50(ms)"": ""722.246"", ""retrieval_time_query_p95(ms)"": ""892.286""}",profiling/igp_paper_cpu/chunks/igp_val_20260424T111000Z_fix1/val/lotte/igp_lotte_top100_val_chunk_014.json
igp_val_20260424T111000Z_fix1,val,lotte,10,recall@10,50,1,10,859.8452278589854,859.8452278589854,33.52096,29.832081181445876,1.163,0.31760512236033295,157.42819142341614,0.23199999999999998,0.2,0.6,"{""decode_time_average(ms)"": ""8.889"", ""filter_time_average(ms)"": ""23.916"", ""incremental_graph_n_compute_l_average"": ""13660.740"", ""n_seen_item_average"": ""10018.040"", ""n_vq_score_linear_scan_average"": ""27709.640"", ""refine_time_average(ms)"": ""0.716"", ""retrieval_time_average(ms)"": ""1.163"", ""retrieval_time_query_average(ms)"": ""33.521"", ""retrieval_time_query_p5(ms)"": ""5.926"", ""retrieval_time_query_p50(ms)"": ""42.871"", ""retrieval_time_query_p95(ms)"": ""55.358""}",profiling/igp_paper_cpu/chunks/igp_val_20260424T111000Z_fix1/val/lotte/igp_lotte_top10_val_chunk_001.json
igp_val_20260424T111000Z_fix1,val,lotte,10,recall@10,50,1,20,1524.390243902439,1524.390243902439,20.43788,48.92875386292512,0.656,0.3190025082260365,156.73857951164246,0.31999999999999995,0.3,0.8549999999999998,"{""decode_time_average(ms)"": ""3.888"", ""filter_time_average(ms)"": ""15.812"", ""incremental_graph_n_compute_l_average"": ""13660.740"", ""n_seen_item_average"": ""10018.040"", ""n_vq_score_linear_scan_average"": ""27709.640"", ""refine_time_average(ms)"": ""0.737"", ""retrieval_time_average(ms)"": ""0.656"", ""retrieval_time_query_average(ms)"": ""20.438"", ""retrieval_time_query_p5(ms)"": ""6.590"", ""retrieval_time_query_p50(ms)"": ""24.741"", ""retrieval_time_query_p95(ms)"": ""27.948""}",profiling/igp_paper_cpu/chunks/igp_val_20260424T111000Z_fix1/val/lotte/igp_lotte_top10_val_chunk_001.json
igp_val_20260424T111000Z_fix1,val,lotte,10,recall@10,50,1,50,1101.3215859030836,1101.3215859030836,28.489799999999995,35.10028150425767,0.908,0.3185444299503816,156.96397519111633,0.41400000000000003,0.4,0.9,"{""decode_time_average(ms)"": ""9.181"", ""filter_time_average(ms)"": ""17.321"", ""incremental_graph_n_compute_l_average"": ""13660.740"", ""n_seen_item_average"": ""10018.040"", ""n_vq_score_linear_scan_average"": ""27709.640"", ""refine_time_average(ms)"": ""1.987"", ""retrieval_time_average(ms)"": ""0.908"", ""retrieval_time_query_average(ms)"": ""28.490"", ""retrieval_time_query_p5(ms)"": ""11.423"", ""retrieval_time_query_p50(ms)"": ""30.733"", ""retrieval_time_query_p95(ms)"": ""43.347""}",profiling/igp_paper_cpu/chunks/igp_val_20260424T111000Z_fix1/val/lotte/igp_lotte_top10_val_chunk_001.json
igp_val_20260424T111000Z_fix1,val,lotte,10,recall@10,50,1,100,764.525993883792,764.525993883792,36.83154,27.150643171586093,1.308,0.31805556794539325,157.20523405075073,0.47600000000000003,0.5,1.0,"{""decode_time_average(ms)"": ""15.408"", ""filter_time_average(ms)"": ""17.484"", ""incremental_graph_n_compute_l_average"": ""13660.740"", ""n_seen_item_average"": ""10018.040"", ""n_vq_score_linear_scan_average"": ""27709.640"", ""refine_time_average(ms)"": ""3.939"", ""retrieval_time_average(ms)"": ""1.308"", ""retrieval_time_query_average(ms)"": ""36.832"", ""retrieval_time_query_p5(ms)"": ""16.617"", ""retrieval_time_query_p50(ms)"": ""36.386"", ""retrieval_time_query_p95(ms)"": ""57.771""}",profiling/igp_paper_cpu/chunks/igp_val_20260424T111000Z_fix1/val/lotte/igp_lotte_top10_val_chunk_001.json
igp_val_20260424T111000Z_fix1,val,lotte,10,recall@10,50,1,200,278.6291446085261,278.6291446085261,88.48549999999999,11.301286651485274,3.589,0.3164881597578491,157.983793258667,0.52,0.5,1.0,"{""decode_time_average(ms)"": ""47.539"", ""filter_time_average(ms)"": ""33.522"", ""incremental_graph_n_compute_l_average"": ""13660.740"", ""n_seen_item_average"": ""10018.040"", ""n_vq_score_linear_scan_average"": ""27709.640"", ""refine_time_average(ms)"": ""7.424"", ""retrieval_time_average(ms)"": ""3.589"", ""retrieval_time_query_average(ms)"": ""88.485"", ""retrieval_time_query_p5(ms)"": ""22.667"", ""retrieval_time_query_p50(ms)"": ""80.920"", ""retrieval_time_query_p95(ms)"": ""167.200""}",profiling/igp_paper_cpu/chunks/igp_val_20260424T111000Z_fix1/val/lotte/igp_lotte_top10_val_chunk_002.json
igp_val_20260424T111000Z_fix1,val,lotte,10,recall@10,50,1,300,512.5576627370579,512.5576627370579,54.14728,18.468148353897,1.951,0.3169265020479713,157.76528525352478,0.542,0.5,0.9549999999999997,"{""decode_time_average(ms)"": ""21.903"", ""filter_time_average(ms)"": ""17.802"", ""incremental_graph_n_compute_l_average"": ""13660.740"", ""n_seen_item_average"": ""10018.040"", ""n_vq_score_linear_scan_average"": ""27709.640"", ""refine_time_average(ms)"": ""14.441"", ""retrieval_time_average(ms)"": ""1.951"", ""retrieval_time_query_average(ms)"": ""54.147"", ""retrieval_time_query_p5(ms)"": ""23.436"", ""retrieval_time_query_p50(ms)"": ""62.987"", ""retrieval_time_query_p95(ms)"": ""71.944""}",profiling/igp_paper_cpu/chunks/igp_val_20260424T111000Z_fix1/val/lotte/igp_lotte_top10_val_chunk_002.json
igp_val_20260424T111000Z_fix1,val,lotte,10,recall@10,50,1,400,396.03960396039605,396.03960396039605,76.54961999999999,13.063422130638926,2.525,0.3161943432447944,158.13059616088867,0.564,0.6,0.9549999999999997,"{""decode_time_average(ms)"": ""40.131"", ""filter_time_average(ms)"": ""18.692"", ""incremental_graph_n_compute_l_average"": ""13660.740"", ""n_seen_item_average"": ""10018.040"", ""n_vq_score_linear_scan_average"": ""27709.640"", ""refine_time_average(ms)"": ""17.726"", ""retrieval_time_average(ms)"": ""2.525"", ""retrieval_time_query_average(ms)"": ""76.550"", ""retrieval_time_query_p5(ms)"": ""34.722"", ""retrieval_time_query_p50(ms)"": ""81.868"", ""retrieval_time_query_p95(ms)"": ""109.867""}",profiling/igp_paper_cpu/chunks/igp_val_20260424T111000Z_fix1/val/lotte/igp_lotte_top10_val_chunk_002.json
igp_val_20260424T111000Z_fix1,val,lotte,10,recall@10,50,1,600,304.32136335970785,304.32136335970785,100.90568000000002,9.910244894043624,3.286,0.3155172872744541,158.46992230415344,0.584,0.6,0.9549999999999997,"{""decode_time_average(ms)"": ""56.492"", ""filter_time_average(ms)"": ""17.092"", ""incremental_graph_n_compute_l_average"": ""13660.740"", ""n_seen_item_average"": ""10018.040"", ""n_vq_score_linear_scan_average"": ""27709.640"", ""refine_time_average(ms)"": ""27.321"", ""retrieval_time_average(ms)"": ""3.286"", ""retrieval_time_query_average(ms)"": ""100.906"", ""retrieval_time_query_p5(ms)"": ""53.262"", ""retrieval_time_query_p50(ms)"": ""106.412"", ""retrieval_time_query_p95(ms)"": ""142.439""}",profiling/igp_paper_cpu/chunks/igp_val_20260424T111000Z_fix1/val/lotte/igp_lotte_top10_val_chunk_002.json
igp_val_20260424T111000Z_fix1,val,lotte,10,recall@10,50,2,10,1042.752867570386,1042.752867570386,28.529519999999998,35.051413413194474,0.959,0.3010306389859166,166.096049785614,0.302,0.3,0.5549999999999997,"{""decode_time_average(ms)"": ""6.978"", ""filter_time_average(ms)"": ""21.004"", ""incremental_graph_n_compute_l_average"": ""14117.980"", ""n_seen_item_average"": ""17004.460"", ""n_vq_score_linear_scan_average"": ""55142.720"", ""refine_time_average(ms)"": ""0.548"", ""retrieval_time_average(ms)"": ""0.959"", ""retrieval_time_query_average(ms)"": ""28.530"", ""retrieval_time_query_p5(ms)"": ""8.903"", ""retrieval_time_query_p50(ms)"": ""33.515"", ""retrieval_time_query_p95(ms)"": ""43.097""}",profiling/igp_paper_cpu/chunks/igp_val_20260424T111000Z_fix1/val/lotte/igp_lotte_top10_val_chunk_003.json
igp_val_20260424T111000Z_fix1,val,lotte,10,recall@10,50,2,20,1344.0860215053763,1344.0860215053763,22.674940000000007,44.10154999307604,0.744,0.3032015496978377,164.9068088531494,0.43200000000000005,0.45,0.8549999999999998,"{""decode_time_average(ms)"": ""3.832"", ""filter_time_average(ms)"": ""18.120"", ""incremental_graph_n_compute_l_average"": ""14117.980"", ""n_seen_item_average"": ""17004.460"", ""n_vq_score_linear_scan_average"": ""55142.720"", ""refine_time_average(ms)"": ""0.722"", ""retrieval_time_average(ms)"": ""0.744"", ""retrieval_time_query_average(ms)"": ""22.675"", ""retrieval_time_query_p5(ms)"": ""7.224"", ""retrieval_time_query_p50(ms)"": ""27.427"", ""retrieval_time_query_p95(ms)"": ""32.825""}",profiling/igp_paper_cpu/chunks/igp_val_20260424T111000Z_fix1/val/lotte/igp_lotte_top10_val_chunk_003.json
igp_val_20260424T111000Z_fix1,val,lotte,10,recall@10,50,2,50,1025.6410256410256,1025.6410256410256,31.2117,32.03926732603479,0.975,0.30324444291369557,164.883483171463,0.5479999999999999,0.6,0.9,"{""decode_time_average(ms)"": ""9.021"", ""filter_time_average(ms)"": ""20.149"", ""incremental_graph_n_compute_l_average"": ""14117.980"", ""n_seen_item_average"": ""17004.460"", ""n_vq_score_linear_scan_average"": ""55142.720"", ""refine_time_average(ms)"": ""2.042"", ""retrieval_time_average(ms)"": ""0.975"", ""retrieval_time_query_average(ms)"": ""31.212"", ""retrieval_time_query_p5(ms)"": ""14.010"", ""retrieval_time_query_p50(ms)"": ""31.938"", ""retrieval_time_query_p95(ms)"": ""47.411""}",profiling/igp_paper_cpu/chunks/igp_val_20260424T111000Z_fix1/val/lotte/igp_lotte_top10_val_chunk_003.json
igp_val_20260424T111000Z_fix1,val,lotte,10,recall@10,50,2,100,747.3841554559043,747.3841554559043,40.90392000000001,24.4475346128195,1.338,0.3025262733752408,165.27490139007568,0.588,0.6,0.9,"{""decode_time_average(ms)"": ""16.474"", ""filter_time_average(ms)"": ""20.330"", ""incremental_graph_n_compute_l_average"": ""14117.980"", ""n_seen_item_average"": ""17004.460"", ""n_vq_score_linear_scan_average"": ""55142.720"", ""refine_time_average(ms)"": ""4.100"", ""retrieval_time_average(ms)"": ""1.338"", ""retrieval_time_query_average(ms)"": ""40.904"", ""retrieval_time_query_p5(ms)"": ""17.994"", ""retrieval_time_query_p50(ms)"": ""38.980"", ""retrieval_time_query_p95(ms)"": ""65.580""}",profiling/igp_paper_cpu/chunks/igp_val_20260424T111000Z_fix1/val/lotte/igp_lotte_top10_val_chunk_003.json
igp_val_20260424T111000Z_fix1,val,lotte,10,recall@10,50,2,200,519.7505197505197,519.7505197505197,59.121140000000004,16.91442350401227,1.924,0.3115460267609633,160.4899299144745,0.6239999999999999,0.6499999999999999,0.9549999999999997,"{""decode_time_average(ms)"": ""24.118"", ""filter_time_average(ms)"": ""26.847"", ""incremental_graph_n_compute_l_average"": ""14117.980"", ""n_seen_item_average"": ""17004.460"", ""n_vq_score_linear_scan_average"": ""55142.720"", ""refine_time_average(ms)"": ""8.156"", ""retrieval_time_average(ms)"": ""1.924"", ""retrieval_time_query_average(ms)"": ""59.121"", ""retrieval_time_query_p5(ms)"": ""23.464"", ""retrieval_time_query_p50(ms)"": ""53.848"", ""retrieval_time_query_p95(ms)"": ""95.095""}",profiling/igp_paper_cpu/chunks/igp_val_20260424T111000Z_fix1/val/lotte/igp_lotte_top10_val_chunk_004.json
igp_val_20260424T111000Z_fix1,val,lotte,10,recall@10,50,2,300,509.94390617032127,509.94390617032127,54.23486,18.438325460782973,1.961,0.3117311361166171,160.394629240036,0.6359999999999999,0.7,1.0,"{""decode_time_average(ms)"": ""20.807"", ""filter_time_average(ms)"": ""18.006"", ""incremental_graph_n_compute_l_average"": ""14117.980"", ""n_seen_item_average"": ""17004.460"", ""n_vq_score_linear_scan_average"": ""55142.720"", ""refine_time_average(ms)"": ""15.421"", ""retrieval_time_average(ms)"": ""1.961"", ""retrieval_time_query_average(ms)"": ""54.235"", ""retrieval_time_query_p5(ms)"": ""23.986"", ""retrieval_time_query_p50(ms)"": ""63.002"", ""retrieval_time_query_p95(ms)"": ""70.889""}",profiling/igp_paper_cpu/chunks/igp_val_20260424T111000Z_fix1/val/lotte/igp_lotte_top10_val_chunk_004.json
igp_val_20260424T111000Z_fix1,val,lotte,10,recall@10,50,2,400,437.25404459991256,437.25404459991256,66.26172000000001,15.091669820825656,2.287,0.31180040719192753,160.3589951992035,0.652,0.7,1.0,"{""decode_time_average(ms)"": ""27.790"", ""filter_time_average(ms)"": ""17.766"", ""incremental_graph_n_compute_l_average"": ""14117.980"", ""n_seen_item_average"": ""17004.460"", ""n_vq_score_linear_scan_average"": ""55142.720"", ""refine_time_average(ms)"": ""20.705"", ""retrieval_time_average(ms)"": ""2.287"", ""retrieval_time_query_average(ms)"": ""66.262"", ""retrieval_time_query_p5(ms)"": ""29.842"", ""retrieval_time_query_p50(ms)"": ""75.333"", ""retrieval_time_query_p95(ms)"": ""86.999""}",profiling/igp_paper_cpu/chunks/igp_val_20260424T111000Z_fix1/val/lotte/igp_lotte_top10_val_chunk_004.json
igp_val_20260424T111000Z_fix1,val,lotte,10,recall@10,50,2,600,323.8341968911917,323.8341968911917,88.49584,11.299966190501157,3.088,0.31128236670781984,160.6258668899536,0.6619999999999999,0.7,1.0,"{""decode_time_average(ms)"": ""39.322"", ""filter_time_average(ms)"": ""17.632"", ""incremental_graph_n_compute_l_average"": ""14117.980"", ""n_seen_item_average"": ""17004.460"", ""n_vq_score_linear_scan_average"": ""55142.720"", ""refine_time_average(ms)"": ""31.542"", ""retrieval_time_average(ms)"": ""3.088"", ""retrieval_time_query_average(ms)"": ""88.496"", ""retrieval_time_query_p5(ms)"": ""41.532"", ""retrieval_time_query_p50(ms)"": ""101.590"", ""retrieval_time_query_p95(ms)"": ""114.461""}",profiling/igp_paper_cpu/chunks/igp_val_20260424T111000Z_fix1/val/lotte/igp_lotte_top10_val_chunk_004.json
igp_val_20260424T111000Z_fix1,val,lotte,10,recall@10,50,4,10,907.4410163339383,907.4410163339383,31.931159999999995,31.317371495429548,1.102,0.31799387911457117,157.23573088645935,0.34800000000000003,0.3,0.6549999999999997,"{""decode_time_average(ms)"": ""8.591"", ""filter_time_average(ms)"": ""22.775"", ""incremental_graph_n_compute_l_average"": ""15068.500"", ""n_seen_item_average"": ""31026.380"", ""n_vq_score_linear_scan_average"": ""111048.840"", ""refine_time_average(ms)"": ""0.564"", ""retrieval_time_average(ms)"": ""1.102"", ""retrieval_time_query_average(ms)"": ""31.931"", ""retrieval_time_query_p5(ms)"": ""7.791"", ""retrieval_time_query_p50(ms)"": ""32.519"", ""retrieval_time_query_p95(ms)"": ""46.284""}",profiling/igp_paper_cpu/chunks/igp_val_20260424T111000Z_fix1/val/lotte/igp_lotte_top10_val_chunk_005.json
igp_val_20260424T111000Z_fix1,val,lotte,10,recall@10,50,4,20,1190.4761904761906,1190.4761904761906,24.290200000000006,41.168866456430976,0.84,0.3185315397588216,156.97032713890076,0.4599999999999999,0.4,0.9,"{""decode_time_average(ms)"": ""4.147"", ""filter_time_average(ms)"": ""19.257"", ""incremental_graph_n_compute_l_average"": ""15068.500"", ""n_seen_item_average"": ""31026.380"", ""n_vq_score_linear_scan_average"": ""111048.840"", ""refine_time_average(ms)"": ""0.885"", ""retrieval_time_average(ms)"": ""0.840"", ""retrieval_time_query_average(ms)"": ""24.290"", ""retrieval_time_query_p5(ms)"": ""8.318"", ""retrieval_time_query_p50(ms)"": ""27.063"", ""retrieval_time_query_p95(ms)"": ""36.414""}",profiling/igp_paper_cpu/chunks/igp_val_20260424T111000Z_fix1/val/lotte/igp_lotte_top10_val_chunk_005.json
igp_val_20260424T111000Z_fix1,val,lotte,10,recall@10,50,4,50,1009.0817356205853,1009.0817356205853,29.842220000000008,33.50957133886151,0.991,0.3175623979913255,157.4493715763092,0.6199999999999999,0.6,0.9,"{""decode_time_average(ms)"": ""7.870"", ""filter_time_average(ms)"": ""20.038"", ""incremental_graph_n_compute_l_average"": ""15068.500"", ""n_seen_item_average"": ""31026.380"", ""n_vq_score_linear_scan_average"": ""111048.840"", ""refine_time_average(ms)"": ""1.935"", ""retrieval_time_average(ms)"": ""0.991"", ""retrieval_time_query_average(ms)"": ""29.842"", ""retrieval_time_query_p5(ms)"": ""12.738"", ""retrieval_time_query_p50(ms)"": ""31.230"", ""retrieval_time_query_p95(ms)"": ""44.449""}",profiling/igp_paper_cpu/chunks/igp_val_20260424T111000Z_fix1/val/lotte/igp_lotte_top10_val_chunk_005.json
igp_val_20260424T111000Z_fix1,val,lotte,10,recall@10,50,4,100,722.0216606498195,722.0216606498195,39.67486,25.204877849600475,1.385,0.31723449272291027,157.61211705207825,0.684,0.7,0.9,"{""decode_time_average(ms)"": ""14.977"", ""filter_time_average(ms)"": ""20.837"", ""incremental_graph_n_compute_l_average"": ""15068.500"", ""n_seen_item_average"": ""31026.380"", ""n_vq_score_linear_scan_average"": ""111048.840"", ""refine_time_average(ms)"": ""3.861"", ""retrieval_time_average(ms)"": ""1.385"", ""retrieval_time_query_average(ms)"": ""39.675"", ""retrieval_time_query_p5(ms)"": ""15.744"", ""retrieval_time_query_p50(ms)"": ""40.384"", ""retrieval_time_query_p95(ms)"": ""60.168""}",profiling/igp_paper_cpu/chunks/igp_val_20260424T111000Z_fix1/val/lotte/igp_lotte_top10_val_chunk_005.json
igp_val_20260424T111000Z_fix1,val,lotte,10,recall@10,50,4,200,275.2546105147261,275.2546105147261,103.52047999999999,9.659924297105269,3.633,0.315738580405948,158.3588547706604,0.732,0.8,1.0,"{""decode_time_average(ms)"": ""47.143"", ""filter_time_average(ms)"": ""35.460"", ""incremental_graph_n_compute_l_average"": ""15068.500"", ""n_seen_item_average"": ""31026.380"", ""n_vq_score_linear_scan_average"": ""111048.840"", ""refine_time_average(ms)"": ""20.918"", ""retrieval_time_average(ms)"": ""3.633"", ""retrieval_time_query_average(ms)"": ""103.520"", ""retrieval_time_query_p5(ms)"": ""27.312"", ""retrieval_time_query_p50(ms)"": ""108.602"", ""retrieval_time_query_p95(ms)"": ""170.949""}",profiling/igp_paper_cpu/chunks/igp_val_20260424T111000Z_fix1/val/lotte/igp_lotte_top10_val_chunk_006.json
igp_val_20260424T111000Z_fix1,val,lotte,10,recall@10,50,4,300,519.7505197505197,519.7505197505197,55.62331999999999,17.97807106803406,1.924,0.31726276629873407,157.59807109832764,0.752,0.8,1.0,"{""decode_time_average(ms)"": ""21.433"", ""filter_time_average(ms)"": ""18.864"", ""incremental_graph_n_compute_l_average"": ""15068.500"", ""n_seen_item_average"": ""31026.380"", ""n_vq_score_linear_scan_average"": ""111048.840"", ""refine_time_average(ms)"": ""15.326"", ""retrieval_time_average(ms)"": ""1.924"", ""retrieval_time_query_average(ms)"": ""55.623"", ""retrieval_time_query_p5(ms)"": ""25.129"", ""retrieval_time_query_p50(ms)"": ""63.867"", ""retrieval_time_query_p95(ms)"": ""72.478""}",profiling/igp_paper_cpu/chunks/igp_val_20260424T111000Z_fix1/val/lotte/igp_lotte_top10_val_chunk_006.json
igp_val_20260424T111000Z_fix1,val,lotte,10,recall@10,50,4,400,386.3987635239567,386.3987635239567,76.75808,13.027944419662399,2.588,0.3164042331305023,158.0256986618042,0.76,0.8,1.0,"{""decode_time_average(ms)"": ""37.902"", ""filter_time_average(ms)"": ""20.862"", ""incremental_graph_n_compute_l_average"": ""15068.500"", ""n_seen_item_average"": ""31026.380"", ""n_vq_score_linear_scan_average"": ""111048.840"", ""refine_time_average(ms)"": ""17.993"", ""retrieval_time_average(ms)"": ""2.588"", ""retrieval_time_query_average(ms)"": ""76.758"", ""retrieval_time_query_p5(ms)"": ""38.302"", ""retrieval_time_query_p50(ms)"": ""83.517"", ""retrieval_time_query_p95(ms)"": ""107.687""}",profiling/igp_paper_cpu/chunks/igp_val_20260424T111000Z_fix1/val/lotte/igp_lotte_top10_val_chunk_006.json
igp_val_20260424T111000Z_fix1,val,lotte,10,recall@10,50,4,600,249.75024975024976,249.75024975024976,105.78082,9.453509624901754,4.004,0.31589626287222006,158.27980852127075,0.778,0.8,1.0,"{""decode_time_average(ms)"": ""52.692"", ""filter_time_average(ms)"": ""25.919"", ""incremental_graph_n_compute_l_average"": ""15068.500"", ""n_seen_item_average"": ""31026.380"", ""n_vq_score_linear_scan_average"": ""111048.840"", ""refine_time_average(ms)"": ""27.169"", ""retrieval_time_average(ms)"": ""4.004"", ""retrieval_time_query_average(ms)"": ""105.781"", ""retrieval_time_query_p5(ms)"": ""53.341"", ""retrieval_time_query_p50(ms)"": ""111.060"", ""retrieval_time_query_p95(ms)"": ""143.026""}",profiling/igp_paper_cpu/chunks/igp_val_20260424T111000Z_fix1/val/lotte/igp_lotte_top10_val_chunk_006.json
igp_val_20260424T111000Z_fix1,val,lotte,10,recall@10,50,8,10,606.7961165048544,606.7961165048544,46.944539999999996,21.301731788190917,1.648,0.31635040933032416,158.05258512496948,0.37999999999999995,0.4,0.7,"{""decode_time_average(ms)"": ""5.676"", ""filter_time_average(ms)"": ""40.831"", ""incremental_graph_n_compute_l_average"": ""16961.760"", ""n_seen_item_average"": ""55882.180"", ""n_vq_score_linear_scan_average"": ""223332.080"", ""refine_time_average(ms)"": ""0.438"", ""retrieval_time_average(ms)"": ""1.648"", ""retrieval_time_query_average(ms)"": ""46.945"", ""retrieval_time_query_p5(ms)"": ""12.124"", ""retrieval_time_query_p50(ms)"": ""55.396"", ""retrieval_time_query_p95(ms)"": ""75.869""}",profiling/igp_paper_cpu/chunks/igp_val_20260424T111000Z_fix1/val/lotte/igp_lotte_top10_val_chunk_007.json
igp_val_20260424T111000Z_fix1,val,lotte,10,recall@10,50,8,20,978.4735812133072,978.4735812133072,25.19856,39.68480738581887,1.022,0.3179438243563282,157.26048493385315,0.498,0.5,0.9,"{""decode_time_average(ms)"": ""2.283"", ""filter_time_average(ms)"": ""22.209"", ""incremental_graph_n_compute_l_average"": ""16961.760"", ""n_seen_item_average"": ""55882.180"", ""n_vq_score_linear_scan_average"": ""223332.080"", ""refine_time_average(ms)"": ""0.706"", ""retrieval_time_average(ms)"": ""1.022"", ""retrieval_time_query_average(ms)"": ""25.199"", ""retrieval_time_query_p5(ms)"": ""10.456"", ""retrieval_time_query_p50(ms)"": ""29.005"", ""retrieval_time_query_p95(ms)"": ""33.820""}",profiling/igp_paper_cpu/chunks/igp_val_20260424T111000Z_fix1/val/lotte/igp_lotte_top10_val_chunk_007.json
igp_val_20260424T111000Z_fix1,val,lotte,10,recall@10,50,8,50,783.6990595611285,783.6990595611285,33.71976,29.65620158625091,1.276,0.3166634172640554,157.89635705947876,0.654,0.7,0.9549999999999997,"{""decode_time_average(ms)"": ""7.033"", ""filter_time_average(ms)"": ""24.927"", ""incremental_graph_n_compute_l_average"": ""16961.760"", ""n_seen_item_average"": ""55882.180"", ""n_vq_score_linear_scan_average"": ""223332.080"", ""refine_time_average(ms)"": ""1.760"", ""retrieval_time_average(ms)"": ""1.276"", ""retrieval_time_query_average(ms)"": ""33.720"", ""retrieval_time_query_p5(ms)"": ""14.564"", ""retrieval_time_query_p50(ms)"": ""33.128"", ""retrieval_time_query_p95(ms)"": ""48.477""}",profiling/igp_paper_cpu/chunks/igp_val_20260424T111000Z_fix1/val/lotte/igp_lotte_top10_val_chunk_007.json
igp_val_20260424T111000Z_fix1,val,lotte,10,recall@10,50,8,100,638.9776357827476,638.9776357827476,43.63142,22.919263228196563,1.565,0.317049261956616,157.70419931411743,0.722,0.7,1.0,"{""decode_time_average(ms)"": ""13.851"", ""filter_time_average(ms)"": ""26.023"", ""incremental_graph_n_compute_l_average"": ""16961.760"", ""n_seen_item_average"": ""55882.180"", ""n_vq_score_linear_scan_average"": ""223332.080"", ""refine_time_average(ms)"": ""3.757"", ""retrieval_time_average(ms)"": ""1.565"", ""retrieval_time_query_average(ms)"": ""43.631"", ""retrieval_time_query_p5(ms)"": ""20.033"", ""retrieval_time_query_p50(ms)"": ""40.768"", ""retrieval_time_query_p95(ms)"": ""66.006""}",profiling/igp_paper_cpu/chunks/igp_val_20260424T111000Z_fix1/val/lotte/igp_lotte_top10_val_chunk_007.json
igp_val_20260424T111000Z_fix1,val,lotte,10,recall@10,50,8,200,275.63395810363835,275.63395810363835,92.25158000000002,10.839922741702633,3.628,0.3145940311646782,158.9349925518036,0.79,0.8,1.0,"{""decode_time_average(ms)"": ""39.669"", ""filter_time_average(ms)"": ""45.572"", ""incremental_graph_n_compute_l_average"": ""16961.760"", ""n_seen_item_average"": ""55882.180"", ""n_vq_score_linear_scan_average"": ""223332.080"", ""refine_time_average(ms)"": ""7.011"", ""retrieval_time_average(ms)"": ""3.628"", ""retrieval_time_query_average(ms)"": ""92.252"", ""retrieval_time_query_p5(ms)"": ""27.495"", ""retrieval_time_query_p50(ms)"": ""76.022"", ""retrieval_time_query_p95(ms)"": ""175.495""}",profiling/igp_paper_cpu/chunks/igp_val_20260424T111000Z_fix1/val/lotte/igp_lotte_top10_val_chunk_008.json
igp_val_20260424T111000Z_fix1,val,lotte,10,recall@10,50,8,300,451.8752824220515,451.8752824220515,58.32375999999999,17.145670992405154,2.213,0.3140972751001889,159.18635392189026,0.8059999999999999,0.8,1.0,"{""decode_time_average(ms)"": ""20.160"", ""filter_time_average(ms)"": ""23.352"", ""incremental_graph_n_compute_l_average"": ""16961.760"", ""n_seen_item_average"": ""55882.180"", ""n_vq_score_linear_scan_average"": ""223332.080"", ""refine_time_average(ms)"": ""14.811"", ""retrieval_time_average(ms)"": ""2.213"", ""retrieval_time_query_average(ms)"": ""58.324"", ""retrieval_time_query_p5(ms)"": ""27.171"", ""retrieval_time_query_p50(ms)"": ""66.840"", ""retrieval_time_query_p95(ms)"": ""75.813""}",profiling/igp_paper_cpu/chunks/igp_val_20260424T111000Z_fix1/val/lotte/igp_lotte_top10_val_chunk_008.json
igp_val_20260424T111000Z_fix1,val,lotte,10,recall@10,50,8,400,351.98873636043646,351.98873636043646,79.8468,12.523983428265128,2.841,0.31375672659803666,159.3591332435608,0.8119999999999998,0.8,1.0,"{""decode_time_average(ms)"": ""35.528"", ""filter_time_average(ms)"": ""26.527"", ""incremental_graph_n_compute_l_average"": ""16961.760"", ""n_seen_item_average"": ""55882.180"", ""n_vq_score_linear_scan_average"": ""223332.080"", ""refine_time_average(ms)"": ""17.791"", ""retrieval_time_average(ms)"": ""2.841"", ""retrieval_time_query_average(ms)"": ""79.847"", ""retrieval_time_query_p5(ms)"": ""42.031"", ""retrieval_time_query_p50(ms)"": ""84.499"", ""retrieval_time_query_p95(ms)"": ""111.525""}",profiling/igp_paper_cpu/chunks/igp_val_20260424T111000Z_fix1/val/lotte/igp_lotte_top10_val_chunk_008.json
igp_val_20260424T111000Z_fix1,val,lotte,10,recall@10,50,8,600,270.7825616030328,270.7825616030328,106.45219999999999,9.393887585226047,3.693,0.31354821395481075,159.46510863304138,0.816,0.8,1.0,"{""decode_time_average(ms)"": ""48.018"", ""filter_time_average(ms)"": ""31.329"", ""incremental_graph_n_compute_l_average"": ""16961.760"", ""n_seen_item_average"": ""55882.180"", ""n_vq_score_linear_scan_average"": ""223332.080"", ""refine_time_average(ms)"": ""27.105"", ""retrieval_time_average(ms)"": ""3.693"", ""retrieval_time_query_average(ms)"": ""106.452"", ""retrieval_time_query_p5(ms)"": ""54.464"", ""retrieval_time_query_p50(ms)"": ""115.353"", ""retrieval_time_query_p95(ms)"": ""144.869""}",profiling/igp_paper_cpu/chunks/igp_val_20260424T111000Z_fix1/val/lotte/igp_lotte_top10_val_chunk_008.json
igp_val_20260424T111000Z_fix1,val,lotte,10,recall@10,50,16,10,571.1022272986866,571.1022272986866,47.97844,20.842695177250448,1.751,0.3158870594829128,158.28442001342773,0.402,0.4,0.7,"{""decode_time_average(ms)"": ""4.757"", ""filter_time_average(ms)"": ""42.829"", ""incremental_graph_n_compute_l_average"": ""20579.560"", ""n_seen_item_average"": ""97291.440"", ""n_vq_score_linear_scan_average"": ""438661.520"", ""refine_time_average(ms)"": ""0.392"", ""retrieval_time_average(ms)"": ""1.751"", ""retrieval_time_query_average(ms)"": ""47.978"", ""retrieval_time_query_p5(ms)"": ""16.768"", ""retrieval_time_query_p50(ms)"": ""54.285"", ""retrieval_time_query_p95(ms)"": ""70.101""}",profiling/igp_paper_cpu/chunks/igp_val_20260424T111000Z_fix1/val/lotte/igp_lotte_top10_val_chunk_009.json
igp_val_20260424T111000Z_fix1,val,lotte,10,recall@10,50,16,20,632.5110689437065,632.5110689437065,37.1944,26.885767749983867,1.581,0.31780500882886825,157.32917547225952,0.546,0.55,0.9,"{""decode_time_average(ms)"": ""2.269"", ""filter_time_average(ms)"": ""34.306"", ""incremental_graph_n_compute_l_average"": ""20579.560"", ""n_seen_item_average"": ""97291.440"", ""n_vq_score_linear_scan_average"": ""438661.520"", ""refine_time_average(ms)"": ""0.619"", ""retrieval_time_average(ms)"": ""1.581"", ""retrieval_time_query_average(ms)"": ""37.194"", ""retrieval_time_query_p5(ms)"": ""16.421"", ""retrieval_time_query_p50(ms)"": ""40.029"", ""retrieval_time_query_p95(ms)"": ""53.955""}",profiling/igp_paper_cpu/chunks/igp_val_20260424T111000Z_fix1/val/lotte/igp_lotte_top10_val_chunk_009.json
igp_val_20260424T111000Z_fix1,val,lotte,10,recall@10,50,16,50,591.016548463357,591.016548463357,41.3508,24.183328980334117,1.692,0.31684849699939255,157.80412554740906,0.698,0.7,1.0,"{""decode_time_average(ms)"": ""6.364"", ""filter_time_average(ms)"": ""33.320"", ""incremental_graph_n_compute_l_average"": ""20579.560"", ""n_seen_item_average"": ""97291.440"", ""n_vq_score_linear_scan_average"": ""438661.520"", ""refine_time_average(ms)"": ""1.666"", ""retrieval_time_average(ms)"": ""1.692"", ""retrieval_time_query_average(ms)"": ""41.351"", ""retrieval_time_query_p5(ms)"": ""19.835"", ""retrieval_time_query_p50(ms)"": ""43.720"", ""retrieval_time_query_p95(ms)"": ""60.234""}",profiling/igp_paper_cpu/chunks/igp_val_20260424T111000Z_fix1/val/lotte/igp_lotte_top10_val_chunk_009.json
igp_val_20260424T111000Z_fix1,val,lotte,10,recall@10,50,16,100,499.2511233150274,499.2511233150274,51.3636,19.46904033206395,2.003,0.3172893181873226,157.58488273620605,0.7699999999999999,0.8,1.0,"{""decode_time_average(ms)"": ""12.695"", ""filter_time_average(ms)"": ""35.224"", ""incremental_graph_n_compute_l_average"": ""20579.560"", ""n_seen_item_average"": ""97291.440"", ""n_vq_score_linear_scan_average"": ""438661.520"", ""refine_time_average(ms)"": ""3.445"", ""retrieval_time_average(ms)"": ""2.003"", ""retrieval_time_query_average(ms)"": ""51.364"", ""retrieval_time_query_p5(ms)"": ""25.614"", ""retrieval_time_query_p50(ms)"": ""48.599"", ""retrieval_time_query_p95(ms)"": ""79.618""}",profiling/igp_paper_cpu/chunks/igp_val_20260424T111000Z_fix1/val/lotte/igp_lotte_top10_val_chunk_009.json
igp_val_20260424T111000Z_fix1,val,lotte,10,recall@10,50,16,200,292.22676797194623,292.22676797194623,94.46989999999998,10.585382222273974,3.422,0.31573988861040386,158.3581986427307,0.812,0.8,1.0,"{""decode_time_average(ms)"": ""44.120"", ""filter_time_average(ms)"": ""42.880"", ""incremental_graph_n_compute_l_average"": ""20579.560"", ""n_seen_item_average"": ""97291.440"", ""n_vq_score_linear_scan_average"": ""438661.520"", ""refine_time_average(ms)"": ""7.467"", ""retrieval_time_average(ms)"": ""3.422"", ""retrieval_time_query_average(ms)"": ""94.470"", ""retrieval_time_query_p5(ms)"": ""43.087"", ""retrieval_time_query_p50(ms)"": ""74.170"", ""retrieval_time_query_p95(ms)"": ""162.908""}",profiling/igp_paper_cpu/chunks/igp_val_20260424T111000Z_fix1/val/lotte/igp_lotte_top10_val_chunk_010.json
igp_val_20260424T111000Z_fix1,val,lotte,10,recall@10,50,16,300,339.097999321804,339.097999321804,66.5751,15.020630836453869,2.949,0.3166074307961115,157.92427825927734,0.8240000000000001,0.8,1.0,"{""decode_time_average(ms)"": ""18.570"", ""filter_time_average(ms)"": ""34.651"", ""incremental_graph_n_compute_l_average"": ""20579.560"", ""n_seen_item_average"": ""97291.440"", ""n_vq_score_linear_scan_average"": ""438661.520"", ""refine_time_average(ms)"": ""13.354"", ""retrieval_time_average(ms)"": ""2.949"", ""retrieval_time_query_average(ms)"": ""66.575"", ""retrieval_time_query_p5(ms)"": ""33.930"", ""retrieval_time_query_p50(ms)"": ""74.688"", ""retrieval_time_query_p95(ms)"": ""93.146""}",profiling/igp_paper_cpu/chunks/igp_val_20260424T111000Z_fix1/val/lotte/igp_lotte_top10_val_chunk_010.json
igp_val_20260424T111000Z_fix1,val,lotte,10,recall@10,50,16,400,278.8622420524261,278.8622420524261,88.42252000000002,11.309336128398057,3.586,0.31601667624354834,158.2194983959198,0.83,0.8500000000000001,1.0,"{""decode_time_average(ms)"": ""34.037"", ""filter_time_average(ms)"": ""38.386"", ""incremental_graph_n_compute_l_average"": ""20579.560"", ""n_seen_item_average"": ""97291.440"", ""n_vq_score_linear_scan_average"": ""438661.520"", ""refine_time_average(ms)"": ""15.999"", ""retrieval_time_average(ms)"": ""3.586"", ""retrieval_time_query_average(ms)"": ""88.422"", ""retrieval_time_query_p5(ms)"": ""42.811"", ""retrieval_time_query_p50(ms)"": ""90.647"", ""retrieval_time_query_p95(ms)"": ""126.424""}",profiling/igp_paper_cpu/chunks/igp_val_20260424T111000Z_fix1/val/lotte/igp_lotte_top10_val_chunk_010.json
igp_val_20260424T111000Z_fix1,val,lotte,10,recall@10,50,16,600,226.44927536231882,226.44927536231882,116.63712,8.573599896842447,4.416,0.3156716653783771,158.39242315292358,0.84,0.9,1.0,"{""decode_time_average(ms)"": ""47.384"", ""filter_time_average(ms)"": ""44.157"", ""incremental_graph_n_compute_l_average"": ""20579.560"", ""n_seen_item_average"": ""97291.440"", ""n_vq_score_linear_scan_average"": ""438661.520"", ""refine_time_average(ms)"": ""25.096"", ""retrieval_time_average(ms)"": ""4.416"", ""retrieval_time_query_average(ms)"": ""116.637"", ""retrieval_time_query_p5(ms)"": ""66.361"", ""retrieval_time_query_p50(ms)"": ""115.975"", ""retrieval_time_query_p95(ms)"": ""160.307""}",profiling/igp_paper_cpu/chunks/igp_val_20260424T111000Z_fix1/val/lotte/igp_lotte_top10_val_chunk_010.json
igp_val_20260424T111000Z_fix1,val,lotte,10,recall@10,50,32,10,342.8179636612959,342.8179636612959,73.08414,13.682859235943667,2.917,0.3164772173208505,157.9892556667328,0.3879999999999999,0.4,0.7549999999999997,"{""decode_time_average(ms)"": ""5.380"", ""filter_time_average(ms)"": ""67.327"", ""incremental_graph_n_compute_l_average"": ""27344.280"", ""n_seen_item_average"": ""176598.760"", ""n_vq_score_linear_scan_average"": ""858289.920"", ""refine_time_average(ms)"": ""0.378"", ""retrieval_time_average(ms)"": ""2.917"", ""retrieval_time_query_average(ms)"": ""73.084"", ""retrieval_time_query_p5(ms)"": ""35.983"", ""retrieval_time_query_p50(ms)"": ""77.149"", ""retrieval_time_query_p95(ms)"": ""105.602""}",profiling/igp_paper_cpu/chunks/igp_val_20260424T111000Z_fix1/val/lotte/igp_lotte_top10_val_chunk_011.json
igp_val_20260424T111000Z_fix1,val,lotte,10,recall@10,50,32,20,407.99673602611176,407.99673602611176,53.33322000000001,18.750039843834664,2.451,0.31717735529740904,157.6405098438263,0.548,0.55,0.9,"{""decode_time_average(ms)"": ""1.520"", ""filter_time_average(ms)"": ""51.215"", ""incremental_graph_n_compute_l_average"": ""27344.280"", ""n_seen_item_average"": ""176598.760"", ""n_vq_score_linear_scan_average"": ""858289.920"", ""refine_time_average(ms)"": ""0.598"", ""retrieval_time_average(ms)"": ""2.451"", ""retrieval_time_query_average(ms)"": ""53.333"", ""retrieval_time_query_p5(ms)"": ""31.389"", ""retrieval_time_query_p50(ms)"": ""54.482"", ""retrieval_time_query_p95(ms)"": ""72.020""}",profiling/igp_paper_cpu/chunks/igp_val_20260424T111000Z_fix1/val/lotte/igp_lotte_top10_val_chunk_011.json
igp_val_20260424T111000Z_fix1,val,lotte,10,recall@10,50,32,50,369.68576709796673,369.68576709796673,62.883799999999994,15.902346868350833,2.705,0.31682809038574455,157.81428956985474,0.6919999999999998,0.7,1.0,"{""decode_time_average(ms)"": ""5.753"", ""filter_time_average(ms)"": ""55.550"", ""incremental_graph_n_compute_l_average"": ""27344.280"", ""n_seen_item_average"": ""176598.760"", ""n_vq_score_linear_scan_average"": ""858289.920"", ""refine_time_average(ms)"": ""1.581"", ""retrieval_time_average(ms)"": ""2.705"", ""retrieval_time_query_average(ms)"": ""62.884"", ""retrieval_time_query_p5(ms)"": ""33.759"", ""retrieval_time_query_p50(ms)"": ""67.087"", ""retrieval_time_query_p95(ms)"": ""89.771""}",profiling/igp_paper_cpu/chunks/igp_val_20260424T111000Z_fix1/val/lotte/igp_lotte_top10_val_chunk_011.json
igp_val_20260424T111000Z_fix1,val,lotte,10,recall@10,50,32,100,310.36623215394167,310.36623215394167,73.38976,13.625879141722224,3.222,0.31699815526340647,157.7296245098114,0.774,0.8,1.0,"{""decode_time_average(ms)"": ""11.415"", ""filter_time_average(ms)"": ""58.781"", ""incremental_graph_n_compute_l_average"": ""27344.280"", ""n_seen_item_average"": ""176598.760"", ""n_vq_score_linear_scan_average"": ""858289.920"", ""refine_time_average(ms)"": ""3.193"", ""retrieval_time_average(ms)"": ""3.222"", ""retrieval_time_query_average(ms)"": ""73.390"", ""retrieval_time_query_p5(ms)"": ""37.559"", ""retrieval_time_query_p50(ms)"": ""71.574"", ""retrieval_time_query_p95(ms)"": ""107.008""}",profiling/igp_paper_cpu/chunks/igp_val_20260424T111000Z_fix1/val/lotte/igp_lotte_top10_val_chunk_011.json
igp_val_20260424T111000Z_fix1,val,lotte,10,recall@10,50,32,200,247.64735017335312,247.64735017335312,115.95290000000001,8.62419137425627,4.038,0.31158129875896684,160.4717619419098,0.8340000000000001,0.9,1.0,"{""decode_time_average(ms)"": ""18.923"", ""filter_time_average(ms)"": ""89.802"", ""incremental_graph_n_compute_l_average"": ""27344.280"", ""n_seen_item_average"": ""176598.760"", ""n_vq_score_linear_scan_average"": ""858289.920"", ""refine_time_average(ms)"": ""7.228"", ""retrieval_time_average(ms)"": ""4.038"", ""retrieval_time_query_average(ms)"": ""115.953"", ""retrieval_time_query_p5(ms)"": ""52.343"", ""retrieval_time_query_p50(ms)"": ""120.639"", ""retrieval_time_query_p95(ms)"": ""163.828""}",profiling/igp_paper_cpu/chunks/igp_val_20260424T111000Z_fix1/val/lotte/igp_lotte_top10_val_chunk_012.json
igp_val_20260424T111000Z_fix1,val,lotte,10,recall@10,50,32,300,244.9179524859172,244.9179524859172,98.60534,10.141438587403076,4.083,0.3120045060480487,160.25409579277039,0.84,0.9,1.0,"{""decode_time_average(ms)"": ""18.144"", ""filter_time_average(ms)"": ""69.197"", ""incremental_graph_n_compute_l_average"": ""27344.280"", ""n_seen_item_average"": ""176598.760"", ""n_vq_score_linear_scan_average"": ""858289.920"", ""refine_time_average(ms)"": ""11.264"", ""retrieval_time_average(ms)"": ""4.083"", ""retrieval_time_query_average(ms)"": ""98.605"", ""retrieval_time_query_p5(ms)"": ""51.970"", ""retrieval_time_query_p50(ms)"": ""105.917"", ""retrieval_time_query_p95(ms)"": ""129.897""}",profiling/igp_paper_cpu/chunks/igp_val_20260424T111000Z_fix1/val/lotte/igp_lotte_top10_val_chunk_012.json
igp_val_20260424T111000Z_fix1,val,lotte,10,recall@10,50,32,400,223.81378692927484,223.81378692927484,99.39168000000001,10.061204318107913,4.468,0.311911231672615,160.30201840400696,0.846,0.9,1.0,"{""decode_time_average(ms)"": ""19.071"", ""filter_time_average(ms)"": ""67.097"", ""incremental_graph_n_compute_l_average"": ""27344.280"", ""n_seen_item_average"": ""176598.760"", ""n_vq_score_linear_scan_average"": ""858289.920"", ""refine_time_average(ms)"": ""13.224"", ""retrieval_time_average(ms)"": ""4.468"", ""retrieval_time_query_average(ms)"": ""99.392"", ""retrieval_time_query_p5(ms)"": ""58.960"", ""retrieval_time_query_p50(ms)"": ""91.663"", ""retrieval_time_query_p95(ms)"": ""142.071""}",profiling/igp_paper_cpu/chunks/igp_val_20260424T111000Z_fix1/val/lotte/igp_lotte_top10_val_chunk_012.json
igp_val_20260424T111000Z_fix1,val,lotte,10,recall@10,50,32,600,186.11576400521125,186.11576400521125,120.5232,8.297157725649502,5.373,0.3108951792645259,160.825909614563,0.85,0.9,1.0,"{""decode_time_average(ms)"": ""30.218"", ""filter_time_average(ms)"": ""67.192"", ""incremental_graph_n_compute_l_average"": ""27344.280"", ""n_seen_item_average"": ""176598.760"", ""n_vq_score_linear_scan_average"": ""858289.920"", ""refine_time_average(ms)"": ""23.112"", ""retrieval_time_average(ms)"": ""5.373"", ""retrieval_time_query_average(ms)"": ""120.523"", ""retrieval_time_query_p5(ms)"": ""69.763"", ""retrieval_time_query_p50(ms)"": ""117.549"", ""retrieval_time_query_p95(ms)"": ""168.024""}",profiling/igp_paper_cpu/chunks/igp_val_20260424T111000Z_fix1/val/lotte/igp_lotte_top10_val_chunk_012.json
igp_val_20260424T111000Z_fix1,val,lotte,10,recall@10,50,64,10,206.5688907250568,206.5688907250568,116.52730000000001,8.581680001167108,4.841,0.31794527815477874,157.25976586341858,0.39399999999999996,0.4,0.7,"{""decode_time_average(ms)"": ""4.143"", ""filter_time_average(ms)"": ""112.006"", ""incremental_graph_n_compute_l_average"": ""40803.480"", ""n_seen_item_average"": ""311528.720"", ""n_vq_score_linear_scan_average"": ""1673821.680"", ""refine_time_average(ms)"": ""0.378"", ""retrieval_time_average(ms)"": ""4.841"", ""retrieval_time_query_average(ms)"": ""116.527"", ""retrieval_time_query_p5(ms)"": ""59.162"", ""retrieval_time_query_p50(ms)"": ""121.942"", ""retrieval_time_query_p95(ms)"": ""155.723""}",profiling/igp_paper_cpu/chunks/igp_val_20260424T111000Z_fix1/val/lotte/igp_lotte_top10_val_chunk_013.json
igp_val_20260424T111000Z_fix1,val,lotte,10,recall@10,50,64,20,214.63833440652502,214.63833440652502,103.70516000000002,9.642721731493397,4.659,0.3182013602081239,157.13320636749268,0.526,0.5,0.9,"{""decode_time_average(ms)"": ""2.448"", ""filter_time_average(ms)"": ""100.635"", ""incremental_graph_n_compute_l_average"": ""40803.480"", ""n_seen_item_average"": ""311528.720"", ""n_vq_score_linear_scan_average"": ""1673821.680"", ""refine_time_average(ms)"": ""0.622"", ""retrieval_time_average(ms)"": ""4.659"", ""retrieval_time_query_average(ms)"": ""103.705"", ""retrieval_time_query_p5(ms)"": ""59.077"", ""retrieval_time_query_p50(ms)"": ""106.292"", ""retrieval_time_query_p95(ms)"": ""141.067""}",profiling/igp_paper_cpu/chunks/igp_val_20260424T111000Z_fix1/val/lotte/igp_lotte_top10_val_chunk_013.json
igp_val_20260424T111000Z_fix1,val,lotte,10,recall@10,50,64,50,210.34917963819942,210.34917963819942,107.17032000000003,9.330941626375658,4.754,0.3181297629093386,157.16857028007507,0.7140000000000001,0.75,0.9549999999999997,"{""decode_time_average(ms)"": ""5.859"", ""filter_time_average(ms)"": ""99.751"", ""incremental_graph_n_compute_l_average"": ""40803.480"", ""n_seen_item_average"": ""311528.720"", ""n_vq_score_linear_scan_average"": ""1673821.680"", ""refine_time_average(ms)"": ""1.561"", ""retrieval_time_average(ms)"": ""4.754"", ""retrieval_time_query_average(ms)"": ""107.170"", ""retrieval_time_query_p5(ms)"": ""62.372"", ""retrieval_time_query_p50(ms)"": ""109.876"", ""retrieval_time_query_p95(ms)"": ""146.915""}",profiling/igp_paper_cpu/chunks/igp_val_20260424T111000Z_fix1/val/lotte/igp_lotte_top10_val_chunk_013.json
igp_val_20260424T111000Z_fix1,val,lotte,10,recall@10,50,64,100,196.65683382497542,196.65683382497542,119.46842000000001,8.370412867266513,5.085,0.3177707029464907,157.34616041183472,0.772,0.8,1.0,"{""decode_time_average(ms)"": ""11.949"", ""filter_time_average(ms)"": ""104.350"", ""incremental_graph_n_compute_l_average"": ""40803.480"", ""n_seen_item_average"": ""311528.720"", ""n_vq_score_linear_scan_average"": ""1673821.680"", ""refine_time_average(ms)"": ""3.169"", ""retrieval_time_average(ms)"": ""5.085"", ""retrieval_time_query_average(ms)"": ""119.468"", ""retrieval_time_query_p5(ms)"": ""68.403"", ""retrieval_time_query_p50(ms)"": ""127.162"", ""retrieval_time_query_p95(ms)"": ""162.147""}",profiling/igp_paper_cpu/chunks/igp_val_20260424T111000Z_fix1/val/lotte/igp_lotte_top10_val_chunk_013.json
igp_val_20260424T111000Z_fix1,val,lotte,10,recall@10,50,64,200,149.7005988023952,149.7005988023952,184.95566,5.406701260183117,6.68,0.31516701699693056,158.64604258537292,0.81,0.8500000000000001,1.0,"{""decode_time_average(ms)"": ""44.322"", ""filter_time_average(ms)"": ""133.820"", ""incremental_graph_n_compute_l_average"": ""40803.480"", ""n_seen_item_average"": ""311528.720"", ""n_vq_score_linear_scan_average"": ""1673821.680"", ""refine_time_average(ms)"": ""6.813"", ""retrieval_time_average(ms)"": ""6.680"", ""retrieval_time_query_average(ms)"": ""184.956"", ""retrieval_time_query_p5(ms)"": ""114.940"", ""retrieval_time_query_p50(ms)"": ""165.152"", ""retrieval_time_query_p95(ms)"": ""269.575""}",profiling/igp_paper_cpu/chunks/igp_val_20260424T111000Z_fix1/val/lotte/igp_lotte_top10_val_chunk_014.json
igp_val_20260424T111000Z_fix1,val,lotte,10,recall@10,50,64,300,170.64846416382252,170.64846416382252,130.6771,7.6524501997672125,5.86,0.315476367536888,158.49047708511353,0.8320000000000001,0.9,1.0,"{""decode_time_average(ms)"": ""14.372"", ""filter_time_average(ms)"": ""106.700"", ""incremental_graph_n_compute_l_average"": ""40803.480"", ""n_seen_item_average"": ""311528.720"", ""n_vq_score_linear_scan_average"": ""1673821.680"", ""refine_time_average(ms)"": ""9.605"", ""retrieval_time_average(ms)"": ""5.860"", ""retrieval_time_query_average(ms)"": ""130.677"", ""retrieval_time_query_p5(ms)"": ""84.952"", ""retrieval_time_query_p50(ms)"": ""129.455"", ""retrieval_time_query_p95(ms)"": ""175.631""}",profiling/igp_paper_cpu/chunks/igp_val_20260424T111000Z_fix1/val/lotte/igp_lotte_top10_val_chunk_014.json
igp_val_20260424T111000Z_fix1,val,lotte,10,recall@10,50,64,400,149.678191887442,149.678191887442,156.37582,6.394850559376763,6.681,0.3154320599578656,158.5127396583557,0.848,0.9,1.0,"{""decode_time_average(ms)"": ""30.245"", ""filter_time_average(ms)"": ""111.884"", ""incremental_graph_n_compute_l_average"": ""40803.480"", ""n_seen_item_average"": ""311528.720"", ""n_vq_score_linear_scan_average"": ""1673821.680"", ""refine_time_average(ms)"": ""14.247"", ""retrieval_time_average(ms)"": ""6.681"", ""retrieval_time_query_average(ms)"": ""156.376"", ""retrieval_time_query_p5(ms)"": ""90.498"", ""retrieval_time_query_p50(ms)"": ""165.676"", ""retrieval_time_query_p95(ms)"": ""210.338""}",profiling/igp_paper_cpu/chunks/igp_val_20260424T111000Z_fix1/val/lotte/igp_lotte_top10_val_chunk_014.json
igp_val_20260424T111000Z_fix1,val,lotte,10,recall@10,50,64,600,128.40267077555214,128.40267077555214,185.42022,5.393155072300098,7.788,0.314494021920708,158.985533952713,0.86,0.9,1.0,"{""decode_time_average(ms)"": ""40.716"", ""filter_time_average(ms)"": ""122.960"", ""incremental_graph_n_compute_l_average"": ""40803.480"", ""n_seen_item_average"": ""311528.720"", ""n_vq_score_linear_scan_average"": ""1673821.680"", ""refine_time_average(ms)"": ""21.744"", ""retrieval_time_average(ms)"": ""7.788"", ""retrieval_time_query_average(ms)"": ""185.420"", ""retrieval_time_query_p5(ms)"": ""111.244"", ""retrieval_time_query_p50(ms)"": ""195.877"", ""retrieval_time_query_p95(ms)"": ""256.531""}",profiling/igp_paper_cpu/chunks/igp_val_20260424T111000Z_fix1/val/lotte/igp_lotte_top10_val_chunk_014.json
igp_val_20260424T111000Z_fix1,val,msmarco,100,recall@100,50,1,100,244.73813020068525,244.73813020068525,107.46512000000003,9.30534484119126,4.086,0.13522790005935267,369.7461838722229,0.27240000000000003,0.25,0.5109999999999999,"{""decode_time_average(ms)"": ""12.529"", ""filter_time_average(ms)"": ""92.902"", ""incremental_graph_n_compute_l_average"": ""13391.700"", ""n_seen_item_average"": ""14148.540"", ""n_vq_score_linear_scan_average"": ""44277.920"", ""refine_time_average(ms)"": ""2.033"", ""retrieval_time_average(ms)"": ""4.086"", ""retrieval_time_query_average(ms)"": ""107.465"", ""retrieval_time_query_p5(ms)"": ""30.778"", ""retrieval_time_query_p50(ms)"": ""91.818"", ""retrieval_time_query_p95(ms)"": ""181.236""}",profiling/igp_paper_cpu/chunks/igp_val_20260424T111000Z_fix1/val/msmarco/igp_msmarco_top100_val_chunk_001.json
igp_val_20260424T111000Z_fix1,val,msmarco,100,recall@100,50,1,200,146.4343242055938,146.4343242055938,137.53516,7.270868045669195,6.829,0.1392447505391623,359.0799639225006,0.3622000000000001,0.32,0.7254999999999999,"{""decode_time_average(ms)"": ""23.197"", ""filter_time_average(ms)"": ""110.030"", ""incremental_graph_n_compute_l_average"": ""13391.700"", ""n_seen_item_average"": ""14148.540"", ""n_vq_score_linear_scan_average"": ""44277.920"", ""refine_time_average(ms)"": ""4.298"", ""retrieval_time_average(ms)"": ""6.829"", ""retrieval_time_query_average(ms)"": ""137.535"", ""retrieval_time_query_p5(ms)"": ""53.580"", ""retrieval_time_query_p50(ms)"": ""148.386"", ""retrieval_time_query_p95(ms)"": ""239.523""}",profiling/igp_paper_cpu/chunks/igp_val_20260424T111000Z_fix1/val/msmarco/igp_msmarco_top100_val_chunk_001.json
igp_val_20260424T111000Z_fix1,val,msmarco,100,recall@100,50,1,500,147.9946721918011,147.9946721918011,164.07818000000003,6.094655608686053,6.757,0.14842388048508212,336.87301421165466,0.4736,0.41,0.9155,"{""decode_time_average(ms)"": ""37.661"", ""filter_time_average(ms)"": ""114.000"", ""incremental_graph_n_compute_l_average"": ""13391.700"", ""n_seen_item_average"": ""14148.540"", ""n_vq_score_linear_scan_average"": ""44277.920"", ""refine_time_average(ms)"": ""12.415"", ""retrieval_time_average(ms)"": ""6.757"", ""retrieval_time_query_average(ms)"": ""164.078"", ""retrieval_time_query_p5(ms)"": ""28.191"", ""retrieval_time_query_p50(ms)"": ""151.040"", ""retrieval_time_query_p95(ms)"": ""301.570""}",profiling/igp_paper_cpu/chunks/igp_val_20260424T111000Z_fix1/val/msmarco/igp_msmarco_top100_val_chunk_001.json
igp_val_20260424T111000Z_fix1,val,msmarco,100,recall@100,50,1,1000,204.20665713702266,204.20665713702266,122.71609999999998,8.148889998948794,4.897,0.15589434754247264,320.73003792762756,0.5628,0.615,0.93,"{""decode_time_average(ms)"": ""40.474"", ""filter_time_average(ms)"": ""53.761"", ""incremental_graph_n_compute_l_average"": ""13391.700"", ""n_seen_item_average"": ""14148.540"", ""n_vq_score_linear_scan_average"": ""44277.920"", ""refine_time_average(ms)"": ""28.478"", ""retrieval_time_average(ms)"": ""4.897"", ""retrieval_time_query_average(ms)"": ""122.716"", ""retrieval_time_query_p5(ms)"": ""63.355"", ""retrieval_time_query_p50(ms)"": ""139.745"", ""retrieval_time_query_p95(ms)"": ""159.878""}",profiling/igp_paper_cpu/chunks/igp_val_20260424T111000Z_fix1/val/msmarco/igp_msmarco_top100_val_chunk_001.json
igp_val_20260424T111000Z_fix1,val,msmarco,100,recall@100,50,1,2000,83.16699933466401,83.16699933466401,288.50402,3.4661562081526625,12.024,0.12820882285906765,389.98876118659973,0.6692,0.755,0.9355,"{""decode_time_average(ms)"": ""109.804"", ""filter_time_average(ms)"": ""121.197"", ""incremental_graph_n_compute_l_average"": ""13391.700"", ""n_seen_item_average"": ""14148.540"", ""n_vq_score_linear_scan_average"": ""44277.920"", ""refine_time_average(ms)"": ""57.501"", ""retrieval_time_average(ms)"": ""12.024"", ""retrieval_time_query_average(ms)"": ""288.504"", ""retrieval_time_query_p5(ms)"": ""118.515"", ""retrieval_time_query_p50(ms)"": ""333.420"", ""retrieval_time_query_p95(ms)"": ""376.818""}",profiling/igp_paper_cpu/chunks/igp_val_20260424T111000Z_fix1/val/msmarco/igp_msmarco_top100_val_chunk_002.json
igp_val_20260424T111000Z_fix1,val,msmarco,100,recall@100,50,1,3000,95.0660709192889,95.0660709192889,279.22284,3.581368916668851,10.519,0.15213465239929963,328.6562213897705,0.709,0.805,0.9355,"{""decode_time_average(ms)"": ""113.103"", ""filter_time_average(ms)"": ""75.028"", ""incremental_graph_n_compute_l_average"": ""13391.700"", ""n_seen_item_average"": ""14148.540"", ""n_vq_score_linear_scan_average"": ""44277.920"", ""refine_time_average(ms)"": ""91.090"", ""retrieval_time_average(ms)"": ""10.519"", ""retrieval_time_query_average(ms)"": ""279.223"", ""retrieval_time_query_p5(ms)"": ""172.847"", ""retrieval_time_query_p50(ms)"": ""299.531"", ""retrieval_time_query_p95(ms)"": ""346.557""}",profiling/igp_paper_cpu/chunks/igp_val_20260424T111000Z_fix1/val/msmarco/igp_msmarco_top100_val_chunk_002.json
igp_val_20260424T111000Z_fix1,val,msmarco,100,recall@100,50,1,4000,80.61265618702137,80.61265618702137,315.79329999999993,3.166628297687127,12.405,0.15326827387131703,326.22537422180176,0.7394,0.84,0.94,"{""decode_time_average(ms)"": ""149.853"", ""filter_time_average(ms)"": ""38.137"", ""incremental_graph_n_compute_l_average"": ""13391.700"", ""n_seen_item_average"": ""14148.540"", ""n_vq_score_linear_scan_average"": ""44277.920"", ""refine_time_average(ms)"": ""127.800"", ""retrieval_time_average(ms)"": ""12.405"", ""retrieval_time_query_average(ms)"": ""315.793"", ""retrieval_time_query_p5(ms)"": ""216.225"", ""retrieval_time_query_p50(ms)"": ""328.031"", ""retrieval_time_query_p95(ms)"": ""392.151""}",profiling/igp_paper_cpu/chunks/igp_val_20260424T111000Z_fix1/val/msmarco/igp_msmarco_top100_val_chunk_002.json
igp_val_20260424T111000Z_fix1,val,msmarco,100,recall@100,50,1,6000,58.48637267516669,58.48637267516669,425.6383,2.349412635094163,17.098,0.1503252318754007,332.6121594905853,0.7628000000000001,0.855,0.9454999999999999,"{""decode_time_average(ms)"": ""219.663"", ""filter_time_average(ms)"": ""21.995"", ""incremental_graph_n_compute_l_average"": ""13391.700"", ""n_seen_item_average"": ""14148.540"", ""n_vq_score_linear_scan_average"": ""44277.920"", ""refine_time_average(ms)"": ""183.977"", ""retrieval_time_average(ms)"": ""17.098"", ""retrieval_time_query_average(ms)"": ""425.638"", ""retrieval_time_query_p5(ms)"": ""305.266"", ""retrieval_time_query_p50(ms)"": ""423.592"", ""retrieval_time_query_p95(ms)"": ""537.547""}",profiling/igp_paper_cpu/chunks/igp_val_20260424T111000Z_fix1/val/msmarco/igp_msmarco_top100_val_chunk_002.json
igp_val_20260424T111000Z_fix1,val,msmarco,100,recall@100,50,2,100,503.01810865191146,503.01810865191146,55.23794,18.103499152937275,1.988,0.16416870987751556,304.5647373199463,0.34259999999999996,0.325,0.6455,"{""decode_time_average(ms)"": ""11.074"", ""filter_time_average(ms)"": ""42.100"", ""incremental_graph_n_compute_l_average"": ""13966.760"", ""n_seen_item_average"": ""25844.240"", ""n_vq_score_linear_scan_average"": ""88082.120"", ""refine_time_average(ms)"": ""2.063"", ""retrieval_time_average(ms)"": ""1.988"", ""retrieval_time_query_average(ms)"": ""55.238"", ""retrieval_time_query_p5(ms)"": ""14.863"", ""retrieval_time_query_p50(ms)"": ""64.627"", ""retrieval_time_query_p95(ms)"": ""79.883""}",profiling/igp_paper_cpu/chunks/igp_val_20260424T111000Z_fix1/val/msmarco/igp_msmarco_top100_val_chunk_003.json
igp_val_20260424T111000Z_fix1,val,msmarco,100,recall@100,50,2,200,406.8348250610252,406.8348250610252,73.70676,13.567276597153368,2.458,0.16395491946147464,304.96187710762024,0.4536,0.43,0.7909999999999999,"{""decode_time_average(ms)"": ""29.636"", ""filter_time_average(ms)"": ""39.923"", ""incremental_graph_n_compute_l_average"": ""13966.760"", ""n_seen_item_average"": ""25844.240"", ""n_vq_score_linear_scan_average"": ""88082.120"", ""refine_time_average(ms)"": ""4.147"", ""retrieval_time_average(ms)"": ""2.458"", ""retrieval_time_query_average(ms)"": ""73.707"", ""retrieval_time_query_p5(ms)"": ""23.377"", ""retrieval_time_query_p50(ms)"": ""69.636"", ""retrieval_time_query_p95(ms)"": ""121.607""}",profiling/igp_paper_cpu/chunks/igp_val_20260424T111000Z_fix1/val/msmarco/igp_msmarco_top100_val_chunk_003.json
igp_val_20260424T111000Z_fix1,val,msmarco,100,recall@100,50,2,500,248.5089463220676,248.5089463220676,128.49154000000001,7.782613547942533,4.024,0.16422612049981647,304.4582667350769,0.5924,0.655,0.91,"{""decode_time_average(ms)"": ""31.116"", ""filter_time_average(ms)"": ""87.455"", ""incremental_graph_n_compute_l_average"": ""13966.760"", ""n_seen_item_average"": ""25844.240"", ""n_vq_score_linear_scan_average"": ""88082.120"", ""refine_time_average(ms)"": ""9.919"", ""retrieval_time_average(ms)"": ""4.024"", ""retrieval_time_query_average(ms)"": ""128.492"", ""retrieval_time_query_p5(ms)"": ""34.790"", ""retrieval_time_query_p50(ms)"": ""149.773"", ""retrieval_time_query_p95(ms)"": ""197.178""}",profiling/igp_paper_cpu/chunks/igp_val_20260424T111000Z_fix1/val/msmarco/igp_msmarco_top100_val_chunk_003.json
igp_val_20260424T111000Z_fix1,val,msmarco,100,recall@100,50,2,1000,192.4557351809084,192.4557351809084,157.47696,6.350135283282075,5.196,0.1637351038732119,305.37129068374634,0.6736,0.79,0.93,"{""decode_time_average(ms)"": ""55.721"", ""filter_time_average(ms)"": ""78.630"", ""incremental_graph_n_compute_l_average"": ""13966.760"", ""n_seen_item_average"": ""25844.240"", ""n_vq_score_linear_scan_average"": ""88082.120"", ""refine_time_average(ms)"": ""23.124"", ""retrieval_time_average(ms)"": ""5.196"", ""retrieval_time_query_average(ms)"": ""157.477"", ""retrieval_time_query_p5(ms)"": ""54.874"", ""retrieval_time_query_p50(ms)"": ""179.083"", ""retrieval_time_query_p95(ms)"": ""237.907""}",profiling/igp_paper_cpu/chunks/igp_val_20260424T111000Z_fix1/val/msmarco/igp_msmarco_top100_val_chunk_003.json
igp_val_20260424T111000Z_fix1,val,msmarco,100,recall@100,50,2,2000,161.89088554314392,161.89088554314392,186.86518,5.35145177929885,6.177,0.16215478235453004,308.34736585617065,0.7554000000000001,0.855,0.9355,"{""decode_time_average(ms)"": ""72.600"", ""filter_time_average(ms)"": ""55.942"", ""incremental_graph_n_compute_l_average"": ""13966.760"", ""n_seen_item_average"": ""25844.240"", ""n_vq_score_linear_scan_average"": ""88082.120"", ""refine_time_average(ms)"": ""58.321"", ""retrieval_time_average(ms)"": ""6.177"", ""retrieval_time_query_average(ms)"": ""186.865"", ""retrieval_time_query_p5(ms)"": ""83.590"", ""retrieval_time_query_p50(ms)"": ""211.708"", ""retrieval_time_query_p95(ms)"": ""252.744""}",profiling/igp_paper_cpu/chunks/igp_val_20260424T111000Z_fix1/val/msmarco/igp_msmarco_top100_val_chunk_004.json
igp_val_20260424T111000Z_fix1,val,msmarco,100,recall@100,50,2,3000,119.61722488038278,119.61722488038278,252.41898,3.9616672248655784,8.36,0.16045963227806082,311.60485219955444,0.7806000000000001,0.87,0.9454999999999999,"{""decode_time_average(ms)"": ""108.570"", ""filter_time_average(ms)"": ""78.688"", ""incremental_graph_n_compute_l_average"": ""13966.760"", ""n_seen_item_average"": ""25844.240"", ""n_vq_score_linear_scan_average"": ""88082.120"", ""refine_time_average(ms)"": ""65.160"", ""retrieval_time_average(ms)"": ""8.360"", ""retrieval_time_query_average(ms)"": ""252.419"", ""retrieval_time_query_p5(ms)"": ""129.653"", ""retrieval_time_query_p50(ms)"": ""270.894"", ""retrieval_time_query_p95(ms)"": ""368.073""}",profiling/igp_paper_cpu/chunks/igp_val_20260424T111000Z_fix1/val/msmarco/igp_msmarco_top100_val_chunk_004.json
igp_val_20260424T111000Z_fix1,val,msmarco,100,recall@100,50,2,4000,98.63878477017163,98.63878477017163,294.54091999999997,3.3951139963846115,10.138,0.15969450129511573,313.09781861305237,0.8003999999999999,0.88,0.9454999999999999,"{""decode_time_average(ms)"": ""110.349"", ""filter_time_average(ms)"": ""110.054"", ""incremental_graph_n_compute_l_average"": ""13966.760"", ""n_seen_item_average"": ""25844.240"", ""n_vq_score_linear_scan_average"": ""88082.120"", ""refine_time_average(ms)"": ""74.136"", ""retrieval_time_average(ms)"": ""10.138"", ""retrieval_time_query_average(ms)"": ""294.541"", ""retrieval_time_query_p5(ms)"": ""147.870"", ""retrieval_time_query_p50(ms)"": ""340.790"", ""retrieval_time_query_p95(ms)"": ""383.401""}",profiling/igp_paper_cpu/chunks/igp_val_20260424T111000Z_fix1/val/msmarco/igp_msmarco_top100_val_chunk_004.json
igp_val_20260424T111000Z_fix1,val,msmarco,100,recall@100,50,2,6000,82.5559316436886,82.5559316436886,361.76948000000004,2.764191163942298,12.113,0.15735547456870463,317.7518935203552,0.8126000000000001,0.89,0.9454999999999999,"{""decode_time_average(ms)"": ""163.281"", ""filter_time_average(ms)"": ""101.441"", ""incremental_graph_n_compute_l_average"": ""13966.760"", ""n_seen_item_average"": ""25844.240"", ""n_vq_score_linear_scan_average"": ""88082.120"", ""refine_time_average(ms)"": ""97.046"", ""retrieval_time_average(ms)"": ""12.113"", ""retrieval_time_query_average(ms)"": ""361.769"", ""retrieval_time_query_p5(ms)"": ""211.515"", ""retrieval_time_query_p50(ms)"": ""372.111"", ""retrieval_time_query_p95(ms)"": ""504.667""}",profiling/igp_paper_cpu/chunks/igp_val_20260424T111000Z_fix1/val/msmarco/igp_msmarco_top100_val_chunk_004.json
igp_val_20260424T111000Z_fix1,val,msmarco,100,recall@100,50,4,100,634.9206349206349,634.9206349206349,45.936879999999995,21.7690012904664,1.575,0.16568700704310885,301.7738137245178,0.41539999999999994,0.41,0.7219999999999999,"{""decode_time_average(ms)"": ""6.222"", ""filter_time_average(ms)"": ""37.715"", ""incremental_graph_n_compute_l_average"": ""15102.640"", ""n_seen_item_average"": ""45867.940"", ""n_vq_score_linear_scan_average"": ""173164.280"", ""refine_time_average(ms)"": ""1.998"", ""retrieval_time_average(ms)"": ""1.575"", ""retrieval_time_query_average(ms)"": ""45.937"", ""retrieval_time_query_p5(ms)"": ""17.482"", ""retrieval_time_query_p50(ms)"": ""52.822"", ""retrieval_time_query_p95(ms)"": ""67.853""}",profiling/igp_paper_cpu/chunks/igp_val_20260424T111000Z_fix1/val/msmarco/igp_msmarco_top100_val_chunk_005.json
igp_val_20260424T111000Z_fix1,val,msmarco,100,recall@100,50,4,200,386.69760247486465,386.69760247486465,72.48908000000002,13.795181287995375,2.586,0.16561662766011775,301.90205359458923,0.5428000000000001,0.55,0.8354999999999999,"{""decode_time_average(ms)"": ""27.128"", ""filter_time_average(ms)"": ""41.143"", ""incremental_graph_n_compute_l_average"": ""15102.640"", ""n_seen_item_average"": ""45867.940"", ""n_vq_score_linear_scan_average"": ""173164.280"", ""refine_time_average(ms)"": ""4.217"", ""retrieval_time_average(ms)"": ""2.586"", ""retrieval_time_query_average(ms)"": ""72.489"", ""retrieval_time_query_p5(ms)"": ""27.557"", ""retrieval_time_query_p50(ms)"": ""61.737"", ""retrieval_time_query_p95(ms)"": ""124.996""}",profiling/igp_paper_cpu/chunks/igp_val_20260424T111000Z_fix1/val/msmarco/igp_msmarco_top100_val_chunk_005.json
igp_val_20260424T111000Z_fix1,val,msmarco,100,recall@100,50,4,500,341.53005464480873,341.53005464480873,87.75056000000001,11.395938669793104,2.928,0.16621677864836595,300.8119902610779,0.6663999999999999,0.76,0.9255,"{""decode_time_average(ms)"": ""32.616"", ""filter_time_average(ms)"": ""43.897"", ""incremental_graph_n_compute_l_average"": ""15102.640"", ""n_seen_item_average"": ""45867.940"", ""n_vq_score_linear_scan_average"": ""173164.280"", ""refine_time_average(ms)"": ""11.236"", ""retrieval_time_average(ms)"": ""2.928"", ""retrieval_time_query_average(ms)"": ""87.751"", ""retrieval_time_query_p5(ms)"": ""44.601"", ""retrieval_time_query_p50(ms)"": ""83.642"", ""retrieval_time_query_p95(ms)"": ""129.683""}",profiling/igp_paper_cpu/chunks/igp_val_20260424T111000Z_fix1/val/msmarco/igp_msmarco_top100_val_chunk_005.json
igp_val_20260424T111000Z_fix1,val,msmarco,100,recall@100,50,4,1000,216.87269572760792,216.87269572760792,140.44748,7.120099271272079,4.611,0.16583308619378417,301.5079870223999,0.7292000000000001,0.85,0.9355,"{""decode_time_average(ms)"": ""57.817"", ""filter_time_average(ms)"": ""57.896"", ""incremental_graph_n_compute_l_average"": ""15102.640"", ""n_seen_item_average"": ""45867.940"", ""n_vq_score_linear_scan_average"": ""173164.280"", ""refine_time_average(ms)"": ""24.733"", ""retrieval_time_average(ms)"": ""4.611"", ""retrieval_time_query_average(ms)"": ""140.448"", ""retrieval_time_query_p5(ms)"": ""66.378"", ""retrieval_time_query_p50(ms)"": ""145.872"", ""retrieval_time_query_p95(ms)"": ""196.920""}",profiling/igp_paper_cpu/chunks/igp_val_20260424T111000Z_fix1/val/msmarco/igp_msmarco_top100_val_chunk_005.json
igp_val_20260424T111000Z_fix1,val,msmarco,100,recall@100,50,4,2000,73.7571913261543,73.7571913261543,319.94265999999993,3.1255600612934837,13.558,0.13197932569418688,378.84721517562866,0.7848000000000002,0.88,0.9454999999999999,"{""decode_time_average(ms)"": ""97.868"", ""filter_time_average(ms)"": ""161.893"", ""incremental_graph_n_compute_l_average"": ""15102.640"", ""n_seen_item_average"": ""45867.940"", ""n_vq_score_linear_scan_average"": ""173164.280"", ""refine_time_average(ms)"": ""60.180"", ""retrieval_time_average(ms)"": ""13.558"", ""retrieval_time_query_average(ms)"": ""319.943"", ""retrieval_time_query_p5(ms)"": ""145.619"", ""retrieval_time_query_p50(ms)"": ""357.187"", ""retrieval_time_query_p95(ms)"": ""446.117""}",profiling/igp_paper_cpu/chunks/igp_val_20260424T111000Z_fix1/val/msmarco/igp_msmarco_top100_val_chunk_006.json
igp_val_20260424T111000Z_fix1,val,msmarco,100,recall@100,50,4,3000,98.55129594954174,98.55129594954174,255.52487999999997,3.913513235971386,10.147,0.159920966914667,312.65443778038025,0.8136,0.89,0.9454999999999999,"{""decode_time_average(ms)"": ""104.659"", ""filter_time_average(ms)"": ""68.040"", ""incremental_graph_n_compute_l_average"": ""15102.640"", ""n_seen_item_average"": ""45867.940"", ""n_vq_score_linear_scan_average"": ""173164.280"", ""refine_time_average(ms)"": ""82.823"", ""retrieval_time_average(ms)"": ""10.147"", ""retrieval_time_query_average(ms)"": ""255.525"", ""retrieval_time_query_p5(ms)"": ""157.829"", ""retrieval_time_query_p50(ms)"": ""270.393"", ""retrieval_time_query_p95(ms)"": ""336.351""}",profiling/igp_paper_cpu/chunks/igp_val_20260424T111000Z_fix1/val/msmarco/igp_msmarco_top100_val_chunk_006.json
igp_val_20260424T111000Z_fix1,val,msmarco,100,recall@100,50,4,4000,82.51505899826718,82.51505899826718,299.44236,3.339540871906032,12.119,0.15952753805262157,313.42551016807556,0.8286,0.89,0.9454999999999999,"{""decode_time_average(ms)"": ""139.140"", ""filter_time_average(ms)"": ""41.434"", ""incremental_graph_n_compute_l_average"": ""15102.640"", ""n_seen_item_average"": ""45867.940"", ""n_vq_score_linear_scan_average"": ""173164.280"", ""refine_time_average(ms)"": ""118.866"", ""retrieval_time_average(ms)"": ""12.119"", ""retrieval_time_query_average(ms)"": ""299.442"", ""retrieval_time_query_p5(ms)"": ""212.557"", ""retrieval_time_query_p50(ms)"": ""303.500"", ""retrieval_time_query_p95(ms)"": ""373.571""}",profiling/igp_paper_cpu/chunks/igp_val_20260424T111000Z_fix1/val/msmarco/igp_msmarco_top100_val_chunk_006.json
igp_val_20260424T111000Z_fix1,val,msmarco,100,recall@100,50,4,6000,58.35327070082278,58.35327070082278,412.41746000000006,2.4247276048885027,17.137,0.15742831044445563,317.6048822402954,0.8442000000000001,0.9,0.95,"{""decode_time_average(ms)"": ""203.036"", ""filter_time_average(ms)"": ""28.783"", ""incremental_graph_n_compute_l_average"": ""15102.640"", ""n_seen_item_average"": ""45867.940"", ""n_vq_score_linear_scan_average"": ""173164.280"", ""refine_time_average(ms)"": ""180.595"", ""retrieval_time_average(ms)"": ""17.137"", ""retrieval_time_query_average(ms)"": ""412.417"", ""retrieval_time_query_p5(ms)"": ""302.022"", ""retrieval_time_query_p50(ms)"": ""404.386"", ""retrieval_time_query_p95(ms)"": ""524.025""}",profiling/igp_paper_cpu/chunks/igp_val_20260424T111000Z_fix1/val/msmarco/igp_msmarco_top100_val_chunk_006.json
igp_val_20260424T111000Z_fix1,val,msmarco,100,recall@100,50,8,100,174.64198393293748,174.64198393293748,150.13816,6.660531872776382,5.726,0.13418220402363967,372.6276547908783,0.4424,0.42500000000000004,0.7154999999999999,"{""decode_time_average(ms)"": ""25.184"", ""filter_time_average(ms)"": ""123.111"", ""incremental_graph_n_compute_l_average"": ""17285.760"", ""n_seen_item_average"": ""80578.500"", ""n_vq_score_linear_scan_average"": ""335865.200"", ""refine_time_average(ms)"": ""1.841"", ""retrieval_time_average(ms)"": ""5.726"", ""retrieval_time_query_average(ms)"": ""150.138"", ""retrieval_time_query_p5(ms)"": ""40.372"", ""retrieval_time_query_p50(ms)"": ""123.376"", ""retrieval_time_query_p95(ms)"": ""270.446""}",profiling/igp_paper_cpu/chunks/igp_val_20260424T111000Z_fix1/val/msmarco/igp_msmarco_top100_val_chunk_007.json
igp_val_20260424T111000Z_fix1,val,msmarco,100,recall@100,50,8,200,209.33640360058612,209.33640360058612,134.20868000000002,7.4510828956815605,4.777,0.15486964067294187,322.8521728515625,0.5844,0.59,0.8919999999999999,"{""decode_time_average(ms)"": ""19.831"", ""filter_time_average(ms)"": ""110.766"", ""incremental_graph_n_compute_l_average"": ""17285.760"", ""n_seen_item_average"": ""80578.500"", ""n_vq_score_linear_scan_average"": ""335865.200"", ""refine_time_average(ms)"": ""3.610"", ""retrieval_time_average(ms)"": ""4.777"", ""retrieval_time_query_average(ms)"": ""134.209"", ""retrieval_time_query_p5(ms)"": ""46.938"", ""retrieval_time_query_p50(ms)"": ""122.560"", ""retrieval_time_query_p95(ms)"": ""226.876""}",profiling/igp_paper_cpu/chunks/igp_val_20260424T111000Z_fix1/val/msmarco/igp_msmarco_top100_val_chunk_007.json
igp_val_20260424T111000Z_fix1,val,msmarco,100,recall@100,50,8,500,173.94329448599757,173.94329448599757,158.64768,6.30327528268929,5.749,0.15951409925763366,313.4519157409668,0.7176,0.775,0.9355,"{""decode_time_average(ms)"": ""51.815"", ""filter_time_average(ms)"": ""95.569"", ""incremental_graph_n_compute_l_average"": ""17285.760"", ""n_seen_item_average"": ""80578.500"", ""n_vq_score_linear_scan_average"": ""335865.200"", ""refine_time_average(ms)"": ""11.261"", ""retrieval_time_average(ms)"": ""5.749"", ""retrieval_time_query_average(ms)"": ""158.648"", ""retrieval_time_query_p5(ms)"": ""69.517"", ""retrieval_time_query_p50(ms)"": ""161.171"", ""retrieval_time_query_p95(ms)"": ""222.688""}",profiling/igp_paper_cpu/chunks/igp_val_20260424T111000Z_fix1/val/msmarco/igp_msmarco_top100_val_chunk_007.json
igp_val_20260424T111000Z_fix1,val,msmarco,100,recall@100,50,8,1000,161.10842597067827,161.10842597067827,161.5561,6.189800323231373,6.207,0.1619093044041673,308.8148651123047,0.7709999999999999,0.865,0.9355,"{""decode_time_average(ms)"": ""43.857"", ""filter_time_average(ms)"": ""94.168"", ""incremental_graph_n_compute_l_average"": ""17285.760"", ""n_seen_item_average"": ""80578.500"", ""n_vq_score_linear_scan_average"": ""335865.200"", ""refine_time_average(ms)"": ""23.529"", ""retrieval_time_average(ms)"": ""6.207"", ""retrieval_time_query_average(ms)"": ""161.556"", ""retrieval_time_query_p5(ms)"": ""79.453"", ""retrieval_time_query_p50(ms)"": ""165.306"", ""retrieval_time_query_p95(ms)"": ""219.656""}",profiling/igp_paper_cpu/chunks/igp_val_20260424T111000Z_fix1/val/msmarco/igp_msmarco_top100_val_chunk_007.json
igp_val_20260424T111000Z_fix1,val,msmarco,100,recall@100,50,8,2000,72.46901949416625,72.46901949416625,308.40180000000004,3.242523227815142,13.799,0.13280100509282425,376.50317454338074,0.812,0.89,0.9454999999999999,"{""decode_time_average(ms)"": ""93.530"", ""filter_time_average(ms)"": ""163.716"", ""incremental_graph_n_compute_l_average"": ""17285.760"", ""n_seen_item_average"": ""80578.500"", ""n_vq_score_linear_scan_average"": ""335865.200"", ""refine_time_average(ms)"": ""51.154"", ""retrieval_time_average(ms)"": ""13.799"", ""retrieval_time_query_average(ms)"": ""308.402"", ""retrieval_time_query_p5(ms)"": ""137.902"", ""retrieval_time_query_p50(ms)"": ""340.772"", ""retrieval_time_query_p95(ms)"": ""448.578""}",profiling/igp_paper_cpu/chunks/igp_val_20260424T111000Z_fix1/val/msmarco/igp_msmarco_top100_val_chunk_008.json
igp_val_20260424T111000Z_fix1,val,msmarco,100,recall@100,50,8,3000,85.72653236176598,85.72653236176598,283.43962,3.528088275026618,11.665,0.15686865019596954,318.73800110816956,0.8314,0.89,0.9454999999999999,"{""decode_time_average(ms)"": ""95.910"", ""filter_time_average(ms)"": ""109.826"", ""incremental_graph_n_compute_l_average"": ""17285.760"", ""n_seen_item_average"": ""80578.500"", ""n_vq_score_linear_scan_average"": ""335865.200"", ""refine_time_average(ms)"": ""77.702"", ""retrieval_time_average(ms)"": ""11.665"", ""retrieval_time_query_average(ms)"": ""283.440"", ""retrieval_time_query_p5(ms)"": ""178.895"", ""retrieval_time_query_p50(ms)"": ""294.238"", ""retrieval_time_query_p95(ms)"": ""371.343""}",profiling/igp_paper_cpu/chunks/igp_val_20260424T111000Z_fix1/val/msmarco/igp_msmarco_top100_val_chunk_008.json
igp_val_20260424T111000Z_fix1,val,msmarco,100,recall@100,50,8,4000,73.28691828508612,73.28691828508612,340.25383999999997,2.9389822610084284,13.645,0.15896194630336746,314.5406882762909,0.8500000000000001,0.9,0.9454999999999999,"{""decode_time_average(ms)"": ""139.245"", ""filter_time_average(ms)"": ""88.467"", ""incremental_graph_n_compute_l_average"": ""17285.760"", ""n_seen_item_average"": ""80578.500"", ""n_vq_score_linear_scan_average"": ""335865.200"", ""refine_time_average(ms)"": ""112.539"", ""retrieval_time_average(ms)"": ""13.645"", ""retrieval_time_query_average(ms)"": ""340.254"", ""retrieval_time_query_p5(ms)"": ""213.142"", ""retrieval_time_query_p50(ms)"": ""361.906"", ""retrieval_time_query_p95(ms)"": ""424.704""}",profiling/igp_paper_cpu/chunks/igp_val_20260424T111000Z_fix1/val/msmarco/igp_msmarco_top100_val_chunk_008.json
igp_val_20260424T111000Z_fix1,val,msmarco,100,recall@100,50,8,6000,57.603686635944705,57.603686635944705,427.08700000000005,2.3414433124866827,17.36,0.15734684246866842,317.76932549476624,0.8608000000000001,0.9,0.9454999999999999,"{""decode_time_average(ms)"": ""207.429"", ""filter_time_average(ms)"": ""43.055"", ""incremental_graph_n_compute_l_average"": ""17285.760"", ""n_seen_item_average"": ""80578.500"", ""n_vq_score_linear_scan_average"": ""335865.200"", ""refine_time_average(ms)"": ""176.600"", ""retrieval_time_average(ms)"": ""17.360"", ""retrieval_time_query_average(ms)"": ""427.087"", ""retrieval_time_query_p5(ms)"": ""304.950"", ""retrieval_time_query_p50(ms)"": ""429.875"", ""retrieval_time_query_p95(ms)"": ""531.833""}",profiling/igp_paper_cpu/chunks/igp_val_20260424T111000Z_fix1/val/msmarco/igp_msmarco_top100_val_chunk_008.json
igp_val_20260424T111000Z_fix1,val,msmarco,100,recall@100,50,16,100,130.61650992685475,130.61650992685475,219.35474,4.558825580883276,7.656,0.13445735337742218,371.8651211261749,0.4522,0.45,0.7219999999999999,"{""decode_time_average(ms)"": ""14.761"", ""filter_time_average(ms)"": ""202.633"", ""incremental_graph_n_compute_l_average"": ""21727.540"", ""n_seen_item_average"": ""145259.180"", ""n_vq_score_linear_scan_average"": ""646327.740"", ""refine_time_average(ms)"": ""1.959"", ""retrieval_time_average(ms)"": ""7.656"", ""retrieval_time_query_average(ms)"": ""219.355"", ""retrieval_time_query_p5(ms)"": ""80.833"", ""retrieval_time_query_p50(ms)"": ""248.469"", ""retrieval_time_query_p95(ms)"": ""306.966""}",profiling/igp_paper_cpu/chunks/igp_val_20260424T111000Z_fix1/val/msmarco/igp_msmarco_top100_val_chunk_009.json
igp_val_20260424T111000Z_fix1,val,msmarco,100,recall@100,50,16,200,131.31976362442546,131.31976362442546,203.9883,4.902241942307476,7.615,0.13954630225668171,358.304012298584,0.6124,0.65,0.9119999999999999,"{""decode_time_average(ms)"": ""12.070"", ""filter_time_average(ms)"": ""188.121"", ""incremental_graph_n_compute_l_average"": ""21727.540"", ""n_seen_item_average"": ""145259.180"", ""n_vq_score_linear_scan_average"": ""646327.740"", ""refine_time_average(ms)"": ""3.794"", ""retrieval_time_average(ms)"": ""7.615"", ""retrieval_time_query_average(ms)"": ""203.988"", ""retrieval_time_query_p5(ms)"": ""63.849"", ""retrieval_time_query_p50(ms)"": ""239.121"", ""retrieval_time_query_p95(ms)"": ""285.357""}",profiling/igp_paper_cpu/chunks/igp_val_20260424T111000Z_fix1/val/msmarco/igp_msmarco_top100_val_chunk_009.json
igp_val_20260424T111000Z_fix1,val,msmarco,100,recall@100,50,16,500,150.06002400960384,150.06002400960384,166.16639999999998,6.018063820363203,6.664,0.148825844862861,335.96315240859985,0.7598,0.86,0.9454999999999999,"{""decode_time_average(ms)"": ""19.437"", ""filter_time_average(ms)"": ""136.771"", ""incremental_graph_n_compute_l_average"": ""21727.540"", ""n_seen_item_average"": ""145259.180"", ""n_vq_score_linear_scan_average"": ""646327.740"", ""refine_time_average(ms)"": ""9.958"", ""retrieval_time_average(ms)"": ""6.664"", ""retrieval_time_query_average(ms)"": ""166.166"", ""retrieval_time_query_p5(ms)"": ""78.690"", ""retrieval_time_query_p50(ms)"": ""172.570"", ""retrieval_time_query_p95(ms)"": ""227.883""}",profiling/igp_paper_cpu/chunks/igp_val_20260424T111000Z_fix1/val/msmarco/igp_msmarco_top100_val_chunk_009.json
igp_val_20260424T111000Z_fix1,val,msmarco,100,recall@100,50,16,1000,105.45186122535063,105.45186122535063,202.54514000000003,4.937171042464904,9.483,0.15262470614322898,327.60095834732056,0.809,0.885,0.9454999999999999,"{""decode_time_average(ms)"": ""37.949"", ""filter_time_average(ms)"": ""143.239"", ""incremental_graph_n_compute_l_average"": ""21727.540"", ""n_seen_item_average"": ""145259.180"", ""n_vq_score_linear_scan_average"": ""646327.740"", ""refine_time_average(ms)"": ""21.356"", ""retrieval_time_average(ms)"": ""9.483"", ""retrieval_time_query_average(ms)"": ""202.545"", ""retrieval_time_query_p5(ms)"": ""87.892"", ""retrieval_time_query_p50(ms)"": ""191.475"", ""retrieval_time_query_p95(ms)"": ""399.513""}",profiling/igp_paper_cpu/chunks/igp_val_20260424T111000Z_fix1/val/msmarco/igp_msmarco_top100_val_chunk_009.json
igp_val_20260424T111000Z_fix1,val,msmarco,100,recall@100,50,16,2000,112.59993244004053,112.59993244004053,228.52928000000003,4.375806898792137,8.881,0.1571574543517513,318.15226459503174,0.8454,0.895,0.95,"{""decode_time_average(ms)"": ""66.868"", ""filter_time_average(ms)"": ""107.747"", ""incremental_graph_n_compute_l_average"": ""21727.540"", ""n_seen_item_average"": ""145259.180"", ""n_vq_score_linear_scan_average"": ""646327.740"", ""refine_time_average(ms)"": ""53.912"", ""retrieval_time_average(ms)"": ""8.881"", ""retrieval_time_query_average(ms)"": ""228.529"", ""retrieval_time_query_p5(ms)"": ""129.040"", ""retrieval_time_query_p50(ms)"": ""242.670"", ""retrieval_time_query_p95(ms)"": ""309.593""}",profiling/igp_paper_cpu/chunks/igp_val_20260424T111000Z_fix1/val/msmarco/igp_msmarco_top100_val_chunk_010.json
igp_val_20260424T111000Z_fix1,val,msmarco,100,recall@100,50,16,3000,82.31130134167422,82.31130134167422,345.39516,2.895234548162169,12.149,0.15572224684048558,321.08450150489807,0.8606,0.905,0.95,"{""decode_time_average(ms)"": ""123.245"", ""filter_time_average(ms)"": ""136.702"", ""incremental_graph_n_compute_l_average"": ""21727.540"", ""n_seen_item_average"": ""145259.180"", ""n_vq_score_linear_scan_average"": ""646327.740"", ""refine_time_average(ms)"": ""85.446"", ""retrieval_time_average(ms)"": ""12.149"", ""retrieval_time_query_average(ms)"": ""345.395"", ""retrieval_time_query_p5(ms)"": ""176.583"", ""retrieval_time_query_p50(ms)"": ""386.996"", ""retrieval_time_query_p95(ms)"": ""451.931""}",profiling/igp_paper_cpu/chunks/igp_val_20260424T111000Z_fix1/val/msmarco/igp_msmarco_top100_val_chunk_010.json
igp_val_20260424T111000Z_fix1,val,msmarco,100,recall@100,50,16,4000,73.74631268436578,73.74631268436578,369.96668,2.7029461139581543,13.56,0.15402344349955108,324.6259067058563,0.8690000000000001,0.91,0.9554999999999999,"{""decode_time_average(ms)"": ""139.480"", ""filter_time_average(ms)"": ""116.718"", ""incremental_graph_n_compute_l_average"": ""21727.540"", ""n_seen_item_average"": ""145259.180"", ""n_vq_score_linear_scan_average"": ""646327.740"", ""refine_time_average(ms)"": ""113.766"", ""retrieval_time_average(ms)"": ""13.560"", ""retrieval_time_query_average(ms)"": ""369.967"", ""retrieval_time_query_p5(ms)"": ""219.352"", ""retrieval_time_query_p50(ms)"": ""398.649"", ""retrieval_time_query_p95(ms)"": ""487.867""}",profiling/igp_paper_cpu/chunks/igp_val_20260424T111000Z_fix1/val/msmarco/igp_msmarco_top100_val_chunk_010.json
igp_val_20260424T111000Z_fix1,val,msmarco,100,recall@100,50,16,6000,48.600311041990665,48.600311041990665,556.24668,1.7977635390111453,20.576,0.15183087348270702,329.31378746032715,0.8792,0.91,0.9554999999999999,"{""decode_time_average(ms)"": ""221.692"", ""filter_time_average(ms)"": ""151.361"", ""incremental_graph_n_compute_l_average"": ""21727.540"", ""n_seen_item_average"": ""145259.180"", ""n_vq_score_linear_scan_average"": ""646327.740"", ""refine_time_average(ms)"": ""183.192"", ""retrieval_time_average(ms)"": ""20.576"", ""retrieval_time_query_average(ms)"": ""556.247"", ""retrieval_time_query_p5(ms)"": ""323.385"", ""retrieval_time_query_p50(ms)"": ""611.018"", ""retrieval_time_query_p95(ms)"": ""719.062""}",profiling/igp_paper_cpu/chunks/igp_val_20260424T111000Z_fix1/val/msmarco/igp_msmarco_top100_val_chunk_010.json
igp_val_20260424T111000Z_fix1,val,msmarco,100,recall@100,50,32,100,175.56179775280899,175.56179775280899,135.40184,7.385424009009036,5.696,0.1635330113594702,305.74866557121277,0.46399999999999997,0.46499999999999997,0.7354999999999999,"{""decode_time_average(ms)"": ""3.508"", ""filter_time_average(ms)"": ""130.243"", ""incremental_graph_n_compute_l_average"": ""30496.320"", ""n_seen_item_average"": ""259661.740"", ""n_vq_score_linear_scan_average"": ""1254205.500"", ""refine_time_average(ms)"": ""1.649"", ""retrieval_time_average(ms)"": ""5.696"", ""retrieval_time_query_average(ms)"": ""135.402"", ""retrieval_time_query_p5(ms)"": ""73.606"", ""retrieval_time_query_p50(ms)"": ""139.408"", ""retrieval_time_query_p95(ms)"": ""180.757""}",profiling/igp_paper_cpu/chunks/igp_val_20260424T111000Z_fix1/val/msmarco/igp_msmarco_top100_val_chunk_011.json
igp_val_20260424T111000Z_fix1,val,msmarco,100,recall@100,50,32,200,117.95234725171031,117.95234725171031,231.80106,4.314044120419466,8.478,0.16268946985596702,307.3339660167694,0.6304000000000001,0.65,0.9219999999999998,"{""decode_time_average(ms)"": ""24.020"", ""filter_time_average(ms)"": ""204.301"", ""incremental_graph_n_compute_l_average"": ""30496.320"", ""n_seen_item_average"": ""259661.740"", ""n_vq_score_linear_scan_average"": ""1254205.500"", ""refine_time_average(ms)"": ""3.480"", ""retrieval_time_average(ms)"": ""8.478"", ""retrieval_time_query_average(ms)"": ""231.801"", ""retrieval_time_query_p5(ms)"": ""85.385"", ""retrieval_time_query_p50(ms)"": ""247.553"", ""retrieval_time_query_p95(ms)"": ""336.382""}",profiling/igp_paper_cpu/chunks/igp_val_20260424T111000Z_fix1/val/msmarco/igp_msmarco_top100_val_chunk_011.json
igp_val_20260424T111000Z_fix1,val,msmarco,100,recall@100,50,32,500,142.87755393627663,142.87755393627663,175.58627999999996,5.695205798539614,6.999,0.1629596673059509,306.82438683509827,0.7766,0.87,0.9454999999999999,"{""decode_time_average(ms)"": ""23.482"", ""filter_time_average(ms)"": ""143.248"", ""incremental_graph_n_compute_l_average"": ""30496.320"", ""n_seen_item_average"": ""259661.740"", ""n_vq_score_linear_scan_average"": ""1254205.500"", ""refine_time_average(ms)"": ""8.856"", ""retrieval_time_average(ms)"": ""6.999"", ""retrieval_time_query_average(ms)"": ""175.586"", ""retrieval_time_query_p5(ms)"": ""105.365"", ""retrieval_time_query_p50(ms)"": ""171.065"", ""retrieval_time_query_p95(ms)"": ""243.651""}",profiling/igp_paper_cpu/chunks/igp_val_20260424T111000Z_fix1/val/msmarco/igp_msmarco_top100_val_chunk_011.json
igp_val_20260424T111000Z_fix1,val,msmarco,100,recall@100,50,32,1000,115.27377521613832,115.27377521613832,229.46272000000002,4.358006389883289,8.675,0.16252988393666923,307.635733127594,0.8240000000000001,0.89,0.95,"{""decode_time_average(ms)"": ""48.139"", ""filter_time_average(ms)"": ""160.725"", ""incremental_graph_n_compute_l_average"": ""30496.320"", ""n_seen_item_average"": ""259661.740"", ""n_vq_score_linear_scan_average"": ""1254205.500"", ""refine_time_average(ms)"": ""20.597"", ""retrieval_time_average(ms)"": ""8.675"", ""retrieval_time_query_average(ms)"": ""229.463"", ""retrieval_time_query_p5(ms)"": ""137.250"", ""retrieval_time_query_p50(ms)"": ""240.866"", ""retrieval_time_query_p95(ms)"": ""299.935""}",profiling/igp_paper_cpu/chunks/igp_val_20260424T111000Z_fix1/val/msmarco/igp_msmarco_top100_val_chunk_011.json
igp_val_20260424T111000Z_fix1,val,msmarco,100,recall@100,50,32,2000,98.17396426467701,98.17396426467701,254.90162,3.923082167936006,10.186,0.1619393002152029,308.75766372680664,0.8542000000000001,0.9,0.96,"{""decode_time_average(ms)"": ""60.471"", ""filter_time_average(ms)"": ""149.286"", ""incremental_graph_n_compute_l_average"": ""30496.320"", ""n_seen_item_average"": ""259661.740"", ""n_vq_score_linear_scan_average"": ""1254205.500"", ""refine_time_average(ms)"": ""45.142"", ""retrieval_time_average(ms)"": ""10.186"", ""retrieval_time_query_average(ms)"": ""254.902"", ""retrieval_time_query_p5(ms)"": ""157.538"", ""retrieval_time_query_p50(ms)"": ""268.232"", ""retrieval_time_query_p95(ms)"": ""330.935""}",profiling/igp_paper_cpu/chunks/igp_val_20260424T111000Z_fix1/val/msmarco/igp_msmarco_top100_val_chunk_012.json
igp_val_20260424T111000Z_fix1,val,msmarco,100,recall@100,50,32,3000,78.92036934732855,78.92036934732855,341.28452,2.930106528124979,12.671,0.16060848402381991,311.3160572052002,0.8748,0.91,0.96,"{""decode_time_average(ms)"": ""103.892"", ""filter_time_average(ms)"": ""177.648"", ""incremental_graph_n_compute_l_average"": ""30496.320"", ""n_seen_item_average"": ""259661.740"", ""n_vq_score_linear_scan_average"": ""1254205.500"", ""refine_time_average(ms)"": ""59.743"", ""retrieval_time_average(ms)"": ""12.671"", ""retrieval_time_query_average(ms)"": ""341.284"", ""retrieval_time_query_p5(ms)"": ""197.967"", ""retrieval_time_query_p50(ms)"": ""359.658"", ""retrieval_time_query_p95(ms)"": ""448.186""}",profiling/igp_paper_cpu/chunks/igp_val_20260424T111000Z_fix1/val/msmarco/igp_msmarco_top100_val_chunk_012.json
igp_val_20260424T111000Z_fix1,val,msmarco,100,recall@100,50,32,4000,71.70000717000072,71.70000717000072,358.20223999999996,2.791719002092226,13.947,0.15992901905214746,312.63869619369507,0.8802000000000001,0.91,0.96,"{""decode_time_average(ms)"": ""114.344"", ""filter_time_average(ms)"": ""170.036"", ""incremental_graph_n_compute_l_average"": ""30496.320"", ""n_seen_item_average"": ""259661.740"", ""n_vq_score_linear_scan_average"": ""1254205.500"", ""refine_time_average(ms)"": ""73.820"", ""retrieval_time_average(ms)"": ""13.947"", ""retrieval_time_query_average(ms)"": ""358.202"", ""retrieval_time_query_p5(ms)"": ""215.888"", ""retrieval_time_query_p50(ms)"": ""373.796"", ""retrieval_time_query_p95(ms)"": ""458.599""}",profiling/igp_paper_cpu/chunks/igp_val_20260424T111000Z_fix1/val/msmarco/igp_msmarco_top100_val_chunk_012.json
igp_val_20260424T111000Z_fix1,val,msmarco,100,recall@100,50,32,6000,56.2271577171774,56.2271577171774,429.8271,2.3265168715513753,17.785,0.15742707526018174,317.6073741912842,0.8872,0.91,0.96,"{""decode_time_average(ms)"": ""161.214"", ""filter_time_average(ms)"": ""172.475"", ""incremental_graph_n_compute_l_average"": ""30496.320"", ""n_seen_item_average"": ""259661.740"", ""n_vq_score_linear_scan_average"": ""1254205.500"", ""refine_time_average(ms)"": ""96.137"", ""retrieval_time_average(ms)"": ""17.785"", ""retrieval_time_query_average(ms)"": ""429.827"", ""retrieval_time_query_p5(ms)"": ""277.220"", ""retrieval_time_query_p50(ms)"": ""451.589"", ""retrieval_time_query_p95(ms)"": ""552.250""}",profiling/igp_paper_cpu/chunks/igp_val_20260424T111000Z_fix1/val/msmarco/igp_msmarco_top100_val_chunk_012.json
igp_val_20260424T111000Z_fix1,val,msmarco,100,recall@100,50,64,100,94.20631182289213,94.20631182289213,243.47454,4.107205624045948,10.615,0.16279936382713045,307.1265072822571,0.47,0.485,0.72,"{""decode_time_average(ms)"": ""3.413"", ""filter_time_average(ms)"": ""238.417"", ""incremental_graph_n_compute_l_average"": ""47302.160"", ""n_seen_item_average"": ""468771.960"", ""n_vq_score_linear_scan_average"": ""2445371.940"", ""refine_time_average(ms)"": ""1.643"", ""retrieval_time_average(ms)"": ""10.615"", ""retrieval_time_query_average(ms)"": ""243.475"", ""retrieval_time_query_p5(ms)"": ""141.954"", ""retrieval_time_query_p50(ms)"": ""247.859"", ""retrieval_time_query_p95(ms)"": ""323.516""}",profiling/igp_paper_cpu/chunks/igp_val_20260424T111000Z_fix1/val/msmarco/igp_msmarco_top100_val_chunk_013.json
igp_val_20260424T111000Z_fix1,val,msmarco,100,recall@100,50,64,200,88.96005693443644,88.96005693443644,287.20802,3.4817969219661764,11.241,0.16276623357317901,307.18902134895325,0.617,0.635,0.92,"{""decode_time_average(ms)"": ""23.286"", ""filter_time_average(ms)"": ""260.397"", ""incremental_graph_n_compute_l_average"": ""47302.160"", ""n_seen_item_average"": ""468771.960"", ""n_vq_score_linear_scan_average"": ""2445371.940"", ""refine_time_average(ms)"": ""3.523"", ""retrieval_time_average(ms)"": ""11.241"", ""retrieval_time_query_average(ms)"": ""287.208"", ""retrieval_time_query_p5(ms)"": ""161.207"", ""retrieval_time_query_p50(ms)"": ""295.180"", ""retrieval_time_query_p95(ms)"": ""386.899""}",profiling/igp_paper_cpu/chunks/igp_val_20260424T111000Z_fix1/val/msmarco/igp_msmarco_top100_val_chunk_013.json
igp_val_20260424T111000Z_fix1,val,msmarco,100,recall@100,50,64,500,87.14596949891067,87.14596949891067,274.70554,3.6402614960004085,11.475,0.16319011182615578,306.3911130428314,0.78,0.85,0.95,"{""decode_time_average(ms)"": ""23.874"", ""filter_time_average(ms)"": ""242.125"", ""incremental_graph_n_compute_l_average"": ""47302.160"", ""n_seen_item_average"": ""468771.960"", ""n_vq_score_linear_scan_average"": ""2445371.940"", ""refine_time_average(ms)"": ""8.705"", ""retrieval_time_average(ms)"": ""11.475"", ""retrieval_time_query_average(ms)"": ""274.706"", ""retrieval_time_query_p5(ms)"": ""166.568"", ""retrieval_time_query_p50(ms)"": ""275.031"", ""retrieval_time_query_p95(ms)"": ""356.907""}",profiling/igp_paper_cpu/chunks/igp_val_20260424T111000Z_fix1/val/msmarco/igp_msmarco_top100_val_chunk_013.json
igp_val_20260424T111000Z_fix1,val,msmarco,100,recall@100,50,64,1000,74.23904974016332,74.23904974016332,327.24632,3.0558021248336726,13.47,0.16252047934133415,307.65353512763977,0.8374000000000001,0.89,0.95,"{""decode_time_average(ms)"": ""46.177"", ""filter_time_average(ms)"": ""262.508"", ""incremental_graph_n_compute_l_average"": ""47302.160"", ""n_seen_item_average"": ""468771.960"", ""n_vq_score_linear_scan_average"": ""2445371.940"", ""refine_time_average(ms)"": ""18.561"", ""retrieval_time_average(ms)"": ""13.470"", ""retrieval_time_query_average(ms)"": ""327.246"", ""retrieval_time_query_p5(ms)"": ""206.809"", ""retrieval_time_query_p50(ms)"": ""327.949"", ""retrieval_time_query_p95(ms)"": ""422.655""}",profiling/igp_paper_cpu/chunks/igp_val_20260424T111000Z_fix1/val/msmarco/igp_msmarco_top100_val_chunk_013.json
igp_val_20260424T111000Z_fix1,val,msmarco,100,recall@100,50,64,2000,69.40106877645916,69.40106877645916,335.1064,2.984126832552288,14.409,0.16128701952137808,310.0063486099243,0.8610000000000001,0.9,0.96,"{""decode_time_average(ms)"": ""45.862"", ""filter_time_average(ms)"": ""251.834"", ""incremental_graph_n_compute_l_average"": ""47302.160"", ""n_seen_item_average"": ""468771.960"", ""n_vq_score_linear_scan_average"": ""2445371.940"", ""refine_time_average(ms)"": ""37.409"", ""retrieval_time_average(ms)"": ""14.409"", ""retrieval_time_query_average(ms)"": ""335.106"", ""retrieval_time_query_p5(ms)"": ""219.203"", ""retrieval_time_query_p50(ms)"": ""339.117"", ""retrieval_time_query_p95(ms)"": ""442.440""}",profiling/igp_paper_cpu/chunks/igp_val_20260424T111000Z_fix1/val/msmarco/igp_msmarco_top100_val_chunk_014.json
igp_val_20260424T111000Z_fix1,val,msmarco,100,recall@100,50,64,3000,56.85371539030076,56.85371539030076,455.29954,2.196356271302185,17.589,0.16034609050653983,311.8255009651184,0.8736000000000002,0.91,0.96,"{""decode_time_average(ms)"": ""103.062"", ""filter_time_average(ms)"": ""284.498"", ""incremental_graph_n_compute_l_average"": ""47302.160"", ""n_seen_item_average"": ""468771.960"", ""n_vq_score_linear_scan_average"": ""2445371.940"", ""refine_time_average(ms)"": ""67.738"", ""retrieval_time_average(ms)"": ""17.589"", ""retrieval_time_query_average(ms)"": ""455.300"", ""retrieval_time_query_p5(ms)"": ""267.494"", ""retrieval_time_query_p50(ms)"": ""495.914"", ""retrieval_time_query_p95(ms)"": ""594.539""}",profiling/igp_paper_cpu/chunks/igp_val_20260424T111000Z_fix1/val/msmarco/igp_msmarco_top100_val_chunk_014.json
igp_val_20260424T111000Z_fix1,val,msmarco,100,recall@100,50,64,4000,51.91029900332226,51.91029900332226,486.55798000000004,2.055253517782197,19.264,0.16015300860967902,312.20144057273865,0.8824000000000001,0.91,0.96,"{""decode_time_average(ms)"": ""126.551"", ""filter_time_average(ms)"": ""265.119"", ""incremental_graph_n_compute_l_average"": ""47302.160"", ""n_seen_item_average"": ""468771.960"", ""n_vq_score_linear_scan_average"": ""2445371.940"", ""refine_time_average(ms)"": ""94.886"", ""retrieval_time_average(ms)"": ""19.264"", ""retrieval_time_query_average(ms)"": ""486.558"", ""retrieval_time_query_p5(ms)"": ""304.080"", ""retrieval_time_query_p50(ms)"": ""523.650"", ""retrieval_time_query_p95(ms)"": ""631.786""}",profiling/igp_paper_cpu/chunks/igp_val_20260424T111000Z_fix1/val/msmarco/igp_msmarco_top100_val_chunk_014.json
igp_val_20260424T111000Z_fix1,val,msmarco,100,recall@100,50,64,6000,42.931352766925684,42.931352766925684,578.11372,1.7297634797527381,23.293,0.15749302186758804,317.474383354187,0.8909999999999999,0.91,0.96,"{""decode_time_average(ms)"": ""178.666"", ""filter_time_average(ms)"": ""248.478"", ""incremental_graph_n_compute_l_average"": ""47302.160"", ""n_seen_item_average"": ""468771.960"", ""n_vq_score_linear_scan_average"": ""2445371.940"", ""refine_time_average(ms)"": ""150.967"", ""retrieval_time_average(ms)"": ""23.293"", ""retrieval_time_query_average(ms)"": ""578.114"", ""retrieval_time_query_p5(ms)"": ""378.621"", ""retrieval_time_query_p50(ms)"": ""623.685"", ""retrieval_time_query_p95(ms)"": ""718.584""}",profiling/igp_paper_cpu/chunks/igp_val_20260424T111000Z_fix1/val/msmarco/igp_msmarco_top100_val_chunk_014.json
igp_val_20260424T111000Z_fix1,val,msmarco,10,recall@10,50,1,10,386.9969040247678,386.9969040247678,63.73852,15.689099778281642,2.584,0.1554403608957736,321.6667776107788,0.324,0.3,0.7549999999999997,"{""decode_time_average(ms)"": ""1.049"", ""filter_time_average(ms)"": ""62.494"", ""incremental_graph_n_compute_l_average"": ""13391.700"", ""n_seen_item_average"": ""14148.540"", ""n_vq_score_linear_scan_average"": ""44277.920"", ""refine_time_average(ms)"": ""0.196"", ""retrieval_time_average(ms)"": ""2.584"", ""retrieval_time_query_average(ms)"": ""63.739"", ""retrieval_time_query_p5(ms)"": ""10.545"", ""retrieval_time_query_p50(ms)"": ""69.314"", ""retrieval_time_query_p95(ms)"": ""120.725""}",profiling/igp_paper_cpu/chunks/igp_val_20260424T111000Z_fix1/val/msmarco/igp_msmarco_top10_val_chunk_001.json
igp_val_20260424T111000Z_fix1,val,msmarco,10,recall@10,50,1,20,720.4610951008646,720.4610951008646,38.61884,25.894097285159265,1.388,0.16402826831454723,304.8255066871643,0.4159999999999999,0.3,0.9,"{""decode_time_average(ms)"": ""4.398"", ""filter_time_average(ms)"": ""33.845"", ""incremental_graph_n_compute_l_average"": ""13391.700"", ""n_seen_item_average"": ""14148.540"", ""n_vq_score_linear_scan_average"": ""44277.920"", ""refine_time_average(ms)"": ""0.376"", ""retrieval_time_average(ms)"": ""1.388"", ""retrieval_time_query_average(ms)"": ""38.619"", ""retrieval_time_query_p5(ms)"": ""13.659"", ""retrieval_time_query_p50(ms)"": ""44.453"", ""retrieval_time_query_p95(ms)"": ""60.479""}",profiling/igp_paper_cpu/chunks/igp_val_20260424T111000Z_fix1/val/msmarco/igp_msmarco_top10_val_chunk_001.json
igp_val_20260424T111000Z_fix1,val,msmarco,10,recall@10,50,1,50,620.7324643078833,620.7324643078833,45.78584,21.840813666408653,1.611,0.16408098035193572,304.72757959365845,0.53,0.6,1.0,"{""decode_time_average(ms)"": ""7.842"", ""filter_time_average(ms)"": ""36.859"", ""incremental_graph_n_compute_l_average"": ""13391.700"", ""n_seen_item_average"": ""14148.540"", ""n_vq_score_linear_scan_average"": ""44277.920"", ""refine_time_average(ms)"": ""1.084"", ""retrieval_time_average(ms)"": ""1.611"", ""retrieval_time_query_average(ms)"": ""45.786"", ""retrieval_time_query_p5(ms)"": ""13.311"", ""retrieval_time_query_p50(ms)"": ""48.323"", ""retrieval_time_query_p95(ms)"": ""74.262""}",profiling/igp_paper_cpu/chunks/igp_val_20260424T111000Z_fix1/val/msmarco/igp_msmarco_top10_val_chunk_001.json
igp_val_20260424T111000Z_fix1,val,msmarco,10,recall@10,50,1,100,545.5537370430987,545.5537370430987,50.53976000000001,19.786401834911757,1.833,0.16424389009708912,304.4253273010254,0.5760000000000001,0.6,1.0,"{""decode_time_average(ms)"": ""13.443"", ""filter_time_average(ms)"": ""34.999"", ""incremental_graph_n_compute_l_average"": ""13391.700"", ""n_seen_item_average"": ""14148.540"", ""n_vq_score_linear_scan_average"": ""44277.920"", ""refine_time_average(ms)"": ""2.098"", ""retrieval_time_average(ms)"": ""1.833"", ""retrieval_time_query_average(ms)"": ""50.540"", ""retrieval_time_query_p5(ms)"": ""18.424"", ""retrieval_time_query_p50(ms)"": ""46.126"", ""retrieval_time_query_p95(ms)"": ""85.016""}",profiling/igp_paper_cpu/chunks/igp_val_20260424T111000Z_fix1/val/msmarco/igp_msmarco_top10_val_chunk_001.json
igp_val_20260424T111000Z_fix1,val,msmarco,10,recall@10,50,1,200,138.71549452073796,138.71549452073796,155.23742000000001,6.441745811029325,7.209,0.12955517849652098,385.93594312667847,0.652,0.7,1.0,"{""decode_time_average(ms)"": ""24.145"", ""filter_time_average(ms)"": ""126.133"", ""incremental_graph_n_compute_l_average"": ""13391.700"", ""n_seen_item_average"": ""14148.540"", ""n_vq_score_linear_scan_average"": ""44277.920"", ""refine_time_average(ms)"": ""4.958"", ""retrieval_time_average(ms)"": ""7.209"", ""retrieval_time_query_average(ms)"": ""155.237"", ""retrieval_time_query_p5(ms)"": ""29.025"", ""retrieval_time_query_p50(ms)"": ""182.355"", ""retrieval_time_query_p95(ms)"": ""299.314""}",profiling/igp_paper_cpu/chunks/igp_val_20260424T111000Z_fix1/val/msmarco/igp_msmarco_top10_val_chunk_002.json
igp_val_20260424T111000Z_fix1,val,msmarco,10,recall@10,50,1,300,418.7604690117253,418.7604690117253,69.4748,14.393708222261884,2.388,0.1646695871118371,303.63833951950073,0.664,0.7,1.0,"{""decode_time_average(ms)"": ""24.350"", ""filter_time_average(ms)"": ""37.668"", ""incremental_graph_n_compute_l_average"": ""13391.700"", ""n_seen_item_average"": ""14148.540"", ""n_vq_score_linear_scan_average"": ""44277.920"", ""refine_time_average(ms)"": ""7.456"", ""retrieval_time_average(ms)"": ""2.388"", ""retrieval_time_query_average(ms)"": ""69.475"", ""retrieval_time_query_p5(ms)"": ""31.011"", ""retrieval_time_query_p50(ms)"": ""76.904"", ""retrieval_time_query_p95(ms)"": ""93.138""}",profiling/igp_paper_cpu/chunks/igp_val_20260424T111000Z_fix1/val/msmarco/igp_msmarco_top10_val_chunk_002.json
igp_val_20260424T111000Z_fix1,val,msmarco,10,recall@10,50,1,400,370.91988130563794,370.91988130563794,75.98544,13.160415995485451,2.696,0.16585863171658802,301.4615488052368,0.672,0.7,1.0,"{""decode_time_average(ms)"": ""29.904"", ""filter_time_average(ms)"": ""34.567"", ""incremental_graph_n_compute_l_average"": ""13391.700"", ""n_seen_item_average"": ""14148.540"", ""n_vq_score_linear_scan_average"": ""44277.920"", ""refine_time_average(ms)"": ""11.514"", ""retrieval_time_average(ms)"": ""2.696"", ""retrieval_time_query_average(ms)"": ""75.985"", ""retrieval_time_query_p5(ms)"": ""35.312"", ""retrieval_time_query_p50(ms)"": ""86.656"", ""retrieval_time_query_p95(ms)"": ""98.160""}",profiling/igp_paper_cpu/chunks/igp_val_20260424T111000Z_fix1/val/msmarco/igp_msmarco_top10_val_chunk_002.json
igp_val_20260424T111000Z_fix1,val,msmarco,10,recall@10,50,1,600,324.14910858995137,324.14910858995137,78.63226,12.717426664323268,3.085,0.16578722824412956,301.5913863182068,0.7020000000000001,0.7,1.0,"{""decode_time_average(ms)"": ""25.776"", ""filter_time_average(ms)"": ""37.822"", ""incremental_graph_n_compute_l_average"": ""13391.700"", ""n_seen_item_average"": ""14148.540"", ""n_vq_score_linear_scan_average"": ""44277.920"", ""refine_time_average(ms)"": ""15.034"", ""retrieval_time_average(ms)"": ""3.085"", ""retrieval_time_query_average(ms)"": ""78.632"", ""retrieval_time_query_p5(ms)"": ""37.045"", ""retrieval_time_query_p50(ms)"": ""86.519"", ""retrieval_time_query_p95(ms)"": ""112.481""}",profiling/igp_paper_cpu/chunks/igp_val_20260424T111000Z_fix1/val/msmarco/igp_msmarco_top10_val_chunk_002.json
igp_val_20260424T111000Z_fix1,val,msmarco,10,recall@10,50,2,10,218.15008726003492,218.15008726003492,100.60142000000002,9.940217543648984,4.584,0.13393798833208134,373.30708503723145,0.396,0.4,0.8,"{""decode_time_average(ms)"": ""2.532"", ""filter_time_average(ms)"": ""97.812"", ""incremental_graph_n_compute_l_average"": ""13966.760"", ""n_seen_item_average"": ""25844.240"", ""n_vq_score_linear_scan_average"": ""88082.120"", ""refine_time_average(ms)"": ""0.257"", ""retrieval_time_average(ms)"": ""4.584"", ""retrieval_time_query_average(ms)"": ""100.601"", ""retrieval_time_query_p5(ms)"": ""23.538"", ""retrieval_time_query_p50(ms)"": ""115.830"", ""retrieval_time_query_p95(ms)"": ""164.063""}",profiling/igp_paper_cpu/chunks/igp_val_20260424T111000Z_fix1/val/msmarco/igp_msmarco_top10_val_chunk_003.json
igp_val_20260424T111000Z_fix1,val,msmarco,10,recall@10,50,2,20,406.33888663145063,406.33888663145063,59.78597999999999,16.72632948393587,2.461,0.16542080567588024,302.2594394683838,0.54,0.5,1.0,"{""decode_time_average(ms)"": ""7.186"", ""filter_time_average(ms)"": ""52.208"", ""incremental_graph_n_compute_l_average"": ""13966.760"", ""n_seen_item_average"": ""25844.240"", ""n_vq_score_linear_scan_average"": ""88082.120"", ""refine_time_average(ms)"": ""0.392"", ""retrieval_time_average(ms)"": ""2.461"", ""retrieval_time_query_average(ms)"": ""59.786"", ""retrieval_time_query_p5(ms)"": ""21.662"", ""retrieval_time_query_p50(ms)"": ""68.854"", ""retrieval_time_query_p95(ms)"": ""93.557""}",profiling/igp_paper_cpu/chunks/igp_val_20260424T111000Z_fix1/val/msmarco/igp_msmarco_top10_val_chunk_003.json
igp_val_20260424T111000Z_fix1,val,msmarco,10,recall@10,50,2,50,406.17384240454913,406.17384240454913,65.70634,15.219231507948853,2.462,0.16581658512372502,301.5379912853241,0.654,0.7,1.0,"{""decode_time_average(ms)"": ""10.491"", ""filter_time_average(ms)"": ""54.230"", ""incremental_graph_n_compute_l_average"": ""13966.760"", ""n_seen_item_average"": ""25844.240"", ""n_vq_score_linear_scan_average"": ""88082.120"", ""refine_time_average(ms)"": ""0.986"", ""retrieval_time_average(ms)"": ""2.462"", ""retrieval_time_query_average(ms)"": ""65.706"", ""retrieval_time_query_p5(ms)"": ""22.031"", ""retrieval_time_query_p50(ms)"": ""74.496"", ""retrieval_time_query_p95(ms)"": ""95.559""}",profiling/igp_paper_cpu/chunks/igp_val_20260424T111000Z_fix1/val/msmarco/igp_msmarco_top10_val_chunk_003.json
igp_val_20260424T111000Z_fix1,val,msmarco,10,recall@10,50,2,100,381.24285169653064,381.24285169653064,73.87474,13.536426659504993,2.623,0.16593590872064068,301.3211569786072,0.7019999999999998,0.75,1.0,"{""decode_time_average(ms)"": ""15.535"", ""filter_time_average(ms)"": ""56.312"", ""incremental_graph_n_compute_l_average"": ""13966.760"", ""n_seen_item_average"": ""25844.240"", ""n_vq_score_linear_scan_average"": ""88082.120"", ""refine_time_average(ms)"": ""2.028"", ""retrieval_time_average(ms)"": ""2.623"", ""retrieval_time_query_average(ms)"": ""73.875"", ""retrieval_time_query_p5(ms)"": ""27.489"", ""retrieval_time_query_p50(ms)"": ""80.932"", ""retrieval_time_query_p95(ms)"": ""104.880""}",profiling/igp_paper_cpu/chunks/igp_val_20260424T111000Z_fix1/val/msmarco/igp_msmarco_top10_val_chunk_003.json
igp_val_20260424T111000Z_fix1,val,msmarco,10,recall@10,50,2,200,210.03990758244066,210.03990758244066,137.20064000000002,7.288595738328916,4.761,0.16495312637785262,303.1164131164551,0.752,0.8,1.0,"{""decode_time_average(ms)"": ""53.610"", ""filter_time_average(ms)"": ""77.226"", ""incremental_graph_n_compute_l_average"": ""13966.760"", ""n_seen_item_average"": ""25844.240"", ""n_vq_score_linear_scan_average"": ""88082.120"", ""refine_time_average(ms)"": ""6.364"", ""retrieval_time_average(ms)"": ""4.761"", ""retrieval_time_query_average(ms)"": ""137.201"", ""retrieval_time_query_p5(ms)"": ""16.760"", ""retrieval_time_query_p50(ms)"": ""179.196"", ""retrieval_time_query_p95(ms)"": ""207.847""}",profiling/igp_paper_cpu/chunks/igp_val_20260424T111000Z_fix1/val/msmarco/igp_msmarco_top10_val_chunk_004.json
igp_val_20260424T111000Z_fix1,val,msmarco,10,recall@10,50,2,300,315.357931251971,315.357931251971,88.69077999999998,11.275129162242122,3.171,0.16458024077795907,303.8031768798828,0.778,0.9,1.0,"{""decode_time_average(ms)"": ""42.767"", ""filter_time_average(ms)"": ""39.545"", ""incremental_graph_n_compute_l_average"": ""13966.760"", ""n_seen_item_average"": ""25844.240"", ""n_vq_score_linear_scan_average"": ""88082.120"", ""refine_time_average(ms)"": ""6.379"", ""retrieval_time_average(ms)"": ""3.171"", ""retrieval_time_query_average(ms)"": ""88.691"", ""retrieval_time_query_p5(ms)"": ""28.633"", ""retrieval_time_query_p50(ms)"": ""79.931"", ""retrieval_time_query_p95(ms)"": ""152.530""}",profiling/igp_paper_cpu/chunks/igp_val_20260424T111000Z_fix1/val/msmarco/igp_msmarco_top10_val_chunk_004.json
igp_val_20260424T111000Z_fix1,val,msmarco,10,recall@10,50,2,400,336.02150537634407,336.02150537634407,86.99297999999999,11.495180415707107,2.976,0.16503202645602313,302.97149634361267,0.784,0.9,1.0,"{""decode_time_average(ms)"": ""29.735"", ""filter_time_average(ms)"": ""47.944"", ""incremental_graph_n_compute_l_average"": ""13966.760"", ""n_seen_item_average"": ""25844.240"", ""n_vq_score_linear_scan_average"": ""88082.120"", ""refine_time_average(ms)"": ""9.313"", ""retrieval_time_average(ms)"": ""2.976"", ""retrieval_time_query_average(ms)"": ""86.993"", ""retrieval_time_query_p5(ms)"": ""30.263"", ""retrieval_time_query_p50(ms)"": ""85.683"", ""retrieval_time_query_p95(ms)"": ""125.691""}",profiling/igp_paper_cpu/chunks/igp_val_20260424T111000Z_fix1/val/msmarco/igp_msmarco_top10_val_chunk_004.json
igp_val_20260424T111000Z_fix1,val,msmarco,10,recall@10,50,2,600,271.5177844148792,271.5177844148792,107.15326,9.332427216866757,3.683,0.1651465283746767,302.761435508728,0.7980000000000002,0.9,1.0,"{""decode_time_average(ms)"": ""42.560"", ""filter_time_average(ms)"": ""49.339"", ""incremental_graph_n_compute_l_average"": ""13966.760"", ""n_seen_item_average"": ""25844.240"", ""n_vq_score_linear_scan_average"": ""88082.120"", ""refine_time_average(ms)"": ""15.254"", ""retrieval_time_average(ms)"": ""3.683"", ""retrieval_time_query_average(ms)"": ""107.153"", ""retrieval_time_query_p5(ms)"": ""40.010"", ""retrieval_time_query_p50(ms)"": ""105.737"", ""retrieval_time_query_p95(ms)"": ""154.804""}",profiling/igp_paper_cpu/chunks/igp_val_20260424T111000Z_fix1/val/msmarco/igp_msmarco_top10_val_chunk_004.json
igp_val_20260424T111000Z_fix1,val,msmarco,10,recall@10,50,4,10,215.70319240724763,215.70319240724763,90.67460000000001,11.028446775613014,4.636,0.13489961494753516,370.6459801197052,0.46399999999999997,0.4,0.8,"{""decode_time_average(ms)"": ""2.500"", ""filter_time_average(ms)"": ""87.852"", ""incremental_graph_n_compute_l_average"": ""15102.640"", ""n_seen_item_average"": ""45867.940"", ""n_vq_score_linear_scan_average"": ""173164.280"", ""refine_time_average(ms)"": ""0.322"", ""retrieval_time_average(ms)"": ""4.636"", ""retrieval_time_query_average(ms)"": ""90.675"", ""retrieval_time_query_p5(ms)"": ""25.725"", ""retrieval_time_query_p50(ms)"": ""78.424"", ""retrieval_time_query_p95(ms)"": ""157.797""}",profiling/igp_paper_cpu/chunks/igp_val_20260424T111000Z_fix1/val/msmarco/igp_msmarco_top10_val_chunk_005.json
igp_val_20260424T111000Z_fix1,val,msmarco,10,recall@10,50,4,20,393.85584875935405,393.85584875935405,64.07378,15.607008046036928,2.539,0.16466075940235536,303.65461802482605,0.6179999999999999,0.6,1.0,"{""decode_time_average(ms)"": ""7.536"", ""filter_time_average(ms)"": ""55.886"", ""incremental_graph_n_compute_l_average"": ""15102.640"", ""n_seen_item_average"": ""45867.940"", ""n_vq_score_linear_scan_average"": ""173164.280"", ""refine_time_average(ms)"": ""0.652"", ""retrieval_time_average(ms)"": ""2.539"", ""retrieval_time_query_average(ms)"": ""64.074"", ""retrieval_time_query_p5(ms)"": ""22.121"", ""retrieval_time_query_p50(ms)"": ""66.017"", ""retrieval_time_query_p95(ms)"": ""103.253""}",profiling/igp_paper_cpu/chunks/igp_val_20260424T111000Z_fix1/val/msmarco/igp_msmarco_top10_val_chunk_005.json
igp_val_20260424T111000Z_fix1,val,msmarco,10,recall@10,50,4,50,429.000429000429,429.000429000429,58.799139999999994,17.007051463677872,2.331,0.16501877799222728,302.99582028388977,0.7199999999999999,0.8,1.0,"{""decode_time_average(ms)"": ""8.681"", ""filter_time_average(ms)"": ""49.142"", ""incremental_graph_n_compute_l_average"": ""15102.640"", ""n_seen_item_average"": ""45867.940"", ""n_vq_score_linear_scan_average"": ""173164.280"", ""refine_time_average(ms)"": ""0.976"", ""retrieval_time_average(ms)"": ""2.331"", ""retrieval_time_query_average(ms)"": ""58.799"", ""retrieval_time_query_p5(ms)"": ""26.189"", ""retrieval_time_query_p50(ms)"": ""65.437"", ""retrieval_time_query_p95(ms)"": ""83.616""}",profiling/igp_paper_cpu/chunks/igp_val_20260424T111000Z_fix1/val/msmarco/igp_msmarco_top10_val_chunk_005.json
igp_val_20260424T111000Z_fix1,val,msmarco,10,recall@10,50,4,100,424.9893752656183,424.9893752656183,66.40464000000001,15.059188635011044,2.353,0.16483573727495004,303.332279920578,0.7619999999999999,0.8,1.0,"{""decode_time_average(ms)"": ""13.212"", ""filter_time_average(ms)"": ""51.167"", ""incremental_graph_n_compute_l_average"": ""15102.640"", ""n_seen_item_average"": ""45867.940"", ""n_vq_score_linear_scan_average"": ""173164.280"", ""refine_time_average(ms)"": ""2.026"", ""retrieval_time_average(ms)"": ""2.353"", ""retrieval_time_query_average(ms)"": ""66.405"", ""retrieval_time_query_p5(ms)"": ""31.771"", ""retrieval_time_query_p50(ms)"": ""67.027"", ""retrieval_time_query_p95(ms)"": ""101.791""}",profiling/igp_paper_cpu/chunks/igp_val_20260424T111000Z_fix1/val/msmarco/igp_msmarco_top10_val_chunk_005.json
igp_val_20260424T111000Z_fix1,val,msmarco,10,recall@10,50,4,200,178.4439685938615,178.4439685938615,154.22988,6.483827906758405,5.604,0.13424970426043928,372.44029903411865,0.8079999999999999,0.9,1.0,"{""decode_time_average(ms)"": ""27.689"", ""filter_time_average(ms)"": ""122.574"", ""incremental_graph_n_compute_l_average"": ""15102.640"", ""n_seen_item_average"": ""45867.940"", ""n_vq_score_linear_scan_average"": ""173164.280"", ""refine_time_average(ms)"": ""3.966"", ""retrieval_time_average(ms)"": ""5.604"", ""retrieval_time_query_average(ms)"": ""154.230"", ""retrieval_time_query_p5(ms)"": ""30.036"", ""retrieval_time_query_p50(ms)"": ""183.389"", ""retrieval_time_query_p95(ms)"": ""250.309""}",profiling/igp_paper_cpu/chunks/igp_val_20260424T111000Z_fix1/val/msmarco/igp_msmarco_top10_val_chunk_006.json
igp_val_20260424T111000Z_fix1,val,msmarco,10,recall@10,50,4,300,281.5315315315315,281.5315315315315,92.28492,10.836006576155672,3.552,0.1647517539687616,303.4869055747986,0.8260000000000001,0.9,1.0,"{""decode_time_average(ms)"": ""34.641"", ""filter_time_average(ms)"": ""50.911"", ""incremental_graph_n_compute_l_average"": ""15102.640"", ""n_seen_item_average"": ""45867.940"", ""n_vq_score_linear_scan_average"": ""173164.280"", ""refine_time_average(ms)"": ""6.733"", ""retrieval_time_average(ms)"": ""3.552"", ""retrieval_time_query_average(ms)"": ""92.285"", ""retrieval_time_query_p5(ms)"": ""35.610"", ""retrieval_time_query_p50(ms)"": ""103.149"", ""retrieval_time_query_p95(ms)"": ""129.694""}",profiling/igp_paper_cpu/chunks/igp_val_20260424T111000Z_fix1/val/msmarco/igp_msmarco_top10_val_chunk_006.json
igp_val_20260424T111000Z_fix1,val,msmarco,10,recall@10,50,4,400,273.07482250136536,273.07482250136536,97.4944,10.256999376374438,3.662,0.16548855418245986,302.1356990337372,0.8280000000000001,0.9,1.0,"{""decode_time_average(ms)"": ""33.639"", ""filter_time_average(ms)"": ""54.369"", ""incremental_graph_n_compute_l_average"": ""15102.640"", ""n_seen_item_average"": ""45867.940"", ""n_vq_score_linear_scan_average"": ""173164.280"", ""refine_time_average(ms)"": ""9.486"", ""retrieval_time_average(ms)"": ""3.662"", ""retrieval_time_query_average(ms)"": ""97.494"", ""retrieval_time_query_p5(ms)"": ""49.554"", ""retrieval_time_query_p50(ms)"": ""105.868"", ""retrieval_time_query_p95(ms)"": ""130.712""}",profiling/igp_paper_cpu/chunks/igp_val_20260424T111000Z_fix1/val/msmarco/igp_msmarco_top10_val_chunk_006.json
igp_val_20260424T111000Z_fix1,val,msmarco,10,recall@10,50,4,600,269.61445133459154,269.61445133459154,96.17674000000001,10.397524391032592,3.709,0.16518189382902645,302.6966142654419,0.8440000000000002,0.9,1.0,"{""decode_time_average(ms)"": ""36.092"", ""filter_time_average(ms)"": ""45.633"", ""incremental_graph_n_compute_l_average"": ""15102.640"", ""n_seen_item_average"": ""45867.940"", ""n_vq_score_linear_scan_average"": ""173164.280"", ""refine_time_average(ms)"": ""14.451"", ""retrieval_time_average(ms)"": ""3.709"", ""retrieval_time_query_average(ms)"": ""96.177"", ""retrieval_time_query_p5(ms)"": ""46.272"", ""retrieval_time_query_p50(ms)"": ""103.518"", ""retrieval_time_query_p95(ms)"": ""128.822""}",profiling/igp_paper_cpu/chunks/igp_val_20260424T111000Z_fix1/val/msmarco/igp_msmarco_top10_val_chunk_006.json
igp_val_20260424T111000Z_fix1,val,msmarco,10,recall@10,50,8,10,159.6169193934557,159.6169193934557,107.85567999999999,9.271648929384156,6.265,0.13488993335728403,370.67258286476135,0.484,0.45,0.8,"{""decode_time_average(ms)"": ""3.106"", ""filter_time_average(ms)"": ""104.381"", ""incremental_graph_n_compute_l_average"": ""17285.760"", ""n_seen_item_average"": ""80578.500"", ""n_vq_score_linear_scan_average"": ""335865.200"", ""refine_time_average(ms)"": ""0.369"", ""retrieval_time_average(ms)"": ""6.265"", ""retrieval_time_query_average(ms)"": ""107.856"", ""retrieval_time_query_p5(ms)"": ""33.513"", ""retrieval_time_query_p50(ms)"": ""114.627"", ""retrieval_time_query_p95(ms)"": ""175.923""}",profiling/igp_paper_cpu/chunks/igp_val_20260424T111000Z_fix1/val/msmarco/igp_msmarco_top10_val_chunk_007.json
igp_val_20260424T111000Z_fix1,val,msmarco,10,recall@10,50,8,20,390.625,390.625,58.31528,17.148164254720204,2.56,0.1640284561376735,304.8251576423645,0.65,0.7,1.0,"{""decode_time_average(ms)"": ""4.194"", ""filter_time_average(ms)"": ""53.741"", ""incremental_graph_n_compute_l_average"": ""17285.760"", ""n_seen_item_average"": ""80578.500"", ""n_vq_score_linear_scan_average"": ""335865.200"", ""refine_time_average(ms)"": ""0.381"", ""retrieval_time_average(ms)"": ""2.560"", ""retrieval_time_query_average(ms)"": ""58.315"", ""retrieval_time_query_p5(ms)"": ""30.183"", ""retrieval_time_query_p50(ms)"": ""59.591"", ""retrieval_time_query_p95(ms)"": ""83.572""}",profiling/igp_paper_cpu/chunks/igp_val_20260424T111000Z_fix1/val/msmarco/igp_msmarco_top10_val_chunk_007.json
igp_val_20260424T111000Z_fix1,val,msmarco,10,recall@10,50,8,50,360.8805485384338,360.8805485384338,64.5023,15.503323137314482,2.771,0.16447711005264895,303.9936680793762,0.7639999999999999,0.8,1.0,"{""decode_time_average(ms)"": ""7.999"", ""filter_time_average(ms)"": ""55.601"", ""incremental_graph_n_compute_l_average"": ""17285.760"", ""n_seen_item_average"": ""80578.500"", ""n_vq_score_linear_scan_average"": ""335865.200"", ""refine_time_average(ms)"": ""0.903"", ""retrieval_time_average(ms)"": ""2.771"", ""retrieval_time_query_average(ms)"": ""64.502"", ""retrieval_time_query_p5(ms)"": ""30.412"", ""retrieval_time_query_p50(ms)"": ""67.392"", ""retrieval_time_query_p95(ms)"": ""92.004""}",profiling/igp_paper_cpu/chunks/igp_val_20260424T111000Z_fix1/val/msmarco/igp_msmarco_top10_val_chunk_007.json
igp_val_20260424T111000Z_fix1,val,msmarco,10,recall@10,50,8,100,329.48929159802304,329.48929159802304,73.87988,13.53548489791808,3.035,0.16360803231376597,305.60846734046936,0.796,0.9,1.0,"{""decode_time_average(ms)"": ""12.836"", ""filter_time_average(ms)"": ""59.260"", ""incremental_graph_n_compute_l_average"": ""17285.760"", ""n_seen_item_average"": ""80578.500"", ""n_vq_score_linear_scan_average"": ""335865.200"", ""refine_time_average(ms)"": ""1.784"", ""retrieval_time_average(ms)"": ""3.035"", ""retrieval_time_query_average(ms)"": ""73.880"", ""retrieval_time_query_p5(ms)"": ""34.112"", ""retrieval_time_query_p50(ms)"": ""72.995"", ""retrieval_time_query_p95(ms)"": ""109.289""}",profiling/igp_paper_cpu/chunks/igp_val_20260424T111000Z_fix1/val/msmarco/igp_msmarco_top10_val_chunk_007.json
igp_val_20260424T111000Z_fix1,val,msmarco,10,recall@10,50,8,200,116.03620329542817,116.03620329542817,211.73447999999996,4.722896336959385,8.618,0.12415802134444709,402.7126033306122,0.856,0.9,1.0,"{""decode_time_average(ms)"": ""22.977"", ""filter_time_average(ms)"": ""184.306"", ""incremental_graph_n_compute_l_average"": ""17285.760"", ""n_seen_item_average"": ""80578.500"", ""n_vq_score_linear_scan_average"": ""335865.200"", ""refine_time_average(ms)"": ""4.452"", ""retrieval_time_average(ms)"": ""8.618"", ""retrieval_time_query_average(ms)"": ""211.734"", ""retrieval_time_query_p5(ms)"": ""37.280"", ""retrieval_time_query_p50(ms)"": ""208.303"", ""retrieval_time_query_p95(ms)"": ""385.348""}",profiling/igp_paper_cpu/chunks/igp_val_20260424T111000Z_fix1/val/msmarco/igp_msmarco_top10_val_chunk_008.json
igp_val_20260424T111000Z_fix1,val,msmarco,10,recall@10,50,8,300,211.954217888936,211.954217888936,140.08906000000002,7.138316154023732,4.718,0.1454042499079579,343.8689036369324,0.8680000000000001,0.9,1.0,"{""decode_time_average(ms)"": ""14.025"", ""filter_time_average(ms)"": ""120.753"", ""incremental_graph_n_compute_l_average"": ""17285.760"", ""n_seen_item_average"": ""80578.500"", ""n_vq_score_linear_scan_average"": ""335865.200"", ""refine_time_average(ms)"": ""5.311"", ""retrieval_time_average(ms)"": ""4.718"", ""retrieval_time_query_average(ms)"": ""140.089"", ""retrieval_time_query_p5(ms)"": ""45.158"", ""retrieval_time_query_p50(ms)"": ""128.283"", ""retrieval_time_query_p95(ms)"": ""222.122""}",profiling/igp_paper_cpu/chunks/igp_val_20260424T111000Z_fix1/val/msmarco/igp_msmarco_top10_val_chunk_008.json
igp_val_20260424T111000Z_fix1,val,msmarco,10,recall@10,50,8,400,178.4121320249777,178.4121320249777,120.15884000000001,8.322317359255464,5.605,0.14619143508659077,342.0173006057739,0.8680000000000001,0.9,1.0,"{""decode_time_average(ms)"": ""21.708"", ""filter_time_average(ms)"": ""90.527"", ""incremental_graph_n_compute_l_average"": ""17285.760"", ""n_seen_item_average"": ""80578.500"", ""n_vq_score_linear_scan_average"": ""335865.200"", ""refine_time_average(ms)"": ""7.924"", ""retrieval_time_average(ms)"": ""5.605"", ""retrieval_time_query_average(ms)"": ""120.159"", ""retrieval_time_query_p5(ms)"": ""55.999"", ""retrieval_time_query_p50(ms)"": ""118.602"", ""retrieval_time_query_p95(ms)"": ""182.363""}",profiling/igp_paper_cpu/chunks/igp_val_20260424T111000Z_fix1/val/msmarco/igp_msmarco_top10_val_chunk_008.json
igp_val_20260424T111000Z_fix1,val,msmarco,10,recall@10,50,8,600,194.325689856199,194.325689856199,134.38956,7.441054200936442,5.146,0.1482654346031365,337.23301815986633,0.8759999999999999,0.9,1.0,"{""decode_time_average(ms)"": ""29.421"", ""filter_time_average(ms)"": ""92.384"", ""incremental_graph_n_compute_l_average"": ""17285.760"", ""n_seen_item_average"": ""80578.500"", ""n_vq_score_linear_scan_average"": ""335865.200"", ""refine_time_average(ms)"": ""12.584"", ""retrieval_time_average(ms)"": ""5.146"", ""retrieval_time_query_average(ms)"": ""134.390"", ""retrieval_time_query_p5(ms)"": ""65.915"", ""retrieval_time_query_p50(ms)"": ""140.525"", ""retrieval_time_query_p95(ms)"": ""189.016""}",profiling/igp_paper_cpu/chunks/igp_val_20260424T111000Z_fix1/val/msmarco/igp_msmarco_top10_val_chunk_008.json
igp_val_20260424T111000Z_fix1,val,msmarco,10,recall@10,50,16,10,275.3303964757709,275.3303964757709,87.25031999999999,11.46127601595043,3.632,0.16298782655292782,306.7713770866394,0.48800000000000004,0.45,0.8,"{""decode_time_average(ms)"": ""0.649"", ""filter_time_average(ms)"": ""86.390"", ""incremental_graph_n_compute_l_average"": ""21727.540"", ""n_seen_item_average"": ""145259.180"", ""n_vq_score_linear_scan_average"": ""646327.740"", ""refine_time_average(ms)"": ""0.211"", ""retrieval_time_average(ms)"": ""3.632"", ""retrieval_time_query_average(ms)"": ""87.250"", ""retrieval_time_query_p5(ms)"": ""39.225"", ""retrieval_time_query_p50(ms)"": ""83.803"", ""retrieval_time_query_p95(ms)"": ""129.830""}",profiling/igp_paper_cpu/chunks/igp_val_20260424T111000Z_fix1/val/msmarco/igp_msmarco_top10_val_chunk_009.json
igp_val_20260424T111000Z_fix1,val,msmarco,10,recall@10,50,16,20,277.31558513588465,277.31558513588465,92.27040000000001,10.837711768887964,3.606,0.1631224443751809,306.51821208000183,0.6759999999999999,0.7,1.0,"{""decode_time_average(ms)"": ""3.616"", ""filter_time_average(ms)"": ""88.280"", ""incremental_graph_n_compute_l_average"": ""21727.540"", ""n_seen_item_average"": ""145259.180"", ""n_vq_score_linear_scan_average"": ""646327.740"", ""refine_time_average(ms)"": ""0.374"", ""retrieval_time_average(ms)"": ""3.606"", ""retrieval_time_query_average(ms)"": ""92.270"", ""retrieval_time_query_p5(ms)"": ""39.439"", ""retrieval_time_query_p50(ms)"": ""92.697"", ""retrieval_time_query_p95(ms)"": ""143.032""}",profiling/igp_paper_cpu/chunks/igp_val_20260424T111000Z_fix1/val/msmarco/igp_msmarco_top10_val_chunk_009.json
igp_val_20260424T111000Z_fix1,val,msmarco,10,recall@10,50,16,50,294.8982601002654,294.8982601002654,90.54694,11.043995523205973,3.391,0.1636598625300763,305.51168274879456,0.78,0.8500000000000001,1.0,"{""decode_time_average(ms)"": ""4.489"", ""filter_time_average(ms)"": ""85.223"", ""incremental_graph_n_compute_l_average"": ""21727.540"", ""n_seen_item_average"": ""145259.180"", ""n_vq_score_linear_scan_average"": ""646327.740"", ""refine_time_average(ms)"": ""0.835"", ""retrieval_time_average(ms)"": ""3.391"", ""retrieval_time_query_average(ms)"": ""90.547"", ""retrieval_time_query_p5(ms)"": ""40.140"", ""retrieval_time_query_p50(ms)"": ""92.088"", ""retrieval_time_query_p95(ms)"": ""139.953""}",profiling/igp_paper_cpu/chunks/igp_val_20260424T111000Z_fix1/val/msmarco/igp_msmarco_top10_val_chunk_009.json
igp_val_20260424T111000Z_fix1,val,msmarco,10,recall@10,50,16,100,277.9321845469706,277.9321845469706,97.50538,10.255844344178751,3.598,0.16385976596831625,305.138968706131,0.81,0.9,1.0,"{""decode_time_average(ms)"": ""10.088"", ""filter_time_average(ms)"": ""85.715"", ""incremental_graph_n_compute_l_average"": ""21727.540"", ""n_seen_item_average"": ""145259.180"", ""n_vq_score_linear_scan_average"": ""646327.740"", ""refine_time_average(ms)"": ""1.702"", ""retrieval_time_average(ms)"": ""3.598"", ""retrieval_time_query_average(ms)"": ""97.505"", ""retrieval_time_query_p5(ms)"": ""45.148"", ""retrieval_time_query_p50(ms)"": ""100.133"", ""retrieval_time_query_p95(ms)"": ""148.832""}",profiling/igp_paper_cpu/chunks/igp_val_20260424T111000Z_fix1/val/msmarco/igp_msmarco_top10_val_chunk_009.json
igp_val_20260424T111000Z_fix1,val,msmarco,10,recall@10,50,16,200,271.4440825190011,271.4440825190011,93.88231999999999,10.651632810096727,3.684,0.1642539677350016,304.4066495895386,0.862,0.9,1.0,"{""decode_time_average(ms)"": ""6.192"", ""filter_time_average(ms)"": ""84.365"", ""incremental_graph_n_compute_l_average"": ""21727.540"", ""n_seen_item_average"": ""145259.180"", ""n_vq_score_linear_scan_average"": ""646327.740"", ""refine_time_average(ms)"": ""3.325"", ""retrieval_time_average(ms)"": ""3.684"", ""retrieval_time_query_average(ms)"": ""93.882"", ""retrieval_time_query_p5(ms)"": ""44.065"", ""retrieval_time_query_p50(ms)"": ""98.457"", ""retrieval_time_query_p95(ms)"": ""133.937""}",profiling/igp_paper_cpu/chunks/igp_val_20260424T111000Z_fix1/val/msmarco/igp_msmarco_top10_val_chunk_010.json
igp_val_20260424T111000Z_fix1,val,msmarco,10,recall@10,50,16,300,133.9405304045004,133.9405304045004,240.31416,4.161219630170773,7.466,0.16427959010805926,304.3591718673706,0.87,0.9,1.0,"{""decode_time_average(ms)"": ""113.334"", ""filter_time_average(ms)"": ""118.007"", ""incremental_graph_n_compute_l_average"": ""21727.540"", ""n_seen_item_average"": ""145259.180"", ""n_vq_score_linear_scan_average"": ""646327.740"", ""refine_time_average(ms)"": ""8.973"", ""retrieval_time_average(ms)"": ""7.466"", ""retrieval_time_query_average(ms)"": ""240.314"", ""retrieval_time_query_p5(ms)"": ""85.132"", ""retrieval_time_query_p50(ms)"": ""260.953"", ""retrieval_time_query_p95(ms)"": ""367.492""}",profiling/igp_paper_cpu/chunks/igp_val_20260424T111000Z_fix1/val/msmarco/igp_msmarco_top10_val_chunk_010.json
igp_val_20260424T111000Z_fix1,val,msmarco,10,recall@10,50,16,400,222.02486678507995,222.02486678507995,123.29589999999999,8.110569775637309,4.504,0.16453184096640364,303.89254570007324,0.8740000000000001,0.9,1.0,"{""decode_time_average(ms)"": ""23.572"", ""filter_time_average(ms)"": ""92.578"", ""incremental_graph_n_compute_l_average"": ""21727.540"", ""n_seen_item_average"": ""145259.180"", ""n_vq_score_linear_scan_average"": ""646327.740"", ""refine_time_average(ms)"": ""7.146"", ""retrieval_time_average(ms)"": ""4.504"", ""retrieval_time_query_average(ms)"": ""123.296"", ""retrieval_time_query_p5(ms)"": ""61.059"", ""retrieval_time_query_p50(ms)"": ""121.781"", ""retrieval_time_query_p95(ms)"": ""189.033""}",profiling/igp_paper_cpu/chunks/igp_val_20260424T111000Z_fix1/val/msmarco/igp_msmarco_top10_val_chunk_010.json
igp_val_20260424T111000Z_fix1,val,msmarco,10,recall@10,50,16,600,182.2489520685256,182.2489520685256,137.97052,7.247925136471182,5.487,0.16441525287552547,304.108038187027,0.8740000000000001,0.9,1.0,"{""decode_time_average(ms)"": ""31.015"", ""filter_time_average(ms)"": ""95.453"", ""incremental_graph_n_compute_l_average"": ""21727.540"", ""n_seen_item_average"": ""145259.180"", ""n_vq_score_linear_scan_average"": ""646327.740"", ""refine_time_average(ms)"": ""11.502"", ""retrieval_time_average(ms)"": ""5.487"", ""retrieval_time_query_average(ms)"": ""137.971"", ""retrieval_time_query_p5(ms)"": ""70.708"", ""retrieval_time_query_p50(ms)"": ""136.319"", ""retrieval_time_query_p95(ms)"": ""194.479""}",profiling/igp_paper_cpu/chunks/igp_val_20260424T111000Z_fix1/val/msmarco/igp_msmarco_top10_val_chunk_010.json
igp_val_20260424T111000Z_fix1,val,msmarco,10,recall@10,50,32,10,68.25006825006825,68.25006825006825,323.81368000000003,3.0881956562181063,14.652,0.13413676673904013,372.75387811660767,0.502,0.5,0.8,"{""decode_time_average(ms)"": ""2.230"", ""filter_time_average(ms)"": ""321.335"", ""incremental_graph_n_compute_l_average"": ""30496.320"", ""n_seen_item_average"": ""259661.740"", ""n_vq_score_linear_scan_average"": ""1254205.500"", ""refine_time_average(ms)"": ""0.249"", ""retrieval_time_average(ms)"": ""14.652"", ""retrieval_time_query_average(ms)"": ""323.814"", ""retrieval_time_query_p5(ms)"": ""148.861"", ""retrieval_time_query_p50(ms)"": ""327.288"", ""retrieval_time_query_p95(ms)"": ""534.771""}",profiling/igp_paper_cpu/chunks/igp_val_20260424T111000Z_fix1/val/msmarco/igp_msmarco_top10_val_chunk_011.json
igp_val_20260424T111000Z_fix1,val,msmarco,10,recall@10,50,32,20,171.26220243192327,171.26220243192327,134.71939999999998,7.422835909304823,5.839,0.1650873529633002,302.8699600696564,0.6659999999999999,0.7,1.0,"{""decode_time_average(ms)"": ""5.016"", ""filter_time_average(ms)"": ""129.333"", ""incremental_graph_n_compute_l_average"": ""30496.320"", ""n_seen_item_average"": ""259661.740"", ""n_vq_score_linear_scan_average"": ""1254205.500"", ""refine_time_average(ms)"": ""0.370"", ""retrieval_time_average(ms)"": ""5.839"", ""retrieval_time_query_average(ms)"": ""134.719"", ""retrieval_time_query_p5(ms)"": ""72.268"", ""retrieval_time_query_p50(ms)"": ""136.876"", ""retrieval_time_query_p95(ms)"": ""189.218""}",profiling/igp_paper_cpu/chunks/igp_val_20260424T111000Z_fix1/val/msmarco/igp_msmarco_top10_val_chunk_011.json
igp_val_20260424T111000Z_fix1,val,msmarco,10,recall@10,50,32,50,171.7032967032967,171.7032967032967,135.68571999999998,7.369972315435995,5.824,0.16671924991219553,299.90538001060486,0.804,0.9,1.0,"{""decode_time_average(ms)"": ""7.722"", ""filter_time_average(ms)"": ""127.124"", ""incremental_graph_n_compute_l_average"": ""30496.320"", ""n_seen_item_average"": ""259661.740"", ""n_vq_score_linear_scan_average"": ""1254205.500"", ""refine_time_average(ms)"": ""0.840"", ""retrieval_time_average(ms)"": ""5.824"", ""retrieval_time_query_average(ms)"": ""135.686"", ""retrieval_time_query_p5(ms)"": ""74.895"", ""retrieval_time_query_p50(ms)"": ""137.480"", ""retrieval_time_query_p95(ms)"": ""190.306""}",profiling/igp_paper_cpu/chunks/igp_val_20260424T111000Z_fix1/val/msmarco/igp_msmarco_top10_val_chunk_011.json
igp_val_20260424T111000Z_fix1,val,msmarco,10,recall@10,50,32,100,169.00456312320432,169.00456312320432,145.78868,6.859243118189972,5.917,0.16642518947430035,300.43528962135315,0.8520000000000002,0.9,1.0,"{""decode_time_average(ms)"": ""12.751"", ""filter_time_average(ms)"": ""131.285"", ""incremental_graph_n_compute_l_average"": ""30496.320"", ""n_seen_item_average"": ""259661.740"", ""n_vq_score_linear_scan_average"": ""1254205.500"", ""refine_time_average(ms)"": ""1.753"", ""retrieval_time_average(ms)"": ""5.917"", ""retrieval_time_query_average(ms)"": ""145.789"", ""retrieval_time_query_p5(ms)"": ""77.787"", ""retrieval_time_query_p50(ms)"": ""150.147"", ""retrieval_time_query_p95(ms)"": ""220.812""}",profiling/igp_paper_cpu/chunks/igp_val_20260424T111000Z_fix1/val/msmarco/igp_msmarco_top10_val_chunk_011.json
igp_val_20260424T111000Z_fix1,val,msmarco,10,recall@10,50,32,200,102.91242152927857,102.91242152927857,236.08228,4.235811345095447,9.717,0.1362488265348337,366.97563767433167,0.882,0.9,1.0,"{""decode_time_average(ms)"": ""6.480"", ""filter_time_average(ms)"": ""225.979"", ""incremental_graph_n_compute_l_average"": ""30496.320"", ""n_seen_item_average"": ""259661.740"", ""n_vq_score_linear_scan_average"": ""1254205.500"", ""refine_time_average(ms)"": ""3.623"", ""retrieval_time_average(ms)"": ""9.717"", ""retrieval_time_query_average(ms)"": ""236.082"", ""retrieval_time_query_p5(ms)"": ""115.430"", ""retrieval_time_query_p50(ms)"": ""246.129"", ""retrieval_time_query_p95(ms)"": ""327.820""}",profiling/igp_paper_cpu/chunks/igp_val_20260424T111000Z_fix1/val/msmarco/igp_msmarco_top10_val_chunk_012.json
igp_val_20260424T111000Z_fix1,val,msmarco,10,recall@10,50,32,300,75.71742257893541,75.71742257893541,288.30102,3.4685968159252436,13.207,0.13547204069206073,369.0798466205597,0.884,0.9,1.0,"{""decode_time_average(ms)"": ""13.013"", ""filter_time_average(ms)"": ""269.312"", ""incremental_graph_n_compute_l_average"": ""30496.320"", ""n_seen_item_average"": ""259661.740"", ""n_vq_score_linear_scan_average"": ""1254205.500"", ""refine_time_average(ms)"": ""5.976"", ""retrieval_time_average(ms)"": ""13.207"", ""retrieval_time_query_average(ms)"": ""288.301"", ""retrieval_time_query_p5(ms)"": ""156.860"", ""retrieval_time_query_p50(ms)"": ""284.849"", ""retrieval_time_query_p95(ms)"": ""408.929""}",profiling/igp_paper_cpu/chunks/igp_val_20260424T111000Z_fix1/val/msmarco/igp_msmarco_top10_val_chunk_012.json
igp_val_20260424T111000Z_fix1,val,msmarco,10,recall@10,50,32,400,81.6926721673066,81.6926721673066,309.47382,3.2312910991954022,12.241,0.14800078299654357,337.8360505104065,0.8860000000000001,0.9,1.0,"{""decode_time_average(ms)"": ""38.988"", ""filter_time_average(ms)"": ""262.837"", ""incremental_graph_n_compute_l_average"": ""30496.320"", ""n_seen_item_average"": ""259661.740"", ""n_vq_score_linear_scan_average"": ""1254205.500"", ""refine_time_average(ms)"": ""7.648"", ""retrieval_time_average(ms)"": ""12.241"", ""retrieval_time_query_average(ms)"": ""309.474"", ""retrieval_time_query_p5(ms)"": ""138.737"", ""retrieval_time_query_p50(ms)"": ""340.176"", ""retrieval_time_query_p95(ms)"": ""423.750""}",profiling/igp_paper_cpu/chunks/igp_val_20260424T111000Z_fix1/val/msmarco/igp_msmarco_top10_val_chunk_012.json
igp_val_20260424T111000Z_fix1,val,msmarco,10,recall@10,50,32,600,71.02777185879678,71.02777185879678,325.35264000000006,3.07358809198536,14.079,0.14792223296585047,338.0154490470886,0.8880000000000001,0.9,1.0,"{""decode_time_average(ms)"": ""23.785"", ""filter_time_average(ms)"": ""289.717"", ""incremental_graph_n_compute_l_average"": ""30496.320"", ""n_seen_item_average"": ""259661.740"", ""n_vq_score_linear_scan_average"": ""1254205.500"", ""refine_time_average(ms)"": ""11.850"", ""retrieval_time_average(ms)"": ""14.079"", ""retrieval_time_query_average(ms)"": ""325.353"", ""retrieval_time_query_p5(ms)"": ""122.299"", ""retrieval_time_query_p50(ms)"": ""307.504"", ""retrieval_time_query_p95(ms)"": ""541.534""}",profiling/igp_paper_cpu/chunks/igp_val_20260424T111000Z_fix1/val/msmarco/igp_msmarco_top10_val_chunk_012.json
igp_val_20260424T111000Z_fix1,val,msmarco,10,recall@10,50,64,10,52.61496369567505,52.61496369567505,438.5056400000001,2.280472378872937,19.006,0.13454325508276896,371.6276967525482,0.512,0.5,0.8549999999999998,"{""decode_time_average(ms)"": ""3.680"", ""filter_time_average(ms)"": ""434.599"", ""incremental_graph_n_compute_l_average"": ""47302.160"", ""n_seen_item_average"": ""468771.960"", ""n_vq_score_linear_scan_average"": ""2445371.940"", ""refine_time_average(ms)"": ""0.227"", ""retrieval_time_average(ms)"": ""19.006"", ""retrieval_time_query_average(ms)"": ""438.506"", ""retrieval_time_query_p5(ms)"": ""272.930"", ""retrieval_time_query_p50(ms)"": ""435.957"", ""retrieval_time_query_p95(ms)"": ""605.196""}",profiling/igp_paper_cpu/chunks/igp_val_20260424T111000Z_fix1/val/msmarco/igp_msmarco_top10_val_chunk_013.json
igp_val_20260424T111000Z_fix1,val,msmarco,10,recall@10,50,64,20,55.66069241901369,55.66069241901369,404.4032199999999,2.4727795194113447,17.966,0.13972273638912797,357.8515658378601,0.6679999999999999,0.7,1.0,"{""decode_time_average(ms)"": ""3.305"", ""filter_time_average(ms)"": ""400.704"", ""incremental_graph_n_compute_l_average"": ""47302.160"", ""n_seen_item_average"": ""468771.960"", ""n_vq_score_linear_scan_average"": ""2445371.940"", ""refine_time_average(ms)"": ""0.393"", ""retrieval_time_average(ms)"": ""17.966"", ""retrieval_time_query_average(ms)"": ""404.403"", ""retrieval_time_query_p5(ms)"": ""254.229"", ""retrieval_time_query_p50(ms)"": ""413.394"", ""retrieval_time_query_p95(ms)"": ""517.268""}",profiling/igp_paper_cpu/chunks/igp_val_20260424T111000Z_fix1/val/msmarco/igp_msmarco_top10_val_chunk_013.json
igp_val_20260424T111000Z_fix1,val,msmarco,10,recall@10,50,64,50,60.63178318074335,60.63178318074335,365.11682,2.7388494455007577,16.493,0.14452001927623634,345.972829580307,0.7879999999999999,0.9,1.0,"{""decode_time_average(ms)"": ""5.731"", ""filter_time_average(ms)"": ""358.468"", ""incremental_graph_n_compute_l_average"": ""47302.160"", ""n_seen_item_average"": ""468771.960"", ""n_vq_score_linear_scan_average"": ""2445371.940"", ""refine_time_average(ms)"": ""0.918"", ""retrieval_time_average(ms)"": ""16.493"", ""retrieval_time_query_average(ms)"": ""365.117"", ""retrieval_time_query_p5(ms)"": ""215.507"", ""retrieval_time_query_p50(ms)"": ""369.280"", ""retrieval_time_query_p95(ms)"": ""490.435""}",profiling/igp_paper_cpu/chunks/igp_val_20260424T111000Z_fix1/val/msmarco/igp_msmarco_top10_val_chunk_013.json
igp_val_20260424T111000Z_fix1,val,msmarco,10,recall@10,50,64,100,54.47513210219535,54.47513210219535,408.60838,2.447331109557763,18.357,0.14781185915260978,338.26785135269165,0.836,0.9,1.0,"{""decode_time_average(ms)"": ""8.474"", ""filter_time_average(ms)"": ""398.285"", ""incremental_graph_n_compute_l_average"": ""47302.160"", ""n_seen_item_average"": ""468771.960"", ""n_vq_score_linear_scan_average"": ""2445371.940"", ""refine_time_average(ms)"": ""1.849"", ""retrieval_time_average(ms)"": ""18.357"", ""retrieval_time_query_average(ms)"": ""408.608"", ""retrieval_time_query_p5(ms)"": ""254.796"", ""retrieval_time_query_p50(ms)"": ""408.927"", ""retrieval_time_query_p95(ms)"": ""546.936""}",profiling/igp_paper_cpu/chunks/igp_val_20260424T111000Z_fix1/val/msmarco/igp_msmarco_top10_val_chunk_013.json
igp_val_20260424T111000Z_fix1,val,msmarco,10,recall@10,50,64,200,45.7268279299465,45.7268279299465,476.42411999999996,2.09897013610478,21.869,0.13391324074408992,373.3760733604431,0.87,0.9,1.0,"{""decode_time_average(ms)"": ""10.645"", ""filter_time_average(ms)"": ""462.208"", ""incremental_graph_n_compute_l_average"": ""47302.160"", ""n_seen_item_average"": ""468771.960"", ""n_vq_score_linear_scan_average"": ""2445371.940"", ""refine_time_average(ms)"": ""3.571"", ""retrieval_time_average(ms)"": ""21.869"", ""retrieval_time_query_average(ms)"": ""476.424"", ""retrieval_time_query_p5(ms)"": ""279.851"", ""retrieval_time_query_p50(ms)"": ""474.117"", ""retrieval_time_query_p95(ms)"": ""735.704""}",profiling/igp_paper_cpu/chunks/igp_val_20260424T111000Z_fix1/val/msmarco/igp_msmarco_top10_val_chunk_014.json
igp_val_20260424T111000Z_fix1,val,msmarco,10,recall@10,50,64,300,56.141926790927464,56.141926790927464,367.12793999999997,2.723846079380393,17.812,0.1641656920358088,304.57033610343933,0.8780000000000001,0.9,1.0,"{""decode_time_average(ms)"": ""25.853"", ""filter_time_average(ms)"": ""335.812"", ""incremental_graph_n_compute_l_average"": ""47302.160"", ""n_seen_item_average"": ""468771.960"", ""n_vq_score_linear_scan_average"": ""2445371.940"", ""refine_time_average(ms)"": ""5.463"", ""retrieval_time_average(ms)"": ""17.812"", ""retrieval_time_query_average(ms)"": ""367.128"", ""retrieval_time_query_p5(ms)"": ""216.517"", ""retrieval_time_query_p50(ms)"": ""355.317"", ""retrieval_time_query_p95(ms)"": ""516.328""}",profiling/igp_paper_cpu/chunks/igp_val_20260424T111000Z_fix1/val/msmarco/igp_msmarco_top10_val_chunk_014.json
igp_val_20260424T111000Z_fix1,val,msmarco,10,recall@10,50,64,400,55.766227972339955,55.766227972339955,366.5607,2.7280611369413035,17.932,0.16488972379365732,303.2329659461975,0.8760000000000001,0.9,1.0,"{""decode_time_average(ms)"": ""24.933"", ""filter_time_average(ms)"": ""334.507"", ""incremental_graph_n_compute_l_average"": ""47302.160"", ""n_seen_item_average"": ""468771.960"", ""n_vq_score_linear_scan_average"": ""2445371.940"", ""refine_time_average(ms)"": ""7.121"", ""retrieval_time_average(ms)"": ""17.932"", ""retrieval_time_query_average(ms)"": ""366.561"", ""retrieval_time_query_p5(ms)"": ""212.798"", ""retrieval_time_query_p50(ms)"": ""353.202"", ""retrieval_time_query_p95(ms)"": ""517.523""}",profiling/igp_paper_cpu/chunks/igp_val_20260424T111000Z_fix1/val/msmarco/igp_msmarco_top10_val_chunk_014.json
igp_val_20260424T111000Z_fix1,val,msmarco,10,recall@10,50,64,600,56.00985773496136,56.00985773496136,367.2805,2.72271465542004,17.854,0.1646139847341211,303.7409007549286,0.892,0.9,1.0,"{""decode_time_average(ms)"": ""20.963"", ""filter_time_average(ms)"": ""335.433"", ""incremental_graph_n_compute_l_average"": ""47302.160"", ""n_seen_item_average"": ""468771.960"", ""n_vq_score_linear_scan_average"": ""2445371.940"", ""refine_time_average(ms)"": ""10.884"", ""retrieval_time_average(ms)"": ""17.854"", ""retrieval_time_query_average(ms)"": ""367.281"", ""retrieval_time_query_p5(ms)"": ""233.091"", ""retrieval_time_query_p50(ms)"": ""352.835"", ""retrieval_time_query_p95(ms)"": ""522.985""}",profiling/igp_paper_cpu/chunks/igp_val_20260424T111000Z_fix1/val/msmarco/igp_msmarco_top10_val_chunk_014.json
