experiment,system,dataset,target_recall,base_label,chunks,slots,k,run_index,recall_at_10,recall_at_100,recall,qps,avg_latency_ms,p50_ms,p90_ms,p95_ms,p99_ms,max_ms,stddev_ms,gpu_mem_peak_mib,nprobe,k_rank_cluster,k_rank_all_tokens,itopk_size,overlap_chunks,binary,log,returncode,command,error_tail,effective_concurrent_queries,end_to_end_ms,gpu_mem_current_mib,label,min_ms,nq,stage3_threads,warmup
chimera_chunk_targets,chimera,lotte,0.90,c1,1,1,100,1,0.957489,0.909318,0.909318,521.650,1.917,1.857,2.018,2.067,2.326,16.840,0.683,,64,2400,240,128,1,gpu_search,/scratch3/workspace/juelinliu_umass_edu-gpu-mvr/gpu-mvr/profiling/chimera_chunk_targets/logs/20260429T172145Z/lotte/chimera/targets090_095_chunks1-12_slots1_runs3.log,0,/scratch3/workspace/juelinliu_umass_edu-gpu-mvr/gpu-mvr/gpu-mvr/build/gpu_search --query /scratch3/workspace/juelinliu_umass_edu-gpu-mvr/gpu-mvr/dataset/lotte/raw/query.bin --gt /scratch3/workspace/juelinliu_umass_edu-gpu-mvr/gpu-mvr/dataset/lotte/raw/gt.tsv --index /scratch3/workspace/juelinliu_umass_edu-gpu-mvr/gpu-mvr/dataset/lotte/gpu_mvr_2m --k 100 --nq -1 --warmup 5 --concurrent-queries 1 --config-file /scratch3/workspace/juelinliu_umass_edu-gpu-mvr/gpu-mvr/config/tmp/chimera_chunk_targets/20260429T172145Z/lotte/chimera/targets090_095_chunks1-12_slots1_runs3.csv,,1,5618.711,,r090_c1_c1_run1,1.479,-1,32,5
chimera_chunk_targets,chimera,lotte,0.90,c1,1,1,100,2,0.957455,0.90928,0.90928,535.131,1.868,1.830,1.961,2.004,2.265,12.475,0.505,,64,2400,240,128,1,gpu_search,/scratch3/workspace/juelinliu_umass_edu-gpu-mvr/gpu-mvr/profiling/chimera_chunk_targets/logs/20260429T172145Z/lotte/chimera/targets090_095_chunks1-12_slots1_runs3.log,0,/scratch3/workspace/juelinliu_umass_edu-gpu-mvr/gpu-mvr/gpu-mvr/build/gpu_search --query /scratch3/workspace/juelinliu_umass_edu-gpu-mvr/gpu-mvr/dataset/lotte/raw/query.bin --gt /scratch3/workspace/juelinliu_umass_edu-gpu-mvr/gpu-mvr/dataset/lotte/raw/gt.tsv --index /scratch3/workspace/juelinliu_umass_edu-gpu-mvr/gpu-mvr/dataset/lotte/gpu_mvr_2m --k 100 --nq -1 --warmup 5 --concurrent-queries 1 --config-file /scratch3/workspace/juelinliu_umass_edu-gpu-mvr/gpu-mvr/config/tmp/chimera_chunk_targets/20260429T172145Z/lotte/chimera/targets090_095_chunks1-12_slots1_runs3.csv,,1,5477.161,,r090_c1_c1_run2,1.438,-1,32,5
chimera_chunk_targets,chimera,lotte,0.90,c1,1,1,100,3,0.957455,0.909311,0.909311,525.225,1.904,1.852,1.973,2.019,2.367,11.795,0.664,,64,2400,240,128,1,gpu_search,/scratch3/workspace/juelinliu_umass_edu-gpu-mvr/gpu-mvr/profiling/chimera_chunk_targets/logs/20260429T172145Z/lotte/chimera/targets090_095_chunks1-12_slots1_runs3.log,0,/scratch3/workspace/juelinliu_umass_edu-gpu-mvr/gpu-mvr/gpu-mvr/build/gpu_search --query /scratch3/workspace/juelinliu_umass_edu-gpu-mvr/gpu-mvr/dataset/lotte/raw/query.bin --gt /scratch3/workspace/juelinliu_umass_edu-gpu-mvr/gpu-mvr/dataset/lotte/raw/gt.tsv --index /scratch3/workspace/juelinliu_umass_edu-gpu-mvr/gpu-mvr/dataset/lotte/gpu_mvr_2m --k 100 --nq -1 --warmup 5 --concurrent-queries 1 --config-file /scratch3/workspace/juelinliu_umass_edu-gpu-mvr/gpu-mvr/config/tmp/chimera_chunk_targets/20260429T172145Z/lotte/chimera/targets090_095_chunks1-12_slots1_runs3.csv,,1,5580.463,,r090_c1_c1_run3,1.478,-1,32,5
chimera_chunk_targets,chimera,lotte,0.90,c1,2,1,100,1,0.957455,0.909249,0.909249,607.836,1.645,1.616,1.730,1.777,1.928,9.446,0.347,,64,2400,240,128,2,gpu_search,/scratch3/workspace/juelinliu_umass_edu-gpu-mvr/gpu-mvr/profiling/chimera_chunk_targets/logs/20260429T172145Z/lotte/chimera/targets090_095_chunks1-12_slots1_runs3.log,0,/scratch3/workspace/juelinliu_umass_edu-gpu-mvr/gpu-mvr/gpu-mvr/build/gpu_search --query /scratch3/workspace/juelinliu_umass_edu-gpu-mvr/gpu-mvr/dataset/lotte/raw/query.bin --gt /scratch3/workspace/juelinliu_umass_edu-gpu-mvr/gpu-mvr/dataset/lotte/raw/gt.tsv --index /scratch3/workspace/juelinliu_umass_edu-gpu-mvr/gpu-mvr/dataset/lotte/gpu_mvr_2m --k 100 --nq -1 --warmup 5 --concurrent-queries 1 --config-file /scratch3/workspace/juelinliu_umass_edu-gpu-mvr/gpu-mvr/config/tmp/chimera_chunk_targets/20260429T172145Z/lotte/chimera/targets090_095_chunks1-12_slots1_runs3.csv,,1,4822.023,,r090_c1_c2_run1,1.374,-1,32,5
chimera_chunk_targets,chimera,lotte,0.90,c1,2,1,100,2,0.957421,0.909263,0.909263,595.735,1.678,1.652,1.757,1.798,2.016,10.668,0.429,,64,2400,240,128,2,gpu_search,/scratch3/workspace/juelinliu_umass_edu-gpu-mvr/gpu-mvr/profiling/chimera_chunk_targets/logs/20260429T172145Z/lotte/chimera/targets090_095_chunks1-12_slots1_runs3.log,0,/scratch3/workspace/juelinliu_umass_edu-gpu-mvr/gpu-mvr/gpu-mvr/build/gpu_search --query /scratch3/workspace/juelinliu_umass_edu-gpu-mvr/gpu-mvr/dataset/lotte/raw/query.bin --gt /scratch3/workspace/juelinliu_umass_edu-gpu-mvr/gpu-mvr/dataset/lotte/raw/gt.tsv --index /scratch3/workspace/juelinliu_umass_edu-gpu-mvr/gpu-mvr/dataset/lotte/gpu_mvr_2m --k 100 --nq -1 --warmup 5 --concurrent-queries 1 --config-file /scratch3/workspace/juelinliu_umass_edu-gpu-mvr/gpu-mvr/config/tmp/chimera_chunk_targets/20260429T172145Z/lotte/chimera/targets090_095_chunks1-12_slots1_runs3.csv,,1,4919.975,,r090_c1_c2_run2,1.346,-1,32,5
chimera_chunk_targets,chimera,lotte,0.90,c1,2,1,100,3,0.957455,0.90928,0.90928,614.850,1.626,1.600,1.707,1.743,1.866,14.239,0.401,,64,2400,240,128,2,gpu_search,/scratch3/workspace/juelinliu_umass_edu-gpu-mvr/gpu-mvr/profiling/chimera_chunk_targets/logs/20260429T172145Z/lotte/chimera/targets090_095_chunks1-12_slots1_runs3.log,0,/scratch3/workspace/juelinliu_umass_edu-gpu-mvr/gpu-mvr/gpu-mvr/build/gpu_search --query /scratch3/workspace/juelinliu_umass_edu-gpu-mvr/gpu-mvr/dataset/lotte/raw/query.bin --gt /scratch3/workspace/juelinliu_umass_edu-gpu-mvr/gpu-mvr/dataset/lotte/raw/gt.tsv --index /scratch3/workspace/juelinliu_umass_edu-gpu-mvr/gpu-mvr/dataset/lotte/gpu_mvr_2m --k 100 --nq -1 --warmup 5 --concurrent-queries 1 --config-file /scratch3/workspace/juelinliu_umass_edu-gpu-mvr/gpu-mvr/config/tmp/chimera_chunk_targets/20260429T172145Z/lotte/chimera/targets090_095_chunks1-12_slots1_runs3.csv,,1,4767.016,,r090_c1_c2_run3,1.340,-1,32,5
chimera_chunk_targets,chimera,lotte,0.90,c1,3,1,100,1,0.957455,0.909318,0.909318,611.246,1.636,1.616,1.727,1.764,1.954,7.568,0.196,,64,2400,240,128,3,gpu_search,/scratch3/workspace/juelinliu_umass_edu-gpu-mvr/gpu-mvr/profiling/chimera_chunk_targets/logs/20260429T172145Z/lotte/chimera/targets090_095_chunks1-12_slots1_runs3.log,0,/scratch3/workspace/juelinliu_umass_edu-gpu-mvr/gpu-mvr/gpu-mvr/build/gpu_search --query /scratch3/workspace/juelinliu_umass_edu-gpu-mvr/gpu-mvr/dataset/lotte/raw/query.bin --gt /scratch3/workspace/juelinliu_umass_edu-gpu-mvr/gpu-mvr/dataset/lotte/raw/gt.tsv --index /scratch3/workspace/juelinliu_umass_edu-gpu-mvr/gpu-mvr/dataset/lotte/gpu_mvr_2m --k 100 --nq -1 --warmup 5 --concurrent-queries 1 --config-file /scratch3/workspace/juelinliu_umass_edu-gpu-mvr/gpu-mvr/config/tmp/chimera_chunk_targets/20260429T172145Z/lotte/chimera/targets090_095_chunks1-12_slots1_runs3.csv,,1,4795.127,,r090_c1_c3_run1,1.416,-1,32,5
chimera_chunk_targets,chimera,lotte,0.90,c1,3,1,100,2,0.957489,0.909294,0.909294,622.836,1.605,1.590,1.699,1.731,1.812,7.317,0.198,,64,2400,240,128,3,gpu_search,/scratch3/workspace/juelinliu_umass_edu-gpu-mvr/gpu-mvr/profiling/chimera_chunk_targets/logs/20260429T172145Z/lotte/chimera/targets090_095_chunks1-12_slots1_runs3.log,0,/scratch3/workspace/juelinliu_umass_edu-gpu-mvr/gpu-mvr/gpu-mvr/build/gpu_search --query /scratch3/workspace/juelinliu_umass_edu-gpu-mvr/gpu-mvr/dataset/lotte/raw/query.bin --gt /scratch3/workspace/juelinliu_umass_edu-gpu-mvr/gpu-mvr/dataset/lotte/raw/gt.tsv --index /scratch3/workspace/juelinliu_umass_edu-gpu-mvr/gpu-mvr/dataset/lotte/gpu_mvr_2m --k 100 --nq -1 --warmup 5 --concurrent-queries 1 --config-file /scratch3/workspace/juelinliu_umass_edu-gpu-mvr/gpu-mvr/config/tmp/chimera_chunk_targets/20260429T172145Z/lotte/chimera/targets090_095_chunks1-12_slots1_runs3.csv,,1,4705.894,,r090_c1_c3_run2,1.359,-1,32,5
chimera_chunk_targets,chimera,lotte,0.90,c1,3,1,100,3,0.957489,0.909277,0.909277,589.158,1.697,1.669,1.798,1.844,2.082,9.425,0.328,,64,2400,240,128,3,gpu_search,/scratch3/workspace/juelinliu_umass_edu-gpu-mvr/gpu-mvr/profiling/chimera_chunk_targets/logs/20260429T172145Z/lotte/chimera/targets090_095_chunks1-12_slots1_runs3.log,0,/scratch3/workspace/juelinliu_umass_edu-gpu-mvr/gpu-mvr/gpu-mvr/build/gpu_search --query /scratch3/workspace/juelinliu_umass_edu-gpu-mvr/gpu-mvr/dataset/lotte/raw/query.bin --gt /scratch3/workspace/juelinliu_umass_edu-gpu-mvr/gpu-mvr/dataset/lotte/raw/gt.tsv --index /scratch3/workspace/juelinliu_umass_edu-gpu-mvr/gpu-mvr/dataset/lotte/gpu_mvr_2m --k 100 --nq -1 --warmup 5 --concurrent-queries 1 --config-file /scratch3/workspace/juelinliu_umass_edu-gpu-mvr/gpu-mvr/config/tmp/chimera_chunk_targets/20260429T172145Z/lotte/chimera/targets090_095_chunks1-12_slots1_runs3.csv,,1,4974.896,,r090_c1_c3_run3,1.360,-1,32,5
chimera_chunk_targets,chimera,lotte,0.90,c1,4,1,100,1,0.957455,0.909277,0.909277,574.199,1.741,1.713,1.818,1.873,3.088,6.904,0.288,,64,2400,240,128,4,gpu_search,/scratch3/workspace/juelinliu_umass_edu-gpu-mvr/gpu-mvr/profiling/chimera_chunk_targets/logs/20260429T172145Z/lotte/chimera/targets090_095_chunks1-12_slots1_runs3.log,0,/scratch3/workspace/juelinliu_umass_edu-gpu-mvr/gpu-mvr/gpu-mvr/build/gpu_search --query /scratch3/workspace/juelinliu_umass_edu-gpu-mvr/gpu-mvr/dataset/lotte/raw/query.bin --gt /scratch3/workspace/juelinliu_umass_edu-gpu-mvr/gpu-mvr/dataset/lotte/raw/gt.tsv --index /scratch3/workspace/juelinliu_umass_edu-gpu-mvr/gpu-mvr/dataset/lotte/gpu_mvr_2m --k 100 --nq -1 --warmup 5 --concurrent-queries 1 --config-file /scratch3/workspace/juelinliu_umass_edu-gpu-mvr/gpu-mvr/config/tmp/chimera_chunk_targets/20260429T172145Z/lotte/chimera/targets090_095_chunks1-12_slots1_runs3.csv,,1,5104.506,,r090_c1_c4_run1,1.427,-1,32,5
chimera_chunk_targets,chimera,lotte,0.90,c1,4,1,100,2,0.957523,0.909301,0.909301,601.332,1.663,1.642,1.752,1.805,1.988,9.723,0.241,,64,2400,240,128,4,gpu_search,/scratch3/workspace/juelinliu_umass_edu-gpu-mvr/gpu-mvr/profiling/chimera_chunk_targets/logs/20260429T172145Z/lotte/chimera/targets090_095_chunks1-12_slots1_runs3.log,0,/scratch3/workspace/juelinliu_umass_edu-gpu-mvr/gpu-mvr/gpu-mvr/build/gpu_search --query /scratch3/workspace/juelinliu_umass_edu-gpu-mvr/gpu-mvr/dataset/lotte/raw/query.bin --gt /scratch3/workspace/juelinliu_umass_edu-gpu-mvr/gpu-mvr/dataset/lotte/raw/gt.tsv --index /scratch3/workspace/juelinliu_umass_edu-gpu-mvr/gpu-mvr/dataset/lotte/gpu_mvr_2m --k 100 --nq -1 --warmup 5 --concurrent-queries 1 --config-file /scratch3/workspace/juelinliu_umass_edu-gpu-mvr/gpu-mvr/config/tmp/chimera_chunk_targets/20260429T172145Z/lotte/chimera/targets090_095_chunks1-12_slots1_runs3.csv,,1,4874.175,,r090_c1_c4_run2,1.427,-1,32,5
chimera_chunk_targets,chimera,lotte,0.90,c1,4,1,100,3,0.957455,0.909297,0.909297,613.172,1.631,1.620,1.702,1.735,1.810,8.371,0.181,,64,2400,240,128,4,gpu_search,/scratch3/workspace/juelinliu_umass_edu-gpu-mvr/gpu-mvr/profiling/chimera_chunk_targets/logs/20260429T172145Z/lotte/chimera/targets090_095_chunks1-12_slots1_runs3.log,0,/scratch3/workspace/juelinliu_umass_edu-gpu-mvr/gpu-mvr/gpu-mvr/build/gpu_search --query /scratch3/workspace/juelinliu_umass_edu-gpu-mvr/gpu-mvr/dataset/lotte/raw/query.bin --gt /scratch3/workspace/juelinliu_umass_edu-gpu-mvr/gpu-mvr/dataset/lotte/raw/gt.tsv --index /scratch3/workspace/juelinliu_umass_edu-gpu-mvr/gpu-mvr/dataset/lotte/gpu_mvr_2m --k 100 --nq -1 --warmup 5 --concurrent-queries 1 --config-file /scratch3/workspace/juelinliu_umass_edu-gpu-mvr/gpu-mvr/config/tmp/chimera_chunk_targets/20260429T172145Z/lotte/chimera/targets090_095_chunks1-12_slots1_runs3.csv,,1,4780.060,,r090_c1_c4_run3,1.396,-1,32,5
chimera_chunk_targets,chimera,lotte,0.90,c1,5,1,100,1,0.957455,0.909277,0.909277,541.991,1.845,1.785,1.958,2.013,2.264,14.435,0.525,,64,2400,240,128,5,gpu_search,/scratch3/workspace/juelinliu_umass_edu-gpu-mvr/gpu-mvr/profiling/chimera_chunk_targets/logs/20260429T172145Z/lotte/chimera/targets090_095_chunks1-12_slots1_runs3.log,0,/scratch3/workspace/juelinliu_umass_edu-gpu-mvr/gpu-mvr/gpu-mvr/build/gpu_search --query /scratch3/workspace/juelinliu_umass_edu-gpu-mvr/gpu-mvr/dataset/lotte/raw/query.bin --gt /scratch3/workspace/juelinliu_umass_edu-gpu-mvr/gpu-mvr/dataset/lotte/raw/gt.tsv --index /scratch3/workspace/juelinliu_umass_edu-gpu-mvr/gpu-mvr/dataset/lotte/gpu_mvr_2m --k 100 --nq -1 --warmup 5 --concurrent-queries 1 --config-file /scratch3/workspace/juelinliu_umass_edu-gpu-mvr/gpu-mvr/config/tmp/chimera_chunk_targets/20260429T172145Z/lotte/chimera/targets090_095_chunks1-12_slots1_runs3.csv,,1,5407.839,,r090_c1_c5_run1,1.461,-1,32,5
chimera_chunk_targets,chimera,lotte,0.90,c1,5,1,100,2,0.957455,0.909266,0.909266,554.654,1.803,1.767,1.893,1.952,2.641,8.286,0.290,,64,2400,240,128,5,gpu_search,/scratch3/workspace/juelinliu_umass_edu-gpu-mvr/gpu-mvr/profiling/chimera_chunk_targets/logs/20260429T172145Z/lotte/chimera/targets090_095_chunks1-12_slots1_runs3.log,0,/scratch3/workspace/juelinliu_umass_edu-gpu-mvr/gpu-mvr/gpu-mvr/build/gpu_search --query /scratch3/workspace/juelinliu_umass_edu-gpu-mvr/gpu-mvr/dataset/lotte/raw/query.bin --gt /scratch3/workspace/juelinliu_umass_edu-gpu-mvr/gpu-mvr/dataset/lotte/raw/gt.tsv --index /scratch3/workspace/juelinliu_umass_edu-gpu-mvr/gpu-mvr/dataset/lotte/gpu_mvr_2m --k 100 --nq -1 --warmup 5 --concurrent-queries 1 --config-file /scratch3/workspace/juelinliu_umass_edu-gpu-mvr/gpu-mvr/config/tmp/chimera_chunk_targets/20260429T172145Z/lotte/chimera/targets090_095_chunks1-12_slots1_runs3.csv,,1,5284.377,,r090_c1_c5_run2,1.503,-1,32,5
chimera_chunk_targets,chimera,lotte,0.90,c1,5,1,100,3,0.957489,0.909273,0.909273,555.934,1.799,1.752,1.926,1.990,2.337,8.046,0.331,,64,2400,240,128,5,gpu_search,/scratch3/workspace/juelinliu_umass_edu-gpu-mvr/gpu-mvr/profiling/chimera_chunk_targets/logs/20260429T172145Z/lotte/chimera/targets090_095_chunks1-12_slots1_runs3.log,0,/scratch3/workspace/juelinliu_umass_edu-gpu-mvr/gpu-mvr/gpu-mvr/build/gpu_search --query /scratch3/workspace/juelinliu_umass_edu-gpu-mvr/gpu-mvr/dataset/lotte/raw/query.bin --gt /scratch3/workspace/juelinliu_umass_edu-gpu-mvr/gpu-mvr/dataset/lotte/raw/gt.tsv --index /scratch3/workspace/juelinliu_umass_edu-gpu-mvr/gpu-mvr/dataset/lotte/gpu_mvr_2m --k 100 --nq -1 --warmup 5 --concurrent-queries 1 --config-file /scratch3/workspace/juelinliu_umass_edu-gpu-mvr/gpu-mvr/config/tmp/chimera_chunk_targets/20260429T172145Z/lotte/chimera/targets090_095_chunks1-12_slots1_runs3.csv,,1,5272.209,,r090_c1_c5_run3,1.463,-1,32,5
chimera_chunk_targets,chimera,lotte,0.90,c1,6,1,100,1,0.957421,0.90927,0.90927,546.092,1.831,1.825,1.921,1.955,2.034,8.288,0.147,,64,2400,240,128,6,gpu_search,/scratch3/workspace/juelinliu_umass_edu-gpu-mvr/gpu-mvr/profiling/chimera_chunk_targets/logs/20260429T172145Z/lotte/chimera/targets090_095_chunks1-12_slots1_runs3.log,0,/scratch3/workspace/juelinliu_umass_edu-gpu-mvr/gpu-mvr/gpu-mvr/build/gpu_search --query /scratch3/workspace/juelinliu_umass_edu-gpu-mvr/gpu-mvr/dataset/lotte/raw/query.bin --gt /scratch3/workspace/juelinliu_umass_edu-gpu-mvr/gpu-mvr/dataset/lotte/raw/gt.tsv --index /scratch3/workspace/juelinliu_umass_edu-gpu-mvr/gpu-mvr/dataset/lotte/gpu_mvr_2m --k 100 --nq -1 --warmup 5 --concurrent-queries 1 --config-file /scratch3/workspace/juelinliu_umass_edu-gpu-mvr/gpu-mvr/config/tmp/chimera_chunk_targets/20260429T172145Z/lotte/chimera/targets090_095_chunks1-12_slots1_runs3.csv,,1,5367.226,,r090_c1_c6_run1,1.531,-1,32,5
chimera_chunk_targets,chimera,lotte,0.90,c1,6,1,100,2,0.957489,0.90928,0.90928,521.023,1.919,1.872,2.025,2.090,2.275,15.588,0.560,,64,2400,240,128,6,gpu_search,/scratch3/workspace/juelinliu_umass_edu-gpu-mvr/gpu-mvr/profiling/chimera_chunk_targets/logs/20260429T172145Z/lotte/chimera/targets090_095_chunks1-12_slots1_runs3.log,0,/scratch3/workspace/juelinliu_umass_edu-gpu-mvr/gpu-mvr/gpu-mvr/build/gpu_search --query /scratch3/workspace/juelinliu_umass_edu-gpu-mvr/gpu-mvr/dataset/lotte/raw/query.bin --gt /scratch3/workspace/juelinliu_umass_edu-gpu-mvr/gpu-mvr/dataset/lotte/raw/gt.tsv --index /scratch3/workspace/juelinliu_umass_edu-gpu-mvr/gpu-mvr/dataset/lotte/gpu_mvr_2m --k 100 --nq -1 --warmup 5 --concurrent-queries 1 --config-file /scratch3/workspace/juelinliu_umass_edu-gpu-mvr/gpu-mvr/config/tmp/chimera_chunk_targets/20260429T172145Z/lotte/chimera/targets090_095_chunks1-12_slots1_runs3.csv,,1,5625.473,,r090_c1_c6_run2,1.535,-1,32,5
chimera_chunk_targets,chimera,lotte,0.90,c1,6,1,100,3,0.957489,0.909253,0.909253,542.428,1.843,1.829,1.949,2.003,2.171,8.637,0.271,,64,2400,240,128,6,gpu_search,/scratch3/workspace/juelinliu_umass_edu-gpu-mvr/gpu-mvr/profiling/chimera_chunk_targets/logs/20260429T172145Z/lotte/chimera/targets090_095_chunks1-12_slots1_runs3.log,0,/scratch3/workspace/juelinliu_umass_edu-gpu-mvr/gpu-mvr/gpu-mvr/build/gpu_search --query /scratch3/workspace/juelinliu_umass_edu-gpu-mvr/gpu-mvr/dataset/lotte/raw/query.bin --gt /scratch3/workspace/juelinliu_umass_edu-gpu-mvr/gpu-mvr/dataset/lotte/raw/gt.tsv --index /scratch3/workspace/juelinliu_umass_edu-gpu-mvr/gpu-mvr/dataset/lotte/gpu_mvr_2m --k 100 --nq -1 --warmup 5 --concurrent-queries 1 --config-file /scratch3/workspace/juelinliu_umass_edu-gpu-mvr/gpu-mvr/config/tmp/chimera_chunk_targets/20260429T172145Z/lotte/chimera/targets090_095_chunks1-12_slots1_runs3.csv,,1,5403.479,,r090_c1_c6_run3,1.507,-1,32,5
chimera_chunk_targets,chimera,lotte,0.90,c1,7,1,100,1,0.957455,0.909314,0.909314,489.506,2.043,2.024,2.136,2.178,2.986,6.253,0.285,,64,2400,240,128,7,gpu_search,/scratch3/workspace/juelinliu_umass_edu-gpu-mvr/gpu-mvr/profiling/chimera_chunk_targets/logs/20260429T172145Z/lotte/chimera/targets090_095_chunks1-12_slots1_runs3.log,0,/scratch3/workspace/juelinliu_umass_edu-gpu-mvr/gpu-mvr/gpu-mvr/build/gpu_search --query /scratch3/workspace/juelinliu_umass_edu-gpu-mvr/gpu-mvr/dataset/lotte/raw/query.bin --gt /scratch3/workspace/juelinliu_umass_edu-gpu-mvr/gpu-mvr/dataset/lotte/raw/gt.tsv --index /scratch3/workspace/juelinliu_umass_edu-gpu-mvr/gpu-mvr/dataset/lotte/gpu_mvr_2m --k 100 --nq -1 --warmup 5 --concurrent-queries 1 --config-file /scratch3/workspace/juelinliu_umass_edu-gpu-mvr/gpu-mvr/config/tmp/chimera_chunk_targets/20260429T172145Z/lotte/chimera/targets090_095_chunks1-12_slots1_runs3.csv,,1,5987.670,,r090_c1_c7_run1,1.668,-1,32,5
chimera_chunk_targets,chimera,lotte,0.90,c1,7,1,100,2,0.957489,0.909314,0.909314,508.450,1.967,1.963,2.072,2.105,2.182,6.058,0.151,,64,2400,240,128,7,gpu_search,/scratch3/workspace/juelinliu_umass_edu-gpu-mvr/gpu-mvr/profiling/chimera_chunk_targets/logs/20260429T172145Z/lotte/chimera/targets090_095_chunks1-12_slots1_runs3.log,0,/scratch3/workspace/juelinliu_umass_edu-gpu-mvr/gpu-mvr/gpu-mvr/build/gpu_search --query /scratch3/workspace/juelinliu_umass_edu-gpu-mvr/gpu-mvr/dataset/lotte/raw/query.bin --gt /scratch3/workspace/juelinliu_umass_edu-gpu-mvr/gpu-mvr/dataset/lotte/raw/gt.tsv --index /scratch3/workspace/juelinliu_umass_edu-gpu-mvr/gpu-mvr/dataset/lotte/gpu_mvr_2m --k 100 --nq -1 --warmup 5 --concurrent-queries 1 --config-file /scratch3/workspace/juelinliu_umass_edu-gpu-mvr/gpu-mvr/config/tmp/chimera_chunk_targets/20260429T172145Z/lotte/chimera/targets090_095_chunks1-12_slots1_runs3.csv,,1,5764.574,,r090_c1_c7_run2,1.640,-1,32,5
chimera_chunk_targets,chimera,lotte,0.90,c1,7,1,100,3,0.957455,0.909307,0.909307,492.832,2.029,2.028,2.165,2.207,2.393,7.854,0.293,,64,2400,240,128,7,gpu_search,/scratch3/workspace/juelinliu_umass_edu-gpu-mvr/gpu-mvr/profiling/chimera_chunk_targets/logs/20260429T172145Z/lotte/chimera/targets090_095_chunks1-12_slots1_runs3.log,0,/scratch3/workspace/juelinliu_umass_edu-gpu-mvr/gpu-mvr/gpu-mvr/build/gpu_search --query /scratch3/workspace/juelinliu_umass_edu-gpu-mvr/gpu-mvr/dataset/lotte/raw/query.bin --gt /scratch3/workspace/juelinliu_umass_edu-gpu-mvr/gpu-mvr/dataset/lotte/raw/gt.tsv --index /scratch3/workspace/juelinliu_umass_edu-gpu-mvr/gpu-mvr/dataset/lotte/gpu_mvr_2m --k 100 --nq -1 --warmup 5 --concurrent-queries 1 --config-file /scratch3/workspace/juelinliu_umass_edu-gpu-mvr/gpu-mvr/config/tmp/chimera_chunk_targets/20260429T172145Z/lotte/chimera/targets090_095_chunks1-12_slots1_runs3.csv,,1,5947.256,,r090_c1_c7_run3,1.590,-1,32,5
chimera_chunk_targets,chimera,lotte,0.90,c1,8,1,100,1,0.957455,0.909266,0.909266,495.734,2.017,2.016,2.150,2.184,2.288,6.000,0.150,,64,2400,240,128,8,gpu_search,/scratch3/workspace/juelinliu_umass_edu-gpu-mvr/gpu-mvr/profiling/chimera_chunk_targets/logs/20260429T172145Z/lotte/chimera/targets090_095_chunks1-12_slots1_runs3.log,0,/scratch3/workspace/juelinliu_umass_edu-gpu-mvr/gpu-mvr/gpu-mvr/build/gpu_search --query /scratch3/workspace/juelinliu_umass_edu-gpu-mvr/gpu-mvr/dataset/lotte/raw/query.bin --gt /scratch3/workspace/juelinliu_umass_edu-gpu-mvr/gpu-mvr/dataset/lotte/raw/gt.tsv --index /scratch3/workspace/juelinliu_umass_edu-gpu-mvr/gpu-mvr/dataset/lotte/gpu_mvr_2m --k 100 --nq -1 --warmup 5 --concurrent-queries 1 --config-file /scratch3/workspace/juelinliu_umass_edu-gpu-mvr/gpu-mvr/config/tmp/chimera_chunk_targets/20260429T172145Z/lotte/chimera/targets090_095_chunks1-12_slots1_runs3.csv,,1,5912.442,,r090_c1_c8_run1,1.663,-1,32,5
chimera_chunk_targets,chimera,lotte,0.90,c1,8,1,100,2,0.957421,0.909277,0.909277,492.454,2.030,1.965,2.276,2.368,2.603,16.062,0.525,,64,2400,240,128,8,gpu_search,/scratch3/workspace/juelinliu_umass_edu-gpu-mvr/gpu-mvr/profiling/chimera_chunk_targets/logs/20260429T172145Z/lotte/chimera/targets090_095_chunks1-12_slots1_runs3.log,0,/scratch3/workspace/juelinliu_umass_edu-gpu-mvr/gpu-mvr/gpu-mvr/build/gpu_search --query /scratch3/workspace/juelinliu_umass_edu-gpu-mvr/gpu-mvr/dataset/lotte/raw/query.bin --gt /scratch3/workspace/juelinliu_umass_edu-gpu-mvr/gpu-mvr/dataset/lotte/raw/gt.tsv --index /scratch3/workspace/juelinliu_umass_edu-gpu-mvr/gpu-mvr/dataset/lotte/gpu_mvr_2m --k 100 --nq -1 --warmup 5 --concurrent-queries 1 --config-file /scratch3/workspace/juelinliu_umass_edu-gpu-mvr/gpu-mvr/config/tmp/chimera_chunk_targets/20260429T172145Z/lotte/chimera/targets090_095_chunks1-12_slots1_runs3.csv,,1,5951.829,,r090_c1_c8_run2,1.627,-1,32,5
chimera_chunk_targets,chimera,lotte,0.90,c1,8,1,100,3,0.957421,0.909263,0.909263,466.896,2.142,2.147,2.266,2.304,2.414,8.297,0.212,,64,2400,240,128,8,gpu_search,/scratch3/workspace/juelinliu_umass_edu-gpu-mvr/gpu-mvr/profiling/chimera_chunk_targets/logs/20260429T172145Z/lotte/chimera/targets090_095_chunks1-12_slots1_runs3.log,0,/scratch3/workspace/juelinliu_umass_edu-gpu-mvr/gpu-mvr/gpu-mvr/build/gpu_search --query /scratch3/workspace/juelinliu_umass_edu-gpu-mvr/gpu-mvr/dataset/lotte/raw/query.bin --gt /scratch3/workspace/juelinliu_umass_edu-gpu-mvr/gpu-mvr/dataset/lotte/raw/gt.tsv --index /scratch3/workspace/juelinliu_umass_edu-gpu-mvr/gpu-mvr/dataset/lotte/gpu_mvr_2m --k 100 --nq -1 --warmup 5 --concurrent-queries 1 --config-file /scratch3/workspace/juelinliu_umass_edu-gpu-mvr/gpu-mvr/config/tmp/chimera_chunk_targets/20260429T172145Z/lotte/chimera/targets090_095_chunks1-12_slots1_runs3.csv,,1,6277.629,,r090_c1_c8_run3,1.776,-1,32,5
chimera_chunk_targets,chimera,lotte,0.90,c1,9,1,100,1,0.957489,0.90927,0.90927,460.570,2.171,2.156,2.389,2.439,2.567,7.529,0.307,,64,2400,240,128,9,gpu_search,/scratch3/workspace/juelinliu_umass_edu-gpu-mvr/gpu-mvr/profiling/chimera_chunk_targets/logs/20260429T172145Z/lotte/chimera/targets090_095_chunks1-12_slots1_runs3.log,0,/scratch3/workspace/juelinliu_umass_edu-gpu-mvr/gpu-mvr/gpu-mvr/build/gpu_search --query /scratch3/workspace/juelinliu_umass_edu-gpu-mvr/gpu-mvr/dataset/lotte/raw/query.bin --gt /scratch3/workspace/juelinliu_umass_edu-gpu-mvr/gpu-mvr/dataset/lotte/raw/gt.tsv --index /scratch3/workspace/juelinliu_umass_edu-gpu-mvr/gpu-mvr/dataset/lotte/gpu_mvr_2m --k 100 --nq -1 --warmup 5 --concurrent-queries 1 --config-file /scratch3/workspace/juelinliu_umass_edu-gpu-mvr/gpu-mvr/config/tmp/chimera_chunk_targets/20260429T172145Z/lotte/chimera/targets090_095_chunks1-12_slots1_runs3.csv,,1,6363.853,,r090_c1_c9_run1,1.761,-1,32,5
chimera_chunk_targets,chimera,lotte,0.90,c1,9,1,100,2,0.957489,0.909284,0.909284,450.439,2.220,2.199,2.453,2.503,2.725,7.857,0.336,,64,2400,240,128,9,gpu_search,/scratch3/workspace/juelinliu_umass_edu-gpu-mvr/gpu-mvr/profiling/chimera_chunk_targets/logs/20260429T172145Z/lotte/chimera/targets090_095_chunks1-12_slots1_runs3.log,0,/scratch3/workspace/juelinliu_umass_edu-gpu-mvr/gpu-mvr/gpu-mvr/build/gpu_search --query /scratch3/workspace/juelinliu_umass_edu-gpu-mvr/gpu-mvr/dataset/lotte/raw/query.bin --gt /scratch3/workspace/juelinliu_umass_edu-gpu-mvr/gpu-mvr/dataset/lotte/raw/gt.tsv --index /scratch3/workspace/juelinliu_umass_edu-gpu-mvr/gpu-mvr/dataset/lotte/gpu_mvr_2m --k 100 --nq -1 --warmup 5 --concurrent-queries 1 --config-file /scratch3/workspace/juelinliu_umass_edu-gpu-mvr/gpu-mvr/config/tmp/chimera_chunk_targets/20260429T172145Z/lotte/chimera/targets090_095_chunks1-12_slots1_runs3.csv,,1,6506.989,,r090_c1_c9_run2,1.725,-1,32,5
chimera_chunk_targets,chimera,lotte,0.90,c1,9,1,100,3,0.957421,0.909263,0.909263,432.576,2.312,2.314,2.479,2.535,2.881,7.940,0.333,,64,2400,240,128,9,gpu_search,/scratch3/workspace/juelinliu_umass_edu-gpu-mvr/gpu-mvr/profiling/chimera_chunk_targets/logs/20260429T172145Z/lotte/chimera/targets090_095_chunks1-12_slots1_runs3.log,0,/scratch3/workspace/juelinliu_umass_edu-gpu-mvr/gpu-mvr/gpu-mvr/build/gpu_search --query /scratch3/workspace/juelinliu_umass_edu-gpu-mvr/gpu-mvr/dataset/lotte/raw/query.bin --gt /scratch3/workspace/juelinliu_umass_edu-gpu-mvr/gpu-mvr/dataset/lotte/raw/gt.tsv --index /scratch3/workspace/juelinliu_umass_edu-gpu-mvr/gpu-mvr/dataset/lotte/gpu_mvr_2m --k 100 --nq -1 --warmup 5 --concurrent-queries 1 --config-file /scratch3/workspace/juelinliu_umass_edu-gpu-mvr/gpu-mvr/config/tmp/chimera_chunk_targets/20260429T172145Z/lotte/chimera/targets090_095_chunks1-12_slots1_runs3.csv,,1,6775.692,,r090_c1_c9_run3,1.835,-1,32,5
chimera_chunk_targets,chimera,lotte,0.90,c1,10,1,100,1,0.957421,0.909307,0.909307,405.627,2.465,2.424,2.731,2.815,3.399,15.572,0.624,,64,2400,240,128,10,gpu_search,/scratch3/workspace/juelinliu_umass_edu-gpu-mvr/gpu-mvr/profiling/chimera_chunk_targets/logs/20260429T172145Z/lotte/chimera/targets090_095_chunks1-12_slots1_runs3.log,0,/scratch3/workspace/juelinliu_umass_edu-gpu-mvr/gpu-mvr/gpu-mvr/build/gpu_search --query /scratch3/workspace/juelinliu_umass_edu-gpu-mvr/gpu-mvr/dataset/lotte/raw/query.bin --gt /scratch3/workspace/juelinliu_umass_edu-gpu-mvr/gpu-mvr/dataset/lotte/raw/gt.tsv --index /scratch3/workspace/juelinliu_umass_edu-gpu-mvr/gpu-mvr/dataset/lotte/gpu_mvr_2m --k 100 --nq -1 --warmup 5 --concurrent-queries 1 --config-file /scratch3/workspace/juelinliu_umass_edu-gpu-mvr/gpu-mvr/config/tmp/chimera_chunk_targets/20260429T172145Z/lotte/chimera/targets090_095_chunks1-12_slots1_runs3.csv,,1,7225.859,,r090_c1_c10_run1,1.840,-1,32,5
chimera_chunk_targets,chimera,lotte,0.90,c1,10,1,100,2,0.957421,0.909246,0.909246,427.621,2.338,2.303,2.622,2.676,2.867,8.943,0.348,,64,2400,240,128,10,gpu_search,/scratch3/workspace/juelinliu_umass_edu-gpu-mvr/gpu-mvr/profiling/chimera_chunk_targets/logs/20260429T172145Z/lotte/chimera/targets090_095_chunks1-12_slots1_runs3.log,0,/scratch3/workspace/juelinliu_umass_edu-gpu-mvr/gpu-mvr/gpu-mvr/build/gpu_search --query /scratch3/workspace/juelinliu_umass_edu-gpu-mvr/gpu-mvr/dataset/lotte/raw/query.bin --gt /scratch3/workspace/juelinliu_umass_edu-gpu-mvr/gpu-mvr/dataset/lotte/raw/gt.tsv --index /scratch3/workspace/juelinliu_umass_edu-gpu-mvr/gpu-mvr/dataset/lotte/gpu_mvr_2m --k 100 --nq -1 --warmup 5 --concurrent-queries 1 --config-file /scratch3/workspace/juelinliu_umass_edu-gpu-mvr/gpu-mvr/config/tmp/chimera_chunk_targets/20260429T172145Z/lotte/chimera/targets090_095_chunks1-12_slots1_runs3.csv,,1,6854.204,,r090_c1_c10_run2,1.824,-1,32,5
chimera_chunk_targets,chimera,lotte,0.90,c1,10,1,100,3,0.957489,0.909263,0.909263,422.201,2.368,2.312,2.655,2.713,3.236,9.209,0.366,,64,2400,240,128,10,gpu_search,/scratch3/workspace/juelinliu_umass_edu-gpu-mvr/gpu-mvr/profiling/chimera_chunk_targets/logs/20260429T172145Z/lotte/chimera/targets090_095_chunks1-12_slots1_runs3.log,0,/scratch3/workspace/juelinliu_umass_edu-gpu-mvr/gpu-mvr/gpu-mvr/build/gpu_search --query /scratch3/workspace/juelinliu_umass_edu-gpu-mvr/gpu-mvr/dataset/lotte/raw/query.bin --gt /scratch3/workspace/juelinliu_umass_edu-gpu-mvr/gpu-mvr/dataset/lotte/raw/gt.tsv --index /scratch3/workspace/juelinliu_umass_edu-gpu-mvr/gpu-mvr/dataset/lotte/gpu_mvr_2m --k 100 --nq -1 --warmup 5 --concurrent-queries 1 --config-file /scratch3/workspace/juelinliu_umass_edu-gpu-mvr/gpu-mvr/config/tmp/chimera_chunk_targets/20260429T172145Z/lotte/chimera/targets090_095_chunks1-12_slots1_runs3.csv,,1,6942.183,,r090_c1_c10_run3,1.861,-1,32,5
chimera_chunk_targets,chimera,lotte,0.90,c1,11,1,100,1,0.957455,0.909311,0.909311,441.930,2.263,2.222,2.493,2.561,2.720,8.742,0.208,,64,2400,240,128,11,gpu_search,/scratch3/workspace/juelinliu_umass_edu-gpu-mvr/gpu-mvr/profiling/chimera_chunk_targets/logs/20260429T172145Z/lotte/chimera/targets090_095_chunks1-12_slots1_runs3.log,0,/scratch3/workspace/juelinliu_umass_edu-gpu-mvr/gpu-mvr/gpu-mvr/build/gpu_search --query /scratch3/workspace/juelinliu_umass_edu-gpu-mvr/gpu-mvr/dataset/lotte/raw/query.bin --gt /scratch3/workspace/juelinliu_umass_edu-gpu-mvr/gpu-mvr/dataset/lotte/raw/gt.tsv --index /scratch3/workspace/juelinliu_umass_edu-gpu-mvr/gpu-mvr/dataset/lotte/gpu_mvr_2m --k 100 --nq -1 --warmup 5 --concurrent-queries 1 --config-file /scratch3/workspace/juelinliu_umass_edu-gpu-mvr/gpu-mvr/config/tmp/chimera_chunk_targets/20260429T172145Z/lotte/chimera/targets090_095_chunks1-12_slots1_runs3.csv,,1,6632.265,,r090_c1_c11_run1,1.896,-1,32,5
chimera_chunk_targets,chimera,lotte,0.90,c1,11,1,100,2,0.957489,0.909314,0.909314,456.692,2.189,2.149,2.321,2.460,2.792,16.240,0.442,,64,2400,240,128,11,gpu_search,/scratch3/workspace/juelinliu_umass_edu-gpu-mvr/gpu-mvr/profiling/chimera_chunk_targets/logs/20260429T172145Z/lotte/chimera/targets090_095_chunks1-12_slots1_runs3.log,0,/scratch3/workspace/juelinliu_umass_edu-gpu-mvr/gpu-mvr/gpu-mvr/build/gpu_search --query /scratch3/workspace/juelinliu_umass_edu-gpu-mvr/gpu-mvr/dataset/lotte/raw/query.bin --gt /scratch3/workspace/juelinliu_umass_edu-gpu-mvr/gpu-mvr/dataset/lotte/raw/gt.tsv --index /scratch3/workspace/juelinliu_umass_edu-gpu-mvr/gpu-mvr/dataset/lotte/gpu_mvr_2m --k 100 --nq -1 --warmup 5 --concurrent-queries 1 --config-file /scratch3/workspace/juelinliu_umass_edu-gpu-mvr/gpu-mvr/config/tmp/chimera_chunk_targets/20260429T172145Z/lotte/chimera/targets090_095_chunks1-12_slots1_runs3.csv,,1,6417.899,,r090_c1_c11_run2,1.888,-1,32,5
chimera_chunk_targets,chimera,lotte,0.90,c1,11,1,100,3,0.957387,0.909253,0.909253,419.977,2.381,2.354,2.589,2.700,2.856,9.027,0.225,,64,2400,240,128,11,gpu_search,/scratch3/workspace/juelinliu_umass_edu-gpu-mvr/gpu-mvr/profiling/chimera_chunk_targets/logs/20260429T172145Z/lotte/chimera/targets090_095_chunks1-12_slots1_runs3.log,0,/scratch3/workspace/juelinliu_umass_edu-gpu-mvr/gpu-mvr/gpu-mvr/build/gpu_search --query /scratch3/workspace/juelinliu_umass_edu-gpu-mvr/gpu-mvr/dataset/lotte/raw/query.bin --gt /scratch3/workspace/juelinliu_umass_edu-gpu-mvr/gpu-mvr/dataset/lotte/raw/gt.tsv --index /scratch3/workspace/juelinliu_umass_edu-gpu-mvr/gpu-mvr/dataset/lotte/gpu_mvr_2m --k 100 --nq -1 --warmup 5 --concurrent-queries 1 --config-file /scratch3/workspace/juelinliu_umass_edu-gpu-mvr/gpu-mvr/config/tmp/chimera_chunk_targets/20260429T172145Z/lotte/chimera/targets090_095_chunks1-12_slots1_runs3.csv,,1,6978.956,,r090_c1_c11_run3,1.967,-1,32,5
chimera_chunk_targets,chimera,lotte,0.90,c1,12,1,100,1,0.957455,0.909277,0.909277,371.506,2.692,2.511,3.181,3.301,3.445,10.707,0.558,,64,2400,240,128,12,gpu_search,/scratch3/workspace/juelinliu_umass_edu-gpu-mvr/gpu-mvr/profiling/chimera_chunk_targets/logs/20260429T172145Z/lotte/chimera/targets090_095_chunks1-12_slots1_runs3.log,0,/scratch3/workspace/juelinliu_umass_edu-gpu-mvr/gpu-mvr/gpu-mvr/build/gpu_search --query /scratch3/workspace/juelinliu_umass_edu-gpu-mvr/gpu-mvr/dataset/lotte/raw/query.bin --gt /scratch3/workspace/juelinliu_umass_edu-gpu-mvr/gpu-mvr/dataset/lotte/raw/gt.tsv --index /scratch3/workspace/juelinliu_umass_edu-gpu-mvr/gpu-mvr/dataset/lotte/gpu_mvr_2m --k 100 --nq -1 --warmup 5 --concurrent-queries 1 --config-file /scratch3/workspace/juelinliu_umass_edu-gpu-mvr/gpu-mvr/config/tmp/chimera_chunk_targets/20260429T172145Z/lotte/chimera/targets090_095_chunks1-12_slots1_runs3.csv,,1,7889.510,,r090_c1_c12_run1,2.033,-1,32,5
chimera_chunk_targets,chimera,lotte,0.90,c1,12,1,100,2,0.957421,0.909273,0.909273,392.079,2.550,2.511,2.761,2.879,3.121,7.847,0.292,,64,2400,240,128,12,gpu_search,/scratch3/workspace/juelinliu_umass_edu-gpu-mvr/gpu-mvr/profiling/chimera_chunk_targets/logs/20260429T172145Z/lotte/chimera/targets090_095_chunks1-12_slots1_runs3.log,0,/scratch3/workspace/juelinliu_umass_edu-gpu-mvr/gpu-mvr/gpu-mvr/build/gpu_search --query /scratch3/workspace/juelinliu_umass_edu-gpu-mvr/gpu-mvr/dataset/lotte/raw/query.bin --gt /scratch3/workspace/juelinliu_umass_edu-gpu-mvr/gpu-mvr/dataset/lotte/raw/gt.tsv --index /scratch3/workspace/juelinliu_umass_edu-gpu-mvr/gpu-mvr/dataset/lotte/gpu_mvr_2m --k 100 --nq -1 --warmup 5 --concurrent-queries 1 --config-file /scratch3/workspace/juelinliu_umass_edu-gpu-mvr/gpu-mvr/config/tmp/chimera_chunk_targets/20260429T172145Z/lotte/chimera/targets090_095_chunks1-12_slots1_runs3.csv,,1,7475.526,,r090_c1_c12_run2,2.028,-1,32,5
chimera_chunk_targets,chimera,lotte,0.90,c1,12,1,100,3,0.957489,0.909243,0.909243,379.205,2.637,2.574,3.005,3.077,3.310,8.423,0.368,,64,2400,240,128,12,gpu_search,/scratch3/workspace/juelinliu_umass_edu-gpu-mvr/gpu-mvr/profiling/chimera_chunk_targets/logs/20260429T172145Z/lotte/chimera/targets090_095_chunks1-12_slots1_runs3.log,0,/scratch3/workspace/juelinliu_umass_edu-gpu-mvr/gpu-mvr/gpu-mvr/build/gpu_search --query /scratch3/workspace/juelinliu_umass_edu-gpu-mvr/gpu-mvr/dataset/lotte/raw/query.bin --gt /scratch3/workspace/juelinliu_umass_edu-gpu-mvr/gpu-mvr/dataset/lotte/raw/gt.tsv --index /scratch3/workspace/juelinliu_umass_edu-gpu-mvr/gpu-mvr/dataset/lotte/gpu_mvr_2m --k 100 --nq -1 --warmup 5 --concurrent-queries 1 --config-file /scratch3/workspace/juelinliu_umass_edu-gpu-mvr/gpu-mvr/config/tmp/chimera_chunk_targets/20260429T172145Z/lotte/chimera/targets090_095_chunks1-12_slots1_runs3.csv,,1,7729.332,,r090_c1_c12_run3,2.028,-1,32,5
chimera_chunk_targets,chimera,lotte,0.95,f1,1,1,100,1,0.962845,0.950699,0.950699,371.447,2.692,2.694,2.871,2.929,3.030,6.900,0.171,,128,4000,400,192,1,gpu_search,/scratch3/workspace/juelinliu_umass_edu-gpu-mvr/gpu-mvr/profiling/chimera_chunk_targets/logs/20260429T172145Z/lotte/chimera/targets090_095_chunks1-12_slots1_runs3.log,0,/scratch3/workspace/juelinliu_umass_edu-gpu-mvr/gpu-mvr/gpu-mvr/build/gpu_search --query /scratch3/workspace/juelinliu_umass_edu-gpu-mvr/gpu-mvr/dataset/lotte/raw/query.bin --gt /scratch3/workspace/juelinliu_umass_edu-gpu-mvr/gpu-mvr/dataset/lotte/raw/gt.tsv --index /scratch3/workspace/juelinliu_umass_edu-gpu-mvr/gpu-mvr/dataset/lotte/gpu_mvr_2m --k 100 --nq -1 --warmup 5 --concurrent-queries 1 --config-file /scratch3/workspace/juelinliu_umass_edu-gpu-mvr/gpu-mvr/config/tmp/chimera_chunk_targets/20260429T172145Z/lotte/chimera/targets090_095_chunks1-12_slots1_runs3.csv,,1,7890.766,,r095_f1_c1_run1,2.155,-1,32,5
chimera_chunk_targets,chimera,lotte,0.95,f1,1,1,100,2,0.962845,0.950648,0.950648,375.738,2.661,2.661,2.844,2.896,3.003,6.332,0.178,,128,4000,400,192,1,gpu_search,/scratch3/workspace/juelinliu_umass_edu-gpu-mvr/gpu-mvr/profiling/chimera_chunk_targets/logs/20260429T172145Z/lotte/chimera/targets090_095_chunks1-12_slots1_runs3.log,0,/scratch3/workspace/juelinliu_umass_edu-gpu-mvr/gpu-mvr/gpu-mvr/build/gpu_search --query /scratch3/workspace/juelinliu_umass_edu-gpu-mvr/gpu-mvr/dataset/lotte/raw/query.bin --gt /scratch3/workspace/juelinliu_umass_edu-gpu-mvr/gpu-mvr/dataset/lotte/raw/gt.tsv --index /scratch3/workspace/juelinliu_umass_edu-gpu-mvr/gpu-mvr/dataset/lotte/gpu_mvr_2m --k 100 --nq -1 --warmup 5 --concurrent-queries 1 --config-file /scratch3/workspace/juelinliu_umass_edu-gpu-mvr/gpu-mvr/config/tmp/chimera_chunk_targets/20260429T172145Z/lotte/chimera/targets090_095_chunks1-12_slots1_runs3.csv,,1,7800.655,,r095_f1_c1_run2,2.029,-1,32,5
chimera_chunk_targets,chimera,lotte,0.95,f1,1,1,100,3,0.962845,0.95071,0.95071,372.378,2.685,2.660,2.832,2.887,3.015,16.546,0.576,,128,4000,400,192,1,gpu_search,/scratch3/workspace/juelinliu_umass_edu-gpu-mvr/gpu-mvr/profiling/chimera_chunk_targets/logs/20260429T172145Z/lotte/chimera/targets090_095_chunks1-12_slots1_runs3.log,0,/scratch3/workspace/juelinliu_umass_edu-gpu-mvr/gpu-mvr/gpu-mvr/build/gpu_search --query /scratch3/workspace/juelinliu_umass_edu-gpu-mvr/gpu-mvr/dataset/lotte/raw/query.bin --gt /scratch3/workspace/juelinliu_umass_edu-gpu-mvr/gpu-mvr/dataset/lotte/raw/gt.tsv --index /scratch3/workspace/juelinliu_umass_edu-gpu-mvr/gpu-mvr/dataset/lotte/gpu_mvr_2m --k 100 --nq -1 --warmup 5 --concurrent-queries 1 --config-file /scratch3/workspace/juelinliu_umass_edu-gpu-mvr/gpu-mvr/config/tmp/chimera_chunk_targets/20260429T172145Z/lotte/chimera/targets090_095_chunks1-12_slots1_runs3.csv,,1,7871.040,,r095_f1_c1_run3,2.036,-1,32,5
chimera_chunk_targets,chimera,lotte,0.95,f1,2,1,100,1,0.962845,0.950665,0.950665,412.628,2.423,2.403,2.560,2.608,2.753,10.259,0.356,,128,4000,400,192,2,gpu_search,/scratch3/workspace/juelinliu_umass_edu-gpu-mvr/gpu-mvr/profiling/chimera_chunk_targets/logs/20260429T172145Z/lotte/chimera/targets090_095_chunks1-12_slots1_runs3.log,0,/scratch3/workspace/juelinliu_umass_edu-gpu-mvr/gpu-mvr/gpu-mvr/build/gpu_search --query /scratch3/workspace/juelinliu_umass_edu-gpu-mvr/gpu-mvr/dataset/lotte/raw/query.bin --gt /scratch3/workspace/juelinliu_umass_edu-gpu-mvr/gpu-mvr/dataset/lotte/raw/gt.tsv --index /scratch3/workspace/juelinliu_umass_edu-gpu-mvr/gpu-mvr/dataset/lotte/gpu_mvr_2m --k 100 --nq -1 --warmup 5 --concurrent-queries 1 --config-file /scratch3/workspace/juelinliu_umass_edu-gpu-mvr/gpu-mvr/config/tmp/chimera_chunk_targets/20260429T172145Z/lotte/chimera/targets090_095_chunks1-12_slots1_runs3.csv,,1,7103.248,,r095_f1_c2_run1,1.956,-1,32,5
chimera_chunk_targets,chimera,lotte,0.95,f1,2,1,100,2,0.962845,0.950679,0.950679,416.401,2.401,2.385,2.547,2.601,2.714,8.896,0.284,,128,4000,400,192,2,gpu_search,/scratch3/workspace/juelinliu_umass_edu-gpu-mvr/gpu-mvr/profiling/chimera_chunk_targets/logs/20260429T172145Z/lotte/chimera/targets090_095_chunks1-12_slots1_runs3.log,0,/scratch3/workspace/juelinliu_umass_edu-gpu-mvr/gpu-mvr/gpu-mvr/build/gpu_search --query /scratch3/workspace/juelinliu_umass_edu-gpu-mvr/gpu-mvr/dataset/lotte/raw/query.bin --gt /scratch3/workspace/juelinliu_umass_edu-gpu-mvr/gpu-mvr/dataset/lotte/raw/gt.tsv --index /scratch3/workspace/juelinliu_umass_edu-gpu-mvr/gpu-mvr/dataset/lotte/gpu_mvr_2m --k 100 --nq -1 --warmup 5 --concurrent-queries 1 --config-file /scratch3/workspace/juelinliu_umass_edu-gpu-mvr/gpu-mvr/config/tmp/chimera_chunk_targets/20260429T172145Z/lotte/chimera/targets090_095_chunks1-12_slots1_runs3.csv,,1,7038.889,,r095_f1_c2_run2,1.942,-1,32,5
chimera_chunk_targets,chimera,lotte,0.95,f1,2,1,100,3,0.962845,0.950655,0.950655,412.677,2.423,2.398,2.560,2.614,2.807,8.171,0.359,,128,4000,400,192,2,gpu_search,/scratch3/workspace/juelinliu_umass_edu-gpu-mvr/gpu-mvr/profiling/chimera_chunk_targets/logs/20260429T172145Z/lotte/chimera/targets090_095_chunks1-12_slots1_runs3.log,0,/scratch3/workspace/juelinliu_umass_edu-gpu-mvr/gpu-mvr/gpu-mvr/build/gpu_search --query /scratch3/workspace/juelinliu_umass_edu-gpu-mvr/gpu-mvr/dataset/lotte/raw/query.bin --gt /scratch3/workspace/juelinliu_umass_edu-gpu-mvr/gpu-mvr/dataset/lotte/raw/gt.tsv --index /scratch3/workspace/juelinliu_umass_edu-gpu-mvr/gpu-mvr/dataset/lotte/gpu_mvr_2m --k 100 --nq -1 --warmup 5 --concurrent-queries 1 --config-file /scratch3/workspace/juelinliu_umass_edu-gpu-mvr/gpu-mvr/config/tmp/chimera_chunk_targets/20260429T172145Z/lotte/chimera/targets090_095_chunks1-12_slots1_runs3.csv,,1,7102.414,,r095_f1_c2_run3,1.928,-1,32,5
chimera_chunk_targets,chimera,lotte,0.95,f1,3,1,100,1,0.962811,0.950703,0.950703,429.188,2.330,2.313,2.479,2.526,2.643,7.433,0.249,,128,4000,400,192,3,gpu_search,/scratch3/workspace/juelinliu_umass_edu-gpu-mvr/gpu-mvr/profiling/chimera_chunk_targets/logs/20260429T172145Z/lotte/chimera/targets090_095_chunks1-12_slots1_runs3.log,0,/scratch3/workspace/juelinliu_umass_edu-gpu-mvr/gpu-mvr/gpu-mvr/build/gpu_search --query /scratch3/workspace/juelinliu_umass_edu-gpu-mvr/gpu-mvr/dataset/lotte/raw/query.bin --gt /scratch3/workspace/juelinliu_umass_edu-gpu-mvr/gpu-mvr/dataset/lotte/raw/gt.tsv --index /scratch3/workspace/juelinliu_umass_edu-gpu-mvr/gpu-mvr/dataset/lotte/gpu_mvr_2m --k 100 --nq -1 --warmup 5 --concurrent-queries 1 --config-file /scratch3/workspace/juelinliu_umass_edu-gpu-mvr/gpu-mvr/config/tmp/chimera_chunk_targets/20260429T172145Z/lotte/chimera/targets090_095_chunks1-12_slots1_runs3.csv,,1,6829.170,,r095_f1_c3_run1,1.880,-1,32,5
chimera_chunk_targets,chimera,lotte,0.95,f1,3,1,100,2,0.962845,0.950706,0.950706,423.281,2.362,2.338,2.502,2.550,2.723,8.638,0.368,,128,4000,400,192,3,gpu_search,/scratch3/workspace/juelinliu_umass_edu-gpu-mvr/gpu-mvr/profiling/chimera_chunk_targets/logs/20260429T172145Z/lotte/chimera/targets090_095_chunks1-12_slots1_runs3.log,0,/scratch3/workspace/juelinliu_umass_edu-gpu-mvr/gpu-mvr/gpu-mvr/build/gpu_search --query /scratch3/workspace/juelinliu_umass_edu-gpu-mvr/gpu-mvr/dataset/lotte/raw/query.bin --gt /scratch3/workspace/juelinliu_umass_edu-gpu-mvr/gpu-mvr/dataset/lotte/raw/gt.tsv --index /scratch3/workspace/juelinliu_umass_edu-gpu-mvr/gpu-mvr/dataset/lotte/gpu_mvr_2m --k 100 --nq -1 --warmup 5 --concurrent-queries 1 --config-file /scratch3/workspace/juelinliu_umass_edu-gpu-mvr/gpu-mvr/config/tmp/chimera_chunk_targets/20260429T172145Z/lotte/chimera/targets090_095_chunks1-12_slots1_runs3.csv,,1,6924.478,,r095_f1_c3_run2,1.914,-1,32,5
chimera_chunk_targets,chimera,lotte,0.95,f1,3,1,100,3,0.962845,0.950727,0.950727,436.661,2.290,2.284,2.436,2.479,2.574,7.196,0.158,,128,4000,400,192,3,gpu_search,/scratch3/workspace/juelinliu_umass_edu-gpu-mvr/gpu-mvr/profiling/chimera_chunk_targets/logs/20260429T172145Z/lotte/chimera/targets090_095_chunks1-12_slots1_runs3.log,0,/scratch3/workspace/juelinliu_umass_edu-gpu-mvr/gpu-mvr/gpu-mvr/build/gpu_search --query /scratch3/workspace/juelinliu_umass_edu-gpu-mvr/gpu-mvr/dataset/lotte/raw/query.bin --gt /scratch3/workspace/juelinliu_umass_edu-gpu-mvr/gpu-mvr/dataset/lotte/raw/gt.tsv --index /scratch3/workspace/juelinliu_umass_edu-gpu-mvr/gpu-mvr/dataset/lotte/gpu_mvr_2m --k 100 --nq -1 --warmup 5 --concurrent-queries 1 --config-file /scratch3/workspace/juelinliu_umass_edu-gpu-mvr/gpu-mvr/config/tmp/chimera_chunk_targets/20260429T172145Z/lotte/chimera/targets090_095_chunks1-12_slots1_runs3.csv,,1,6712.297,,r095_f1_c3_run3,1.894,-1,32,5
chimera_chunk_targets,chimera,lotte,0.95,f1,4,1,100,1,0.962845,0.950655,0.950655,433.323,2.308,2.267,2.430,2.489,2.618,16.688,0.595,,128,4000,400,192,4,gpu_search,/scratch3/workspace/juelinliu_umass_edu-gpu-mvr/gpu-mvr/profiling/chimera_chunk_targets/logs/20260429T172145Z/lotte/chimera/targets090_095_chunks1-12_slots1_runs3.log,0,/scratch3/workspace/juelinliu_umass_edu-gpu-mvr/gpu-mvr/gpu-mvr/build/gpu_search --query /scratch3/workspace/juelinliu_umass_edu-gpu-mvr/gpu-mvr/dataset/lotte/raw/query.bin --gt /scratch3/workspace/juelinliu_umass_edu-gpu-mvr/gpu-mvr/dataset/lotte/raw/gt.tsv --index /scratch3/workspace/juelinliu_umass_edu-gpu-mvr/gpu-mvr/dataset/lotte/gpu_mvr_2m --k 100 --nq -1 --warmup 5 --concurrent-queries 1 --config-file /scratch3/workspace/juelinliu_umass_edu-gpu-mvr/gpu-mvr/config/tmp/chimera_chunk_targets/20260429T172145Z/lotte/chimera/targets090_095_chunks1-12_slots1_runs3.csv,,1,6764.001,,r095_f1_c4_run1,1.912,-1,32,5
chimera_chunk_targets,chimera,lotte,0.95,f1,4,1,100,2,0.962845,0.950713,0.950713,442.421,2.260,2.253,2.389,2.430,2.515,8.666,0.173,,128,4000,400,192,4,gpu_search,/scratch3/workspace/juelinliu_umass_edu-gpu-mvr/gpu-mvr/profiling/chimera_chunk_targets/logs/20260429T172145Z/lotte/chimera/targets090_095_chunks1-12_slots1_runs3.log,0,/scratch3/workspace/juelinliu_umass_edu-gpu-mvr/gpu-mvr/gpu-mvr/build/gpu_search --query /scratch3/workspace/juelinliu_umass_edu-gpu-mvr/gpu-mvr/dataset/lotte/raw/query.bin --gt /scratch3/workspace/juelinliu_umass_edu-gpu-mvr/gpu-mvr/dataset/lotte/raw/gt.tsv --index /scratch3/workspace/juelinliu_umass_edu-gpu-mvr/gpu-mvr/dataset/lotte/gpu_mvr_2m --k 100 --nq -1 --warmup 5 --concurrent-queries 1 --config-file /scratch3/workspace/juelinliu_umass_edu-gpu-mvr/gpu-mvr/config/tmp/chimera_chunk_targets/20260429T172145Z/lotte/chimera/targets090_095_chunks1-12_slots1_runs3.csv,,1,6624.917,,r095_f1_c4_run2,1.893,-1,32,5
chimera_chunk_targets,chimera,lotte,0.95,f1,4,1,100,3,0.962845,0.950693,0.950693,434.449,2.302,2.269,2.466,2.539,2.710,9.986,0.357,,128,4000,400,192,4,gpu_search,/scratch3/workspace/juelinliu_umass_edu-gpu-mvr/gpu-mvr/profiling/chimera_chunk_targets/logs/20260429T172145Z/lotte/chimera/targets090_095_chunks1-12_slots1_runs3.log,0,/scratch3/workspace/juelinliu_umass_edu-gpu-mvr/gpu-mvr/gpu-mvr/build/gpu_search --query /scratch3/workspace/juelinliu_umass_edu-gpu-mvr/gpu-mvr/dataset/lotte/raw/query.bin --gt /scratch3/workspace/juelinliu_umass_edu-gpu-mvr/gpu-mvr/dataset/lotte/raw/gt.tsv --index /scratch3/workspace/juelinliu_umass_edu-gpu-mvr/gpu-mvr/dataset/lotte/gpu_mvr_2m --k 100 --nq -1 --warmup 5 --concurrent-queries 1 --config-file /scratch3/workspace/juelinliu_umass_edu-gpu-mvr/gpu-mvr/config/tmp/chimera_chunk_targets/20260429T172145Z/lotte/chimera/targets090_095_chunks1-12_slots1_runs3.csv,,1,6746.479,,r095_f1_c4_run3,1.870,-1,32,5
chimera_chunk_targets,chimera,lotte,0.95,f1,5,1,100,1,0.962845,0.950723,0.950723,405.129,2.468,2.417,2.624,2.706,4.945,14.936,0.515,,128,4000,400,192,5,gpu_search,/scratch3/workspace/juelinliu_umass_edu-gpu-mvr/gpu-mvr/profiling/chimera_chunk_targets/logs/20260429T172145Z/lotte/chimera/targets090_095_chunks1-12_slots1_runs3.log,0,/scratch3/workspace/juelinliu_umass_edu-gpu-mvr/gpu-mvr/gpu-mvr/build/gpu_search --query /scratch3/workspace/juelinliu_umass_edu-gpu-mvr/gpu-mvr/dataset/lotte/raw/query.bin --gt /scratch3/workspace/juelinliu_umass_edu-gpu-mvr/gpu-mvr/dataset/lotte/raw/gt.tsv --index /scratch3/workspace/juelinliu_umass_edu-gpu-mvr/gpu-mvr/dataset/lotte/gpu_mvr_2m --k 100 --nq -1 --warmup 5 --concurrent-queries 1 --config-file /scratch3/workspace/juelinliu_umass_edu-gpu-mvr/gpu-mvr/config/tmp/chimera_chunk_targets/20260429T172145Z/lotte/chimera/targets090_095_chunks1-12_slots1_runs3.csv,,1,7234.731,,r095_f1_c5_run1,1.906,-1,32,5
chimera_chunk_targets,chimera,lotte,0.95,f1,5,1,100,2,0.962845,0.950703,0.950703,424.818,2.354,2.322,2.503,2.566,2.720,9.782,0.310,,128,4000,400,192,5,gpu_search,/scratch3/workspace/juelinliu_umass_edu-gpu-mvr/gpu-mvr/profiling/chimera_chunk_targets/logs/20260429T172145Z/lotte/chimera/targets090_095_chunks1-12_slots1_runs3.log,0,/scratch3/workspace/juelinliu_umass_edu-gpu-mvr/gpu-mvr/gpu-mvr/build/gpu_search --query /scratch3/workspace/juelinliu_umass_edu-gpu-mvr/gpu-mvr/dataset/lotte/raw/query.bin --gt /scratch3/workspace/juelinliu_umass_edu-gpu-mvr/gpu-mvr/dataset/lotte/raw/gt.tsv --index /scratch3/workspace/juelinliu_umass_edu-gpu-mvr/gpu-mvr/dataset/lotte/gpu_mvr_2m --k 100 --nq -1 --warmup 5 --concurrent-queries 1 --config-file /scratch3/workspace/juelinliu_umass_edu-gpu-mvr/gpu-mvr/config/tmp/chimera_chunk_targets/20260429T172145Z/lotte/chimera/targets090_095_chunks1-12_slots1_runs3.csv,,1,6899.426,,r095_f1_c5_run2,1.900,-1,32,5
chimera_chunk_targets,chimera,lotte,0.95,f1,5,1,100,3,0.962811,0.95071,0.95071,439.897,2.273,2.267,2.381,2.414,2.506,6.784,0.149,,128,4000,400,192,5,gpu_search,/scratch3/workspace/juelinliu_umass_edu-gpu-mvr/gpu-mvr/profiling/chimera_chunk_targets/logs/20260429T172145Z/lotte/chimera/targets090_095_chunks1-12_slots1_runs3.log,0,/scratch3/workspace/juelinliu_umass_edu-gpu-mvr/gpu-mvr/gpu-mvr/build/gpu_search --query /scratch3/workspace/juelinliu_umass_edu-gpu-mvr/gpu-mvr/dataset/lotte/raw/query.bin --gt /scratch3/workspace/juelinliu_umass_edu-gpu-mvr/gpu-mvr/dataset/lotte/raw/gt.tsv --index /scratch3/workspace/juelinliu_umass_edu-gpu-mvr/gpu-mvr/dataset/lotte/gpu_mvr_2m --k 100 --nq -1 --warmup 5 --concurrent-queries 1 --config-file /scratch3/workspace/juelinliu_umass_edu-gpu-mvr/gpu-mvr/config/tmp/chimera_chunk_targets/20260429T172145Z/lotte/chimera/targets090_095_chunks1-12_slots1_runs3.csv,,1,6662.927,,r095_f1_c5_run3,1.907,-1,32,5
chimera_chunk_targets,chimera,lotte,0.95,f1,6,1,100,1,0.962845,0.950693,0.950693,404.863,2.470,2.411,2.676,2.749,3.120,16.395,0.617,,128,4000,400,192,6,gpu_search,/scratch3/workspace/juelinliu_umass_edu-gpu-mvr/gpu-mvr/profiling/chimera_chunk_targets/logs/20260429T172145Z/lotte/chimera/targets090_095_chunks1-12_slots1_runs3.log,0,/scratch3/workspace/juelinliu_umass_edu-gpu-mvr/gpu-mvr/gpu-mvr/build/gpu_search --query /scratch3/workspace/juelinliu_umass_edu-gpu-mvr/gpu-mvr/dataset/lotte/raw/query.bin --gt /scratch3/workspace/juelinliu_umass_edu-gpu-mvr/gpu-mvr/dataset/lotte/raw/gt.tsv --index /scratch3/workspace/juelinliu_umass_edu-gpu-mvr/gpu-mvr/dataset/lotte/gpu_mvr_2m --k 100 --nq -1 --warmup 5 --concurrent-queries 1 --config-file /scratch3/workspace/juelinliu_umass_edu-gpu-mvr/gpu-mvr/config/tmp/chimera_chunk_targets/20260429T172145Z/lotte/chimera/targets090_095_chunks1-12_slots1_runs3.csv,,1,7239.479,,r095_f1_c6_run1,1.950,-1,32,5
chimera_chunk_targets,chimera,lotte,0.95,f1,6,1,100,2,0.962845,0.950645,0.950645,440.829,2.268,2.260,2.420,2.462,2.551,7.243,0.148,,128,4000,400,192,6,gpu_search,/scratch3/workspace/juelinliu_umass_edu-gpu-mvr/gpu-mvr/profiling/chimera_chunk_targets/logs/20260429T172145Z/lotte/chimera/targets090_095_chunks1-12_slots1_runs3.log,0,/scratch3/workspace/juelinliu_umass_edu-gpu-mvr/gpu-mvr/gpu-mvr/build/gpu_search --query /scratch3/workspace/juelinliu_umass_edu-gpu-mvr/gpu-mvr/dataset/lotte/raw/query.bin --gt /scratch3/workspace/juelinliu_umass_edu-gpu-mvr/gpu-mvr/dataset/lotte/raw/gt.tsv --index /scratch3/workspace/juelinliu_umass_edu-gpu-mvr/gpu-mvr/dataset/lotte/gpu_mvr_2m --k 100 --nq -1 --warmup 5 --concurrent-queries 1 --config-file /scratch3/workspace/juelinliu_umass_edu-gpu-mvr/gpu-mvr/config/tmp/chimera_chunk_targets/20260429T172145Z/lotte/chimera/targets090_095_chunks1-12_slots1_runs3.csv,,1,6648.831,,r095_f1_c6_run2,1.940,-1,32,5
chimera_chunk_targets,chimera,lotte,0.95,f1,6,1,100,3,0.962845,0.950645,0.950645,436.583,2.290,2.283,2.424,2.467,2.544,8.080,0.151,,128,4000,400,192,6,gpu_search,/scratch3/workspace/juelinliu_umass_edu-gpu-mvr/gpu-mvr/profiling/chimera_chunk_targets/logs/20260429T172145Z/lotte/chimera/targets090_095_chunks1-12_slots1_runs3.log,0,/scratch3/workspace/juelinliu_umass_edu-gpu-mvr/gpu-mvr/gpu-mvr/build/gpu_search --query /scratch3/workspace/juelinliu_umass_edu-gpu-mvr/gpu-mvr/dataset/lotte/raw/query.bin --gt /scratch3/workspace/juelinliu_umass_edu-gpu-mvr/gpu-mvr/dataset/lotte/raw/gt.tsv --index /scratch3/workspace/juelinliu_umass_edu-gpu-mvr/gpu-mvr/dataset/lotte/gpu_mvr_2m --k 100 --nq -1 --warmup 5 --concurrent-queries 1 --config-file /scratch3/workspace/juelinliu_umass_edu-gpu-mvr/gpu-mvr/config/tmp/chimera_chunk_targets/20260429T172145Z/lotte/chimera/targets090_095_chunks1-12_slots1_runs3.csv,,1,6713.504,,r095_f1_c6_run3,1.962,-1,32,5
chimera_chunk_targets,chimera,lotte,0.95,f1,7,1,100,1,0.962845,0.950658,0.950658,414.521,2.412,2.403,2.549,2.601,2.722,8.262,0.172,,128,4000,400,192,7,gpu_search,/scratch3/workspace/juelinliu_umass_edu-gpu-mvr/gpu-mvr/profiling/chimera_chunk_targets/logs/20260429T172145Z/lotte/chimera/targets090_095_chunks1-12_slots1_runs3.log,0,/scratch3/workspace/juelinliu_umass_edu-gpu-mvr/gpu-mvr/gpu-mvr/build/gpu_search --query /scratch3/workspace/juelinliu_umass_edu-gpu-mvr/gpu-mvr/dataset/lotte/raw/query.bin --gt /scratch3/workspace/juelinliu_umass_edu-gpu-mvr/gpu-mvr/dataset/lotte/raw/gt.tsv --index /scratch3/workspace/juelinliu_umass_edu-gpu-mvr/gpu-mvr/dataset/lotte/gpu_mvr_2m --k 100 --nq -1 --warmup 5 --concurrent-queries 1 --config-file /scratch3/workspace/juelinliu_umass_edu-gpu-mvr/gpu-mvr/config/tmp/chimera_chunk_targets/20260429T172145Z/lotte/chimera/targets090_095_chunks1-12_slots1_runs3.csv,,1,7070.817,,r095_f1_c7_run1,2.039,-1,32,5
chimera_chunk_targets,chimera,lotte,0.95,f1,7,1,100,2,0.962845,0.950679,0.950679,396.915,2.519,2.465,2.707,2.791,3.121,9.332,0.456,,128,4000,400,192,7,gpu_search,/scratch3/workspace/juelinliu_umass_edu-gpu-mvr/gpu-mvr/profiling/chimera_chunk_targets/logs/20260429T172145Z/lotte/chimera/targets090_095_chunks1-12_slots1_runs3.log,0,/scratch3/workspace/juelinliu_umass_edu-gpu-mvr/gpu-mvr/gpu-mvr/build/gpu_search --query /scratch3/workspace/juelinliu_umass_edu-gpu-mvr/gpu-mvr/dataset/lotte/raw/query.bin --gt /scratch3/workspace/juelinliu_umass_edu-gpu-mvr/gpu-mvr/dataset/lotte/raw/gt.tsv --index /scratch3/workspace/juelinliu_umass_edu-gpu-mvr/gpu-mvr/dataset/lotte/gpu_mvr_2m --k 100 --nq -1 --warmup 5 --concurrent-queries 1 --config-file /scratch3/workspace/juelinliu_umass_edu-gpu-mvr/gpu-mvr/config/tmp/chimera_chunk_targets/20260429T172145Z/lotte/chimera/targets090_095_chunks1-12_slots1_runs3.csv,,1,7384.456,,r095_f1_c7_run2,2.039,-1,32,5
chimera_chunk_targets,chimera,lotte,0.95,f1,7,1,100,3,0.962845,0.950658,0.950658,404.843,2.470,2.440,2.651,2.725,3.015,8.269,0.340,,128,4000,400,192,7,gpu_search,/scratch3/workspace/juelinliu_umass_edu-gpu-mvr/gpu-mvr/profiling/chimera_chunk_targets/logs/20260429T172145Z/lotte/chimera/targets090_095_chunks1-12_slots1_runs3.log,0,/scratch3/workspace/juelinliu_umass_edu-gpu-mvr/gpu-mvr/gpu-mvr/build/gpu_search --query /scratch3/workspace/juelinliu_umass_edu-gpu-mvr/gpu-mvr/dataset/lotte/raw/query.bin --gt /scratch3/workspace/juelinliu_umass_edu-gpu-mvr/gpu-mvr/dataset/lotte/raw/gt.tsv --index /scratch3/workspace/juelinliu_umass_edu-gpu-mvr/gpu-mvr/dataset/lotte/gpu_mvr_2m --k 100 --nq -1 --warmup 5 --concurrent-queries 1 --config-file /scratch3/workspace/juelinliu_umass_edu-gpu-mvr/gpu-mvr/config/tmp/chimera_chunk_targets/20260429T172145Z/lotte/chimera/targets090_095_chunks1-12_slots1_runs3.csv,,1,7239.837,,r095_f1_c7_run3,2.013,-1,32,5
chimera_chunk_targets,chimera,lotte,0.95,f1,8,1,100,1,0.962845,0.950686,0.950686,397.212,2.517,2.493,2.650,2.713,2.876,7.622,0.263,,128,4000,400,192,8,gpu_search,/scratch3/workspace/juelinliu_umass_edu-gpu-mvr/gpu-mvr/profiling/chimera_chunk_targets/logs/20260429T172145Z/lotte/chimera/targets090_095_chunks1-12_slots1_runs3.log,0,/scratch3/workspace/juelinliu_umass_edu-gpu-mvr/gpu-mvr/gpu-mvr/build/gpu_search --query /scratch3/workspace/juelinliu_umass_edu-gpu-mvr/gpu-mvr/dataset/lotte/raw/query.bin --gt /scratch3/workspace/juelinliu_umass_edu-gpu-mvr/gpu-mvr/dataset/lotte/raw/gt.tsv --index /scratch3/workspace/juelinliu_umass_edu-gpu-mvr/gpu-mvr/dataset/lotte/gpu_mvr_2m --k 100 --nq -1 --warmup 5 --concurrent-queries 1 --config-file /scratch3/workspace/juelinliu_umass_edu-gpu-mvr/gpu-mvr/config/tmp/chimera_chunk_targets/20260429T172145Z/lotte/chimera/targets090_095_chunks1-12_slots1_runs3.csv,,1,7378.922,,r095_f1_c8_run1,2.154,-1,32,5
chimera_chunk_targets,chimera,lotte,0.95,f1,8,1,100,2,0.962845,0.950679,0.950679,397.274,2.517,2.453,2.716,2.809,2.990,17.934,0.534,,128,4000,400,192,8,gpu_search,/scratch3/workspace/juelinliu_umass_edu-gpu-mvr/gpu-mvr/profiling/chimera_chunk_targets/logs/20260429T172145Z/lotte/chimera/targets090_095_chunks1-12_slots1_runs3.log,0,/scratch3/workspace/juelinliu_umass_edu-gpu-mvr/gpu-mvr/gpu-mvr/build/gpu_search --query /scratch3/workspace/juelinliu_umass_edu-gpu-mvr/gpu-mvr/dataset/lotte/raw/query.bin --gt /scratch3/workspace/juelinliu_umass_edu-gpu-mvr/gpu-mvr/dataset/lotte/raw/gt.tsv --index /scratch3/workspace/juelinliu_umass_edu-gpu-mvr/gpu-mvr/dataset/lotte/gpu_mvr_2m --k 100 --nq -1 --warmup 5 --concurrent-queries 1 --config-file /scratch3/workspace/juelinliu_umass_edu-gpu-mvr/gpu-mvr/config/tmp/chimera_chunk_targets/20260429T172145Z/lotte/chimera/targets090_095_chunks1-12_slots1_runs3.csv,,1,7377.778,,r095_f1_c8_run2,2.124,-1,32,5
chimera_chunk_targets,chimera,lotte,0.95,f1,8,1,100,3,0.962811,0.950669,0.950669,396.032,2.525,2.519,2.653,2.694,2.796,8.302,0.155,,128,4000,400,192,8,gpu_search,/scratch3/workspace/juelinliu_umass_edu-gpu-mvr/gpu-mvr/profiling/chimera_chunk_targets/logs/20260429T172145Z/lotte/chimera/targets090_095_chunks1-12_slots1_runs3.log,0,/scratch3/workspace/juelinliu_umass_edu-gpu-mvr/gpu-mvr/gpu-mvr/build/gpu_search --query /scratch3/workspace/juelinliu_umass_edu-gpu-mvr/gpu-mvr/dataset/lotte/raw/query.bin --gt /scratch3/workspace/juelinliu_umass_edu-gpu-mvr/gpu-mvr/dataset/lotte/raw/gt.tsv --index /scratch3/workspace/juelinliu_umass_edu-gpu-mvr/gpu-mvr/dataset/lotte/gpu_mvr_2m --k 100 --nq -1 --warmup 5 --concurrent-queries 1 --config-file /scratch3/workspace/juelinliu_umass_edu-gpu-mvr/gpu-mvr/config/tmp/chimera_chunk_targets/20260429T172145Z/lotte/chimera/targets090_095_chunks1-12_slots1_runs3.csv,,1,7400.924,,r095_f1_c8_run3,2.170,-1,32,5
chimera_chunk_targets,chimera,lotte,0.95,f1,9,1,100,1,0.962845,0.950669,0.950669,379.443,2.635,2.630,2.765,2.811,2.891,9.662,0.183,,128,4000,400,192,9,gpu_search,/scratch3/workspace/juelinliu_umass_edu-gpu-mvr/gpu-mvr/profiling/chimera_chunk_targets/logs/20260429T172145Z/lotte/chimera/targets090_095_chunks1-12_slots1_runs3.log,0,/scratch3/workspace/juelinliu_umass_edu-gpu-mvr/gpu-mvr/gpu-mvr/build/gpu_search --query /scratch3/workspace/juelinliu_umass_edu-gpu-mvr/gpu-mvr/dataset/lotte/raw/query.bin --gt /scratch3/workspace/juelinliu_umass_edu-gpu-mvr/gpu-mvr/dataset/lotte/raw/gt.tsv --index /scratch3/workspace/juelinliu_umass_edu-gpu-mvr/gpu-mvr/dataset/lotte/gpu_mvr_2m --k 100 --nq -1 --warmup 5 --concurrent-queries 1 --config-file /scratch3/workspace/juelinliu_umass_edu-gpu-mvr/gpu-mvr/config/tmp/chimera_chunk_targets/20260429T172145Z/lotte/chimera/targets090_095_chunks1-12_slots1_runs3.csv,,1,7724.485,,r095_f1_c9_run1,2.269,-1,32,5
chimera_chunk_targets,chimera,lotte,0.95,f1,9,1,100,2,0.962811,0.950676,0.950676,375.689,2.662,2.590,2.877,2.953,3.222,11.960,0.525,,128,4000,400,192,9,gpu_search,/scratch3/workspace/juelinliu_umass_edu-gpu-mvr/gpu-mvr/profiling/chimera_chunk_targets/logs/20260429T172145Z/lotte/chimera/targets090_095_chunks1-12_slots1_runs3.log,0,/scratch3/workspace/juelinliu_umass_edu-gpu-mvr/gpu-mvr/gpu-mvr/build/gpu_search --query /scratch3/workspace/juelinliu_umass_edu-gpu-mvr/gpu-mvr/dataset/lotte/raw/query.bin --gt /scratch3/workspace/juelinliu_umass_edu-gpu-mvr/gpu-mvr/dataset/lotte/raw/gt.tsv --index /scratch3/workspace/juelinliu_umass_edu-gpu-mvr/gpu-mvr/dataset/lotte/gpu_mvr_2m --k 100 --nq -1 --warmup 5 --concurrent-queries 1 --config-file /scratch3/workspace/juelinliu_umass_edu-gpu-mvr/gpu-mvr/config/tmp/chimera_chunk_targets/20260429T172145Z/lotte/chimera/targets090_095_chunks1-12_slots1_runs3.csv,,1,7801.663,,r095_f1_c9_run2,2.234,-1,32,5
chimera_chunk_targets,chimera,lotte,0.95,f1,9,1,100,3,0.96288,0.950699,0.950699,386.478,2.587,2.563,2.737,2.809,3.014,9.943,0.245,,128,4000,400,192,9,gpu_search,/scratch3/workspace/juelinliu_umass_edu-gpu-mvr/gpu-mvr/profiling/chimera_chunk_targets/logs/20260429T172145Z/lotte/chimera/targets090_095_chunks1-12_slots1_runs3.log,0,/scratch3/workspace/juelinliu_umass_edu-gpu-mvr/gpu-mvr/gpu-mvr/build/gpu_search --query /scratch3/workspace/juelinliu_umass_edu-gpu-mvr/gpu-mvr/dataset/lotte/raw/query.bin --gt /scratch3/workspace/juelinliu_umass_edu-gpu-mvr/gpu-mvr/dataset/lotte/raw/gt.tsv --index /scratch3/workspace/juelinliu_umass_edu-gpu-mvr/gpu-mvr/dataset/lotte/gpu_mvr_2m --k 100 --nq -1 --warmup 5 --concurrent-queries 1 --config-file /scratch3/workspace/juelinliu_umass_edu-gpu-mvr/gpu-mvr/config/tmp/chimera_chunk_targets/20260429T172145Z/lotte/chimera/targets090_095_chunks1-12_slots1_runs3.csv,,1,7583.870,,r095_f1_c9_run3,2.254,-1,32,5
chimera_chunk_targets,chimera,lotte,0.95,f1,10,1,100,1,0.96288,0.950662,0.950662,356.503,2.805,2.783,2.969,3.034,3.679,9.747,0.408,,128,4000,400,192,10,gpu_search,/scratch3/workspace/juelinliu_umass_edu-gpu-mvr/gpu-mvr/profiling/chimera_chunk_targets/logs/20260429T172145Z/lotte/chimera/targets090_095_chunks1-12_slots1_runs3.log,0,/scratch3/workspace/juelinliu_umass_edu-gpu-mvr/gpu-mvr/gpu-mvr/build/gpu_search --query /scratch3/workspace/juelinliu_umass_edu-gpu-mvr/gpu-mvr/dataset/lotte/raw/query.bin --gt /scratch3/workspace/juelinliu_umass_edu-gpu-mvr/gpu-mvr/dataset/lotte/raw/gt.tsv --index /scratch3/workspace/juelinliu_umass_edu-gpu-mvr/gpu-mvr/dataset/lotte/gpu_mvr_2m --k 100 --nq -1 --warmup 5 --concurrent-queries 1 --config-file /scratch3/workspace/juelinliu_umass_edu-gpu-mvr/gpu-mvr/config/tmp/chimera_chunk_targets/20260429T172145Z/lotte/chimera/targets090_095_chunks1-12_slots1_runs3.csv,,1,8221.532,,r095_f1_c10_run1,2.187,-1,32,5
chimera_chunk_targets,chimera,lotte,0.95,f1,10,1,100,2,0.962845,0.950696,0.950696,358.225,2.791,2.761,2.969,3.053,3.365,9.635,0.363,,128,4000,400,192,10,gpu_search,/scratch3/workspace/juelinliu_umass_edu-gpu-mvr/gpu-mvr/profiling/chimera_chunk_targets/logs/20260429T172145Z/lotte/chimera/targets090_095_chunks1-12_slots1_runs3.log,0,/scratch3/workspace/juelinliu_umass_edu-gpu-mvr/gpu-mvr/gpu-mvr/build/gpu_search --query /scratch3/workspace/juelinliu_umass_edu-gpu-mvr/gpu-mvr/dataset/lotte/raw/query.bin --gt /scratch3/workspace/juelinliu_umass_edu-gpu-mvr/gpu-mvr/dataset/lotte/raw/gt.tsv --index /scratch3/workspace/juelinliu_umass_edu-gpu-mvr/gpu-mvr/dataset/lotte/gpu_mvr_2m --k 100 --nq -1 --warmup 5 --concurrent-queries 1 --config-file /scratch3/workspace/juelinliu_umass_edu-gpu-mvr/gpu-mvr/config/tmp/chimera_chunk_targets/20260429T172145Z/lotte/chimera/targets090_095_chunks1-12_slots1_runs3.csv,,1,8182.011,,r095_f1_c10_run2,2.215,-1,32,5
chimera_chunk_targets,chimera,lotte,0.95,f1,10,1,100,3,0.962845,0.950676,0.950676,358.566,2.789,2.728,3.030,3.130,3.439,16.900,0.560,,128,4000,400,192,10,gpu_search,/scratch3/workspace/juelinliu_umass_edu-gpu-mvr/gpu-mvr/profiling/chimera_chunk_targets/logs/20260429T172145Z/lotte/chimera/targets090_095_chunks1-12_slots1_runs3.log,0,/scratch3/workspace/juelinliu_umass_edu-gpu-mvr/gpu-mvr/gpu-mvr/build/gpu_search --query /scratch3/workspace/juelinliu_umass_edu-gpu-mvr/gpu-mvr/dataset/lotte/raw/query.bin --gt /scratch3/workspace/juelinliu_umass_edu-gpu-mvr/gpu-mvr/dataset/lotte/raw/gt.tsv --index /scratch3/workspace/juelinliu_umass_edu-gpu-mvr/gpu-mvr/dataset/lotte/gpu_mvr_2m --k 100 --nq -1 --warmup 5 --concurrent-queries 1 --config-file /scratch3/workspace/juelinliu_umass_edu-gpu-mvr/gpu-mvr/config/tmp/chimera_chunk_targets/20260429T172145Z/lotte/chimera/targets090_095_chunks1-12_slots1_runs3.csv,,1,8174.228,,r095_f1_c10_run3,2.241,-1,32,5
chimera_chunk_targets,chimera,lotte,0.95,f1,11,1,100,1,0.962811,0.950737,0.950737,360.360,2.775,2.765,2.979,3.030,3.138,8.673,0.194,,128,4000,400,192,11,gpu_search,/scratch3/workspace/juelinliu_umass_edu-gpu-mvr/gpu-mvr/profiling/chimera_chunk_targets/logs/20260429T172145Z/lotte/chimera/targets090_095_chunks1-12_slots1_runs3.log,0,/scratch3/workspace/juelinliu_umass_edu-gpu-mvr/gpu-mvr/gpu-mvr/build/gpu_search --query /scratch3/workspace/juelinliu_umass_edu-gpu-mvr/gpu-mvr/dataset/lotte/raw/query.bin --gt /scratch3/workspace/juelinliu_umass_edu-gpu-mvr/gpu-mvr/dataset/lotte/raw/gt.tsv --index /scratch3/workspace/juelinliu_umass_edu-gpu-mvr/gpu-mvr/dataset/lotte/gpu_mvr_2m --k 100 --nq -1 --warmup 5 --concurrent-queries 1 --config-file /scratch3/workspace/juelinliu_umass_edu-gpu-mvr/gpu-mvr/config/tmp/chimera_chunk_targets/20260429T172145Z/lotte/chimera/targets090_095_chunks1-12_slots1_runs3.csv,,1,8133.535,,r095_f1_c11_run1,2.351,-1,32,5
chimera_chunk_targets,chimera,lotte,0.95,f1,11,1,100,2,0.96288,0.950665,0.950665,359.527,2.781,2.774,2.962,3.022,3.157,8.631,0.188,,128,4000,400,192,11,gpu_search,/scratch3/workspace/juelinliu_umass_edu-gpu-mvr/gpu-mvr/profiling/chimera_chunk_targets/logs/20260429T172145Z/lotte/chimera/targets090_095_chunks1-12_slots1_runs3.log,0,/scratch3/workspace/juelinliu_umass_edu-gpu-mvr/gpu-mvr/gpu-mvr/build/gpu_search --query /scratch3/workspace/juelinliu_umass_edu-gpu-mvr/gpu-mvr/dataset/lotte/raw/query.bin --gt /scratch3/workspace/juelinliu_umass_edu-gpu-mvr/gpu-mvr/dataset/lotte/raw/gt.tsv --index /scratch3/workspace/juelinliu_umass_edu-gpu-mvr/gpu-mvr/dataset/lotte/gpu_mvr_2m --k 100 --nq -1 --warmup 5 --concurrent-queries 1 --config-file /scratch3/workspace/juelinliu_umass_edu-gpu-mvr/gpu-mvr/config/tmp/chimera_chunk_targets/20260429T172145Z/lotte/chimera/targets090_095_chunks1-12_slots1_runs3.csv,,1,8152.389,,r095_f1_c11_run2,2.237,-1,32,5
chimera_chunk_targets,chimera,lotte,0.95,f1,11,1,100,3,0.96288,0.950686,0.950686,333.355,3.000,2.956,3.158,3.230,3.670,12.512,0.525,,128,4000,400,192,11,gpu_search,/scratch3/workspace/juelinliu_umass_edu-gpu-mvr/gpu-mvr/profiling/chimera_chunk_targets/logs/20260429T172145Z/lotte/chimera/targets090_095_chunks1-12_slots1_runs3.log,0,/scratch3/workspace/juelinliu_umass_edu-gpu-mvr/gpu-mvr/gpu-mvr/build/gpu_search --query /scratch3/workspace/juelinliu_umass_edu-gpu-mvr/gpu-mvr/dataset/lotte/raw/query.bin --gt /scratch3/workspace/juelinliu_umass_edu-gpu-mvr/gpu-mvr/dataset/lotte/raw/gt.tsv --index /scratch3/workspace/juelinliu_umass_edu-gpu-mvr/gpu-mvr/dataset/lotte/gpu_mvr_2m --k 100 --nq -1 --warmup 5 --concurrent-queries 1 --config-file /scratch3/workspace/juelinliu_umass_edu-gpu-mvr/gpu-mvr/config/tmp/chimera_chunk_targets/20260429T172145Z/lotte/chimera/targets090_095_chunks1-12_slots1_runs3.csv,,1,8792.441,,r095_f1_c11_run3,2.388,-1,32,5
chimera_chunk_targets,chimera,lotte,0.95,f1,12,1,100,1,0.96288,0.950764,0.950764,329.313,3.036,3.031,3.265,3.336,3.478,10.239,0.318,,128,4000,400,192,12,gpu_search,/scratch3/workspace/juelinliu_umass_edu-gpu-mvr/gpu-mvr/profiling/chimera_chunk_targets/logs/20260429T172145Z/lotte/chimera/targets090_095_chunks1-12_slots1_runs3.log,0,/scratch3/workspace/juelinliu_umass_edu-gpu-mvr/gpu-mvr/gpu-mvr/build/gpu_search --query /scratch3/workspace/juelinliu_umass_edu-gpu-mvr/gpu-mvr/dataset/lotte/raw/query.bin --gt /scratch3/workspace/juelinliu_umass_edu-gpu-mvr/gpu-mvr/dataset/lotte/raw/gt.tsv --index /scratch3/workspace/juelinliu_umass_edu-gpu-mvr/gpu-mvr/dataset/lotte/gpu_mvr_2m --k 100 --nq -1 --warmup 5 --concurrent-queries 1 --config-file /scratch3/workspace/juelinliu_umass_edu-gpu-mvr/gpu-mvr/config/tmp/chimera_chunk_targets/20260429T172145Z/lotte/chimera/targets090_095_chunks1-12_slots1_runs3.csv,,1,8900.344,,r095_f1_c12_run1,2.432,-1,32,5
chimera_chunk_targets,chimera,lotte,0.95,f1,12,1,100,2,0.962777,0.950686,0.950686,339.492,2.945,2.901,3.229,3.314,3.573,10.340,0.363,,128,4000,400,192,12,gpu_search,/scratch3/workspace/juelinliu_umass_edu-gpu-mvr/gpu-mvr/profiling/chimera_chunk_targets/logs/20260429T172145Z/lotte/chimera/targets090_095_chunks1-12_slots1_runs3.log,0,/scratch3/workspace/juelinliu_umass_edu-gpu-mvr/gpu-mvr/gpu-mvr/build/gpu_search --query /scratch3/workspace/juelinliu_umass_edu-gpu-mvr/gpu-mvr/dataset/lotte/raw/query.bin --gt /scratch3/workspace/juelinliu_umass_edu-gpu-mvr/gpu-mvr/dataset/lotte/raw/gt.tsv --index /scratch3/workspace/juelinliu_umass_edu-gpu-mvr/gpu-mvr/dataset/lotte/gpu_mvr_2m --k 100 --nq -1 --warmup 5 --concurrent-queries 1 --config-file /scratch3/workspace/juelinliu_umass_edu-gpu-mvr/gpu-mvr/config/tmp/chimera_chunk_targets/20260429T172145Z/lotte/chimera/targets090_095_chunks1-12_slots1_runs3.csv,,1,8633.484,,r095_f1_c12_run2,2.371,-1,32,5
chimera_chunk_targets,chimera,lotte,0.95,f1,12,1,100,3,0.962845,0.950689,0.950689,327.094,3.057,3.037,3.287,3.374,3.878,12.199,0.443,9139.38,128,4000,400,192,12,gpu_search,/scratch3/workspace/juelinliu_umass_edu-gpu-mvr/gpu-mvr/profiling/chimera_chunk_targets/logs/20260429T172145Z/lotte/chimera/targets090_095_chunks1-12_slots1_runs3.log,0,/scratch3/workspace/juelinliu_umass_edu-gpu-mvr/gpu-mvr/gpu-mvr/build/gpu_search --query /scratch3/workspace/juelinliu_umass_edu-gpu-mvr/gpu-mvr/dataset/lotte/raw/query.bin --gt /scratch3/workspace/juelinliu_umass_edu-gpu-mvr/gpu-mvr/dataset/lotte/raw/gt.tsv --index /scratch3/workspace/juelinliu_umass_edu-gpu-mvr/gpu-mvr/dataset/lotte/gpu_mvr_2m --k 100 --nq -1 --warmup 5 --concurrent-queries 1 --config-file /scratch3/workspace/juelinliu_umass_edu-gpu-mvr/gpu-mvr/config/tmp/chimera_chunk_targets/20260429T172145Z/lotte/chimera/targets090_095_chunks1-12_slots1_runs3.csv,,1,8960.720,9139.38,r095_f1_c12_run3,2.347,-1,32,5
chimera_chunk_targets,chimera,msmarco,0.90,b2,1,1,100,1,0.963797,0.917335,0.917335,552.558,1.810,1.792,1.961,2.019,2.164,6.090,0.191,,64,1800,180,96,1,gpu_search,/scratch3/workspace/juelinliu_umass_edu-gpu-mvr/gpu-mvr/profiling/chimera_chunk_targets/logs/20260429T172145Z/msmarco/chimera/targets090_095_chunks1-12_slots1_runs3.log,0,/scratch3/workspace/juelinliu_umass_edu-gpu-mvr/gpu-mvr/gpu-mvr/build/gpu_search --query /scratch3/workspace/juelinliu_umass_edu-gpu-mvr/gpu-mvr/dataset/msmarco/raw/query.bin --gt /scratch3/workspace/juelinliu_umass_edu-gpu-mvr/gpu-mvr/dataset/msmarco/raw/gt.tsv --index /scratch3/workspace/juelinliu_umass_edu-gpu-mvr/gpu-mvr/dataset/msmarco/gpu_mvr_2m --k 100 --nq -1 --warmup 5 --concurrent-queries 1 --config-file /scratch3/workspace/juelinliu_umass_edu-gpu-mvr/gpu-mvr/config/tmp/chimera_chunk_targets/20260429T172145Z/msmarco/chimera/targets090_095_chunks1-12_slots1_runs3.csv,,1,12632.153,,r090_b2_c1_run1,1.468,-1,32,5
chimera_chunk_targets,chimera,msmarco,0.90,b2,1,1,100,2,0.963811,0.917308,0.917308,555.067,1.801,1.778,1.943,2.004,2.144,17.239,0.339,,64,1800,180,96,1,gpu_search,/scratch3/workspace/juelinliu_umass_edu-gpu-mvr/gpu-mvr/profiling/chimera_chunk_targets/logs/20260429T172145Z/msmarco/chimera/targets090_095_chunks1-12_slots1_runs3.log,0,/scratch3/workspace/juelinliu_umass_edu-gpu-mvr/gpu-mvr/gpu-mvr/build/gpu_search --query /scratch3/workspace/juelinliu_umass_edu-gpu-mvr/gpu-mvr/dataset/msmarco/raw/query.bin --gt /scratch3/workspace/juelinliu_umass_edu-gpu-mvr/gpu-mvr/dataset/msmarco/raw/gt.tsv --index /scratch3/workspace/juelinliu_umass_edu-gpu-mvr/gpu-mvr/dataset/msmarco/gpu_mvr_2m --k 100 --nq -1 --warmup 5 --concurrent-queries 1 --config-file /scratch3/workspace/juelinliu_umass_edu-gpu-mvr/gpu-mvr/config/tmp/chimera_chunk_targets/20260429T172145Z/msmarco/chimera/targets090_095_chunks1-12_slots1_runs3.csv,,1,12575.067,,r090_b2_c1_run2,1.455,-1,32,5
chimera_chunk_targets,chimera,msmarco,0.90,b2,1,1,100,3,0.963782,0.917298,0.917298,557.276,1.794,1.766,1.931,1.991,2.128,13.399,0.398,,64,1800,180,96,1,gpu_search,/scratch3/workspace/juelinliu_umass_edu-gpu-mvr/gpu-mvr/profiling/chimera_chunk_targets/logs/20260429T172145Z/msmarco/chimera/targets090_095_chunks1-12_slots1_runs3.log,0,/scratch3/workspace/juelinliu_umass_edu-gpu-mvr/gpu-mvr/gpu-mvr/build/gpu_search --query /scratch3/workspace/juelinliu_umass_edu-gpu-mvr/gpu-mvr/dataset/msmarco/raw/query.bin --gt /scratch3/workspace/juelinliu_umass_edu-gpu-mvr/gpu-mvr/dataset/msmarco/raw/gt.tsv --index /scratch3/workspace/juelinliu_umass_edu-gpu-mvr/gpu-mvr/dataset/msmarco/gpu_mvr_2m --k 100 --nq -1 --warmup 5 --concurrent-queries 1 --config-file /scratch3/workspace/juelinliu_umass_edu-gpu-mvr/gpu-mvr/config/tmp/chimera_chunk_targets/20260429T172145Z/msmarco/chimera/targets090_095_chunks1-12_slots1_runs3.csv,,1,12525.206,,r090_b2_c1_run3,1.451,-1,32,5
chimera_chunk_targets,chimera,msmarco,0.90,b2,2,1,100,1,0.963797,0.917362,0.917362,563.670,1.774,1.754,1.912,1.968,2.101,9.308,0.234,,64,1800,180,96,2,gpu_search,/scratch3/workspace/juelinliu_umass_edu-gpu-mvr/gpu-mvr/profiling/chimera_chunk_targets/logs/20260429T172145Z/msmarco/chimera/targets090_095_chunks1-12_slots1_runs3.log,0,/scratch3/workspace/juelinliu_umass_edu-gpu-mvr/gpu-mvr/gpu-mvr/build/gpu_search --query /scratch3/workspace/juelinliu_umass_edu-gpu-mvr/gpu-mvr/dataset/msmarco/raw/query.bin --gt /scratch3/workspace/juelinliu_umass_edu-gpu-mvr/gpu-mvr/dataset/msmarco/raw/gt.tsv --index /scratch3/workspace/juelinliu_umass_edu-gpu-mvr/gpu-mvr/dataset/msmarco/gpu_mvr_2m --k 100 --nq -1 --warmup 5 --concurrent-queries 1 --config-file /scratch3/workspace/juelinliu_umass_edu-gpu-mvr/gpu-mvr/config/tmp/chimera_chunk_targets/20260429T172145Z/msmarco/chimera/targets090_095_chunks1-12_slots1_runs3.csv,,1,12383.128,,r090_b2_c2_run1,1.409,-1,32,5
chimera_chunk_targets,chimera,msmarco,0.90,b2,2,1,100,2,0.963797,0.917344,0.917344,561.734,1.780,1.757,1.919,1.980,2.114,9.834,0.299,,64,1800,180,96,2,gpu_search,/scratch3/workspace/juelinliu_umass_edu-gpu-mvr/gpu-mvr/profiling/chimera_chunk_targets/logs/20260429T172145Z/msmarco/chimera/targets090_095_chunks1-12_slots1_runs3.log,0,/scratch3/workspace/juelinliu_umass_edu-gpu-mvr/gpu-mvr/gpu-mvr/build/gpu_search --query /scratch3/workspace/juelinliu_umass_edu-gpu-mvr/gpu-mvr/dataset/msmarco/raw/query.bin --gt /scratch3/workspace/juelinliu_umass_edu-gpu-mvr/gpu-mvr/dataset/msmarco/raw/gt.tsv --index /scratch3/workspace/juelinliu_umass_edu-gpu-mvr/gpu-mvr/dataset/msmarco/gpu_mvr_2m --k 100 --nq -1 --warmup 5 --concurrent-queries 1 --config-file /scratch3/workspace/juelinliu_umass_edu-gpu-mvr/gpu-mvr/config/tmp/chimera_chunk_targets/20260429T172145Z/msmarco/chimera/targets090_095_chunks1-12_slots1_runs3.csv,,1,12425.810,,r090_b2_c2_run2,1.439,-1,32,5
chimera_chunk_targets,chimera,msmarco,0.90,b2,2,1,100,3,0.963797,0.917287,0.917287,562.759,1.777,1.756,1.917,1.974,2.094,9.852,0.270,,64,1800,180,96,2,gpu_search,/scratch3/workspace/juelinliu_umass_edu-gpu-mvr/gpu-mvr/profiling/chimera_chunk_targets/logs/20260429T172145Z/msmarco/chimera/targets090_095_chunks1-12_slots1_runs3.log,0,/scratch3/workspace/juelinliu_umass_edu-gpu-mvr/gpu-mvr/gpu-mvr/build/gpu_search --query /scratch3/workspace/juelinliu_umass_edu-gpu-mvr/gpu-mvr/dataset/msmarco/raw/query.bin --gt /scratch3/workspace/juelinliu_umass_edu-gpu-mvr/gpu-mvr/dataset/msmarco/raw/gt.tsv --index /scratch3/workspace/juelinliu_umass_edu-gpu-mvr/gpu-mvr/dataset/msmarco/gpu_mvr_2m --k 100 --nq -1 --warmup 5 --concurrent-queries 1 --config-file /scratch3/workspace/juelinliu_umass_edu-gpu-mvr/gpu-mvr/config/tmp/chimera_chunk_targets/20260429T172145Z/msmarco/chimera/targets090_095_chunks1-12_slots1_runs3.csv,,1,12403.171,,r090_b2_c2_run3,1.438,-1,32,5
chimera_chunk_targets,chimera,msmarco,0.90,b2,3,1,100,1,0.963797,0.917327,0.917327,538.131,1.858,1.828,2.003,2.069,2.232,9.870,0.351,,64,1800,180,96,3,gpu_search,/scratch3/workspace/juelinliu_umass_edu-gpu-mvr/gpu-mvr/profiling/chimera_chunk_targets/logs/20260429T172145Z/msmarco/chimera/targets090_095_chunks1-12_slots1_runs3.log,0,/scratch3/workspace/juelinliu_umass_edu-gpu-mvr/gpu-mvr/gpu-mvr/build/gpu_search --query /scratch3/workspace/juelinliu_umass_edu-gpu-mvr/gpu-mvr/dataset/msmarco/raw/query.bin --gt /scratch3/workspace/juelinliu_umass_edu-gpu-mvr/gpu-mvr/dataset/msmarco/raw/gt.tsv --index /scratch3/workspace/juelinliu_umass_edu-gpu-mvr/gpu-mvr/dataset/msmarco/gpu_mvr_2m --k 100 --nq -1 --warmup 5 --concurrent-queries 1 --config-file /scratch3/workspace/juelinliu_umass_edu-gpu-mvr/gpu-mvr/config/tmp/chimera_chunk_targets/20260429T172145Z/msmarco/chimera/targets090_095_chunks1-12_slots1_runs3.csv,,1,12970.822,,r090_b2_c3_run1,1.506,-1,32,5
chimera_chunk_targets,chimera,msmarco,0.90,b2,3,1,100,2,0.963797,0.917298,0.917298,543.526,1.840,1.815,1.986,2.048,2.203,9.372,0.275,,64,1800,180,96,3,gpu_search,/scratch3/workspace/juelinliu_umass_edu-gpu-mvr/gpu-mvr/profiling/chimera_chunk_targets/logs/20260429T172145Z/msmarco/chimera/targets090_095_chunks1-12_slots1_runs3.log,0,/scratch3/workspace/juelinliu_umass_edu-gpu-mvr/gpu-mvr/gpu-mvr/build/gpu_search --query /scratch3/workspace/juelinliu_umass_edu-gpu-mvr/gpu-mvr/dataset/msmarco/raw/query.bin --gt /scratch3/workspace/juelinliu_umass_edu-gpu-mvr/gpu-mvr/dataset/msmarco/raw/gt.tsv --index /scratch3/workspace/juelinliu_umass_edu-gpu-mvr/gpu-mvr/dataset/msmarco/gpu_mvr_2m --k 100 --nq -1 --warmup 5 --concurrent-queries 1 --config-file /scratch3/workspace/juelinliu_umass_edu-gpu-mvr/gpu-mvr/config/tmp/chimera_chunk_targets/20260429T172145Z/msmarco/chimera/targets090_095_chunks1-12_slots1_runs3.csv,,1,12842.068,,r090_b2_c3_run2,1.491,-1,32,5
chimera_chunk_targets,chimera,msmarco,0.90,b2,3,1,100,3,0.963797,0.917269,0.917269,554.214,1.804,1.791,1.952,2.007,2.119,9.063,0.171,,64,1800,180,96,3,gpu_search,/scratch3/workspace/juelinliu_umass_edu-gpu-mvr/gpu-mvr/profiling/chimera_chunk_targets/logs/20260429T172145Z/msmarco/chimera/targets090_095_chunks1-12_slots1_runs3.log,0,/scratch3/workspace/juelinliu_umass_edu-gpu-mvr/gpu-mvr/gpu-mvr/build/gpu_search --query /scratch3/workspace/juelinliu_umass_edu-gpu-mvr/gpu-mvr/dataset/msmarco/raw/query.bin --gt /scratch3/workspace/juelinliu_umass_edu-gpu-mvr/gpu-mvr/dataset/msmarco/raw/gt.tsv --index /scratch3/workspace/juelinliu_umass_edu-gpu-mvr/gpu-mvr/dataset/msmarco/gpu_mvr_2m --k 100 --nq -1 --warmup 5 --concurrent-queries 1 --config-file /scratch3/workspace/juelinliu_umass_edu-gpu-mvr/gpu-mvr/config/tmp/chimera_chunk_targets/20260429T172145Z/msmarco/chimera/targets090_095_chunks1-12_slots1_runs3.csv,,1,12594.417,,r090_b2_c3_run3,1.443,-1,32,5
chimera_chunk_targets,chimera,msmarco,0.90,b2,4,1,100,1,0.963782,0.917324,0.917324,516.975,1.934,1.910,2.082,2.142,2.298,9.252,0.303,,64,1800,180,96,4,gpu_search,/scratch3/workspace/juelinliu_umass_edu-gpu-mvr/gpu-mvr/profiling/chimera_chunk_targets/logs/20260429T172145Z/msmarco/chimera/targets090_095_chunks1-12_slots1_runs3.log,0,/scratch3/workspace/juelinliu_umass_edu-gpu-mvr/gpu-mvr/gpu-mvr/build/gpu_search --query /scratch3/workspace/juelinliu_umass_edu-gpu-mvr/gpu-mvr/dataset/msmarco/raw/query.bin --gt /scratch3/workspace/juelinliu_umass_edu-gpu-mvr/gpu-mvr/dataset/msmarco/raw/gt.tsv --index /scratch3/workspace/juelinliu_umass_edu-gpu-mvr/gpu-mvr/dataset/msmarco/gpu_mvr_2m --k 100 --nq -1 --warmup 5 --concurrent-queries 1 --config-file /scratch3/workspace/juelinliu_umass_edu-gpu-mvr/gpu-mvr/config/tmp/chimera_chunk_targets/20260429T172145Z/msmarco/chimera/targets090_095_chunks1-12_slots1_runs3.csv,,1,13501.614,,r090_b2_c4_run1,1.593,-1,32,5
chimera_chunk_targets,chimera,msmarco,0.90,b2,4,1,100,2,0.963797,0.917337,0.917337,529.213,1.889,1.879,2.041,2.093,2.209,6.144,0.132,,64,1800,180,96,4,gpu_search,/scratch3/workspace/juelinliu_umass_edu-gpu-mvr/gpu-mvr/profiling/chimera_chunk_targets/logs/20260429T172145Z/msmarco/chimera/targets090_095_chunks1-12_slots1_runs3.log,0,/scratch3/workspace/juelinliu_umass_edu-gpu-mvr/gpu-mvr/gpu-mvr/build/gpu_search --query /scratch3/workspace/juelinliu_umass_edu-gpu-mvr/gpu-mvr/dataset/msmarco/raw/query.bin --gt /scratch3/workspace/juelinliu_umass_edu-gpu-mvr/gpu-mvr/dataset/msmarco/raw/gt.tsv --index /scratch3/workspace/juelinliu_umass_edu-gpu-mvr/gpu-mvr/dataset/msmarco/gpu_mvr_2m --k 100 --nq -1 --warmup 5 --concurrent-queries 1 --config-file /scratch3/workspace/juelinliu_umass_edu-gpu-mvr/gpu-mvr/config/tmp/chimera_chunk_targets/20260429T172145Z/msmarco/chimera/targets090_095_chunks1-12_slots1_runs3.csv,,1,13189.406,,r090_b2_c4_run2,1.544,-1,32,5
chimera_chunk_targets,chimera,msmarco,0.90,b2,4,1,100,3,0.963811,0.917305,0.917305,515.876,1.938,1.905,2.077,2.137,2.339,13.254,0.413,,64,1800,180,96,4,gpu_search,/scratch3/workspace/juelinliu_umass_edu-gpu-mvr/gpu-mvr/profiling/chimera_chunk_targets/logs/20260429T172145Z/msmarco/chimera/targets090_095_chunks1-12_slots1_runs3.log,0,/scratch3/workspace/juelinliu_umass_edu-gpu-mvr/gpu-mvr/gpu-mvr/build/gpu_search --query /scratch3/workspace/juelinliu_umass_edu-gpu-mvr/gpu-mvr/dataset/msmarco/raw/query.bin --gt /scratch3/workspace/juelinliu_umass_edu-gpu-mvr/gpu-mvr/dataset/msmarco/raw/gt.tsv --index /scratch3/workspace/juelinliu_umass_edu-gpu-mvr/gpu-mvr/dataset/msmarco/gpu_mvr_2m --k 100 --nq -1 --warmup 5 --concurrent-queries 1 --config-file /scratch3/workspace/juelinliu_umass_edu-gpu-mvr/gpu-mvr/config/tmp/chimera_chunk_targets/20260429T172145Z/msmarco/chimera/targets090_095_chunks1-12_slots1_runs3.csv,,1,13530.382,,r090_b2_c4_run3,1.569,-1,32,5
chimera_chunk_targets,chimera,msmarco,0.90,b2,5,1,100,1,0.963782,0.917328,0.917328,497.711,2.009,1.996,2.165,2.224,2.353,5.676,0.164,,64,1800,180,96,5,gpu_search,/scratch3/workspace/juelinliu_umass_edu-gpu-mvr/gpu-mvr/profiling/chimera_chunk_targets/logs/20260429T172145Z/msmarco/chimera/targets090_095_chunks1-12_slots1_runs3.log,0,/scratch3/workspace/juelinliu_umass_edu-gpu-mvr/gpu-mvr/gpu-mvr/build/gpu_search --query /scratch3/workspace/juelinliu_umass_edu-gpu-mvr/gpu-mvr/dataset/msmarco/raw/query.bin --gt /scratch3/workspace/juelinliu_umass_edu-gpu-mvr/gpu-mvr/dataset/msmarco/raw/gt.tsv --index /scratch3/workspace/juelinliu_umass_edu-gpu-mvr/gpu-mvr/dataset/msmarco/gpu_mvr_2m --k 100 --nq -1 --warmup 5 --concurrent-queries 1 --config-file /scratch3/workspace/juelinliu_umass_edu-gpu-mvr/gpu-mvr/config/tmp/chimera_chunk_targets/20260429T172145Z/msmarco/chimera/targets090_095_chunks1-12_slots1_runs3.csv,,1,14024.204,,r090_b2_c5_run1,1.617,-1,32,5
chimera_chunk_targets,chimera,msmarco,0.90,b2,5,1,100,2,0.963797,0.917324,0.917324,490.195,2.040,2.013,2.196,2.258,2.443,5.786,0.242,,64,1800,180,96,5,gpu_search,/scratch3/workspace/juelinliu_umass_edu-gpu-mvr/gpu-mvr/profiling/chimera_chunk_targets/logs/20260429T172145Z/msmarco/chimera/targets090_095_chunks1-12_slots1_runs3.log,0,/scratch3/workspace/juelinliu_umass_edu-gpu-mvr/gpu-mvr/gpu-mvr/build/gpu_search --query /scratch3/workspace/juelinliu_umass_edu-gpu-mvr/gpu-mvr/dataset/msmarco/raw/query.bin --gt /scratch3/workspace/juelinliu_umass_edu-gpu-mvr/gpu-mvr/dataset/msmarco/raw/gt.tsv --index /scratch3/workspace/juelinliu_umass_edu-gpu-mvr/gpu-mvr/dataset/msmarco/gpu_mvr_2m --k 100 --nq -1 --warmup 5 --concurrent-queries 1 --config-file /scratch3/workspace/juelinliu_umass_edu-gpu-mvr/gpu-mvr/config/tmp/chimera_chunk_targets/20260429T172145Z/msmarco/chimera/targets090_095_chunks1-12_slots1_runs3.csv,,1,14239.229,,r090_b2_c5_run2,1.644,-1,32,5
chimera_chunk_targets,chimera,msmarco,0.90,b2,5,1,100,3,0.963811,0.917341,0.917341,495.991,2.016,2.004,2.170,2.225,2.364,5.921,0.164,,64,1800,180,96,5,gpu_search,/scratch3/workspace/juelinliu_umass_edu-gpu-mvr/gpu-mvr/profiling/chimera_chunk_targets/logs/20260429T172145Z/msmarco/chimera/targets090_095_chunks1-12_slots1_runs3.log,0,/scratch3/workspace/juelinliu_umass_edu-gpu-mvr/gpu-mvr/gpu-mvr/build/gpu_search --query /scratch3/workspace/juelinliu_umass_edu-gpu-mvr/gpu-mvr/dataset/msmarco/raw/query.bin --gt /scratch3/workspace/juelinliu_umass_edu-gpu-mvr/gpu-mvr/dataset/msmarco/raw/gt.tsv --index /scratch3/workspace/juelinliu_umass_edu-gpu-mvr/gpu-mvr/dataset/msmarco/gpu_mvr_2m --k 100 --nq -1 --warmup 5 --concurrent-queries 1 --config-file /scratch3/workspace/juelinliu_umass_edu-gpu-mvr/gpu-mvr/config/tmp/chimera_chunk_targets/20260429T172145Z/msmarco/chimera/targets090_095_chunks1-12_slots1_runs3.csv,,1,14072.831,,r090_b2_c5_run3,1.601,-1,32,5
chimera_chunk_targets,chimera,msmarco,0.90,b2,6,1,100,1,0.963811,0.917345,0.917345,466.030,2.146,2.132,2.314,2.374,2.521,6.450,0.193,,64,1800,180,96,6,gpu_search,/scratch3/workspace/juelinliu_umass_edu-gpu-mvr/gpu-mvr/profiling/chimera_chunk_targets/logs/20260429T172145Z/msmarco/chimera/targets090_095_chunks1-12_slots1_runs3.log,0,/scratch3/workspace/juelinliu_umass_edu-gpu-mvr/gpu-mvr/gpu-mvr/build/gpu_search --query /scratch3/workspace/juelinliu_umass_edu-gpu-mvr/gpu-mvr/dataset/msmarco/raw/query.bin --gt /scratch3/workspace/juelinliu_umass_edu-gpu-mvr/gpu-mvr/dataset/msmarco/raw/gt.tsv --index /scratch3/workspace/juelinliu_umass_edu-gpu-mvr/gpu-mvr/dataset/msmarco/gpu_mvr_2m --k 100 --nq -1 --warmup 5 --concurrent-queries 1 --config-file /scratch3/workspace/juelinliu_umass_edu-gpu-mvr/gpu-mvr/config/tmp/chimera_chunk_targets/20260429T172145Z/msmarco/chimera/targets090_095_chunks1-12_slots1_runs3.csv,,1,14977.569,,r090_b2_c6_run1,1.690,-1,32,5
chimera_chunk_targets,chimera,msmarco,0.90,b2,6,1,100,2,0.963811,0.917362,0.917362,472.435,2.117,2.099,2.286,2.349,2.498,6.278,0.197,,64,1800,180,96,6,gpu_search,/scratch3/workspace/juelinliu_umass_edu-gpu-mvr/gpu-mvr/profiling/chimera_chunk_targets/logs/20260429T172145Z/msmarco/chimera/targets090_095_chunks1-12_slots1_runs3.log,0,/scratch3/workspace/juelinliu_umass_edu-gpu-mvr/gpu-mvr/gpu-mvr/build/gpu_search --query /scratch3/workspace/juelinliu_umass_edu-gpu-mvr/gpu-mvr/dataset/msmarco/raw/query.bin --gt /scratch3/workspace/juelinliu_umass_edu-gpu-mvr/gpu-mvr/dataset/msmarco/raw/gt.tsv --index /scratch3/workspace/juelinliu_umass_edu-gpu-mvr/gpu-mvr/dataset/msmarco/gpu_mvr_2m --k 100 --nq -1 --warmup 5 --concurrent-queries 1 --config-file /scratch3/workspace/juelinliu_umass_edu-gpu-mvr/gpu-mvr/config/tmp/chimera_chunk_targets/20260429T172145Z/msmarco/chimera/targets090_095_chunks1-12_slots1_runs3.csv,,1,14774.505,,r090_b2_c6_run2,1.700,-1,32,5
chimera_chunk_targets,chimera,msmarco,0.90,b2,6,1,100,3,0.963811,0.917289,0.917289,458.903,2.179,2.158,2.336,2.400,2.536,11.816,0.296,,64,1800,180,96,6,gpu_search,/scratch3/workspace/juelinliu_umass_edu-gpu-mvr/gpu-mvr/profiling/chimera_chunk_targets/logs/20260429T172145Z/msmarco/chimera/targets090_095_chunks1-12_slots1_runs3.log,0,/scratch3/workspace/juelinliu_umass_edu-gpu-mvr/gpu-mvr/gpu-mvr/build/gpu_search --query /scratch3/workspace/juelinliu_umass_edu-gpu-mvr/gpu-mvr/dataset/msmarco/raw/query.bin --gt /scratch3/workspace/juelinliu_umass_edu-gpu-mvr/gpu-mvr/dataset/msmarco/raw/gt.tsv --index /scratch3/workspace/juelinliu_umass_edu-gpu-mvr/gpu-mvr/dataset/msmarco/gpu_mvr_2m --k 100 --nq -1 --warmup 5 --concurrent-queries 1 --config-file /scratch3/workspace/juelinliu_umass_edu-gpu-mvr/gpu-mvr/config/tmp/chimera_chunk_targets/20260429T172145Z/msmarco/chimera/targets090_095_chunks1-12_slots1_runs3.csv,,1,15210.184,,r090_b2_c6_run3,1.729,-1,32,5
chimera_chunk_targets,chimera,msmarco,0.90,b2,7,1,100,1,0.963797,0.917317,0.917317,443.250,2.256,2.242,2.439,2.503,2.633,9.154,0.219,,64,1800,180,96,7,gpu_search,/scratch3/workspace/juelinliu_umass_edu-gpu-mvr/gpu-mvr/profiling/chimera_chunk_targets/logs/20260429T172145Z/msmarco/chimera/targets090_095_chunks1-12_slots1_runs3.log,0,/scratch3/workspace/juelinliu_umass_edu-gpu-mvr/gpu-mvr/gpu-mvr/build/gpu_search --query /scratch3/workspace/juelinliu_umass_edu-gpu-mvr/gpu-mvr/dataset/msmarco/raw/query.bin --gt /scratch3/workspace/juelinliu_umass_edu-gpu-mvr/gpu-mvr/dataset/msmarco/raw/gt.tsv --index /scratch3/workspace/juelinliu_umass_edu-gpu-mvr/gpu-mvr/dataset/msmarco/gpu_mvr_2m --k 100 --nq -1 --warmup 5 --concurrent-queries 1 --config-file /scratch3/workspace/juelinliu_umass_edu-gpu-mvr/gpu-mvr/config/tmp/chimera_chunk_targets/20260429T172145Z/msmarco/chimera/targets090_095_chunks1-12_slots1_runs3.csv,,1,15747.308,,r090_b2_c7_run1,1.778,-1,32,5
chimera_chunk_targets,chimera,msmarco,0.90,b2,7,1,100,2,0.963811,0.917341,0.917341,438.995,2.278,2.256,2.466,2.538,2.761,8.730,0.307,,64,1800,180,96,7,gpu_search,/scratch3/workspace/juelinliu_umass_edu-gpu-mvr/gpu-mvr/profiling/chimera_chunk_targets/logs/20260429T172145Z/msmarco/chimera/targets090_095_chunks1-12_slots1_runs3.log,0,/scratch3/workspace/juelinliu_umass_edu-gpu-mvr/gpu-mvr/gpu-mvr/build/gpu_search --query /scratch3/workspace/juelinliu_umass_edu-gpu-mvr/gpu-mvr/dataset/msmarco/raw/query.bin --gt /scratch3/workspace/juelinliu_umass_edu-gpu-mvr/gpu-mvr/dataset/msmarco/raw/gt.tsv --index /scratch3/workspace/juelinliu_umass_edu-gpu-mvr/gpu-mvr/dataset/msmarco/gpu_mvr_2m --k 100 --nq -1 --warmup 5 --concurrent-queries 1 --config-file /scratch3/workspace/juelinliu_umass_edu-gpu-mvr/gpu-mvr/config/tmp/chimera_chunk_targets/20260429T172145Z/msmarco/chimera/targets090_095_chunks1-12_slots1_runs3.csv,,1,15899.949,,r090_b2_c7_run2,1.709,-1,32,5
chimera_chunk_targets,chimera,msmarco,0.90,b2,7,1,100,3,0.963797,0.917309,0.917309,443.649,2.254,2.236,2.432,2.496,2.642,8.030,0.195,,64,1800,180,96,7,gpu_search,/scratch3/workspace/juelinliu_umass_edu-gpu-mvr/gpu-mvr/profiling/chimera_chunk_targets/logs/20260429T172145Z/msmarco/chimera/targets090_095_chunks1-12_slots1_runs3.log,0,/scratch3/workspace/juelinliu_umass_edu-gpu-mvr/gpu-mvr/gpu-mvr/build/gpu_search --query /scratch3/workspace/juelinliu_umass_edu-gpu-mvr/gpu-mvr/dataset/msmarco/raw/query.bin --gt /scratch3/workspace/juelinliu_umass_edu-gpu-mvr/gpu-mvr/dataset/msmarco/raw/gt.tsv --index /scratch3/workspace/juelinliu_umass_edu-gpu-mvr/gpu-mvr/dataset/msmarco/gpu_mvr_2m --k 100 --nq -1 --warmup 5 --concurrent-queries 1 --config-file /scratch3/workspace/juelinliu_umass_edu-gpu-mvr/gpu-mvr/config/tmp/chimera_chunk_targets/20260429T172145Z/msmarco/chimera/targets090_095_chunks1-12_slots1_runs3.csv,,1,15733.144,,r090_b2_c7_run3,1.838,-1,32,5
chimera_chunk_targets,chimera,msmarco,0.90,b2,8,1,100,1,0.963797,0.91734,0.91734,419.030,2.386,2.365,2.573,2.635,2.836,7.841,0.245,,64,1800,180,96,8,gpu_search,/scratch3/workspace/juelinliu_umass_edu-gpu-mvr/gpu-mvr/profiling/chimera_chunk_targets/logs/20260429T172145Z/msmarco/chimera/targets090_095_chunks1-12_slots1_runs3.log,0,/scratch3/workspace/juelinliu_umass_edu-gpu-mvr/gpu-mvr/gpu-mvr/build/gpu_search --query /scratch3/workspace/juelinliu_umass_edu-gpu-mvr/gpu-mvr/dataset/msmarco/raw/query.bin --gt /scratch3/workspace/juelinliu_umass_edu-gpu-mvr/gpu-mvr/dataset/msmarco/raw/gt.tsv --index /scratch3/workspace/juelinliu_umass_edu-gpu-mvr/gpu-mvr/dataset/msmarco/gpu_mvr_2m --k 100 --nq -1 --warmup 5 --concurrent-queries 1 --config-file /scratch3/workspace/juelinliu_umass_edu-gpu-mvr/gpu-mvr/config/tmp/chimera_chunk_targets/20260429T172145Z/msmarco/chimera/targets090_095_chunks1-12_slots1_runs3.csv,,1,16657.518,,r090_b2_c8_run1,1.817,-1,32,5
chimera_chunk_targets,chimera,msmarco,0.90,b2,8,1,100,2,0.963797,0.917344,0.917344,417.608,2.394,2.370,2.596,2.660,2.823,9.053,0.234,,64,1800,180,96,8,gpu_search,/scratch3/workspace/juelinliu_umass_edu-gpu-mvr/gpu-mvr/profiling/chimera_chunk_targets/logs/20260429T172145Z/msmarco/chimera/targets090_095_chunks1-12_slots1_runs3.log,0,/scratch3/workspace/juelinliu_umass_edu-gpu-mvr/gpu-mvr/gpu-mvr/build/gpu_search --query /scratch3/workspace/juelinliu_umass_edu-gpu-mvr/gpu-mvr/dataset/msmarco/raw/query.bin --gt /scratch3/workspace/juelinliu_umass_edu-gpu-mvr/gpu-mvr/dataset/msmarco/raw/gt.tsv --index /scratch3/workspace/juelinliu_umass_edu-gpu-mvr/gpu-mvr/dataset/msmarco/gpu_mvr_2m --k 100 --nq -1 --warmup 5 --concurrent-queries 1 --config-file /scratch3/workspace/juelinliu_umass_edu-gpu-mvr/gpu-mvr/config/tmp/chimera_chunk_targets/20260429T172145Z/msmarco/chimera/targets090_095_chunks1-12_slots1_runs3.csv,,1,16714.235,,r090_b2_c8_run2,1.863,-1,32,5
chimera_chunk_targets,chimera,msmarco,0.90,b2,8,1,100,3,0.963811,0.917328,0.917328,422.270,2.368,2.353,2.552,2.619,2.754,7.878,0.200,,64,1800,180,96,8,gpu_search,/scratch3/workspace/juelinliu_umass_edu-gpu-mvr/gpu-mvr/profiling/chimera_chunk_targets/logs/20260429T172145Z/msmarco/chimera/targets090_095_chunks1-12_slots1_runs3.log,0,/scratch3/workspace/juelinliu_umass_edu-gpu-mvr/gpu-mvr/gpu-mvr/build/gpu_search --query /scratch3/workspace/juelinliu_umass_edu-gpu-mvr/gpu-mvr/dataset/msmarco/raw/query.bin --gt /scratch3/workspace/juelinliu_umass_edu-gpu-mvr/gpu-mvr/dataset/msmarco/raw/gt.tsv --index /scratch3/workspace/juelinliu_umass_edu-gpu-mvr/gpu-mvr/dataset/msmarco/gpu_mvr_2m --k 100 --nq -1 --warmup 5 --concurrent-queries 1 --config-file /scratch3/workspace/juelinliu_umass_edu-gpu-mvr/gpu-mvr/config/tmp/chimera_chunk_targets/20260429T172145Z/msmarco/chimera/targets090_095_chunks1-12_slots1_runs3.csv,,1,16529.718,,r090_b2_c8_run3,1.926,-1,32,5
chimera_chunk_targets,chimera,msmarco,0.90,b2,9,1,100,1,0.963797,0.917331,0.917331,399.873,2.500,2.473,2.717,2.795,2.961,12.283,0.329,,64,1800,180,96,9,gpu_search,/scratch3/workspace/juelinliu_umass_edu-gpu-mvr/gpu-mvr/profiling/chimera_chunk_targets/logs/20260429T172145Z/msmarco/chimera/targets090_095_chunks1-12_slots1_runs3.log,0,/scratch3/workspace/juelinliu_umass_edu-gpu-mvr/gpu-mvr/gpu-mvr/build/gpu_search --query /scratch3/workspace/juelinliu_umass_edu-gpu-mvr/gpu-mvr/dataset/msmarco/raw/query.bin --gt /scratch3/workspace/juelinliu_umass_edu-gpu-mvr/gpu-mvr/dataset/msmarco/raw/gt.tsv --index /scratch3/workspace/juelinliu_umass_edu-gpu-mvr/gpu-mvr/dataset/msmarco/gpu_mvr_2m --k 100 --nq -1 --warmup 5 --concurrent-queries 1 --config-file /scratch3/workspace/juelinliu_umass_edu-gpu-mvr/gpu-mvr/config/tmp/chimera_chunk_targets/20260429T172145Z/msmarco/chimera/targets090_095_chunks1-12_slots1_runs3.csv,,1,17455.522,,r090_b2_c9_run1,1.992,-1,32,5
chimera_chunk_targets,chimera,msmarco,0.90,b2,9,1,100,2,0.963811,0.917335,0.917335,397.546,2.515,2.494,2.697,2.767,2.943,6.882,0.229,,64,1800,180,96,9,gpu_search,/scratch3/workspace/juelinliu_umass_edu-gpu-mvr/gpu-mvr/profiling/chimera_chunk_targets/logs/20260429T172145Z/msmarco/chimera/targets090_095_chunks1-12_slots1_runs3.log,0,/scratch3/workspace/juelinliu_umass_edu-gpu-mvr/gpu-mvr/gpu-mvr/build/gpu_search --query /scratch3/workspace/juelinliu_umass_edu-gpu-mvr/gpu-mvr/dataset/msmarco/raw/query.bin --gt /scratch3/workspace/juelinliu_umass_edu-gpu-mvr/gpu-mvr/dataset/msmarco/raw/gt.tsv --index /scratch3/workspace/juelinliu_umass_edu-gpu-mvr/gpu-mvr/dataset/msmarco/gpu_mvr_2m --k 100 --nq -1 --warmup 5 --concurrent-queries 1 --config-file /scratch3/workspace/juelinliu_umass_edu-gpu-mvr/gpu-mvr/config/tmp/chimera_chunk_targets/20260429T172145Z/msmarco/chimera/targets090_095_chunks1-12_slots1_runs3.csv,,1,17557.709,,r090_b2_c9_run2,2.004,-1,32,5
chimera_chunk_targets,chimera,msmarco,0.90,b2,9,1,100,3,0.963797,0.917315,0.917315,393.437,2.542,2.500,2.744,2.830,3.927,6.874,0.306,,64,1800,180,96,9,gpu_search,/scratch3/workspace/juelinliu_umass_edu-gpu-mvr/gpu-mvr/profiling/chimera_chunk_targets/logs/20260429T172145Z/msmarco/chimera/targets090_095_chunks1-12_slots1_runs3.log,0,/scratch3/workspace/juelinliu_umass_edu-gpu-mvr/gpu-mvr/gpu-mvr/build/gpu_search --query /scratch3/workspace/juelinliu_umass_edu-gpu-mvr/gpu-mvr/dataset/msmarco/raw/query.bin --gt /scratch3/workspace/juelinliu_umass_edu-gpu-mvr/gpu-mvr/dataset/msmarco/raw/gt.tsv --index /scratch3/workspace/juelinliu_umass_edu-gpu-mvr/gpu-mvr/dataset/msmarco/gpu_mvr_2m --k 100 --nq -1 --warmup 5 --concurrent-queries 1 --config-file /scratch3/workspace/juelinliu_umass_edu-gpu-mvr/gpu-mvr/config/tmp/chimera_chunk_targets/20260429T172145Z/msmarco/chimera/targets090_095_chunks1-12_slots1_runs3.csv,,1,17741.091,,r090_b2_c9_run3,1.933,-1,32,5
chimera_chunk_targets,chimera,msmarco,0.90,b2,10,1,100,1,0.963782,0.917352,0.917352,386.298,2.589,2.569,2.774,2.853,3.037,7.523,0.209,,64,1800,180,96,10,gpu_search,/scratch3/workspace/juelinliu_umass_edu-gpu-mvr/gpu-mvr/profiling/chimera_chunk_targets/logs/20260429T172145Z/msmarco/chimera/targets090_095_chunks1-12_slots1_runs3.log,0,/scratch3/workspace/juelinliu_umass_edu-gpu-mvr/gpu-mvr/gpu-mvr/build/gpu_search --query /scratch3/workspace/juelinliu_umass_edu-gpu-mvr/gpu-mvr/dataset/msmarco/raw/query.bin --gt /scratch3/workspace/juelinliu_umass_edu-gpu-mvr/gpu-mvr/dataset/msmarco/raw/gt.tsv --index /scratch3/workspace/juelinliu_umass_edu-gpu-mvr/gpu-mvr/dataset/msmarco/gpu_mvr_2m --k 100 --nq -1 --warmup 5 --concurrent-queries 1 --config-file /scratch3/workspace/juelinliu_umass_edu-gpu-mvr/gpu-mvr/config/tmp/chimera_chunk_targets/20260429T172145Z/msmarco/chimera/targets090_095_chunks1-12_slots1_runs3.csv,,1,18068.938,,r090_b2_c10_run1,2.109,-1,32,5
chimera_chunk_targets,chimera,msmarco,0.90,b2,10,1,100,2,0.963797,0.917295,0.917295,382.496,2.614,2.590,2.806,2.891,3.075,7.941,0.241,,64,1800,180,96,10,gpu_search,/scratch3/workspace/juelinliu_umass_edu-gpu-mvr/gpu-mvr/profiling/chimera_chunk_targets/logs/20260429T172145Z/msmarco/chimera/targets090_095_chunks1-12_slots1_runs3.log,0,/scratch3/workspace/juelinliu_umass_edu-gpu-mvr/gpu-mvr/gpu-mvr/build/gpu_search --query /scratch3/workspace/juelinliu_umass_edu-gpu-mvr/gpu-mvr/dataset/msmarco/raw/query.bin --gt /scratch3/workspace/juelinliu_umass_edu-gpu-mvr/gpu-mvr/dataset/msmarco/raw/gt.tsv --index /scratch3/workspace/juelinliu_umass_edu-gpu-mvr/gpu-mvr/dataset/msmarco/gpu_mvr_2m --k 100 --nq -1 --warmup 5 --concurrent-queries 1 --config-file /scratch3/workspace/juelinliu_umass_edu-gpu-mvr/gpu-mvr/config/tmp/chimera_chunk_targets/20260429T172145Z/msmarco/chimera/targets090_095_chunks1-12_slots1_runs3.csv,,1,18248.550,,r090_b2_c10_run2,2.060,-1,32,5
chimera_chunk_targets,chimera,msmarco,0.90,b2,10,1,100,3,0.963811,0.917331,0.917331,376.542,2.656,2.612,2.873,2.973,3.255,13.333,0.412,,64,1800,180,96,10,gpu_search,/scratch3/workspace/juelinliu_umass_edu-gpu-mvr/gpu-mvr/profiling/chimera_chunk_targets/logs/20260429T172145Z/msmarco/chimera/targets090_095_chunks1-12_slots1_runs3.log,0,/scratch3/workspace/juelinliu_umass_edu-gpu-mvr/gpu-mvr/gpu-mvr/build/gpu_search --query /scratch3/workspace/juelinliu_umass_edu-gpu-mvr/gpu-mvr/dataset/msmarco/raw/query.bin --gt /scratch3/workspace/juelinliu_umass_edu-gpu-mvr/gpu-mvr/dataset/msmarco/raw/gt.tsv --index /scratch3/workspace/juelinliu_umass_edu-gpu-mvr/gpu-mvr/dataset/msmarco/gpu_mvr_2m --k 100 --nq -1 --warmup 5 --concurrent-queries 1 --config-file /scratch3/workspace/juelinliu_umass_edu-gpu-mvr/gpu-mvr/config/tmp/chimera_chunk_targets/20260429T172145Z/msmarco/chimera/targets090_095_chunks1-12_slots1_runs3.csv,,1,18537.112,,r090_b2_c10_run3,2.121,-1,32,5
chimera_chunk_targets,chimera,msmarco,0.90,b2,11,1,100,1,0.963811,0.917351,0.917351,371.520,2.691,2.662,2.884,2.971,3.285,9.750,0.267,,64,1800,180,96,11,gpu_search,/scratch3/workspace/juelinliu_umass_edu-gpu-mvr/gpu-mvr/profiling/chimera_chunk_targets/logs/20260429T172145Z/msmarco/chimera/targets090_095_chunks1-12_slots1_runs3.log,0,/scratch3/workspace/juelinliu_umass_edu-gpu-mvr/gpu-mvr/gpu-mvr/build/gpu_search --query /scratch3/workspace/juelinliu_umass_edu-gpu-mvr/gpu-mvr/dataset/msmarco/raw/query.bin --gt /scratch3/workspace/juelinliu_umass_edu-gpu-mvr/gpu-mvr/dataset/msmarco/raw/gt.tsv --index /scratch3/workspace/juelinliu_umass_edu-gpu-mvr/gpu-mvr/dataset/msmarco/gpu_mvr_2m --k 100 --nq -1 --warmup 5 --concurrent-queries 1 --config-file /scratch3/workspace/juelinliu_umass_edu-gpu-mvr/gpu-mvr/config/tmp/chimera_chunk_targets/20260429T172145Z/msmarco/chimera/targets090_095_chunks1-12_slots1_runs3.csv,,1,18787.670,,r090_b2_c11_run1,2.104,-1,32,5
chimera_chunk_targets,chimera,msmarco,0.90,b2,11,1,100,2,0.963797,0.917309,0.917309,355.675,2.811,2.743,3.099,3.213,4.622,8.659,0.384,,64,1800,180,96,11,gpu_search,/scratch3/workspace/juelinliu_umass_edu-gpu-mvr/gpu-mvr/profiling/chimera_chunk_targets/logs/20260429T172145Z/msmarco/chimera/targets090_095_chunks1-12_slots1_runs3.log,0,/scratch3/workspace/juelinliu_umass_edu-gpu-mvr/gpu-mvr/gpu-mvr/build/gpu_search --query /scratch3/workspace/juelinliu_umass_edu-gpu-mvr/gpu-mvr/dataset/msmarco/raw/query.bin --gt /scratch3/workspace/juelinliu_umass_edu-gpu-mvr/gpu-mvr/dataset/msmarco/raw/gt.tsv --index /scratch3/workspace/juelinliu_umass_edu-gpu-mvr/gpu-mvr/dataset/msmarco/gpu_mvr_2m --k 100 --nq -1 --warmup 5 --concurrent-queries 1 --config-file /scratch3/workspace/juelinliu_umass_edu-gpu-mvr/gpu-mvr/config/tmp/chimera_chunk_targets/20260429T172145Z/msmarco/chimera/targets090_095_chunks1-12_slots1_runs3.csv,,1,19624.644,,r090_b2_c11_run2,2.125,-1,32,5
chimera_chunk_targets,chimera,msmarco,0.90,b2,11,1,100,3,0.963811,0.917327,0.917327,374.673,2.669,2.661,2.861,2.922,3.063,10.287,0.203,,64,1800,180,96,11,gpu_search,/scratch3/workspace/juelinliu_umass_edu-gpu-mvr/gpu-mvr/profiling/chimera_chunk_targets/logs/20260429T172145Z/msmarco/chimera/targets090_095_chunks1-12_slots1_runs3.log,0,/scratch3/workspace/juelinliu_umass_edu-gpu-mvr/gpu-mvr/gpu-mvr/build/gpu_search --query /scratch3/workspace/juelinliu_umass_edu-gpu-mvr/gpu-mvr/dataset/msmarco/raw/query.bin --gt /scratch3/workspace/juelinliu_umass_edu-gpu-mvr/gpu-mvr/dataset/msmarco/raw/gt.tsv --index /scratch3/workspace/juelinliu_umass_edu-gpu-mvr/gpu-mvr/dataset/msmarco/gpu_mvr_2m --k 100 --nq -1 --warmup 5 --concurrent-queries 1 --config-file /scratch3/workspace/juelinliu_umass_edu-gpu-mvr/gpu-mvr/config/tmp/chimera_chunk_targets/20260429T172145Z/msmarco/chimera/targets090_095_chunks1-12_slots1_runs3.csv,,1,18629.596,,r090_b2_c11_run3,2.128,-1,32,5
chimera_chunk_targets,chimera,msmarco,0.90,b2,12,1,100,1,0.963797,0.917321,0.917321,349.783,2.859,2.819,3.085,3.232,3.552,13.461,0.415,,64,1800,180,96,12,gpu_search,/scratch3/workspace/juelinliu_umass_edu-gpu-mvr/gpu-mvr/profiling/chimera_chunk_targets/logs/20260429T172145Z/msmarco/chimera/targets090_095_chunks1-12_slots1_runs3.log,0,/scratch3/workspace/juelinliu_umass_edu-gpu-mvr/gpu-mvr/gpu-mvr/build/gpu_search --query /scratch3/workspace/juelinliu_umass_edu-gpu-mvr/gpu-mvr/dataset/msmarco/raw/query.bin --gt /scratch3/workspace/juelinliu_umass_edu-gpu-mvr/gpu-mvr/dataset/msmarco/raw/gt.tsv --index /scratch3/workspace/juelinliu_umass_edu-gpu-mvr/gpu-mvr/dataset/msmarco/gpu_mvr_2m --k 100 --nq -1 --warmup 5 --concurrent-queries 1 --config-file /scratch3/workspace/juelinliu_umass_edu-gpu-mvr/gpu-mvr/config/tmp/chimera_chunk_targets/20260429T172145Z/msmarco/chimera/targets090_095_chunks1-12_slots1_runs3.csv,,1,19955.254,,r090_b2_c12_run1,2.178,-1,32,5
chimera_chunk_targets,chimera,msmarco,0.90,b2,12,1,100,2,0.963797,0.917309,0.917309,352.488,2.837,2.818,3.026,3.094,3.255,9.501,0.215,,64,1800,180,96,12,gpu_search,/scratch3/workspace/juelinliu_umass_edu-gpu-mvr/gpu-mvr/profiling/chimera_chunk_targets/logs/20260429T172145Z/msmarco/chimera/targets090_095_chunks1-12_slots1_runs3.log,0,/scratch3/workspace/juelinliu_umass_edu-gpu-mvr/gpu-mvr/gpu-mvr/build/gpu_search --query /scratch3/workspace/juelinliu_umass_edu-gpu-mvr/gpu-mvr/dataset/msmarco/raw/query.bin --gt /scratch3/workspace/juelinliu_umass_edu-gpu-mvr/gpu-mvr/dataset/msmarco/raw/gt.tsv --index /scratch3/workspace/juelinliu_umass_edu-gpu-mvr/gpu-mvr/dataset/msmarco/gpu_mvr_2m --k 100 --nq -1 --warmup 5 --concurrent-queries 1 --config-file /scratch3/workspace/juelinliu_umass_edu-gpu-mvr/gpu-mvr/config/tmp/chimera_chunk_targets/20260429T172145Z/msmarco/chimera/targets090_095_chunks1-12_slots1_runs3.csv,,1,19802.077,,r090_b2_c12_run2,2.353,-1,32,5
chimera_chunk_targets,chimera,msmarco,0.90,b2,12,1,100,3,0.963811,0.917341,0.917341,352.887,2.834,2.809,3.029,3.110,3.318,10.101,0.238,,64,1800,180,96,12,gpu_search,/scratch3/workspace/juelinliu_umass_edu-gpu-mvr/gpu-mvr/profiling/chimera_chunk_targets/logs/20260429T172145Z/msmarco/chimera/targets090_095_chunks1-12_slots1_runs3.log,0,/scratch3/workspace/juelinliu_umass_edu-gpu-mvr/gpu-mvr/gpu-mvr/build/gpu_search --query /scratch3/workspace/juelinliu_umass_edu-gpu-mvr/gpu-mvr/dataset/msmarco/raw/query.bin --gt /scratch3/workspace/juelinliu_umass_edu-gpu-mvr/gpu-mvr/dataset/msmarco/raw/gt.tsv --index /scratch3/workspace/juelinliu_umass_edu-gpu-mvr/gpu-mvr/dataset/msmarco/gpu_mvr_2m --k 100 --nq -1 --warmup 5 --concurrent-queries 1 --config-file /scratch3/workspace/juelinliu_umass_edu-gpu-mvr/gpu-mvr/config/tmp/chimera_chunk_targets/20260429T172145Z/msmarco/chimera/targets090_095_chunks1-12_slots1_runs3.csv,,1,19779.715,,r090_b2_c12_run3,2.318,-1,32,5
chimera_chunk_targets,chimera,msmarco,0.95,q2,1,1,100,1,0.965774,0.951865,0.951865,398.667,2.508,2.491,2.723,2.799,2.962,7.029,0.208,,96,3200,320,160,1,gpu_search,/scratch3/workspace/juelinliu_umass_edu-gpu-mvr/gpu-mvr/profiling/chimera_chunk_targets/logs/20260429T172145Z/msmarco/chimera/targets090_095_chunks1-12_slots1_runs3.log,0,/scratch3/workspace/juelinliu_umass_edu-gpu-mvr/gpu-mvr/gpu-mvr/build/gpu_search --query /scratch3/workspace/juelinliu_umass_edu-gpu-mvr/gpu-mvr/dataset/msmarco/raw/query.bin --gt /scratch3/workspace/juelinliu_umass_edu-gpu-mvr/gpu-mvr/dataset/msmarco/raw/gt.tsv --index /scratch3/workspace/juelinliu_umass_edu-gpu-mvr/gpu-mvr/dataset/msmarco/gpu_mvr_2m --k 100 --nq -1 --warmup 5 --concurrent-queries 1 --config-file /scratch3/workspace/juelinliu_umass_edu-gpu-mvr/gpu-mvr/config/tmp/chimera_chunk_targets/20260429T172145Z/msmarco/chimera/targets090_095_chunks1-12_slots1_runs3.csv,,1,17508.369,,r095_q2_c1_run1,1.934,-1,32,5
chimera_chunk_targets,chimera,msmarco,0.95,q2,1,1,100,2,0.965774,0.951862,0.951862,398.985,2.506,2.481,2.720,2.794,2.975,7.072,0.275,,96,3200,320,160,1,gpu_search,/scratch3/workspace/juelinliu_umass_edu-gpu-mvr/gpu-mvr/profiling/chimera_chunk_targets/logs/20260429T172145Z/msmarco/chimera/targets090_095_chunks1-12_slots1_runs3.log,0,/scratch3/workspace/juelinliu_umass_edu-gpu-mvr/gpu-mvr/gpu-mvr/build/gpu_search --query /scratch3/workspace/juelinliu_umass_edu-gpu-mvr/gpu-mvr/dataset/msmarco/raw/query.bin --gt /scratch3/workspace/juelinliu_umass_edu-gpu-mvr/gpu-mvr/dataset/msmarco/raw/gt.tsv --index /scratch3/workspace/juelinliu_umass_edu-gpu-mvr/gpu-mvr/dataset/msmarco/gpu_mvr_2m --k 100 --nq -1 --warmup 5 --concurrent-queries 1 --config-file /scratch3/workspace/juelinliu_umass_edu-gpu-mvr/gpu-mvr/config/tmp/chimera_chunk_targets/20260429T172145Z/msmarco/chimera/targets090_095_chunks1-12_slots1_runs3.csv,,1,17494.373,,r095_q2_c1_run2,1.984,-1,32,5
chimera_chunk_targets,chimera,msmarco,0.95,q2,1,1,100,3,0.965774,0.951837,0.951837,398.859,2.507,2.478,2.719,2.794,2.978,7.469,0.281,,96,3200,320,160,1,gpu_search,/scratch3/workspace/juelinliu_umass_edu-gpu-mvr/gpu-mvr/profiling/chimera_chunk_targets/logs/20260429T172145Z/msmarco/chimera/targets090_095_chunks1-12_slots1_runs3.log,0,/scratch3/workspace/juelinliu_umass_edu-gpu-mvr/gpu-mvr/gpu-mvr/build/gpu_search --query /scratch3/workspace/juelinliu_umass_edu-gpu-mvr/gpu-mvr/dataset/msmarco/raw/query.bin --gt /scratch3/workspace/juelinliu_umass_edu-gpu-mvr/gpu-mvr/dataset/msmarco/raw/gt.tsv --index /scratch3/workspace/juelinliu_umass_edu-gpu-mvr/gpu-mvr/dataset/msmarco/gpu_mvr_2m --k 100 --nq -1 --warmup 5 --concurrent-queries 1 --config-file /scratch3/workspace/juelinliu_umass_edu-gpu-mvr/gpu-mvr/config/tmp/chimera_chunk_targets/20260429T172145Z/msmarco/chimera/targets090_095_chunks1-12_slots1_runs3.csv,,1,17499.917,,r095_q2_c1_run3,1.928,-1,32,5
chimera_chunk_targets,chimera,msmarco,0.95,q2,2,1,100,1,0.965774,0.95187,0.95187,414.049,2.415,2.392,2.624,2.696,2.876,7.856,0.256,,96,3200,320,160,2,gpu_search,/scratch3/workspace/juelinliu_umass_edu-gpu-mvr/gpu-mvr/profiling/chimera_chunk_targets/logs/20260429T172145Z/msmarco/chimera/targets090_095_chunks1-12_slots1_runs3.log,0,/scratch3/workspace/juelinliu_umass_edu-gpu-mvr/gpu-mvr/gpu-mvr/build/gpu_search --query /scratch3/workspace/juelinliu_umass_edu-gpu-mvr/gpu-mvr/dataset/msmarco/raw/query.bin --gt /scratch3/workspace/juelinliu_umass_edu-gpu-mvr/gpu-mvr/dataset/msmarco/raw/gt.tsv --index /scratch3/workspace/juelinliu_umass_edu-gpu-mvr/gpu-mvr/dataset/msmarco/gpu_mvr_2m --k 100 --nq -1 --warmup 5 --concurrent-queries 1 --config-file /scratch3/workspace/juelinliu_umass_edu-gpu-mvr/gpu-mvr/config/tmp/chimera_chunk_targets/20260429T172145Z/msmarco/chimera/targets090_095_chunks1-12_slots1_runs3.csv,,1,16857.925,,r095_q2_c2_run1,1.868,-1,32,5
chimera_chunk_targets,chimera,msmarco,0.95,q2,2,1,100,2,0.965759,0.951848,0.951848,419.420,2.384,2.370,2.597,2.669,2.815,6.933,0.171,,96,3200,320,160,2,gpu_search,/scratch3/workspace/juelinliu_umass_edu-gpu-mvr/gpu-mvr/profiling/chimera_chunk_targets/logs/20260429T172145Z/msmarco/chimera/targets090_095_chunks1-12_slots1_runs3.log,0,/scratch3/workspace/juelinliu_umass_edu-gpu-mvr/gpu-mvr/gpu-mvr/build/gpu_search --query /scratch3/workspace/juelinliu_umass_edu-gpu-mvr/gpu-mvr/dataset/msmarco/raw/query.bin --gt /scratch3/workspace/juelinliu_umass_edu-gpu-mvr/gpu-mvr/dataset/msmarco/raw/gt.tsv --index /scratch3/workspace/juelinliu_umass_edu-gpu-mvr/gpu-mvr/dataset/msmarco/gpu_mvr_2m --k 100 --nq -1 --warmup 5 --concurrent-queries 1 --config-file /scratch3/workspace/juelinliu_umass_edu-gpu-mvr/gpu-mvr/config/tmp/chimera_chunk_targets/20260429T172145Z/msmarco/chimera/targets090_095_chunks1-12_slots1_runs3.csv,,1,16642.049,,r095_q2_c2_run2,1.852,-1,32,5
chimera_chunk_targets,chimera,msmarco,0.95,q2,2,1,100,3,0.965788,0.951861,0.951861,409.243,2.443,2.407,2.647,2.722,2.933,15.379,0.487,,96,3200,320,160,2,gpu_search,/scratch3/workspace/juelinliu_umass_edu-gpu-mvr/gpu-mvr/profiling/chimera_chunk_targets/logs/20260429T172145Z/msmarco/chimera/targets090_095_chunks1-12_slots1_runs3.log,0,/scratch3/workspace/juelinliu_umass_edu-gpu-mvr/gpu-mvr/gpu-mvr/build/gpu_search --query /scratch3/workspace/juelinliu_umass_edu-gpu-mvr/gpu-mvr/dataset/msmarco/raw/query.bin --gt /scratch3/workspace/juelinliu_umass_edu-gpu-mvr/gpu-mvr/dataset/msmarco/raw/gt.tsv --index /scratch3/workspace/juelinliu_umass_edu-gpu-mvr/gpu-mvr/dataset/msmarco/gpu_mvr_2m --k 100 --nq -1 --warmup 5 --concurrent-queries 1 --config-file /scratch3/workspace/juelinliu_umass_edu-gpu-mvr/gpu-mvr/config/tmp/chimera_chunk_targets/20260429T172145Z/msmarco/chimera/targets090_095_chunks1-12_slots1_runs3.csv,,1,17055.896,,r095_q2_c2_run3,1.923,-1,32,5
chimera_chunk_targets,chimera,msmarco,0.95,q2,3,1,100,1,0.965759,0.951887,0.951887,405.048,2.469,2.431,2.668,2.747,2.989,7.615,0.379,,96,3200,320,160,3,gpu_search,/scratch3/workspace/juelinliu_umass_edu-gpu-mvr/gpu-mvr/profiling/chimera_chunk_targets/logs/20260429T172145Z/msmarco/chimera/targets090_095_chunks1-12_slots1_runs3.log,0,/scratch3/workspace/juelinliu_umass_edu-gpu-mvr/gpu-mvr/gpu-mvr/build/gpu_search --query /scratch3/workspace/juelinliu_umass_edu-gpu-mvr/gpu-mvr/dataset/msmarco/raw/query.bin --gt /scratch3/workspace/juelinliu_umass_edu-gpu-mvr/gpu-mvr/dataset/msmarco/raw/gt.tsv --index /scratch3/workspace/juelinliu_umass_edu-gpu-mvr/gpu-mvr/dataset/msmarco/gpu_mvr_2m --k 100 --nq -1 --warmup 5 --concurrent-queries 1 --config-file /scratch3/workspace/juelinliu_umass_edu-gpu-mvr/gpu-mvr/config/tmp/chimera_chunk_targets/20260429T172145Z/msmarco/chimera/targets090_095_chunks1-12_slots1_runs3.csv,,1,17232.536,,r095_q2_c3_run1,1.961,-1,32,5
chimera_chunk_targets,chimera,msmarco,0.95,q2,3,1,100,2,0.965759,0.951854,0.951854,408.560,2.447,2.429,2.659,2.736,2.914,6.914,0.208,,96,3200,320,160,3,gpu_search,/scratch3/workspace/juelinliu_umass_edu-gpu-mvr/gpu-mvr/profiling/chimera_chunk_targets/logs/20260429T172145Z/msmarco/chimera/targets090_095_chunks1-12_slots1_runs3.log,0,/scratch3/workspace/juelinliu_umass_edu-gpu-mvr/gpu-mvr/gpu-mvr/build/gpu_search --query /scratch3/workspace/juelinliu_umass_edu-gpu-mvr/gpu-mvr/dataset/msmarco/raw/query.bin --gt /scratch3/workspace/juelinliu_umass_edu-gpu-mvr/gpu-mvr/dataset/msmarco/raw/gt.tsv --index /scratch3/workspace/juelinliu_umass_edu-gpu-mvr/gpu-mvr/dataset/msmarco/gpu_mvr_2m --k 100 --nq -1 --warmup 5 --concurrent-queries 1 --config-file /scratch3/workspace/juelinliu_umass_edu-gpu-mvr/gpu-mvr/config/tmp/chimera_chunk_targets/20260429T172145Z/msmarco/chimera/targets090_095_chunks1-12_slots1_runs3.csv,,1,17084.401,,r095_q2_c3_run2,1.898,-1,32,5
chimera_chunk_targets,chimera,msmarco,0.95,q2,3,1,100,3,0.965759,0.951865,0.951865,405.502,2.466,2.435,2.671,2.749,2.974,7.553,0.310,,96,3200,320,160,3,gpu_search,/scratch3/workspace/juelinliu_umass_edu-gpu-mvr/gpu-mvr/profiling/chimera_chunk_targets/logs/20260429T172145Z/msmarco/chimera/targets090_095_chunks1-12_slots1_runs3.log,0,/scratch3/workspace/juelinliu_umass_edu-gpu-mvr/gpu-mvr/gpu-mvr/build/gpu_search --query /scratch3/workspace/juelinliu_umass_edu-gpu-mvr/gpu-mvr/dataset/msmarco/raw/query.bin --gt /scratch3/workspace/juelinliu_umass_edu-gpu-mvr/gpu-mvr/dataset/msmarco/raw/gt.tsv --index /scratch3/workspace/juelinliu_umass_edu-gpu-mvr/gpu-mvr/dataset/msmarco/gpu_mvr_2m --k 100 --nq -1 --warmup 5 --concurrent-queries 1 --config-file /scratch3/workspace/juelinliu_umass_edu-gpu-mvr/gpu-mvr/config/tmp/chimera_chunk_targets/20260429T172145Z/msmarco/chimera/targets090_095_chunks1-12_slots1_runs3.csv,,1,17213.214,,r095_q2_c3_run3,1.958,-1,32,5
chimera_chunk_targets,chimera,msmarco,0.95,q2,4,1,100,1,0.965759,0.951851,0.951851,396.219,2.523,2.500,2.730,2.811,3.017,6.883,0.241,,96,3200,320,160,4,gpu_search,/scratch3/workspace/juelinliu_umass_edu-gpu-mvr/gpu-mvr/profiling/chimera_chunk_targets/logs/20260429T172145Z/msmarco/chimera/targets090_095_chunks1-12_slots1_runs3.log,0,/scratch3/workspace/juelinliu_umass_edu-gpu-mvr/gpu-mvr/gpu-mvr/build/gpu_search --query /scratch3/workspace/juelinliu_umass_edu-gpu-mvr/gpu-mvr/dataset/msmarco/raw/query.bin --gt /scratch3/workspace/juelinliu_umass_edu-gpu-mvr/gpu-mvr/dataset/msmarco/raw/gt.tsv --index /scratch3/workspace/juelinliu_umass_edu-gpu-mvr/gpu-mvr/dataset/msmarco/gpu_mvr_2m --k 100 --nq -1 --warmup 5 --concurrent-queries 1 --config-file /scratch3/workspace/juelinliu_umass_edu-gpu-mvr/gpu-mvr/config/tmp/chimera_chunk_targets/20260429T172145Z/msmarco/chimera/targets090_095_chunks1-12_slots1_runs3.csv,,1,17616.522,,r095_q2_c4_run1,1.980,-1,32,5
chimera_chunk_targets,chimera,msmarco,0.95,q2,4,1,100,2,0.965759,0.951842,0.951842,397.538,2.515,2.495,2.729,2.808,2.992,6.911,0.221,,96,3200,320,160,4,gpu_search,/scratch3/workspace/juelinliu_umass_edu-gpu-mvr/gpu-mvr/profiling/chimera_chunk_targets/logs/20260429T172145Z/msmarco/chimera/targets090_095_chunks1-12_slots1_runs3.log,0,/scratch3/workspace/juelinliu_umass_edu-gpu-mvr/gpu-mvr/gpu-mvr/build/gpu_search --query /scratch3/workspace/juelinliu_umass_edu-gpu-mvr/gpu-mvr/dataset/msmarco/raw/query.bin --gt /scratch3/workspace/juelinliu_umass_edu-gpu-mvr/gpu-mvr/dataset/msmarco/raw/gt.tsv --index /scratch3/workspace/juelinliu_umass_edu-gpu-mvr/gpu-mvr/dataset/msmarco/gpu_mvr_2m --k 100 --nq -1 --warmup 5 --concurrent-queries 1 --config-file /scratch3/workspace/juelinliu_umass_edu-gpu-mvr/gpu-mvr/config/tmp/chimera_chunk_targets/20260429T172145Z/msmarco/chimera/targets090_095_chunks1-12_slots1_runs3.csv,,1,17558.054,,r095_q2_c4_run2,1.902,-1,32,5
chimera_chunk_targets,chimera,msmarco,0.95,q2,4,1,100,3,0.965774,0.951861,0.951861,393.857,2.539,2.507,2.743,2.828,3.017,16.277,0.452,,96,3200,320,160,4,gpu_search,/scratch3/workspace/juelinliu_umass_edu-gpu-mvr/gpu-mvr/profiling/chimera_chunk_targets/logs/20260429T172145Z/msmarco/chimera/targets090_095_chunks1-12_slots1_runs3.log,0,/scratch3/workspace/juelinliu_umass_edu-gpu-mvr/gpu-mvr/gpu-mvr/build/gpu_search --query /scratch3/workspace/juelinliu_umass_edu-gpu-mvr/gpu-mvr/dataset/msmarco/raw/query.bin --gt /scratch3/workspace/juelinliu_umass_edu-gpu-mvr/gpu-mvr/dataset/msmarco/raw/gt.tsv --index /scratch3/workspace/juelinliu_umass_edu-gpu-mvr/gpu-mvr/dataset/msmarco/gpu_mvr_2m --k 100 --nq -1 --warmup 5 --concurrent-queries 1 --config-file /scratch3/workspace/juelinliu_umass_edu-gpu-mvr/gpu-mvr/config/tmp/chimera_chunk_targets/20260429T172145Z/msmarco/chimera/targets090_095_chunks1-12_slots1_runs3.csv,,1,17722.166,,r095_q2_c4_run3,2.041,-1,32,5
chimera_chunk_targets,chimera,msmarco,0.95,q2,5,1,100,1,0.965759,0.951835,0.951835,386.117,2.590,2.570,2.810,2.889,3.059,7.841,0.218,,96,3200,320,160,5,gpu_search,/scratch3/workspace/juelinliu_umass_edu-gpu-mvr/gpu-mvr/profiling/chimera_chunk_targets/logs/20260429T172145Z/msmarco/chimera/targets090_095_chunks1-12_slots1_runs3.log,0,/scratch3/workspace/juelinliu_umass_edu-gpu-mvr/gpu-mvr/gpu-mvr/build/gpu_search --query /scratch3/workspace/juelinliu_umass_edu-gpu-mvr/gpu-mvr/dataset/msmarco/raw/query.bin --gt /scratch3/workspace/juelinliu_umass_edu-gpu-mvr/gpu-mvr/dataset/msmarco/raw/gt.tsv --index /scratch3/workspace/juelinliu_umass_edu-gpu-mvr/gpu-mvr/dataset/msmarco/gpu_mvr_2m --k 100 --nq -1 --warmup 5 --concurrent-queries 1 --config-file /scratch3/workspace/juelinliu_umass_edu-gpu-mvr/gpu-mvr/config/tmp/chimera_chunk_targets/20260429T172145Z/msmarco/chimera/targets090_095_chunks1-12_slots1_runs3.csv,,1,18077.414,,r095_q2_c5_run1,2.013,-1,32,5
chimera_chunk_targets,chimera,msmarco,0.95,q2,5,1,100,2,0.965774,0.951862,0.951862,384.786,2.599,2.577,2.813,2.882,3.072,7.746,0.262,,96,3200,320,160,5,gpu_search,/scratch3/workspace/juelinliu_umass_edu-gpu-mvr/gpu-mvr/profiling/chimera_chunk_targets/logs/20260429T172145Z/msmarco/chimera/targets090_095_chunks1-12_slots1_runs3.log,0,/scratch3/workspace/juelinliu_umass_edu-gpu-mvr/gpu-mvr/gpu-mvr/build/gpu_search --query /scratch3/workspace/juelinliu_umass_edu-gpu-mvr/gpu-mvr/dataset/msmarco/raw/query.bin --gt /scratch3/workspace/juelinliu_umass_edu-gpu-mvr/gpu-mvr/dataset/msmarco/raw/gt.tsv --index /scratch3/workspace/juelinliu_umass_edu-gpu-mvr/gpu-mvr/dataset/msmarco/gpu_mvr_2m --k 100 --nq -1 --warmup 5 --concurrent-queries 1 --config-file /scratch3/workspace/juelinliu_umass_edu-gpu-mvr/gpu-mvr/config/tmp/chimera_chunk_targets/20260429T172145Z/msmarco/chimera/targets090_095_chunks1-12_slots1_runs3.csv,,1,18139.951,,r095_q2_c5_run2,2.035,-1,32,5
chimera_chunk_targets,chimera,msmarco,0.95,q2,5,1,100,3,0.965774,0.951844,0.951844,386.295,2.589,2.561,2.801,2.881,3.081,8.153,0.300,,96,3200,320,160,5,gpu_search,/scratch3/workspace/juelinliu_umass_edu-gpu-mvr/gpu-mvr/profiling/chimera_chunk_targets/logs/20260429T172145Z/msmarco/chimera/targets090_095_chunks1-12_slots1_runs3.log,0,/scratch3/workspace/juelinliu_umass_edu-gpu-mvr/gpu-mvr/gpu-mvr/build/gpu_search --query /scratch3/workspace/juelinliu_umass_edu-gpu-mvr/gpu-mvr/dataset/msmarco/raw/query.bin --gt /scratch3/workspace/juelinliu_umass_edu-gpu-mvr/gpu-mvr/dataset/msmarco/raw/gt.tsv --index /scratch3/workspace/juelinliu_umass_edu-gpu-mvr/gpu-mvr/dataset/msmarco/gpu_mvr_2m --k 100 --nq -1 --warmup 5 --concurrent-queries 1 --config-file /scratch3/workspace/juelinliu_umass_edu-gpu-mvr/gpu-mvr/config/tmp/chimera_chunk_targets/20260429T172145Z/msmarco/chimera/targets090_095_chunks1-12_slots1_runs3.csv,,1,18069.075,,r095_q2_c5_run3,2.010,-1,32,5
chimera_chunk_targets,chimera,msmarco,0.95,q2,6,1,100,1,0.965788,0.951867,0.951867,369.510,2.706,2.678,2.914,2.996,3.213,7.606,0.299,,96,3200,320,160,6,gpu_search,/scratch3/workspace/juelinliu_umass_edu-gpu-mvr/gpu-mvr/profiling/chimera_chunk_targets/logs/20260429T172145Z/msmarco/chimera/targets090_095_chunks1-12_slots1_runs3.log,0,/scratch3/workspace/juelinliu_umass_edu-gpu-mvr/gpu-mvr/gpu-mvr/build/gpu_search --query /scratch3/workspace/juelinliu_umass_edu-gpu-mvr/gpu-mvr/dataset/msmarco/raw/query.bin --gt /scratch3/workspace/juelinliu_umass_edu-gpu-mvr/gpu-mvr/dataset/msmarco/raw/gt.tsv --index /scratch3/workspace/juelinliu_umass_edu-gpu-mvr/gpu-mvr/dataset/msmarco/gpu_mvr_2m --k 100 --nq -1 --warmup 5 --concurrent-queries 1 --config-file /scratch3/workspace/juelinliu_umass_edu-gpu-mvr/gpu-mvr/config/tmp/chimera_chunk_targets/20260429T172145Z/msmarco/chimera/targets090_095_chunks1-12_slots1_runs3.csv,,1,18889.886,,r095_q2_c6_run1,2.138,-1,32,5
chimera_chunk_targets,chimera,msmarco,0.95,q2,6,1,100,2,0.965774,0.951881,0.951881,366.047,2.732,2.692,2.931,3.007,3.266,7.821,0.384,,96,3200,320,160,6,gpu_search,/scratch3/workspace/juelinliu_umass_edu-gpu-mvr/gpu-mvr/profiling/chimera_chunk_targets/logs/20260429T172145Z/msmarco/chimera/targets090_095_chunks1-12_slots1_runs3.log,0,/scratch3/workspace/juelinliu_umass_edu-gpu-mvr/gpu-mvr/gpu-mvr/build/gpu_search --query /scratch3/workspace/juelinliu_umass_edu-gpu-mvr/gpu-mvr/dataset/msmarco/raw/query.bin --gt /scratch3/workspace/juelinliu_umass_edu-gpu-mvr/gpu-mvr/dataset/msmarco/raw/gt.tsv --index /scratch3/workspace/juelinliu_umass_edu-gpu-mvr/gpu-mvr/dataset/msmarco/gpu_mvr_2m --k 100 --nq -1 --warmup 5 --concurrent-queries 1 --config-file /scratch3/workspace/juelinliu_umass_edu-gpu-mvr/gpu-mvr/config/tmp/chimera_chunk_targets/20260429T172145Z/msmarco/chimera/targets090_095_chunks1-12_slots1_runs3.csv,,1,19068.591,,r095_q2_c6_run2,2.217,-1,32,5
chimera_chunk_targets,chimera,msmarco,0.95,q2,6,1,100,3,0.965759,0.951872,0.951872,373.907,2.674,2.655,2.887,2.958,3.116,7.951,0.208,,96,3200,320,160,6,gpu_search,/scratch3/workspace/juelinliu_umass_edu-gpu-mvr/gpu-mvr/profiling/chimera_chunk_targets/logs/20260429T172145Z/msmarco/chimera/targets090_095_chunks1-12_slots1_runs3.log,0,/scratch3/workspace/juelinliu_umass_edu-gpu-mvr/gpu-mvr/gpu-mvr/build/gpu_search --query /scratch3/workspace/juelinliu_umass_edu-gpu-mvr/gpu-mvr/dataset/msmarco/raw/query.bin --gt /scratch3/workspace/juelinliu_umass_edu-gpu-mvr/gpu-mvr/dataset/msmarco/raw/gt.tsv --index /scratch3/workspace/juelinliu_umass_edu-gpu-mvr/gpu-mvr/dataset/msmarco/gpu_mvr_2m --k 100 --nq -1 --warmup 5 --concurrent-queries 1 --config-file /scratch3/workspace/juelinliu_umass_edu-gpu-mvr/gpu-mvr/config/tmp/chimera_chunk_targets/20260429T172145Z/msmarco/chimera/targets090_095_chunks1-12_slots1_runs3.csv,,1,18667.754,,r095_q2_c6_run3,2.205,-1,32,5
chimera_chunk_targets,chimera,msmarco,0.95,q2,7,1,100,1,0.965774,0.951865,0.951865,355.686,2.811,2.791,3.038,3.121,3.327,8.904,0.217,,96,3200,320,160,7,gpu_search,/scratch3/workspace/juelinliu_umass_edu-gpu-mvr/gpu-mvr/profiling/chimera_chunk_targets/logs/20260429T172145Z/msmarco/chimera/targets090_095_chunks1-12_slots1_runs3.log,0,/scratch3/workspace/juelinliu_umass_edu-gpu-mvr/gpu-mvr/gpu-mvr/build/gpu_search --query /scratch3/workspace/juelinliu_umass_edu-gpu-mvr/gpu-mvr/dataset/msmarco/raw/query.bin --gt /scratch3/workspace/juelinliu_umass_edu-gpu-mvr/gpu-mvr/dataset/msmarco/raw/gt.tsv --index /scratch3/workspace/juelinliu_umass_edu-gpu-mvr/gpu-mvr/dataset/msmarco/gpu_mvr_2m --k 100 --nq -1 --warmup 5 --concurrent-queries 1 --config-file /scratch3/workspace/juelinliu_umass_edu-gpu-mvr/gpu-mvr/config/tmp/chimera_chunk_targets/20260429T172145Z/msmarco/chimera/targets090_095_chunks1-12_slots1_runs3.csv,,1,19624.024,,r095_q2_c7_run1,2.218,-1,32,5
chimera_chunk_targets,chimera,msmarco,0.95,q2,7,1,100,2,0.965774,0.95185,0.95185,350.524,2.853,2.821,3.069,3.159,3.368,17.093,0.440,,96,3200,320,160,7,gpu_search,/scratch3/workspace/juelinliu_umass_edu-gpu-mvr/gpu-mvr/profiling/chimera_chunk_targets/logs/20260429T172145Z/msmarco/chimera/targets090_095_chunks1-12_slots1_runs3.log,0,/scratch3/workspace/juelinliu_umass_edu-gpu-mvr/gpu-mvr/gpu-mvr/build/gpu_search --query /scratch3/workspace/juelinliu_umass_edu-gpu-mvr/gpu-mvr/dataset/msmarco/raw/query.bin --gt /scratch3/workspace/juelinliu_umass_edu-gpu-mvr/gpu-mvr/dataset/msmarco/raw/gt.tsv --index /scratch3/workspace/juelinliu_umass_edu-gpu-mvr/gpu-mvr/dataset/msmarco/gpu_mvr_2m --k 100 --nq -1 --warmup 5 --concurrent-queries 1 --config-file /scratch3/workspace/juelinliu_umass_edu-gpu-mvr/gpu-mvr/config/tmp/chimera_chunk_targets/20260429T172145Z/msmarco/chimera/targets090_095_chunks1-12_slots1_runs3.csv,,1,19913.033,,r095_q2_c7_run2,2.151,-1,32,5
chimera_chunk_targets,chimera,msmarco,0.95,q2,7,1,100,3,0.965774,0.951812,0.951812,355.802,2.810,2.792,3.034,3.117,3.310,7.286,0.208,,96,3200,320,160,7,gpu_search,/scratch3/workspace/juelinliu_umass_edu-gpu-mvr/gpu-mvr/profiling/chimera_chunk_targets/logs/20260429T172145Z/msmarco/chimera/targets090_095_chunks1-12_slots1_runs3.log,0,/scratch3/workspace/juelinliu_umass_edu-gpu-mvr/gpu-mvr/gpu-mvr/build/gpu_search --query /scratch3/workspace/juelinliu_umass_edu-gpu-mvr/gpu-mvr/dataset/msmarco/raw/query.bin --gt /scratch3/workspace/juelinliu_umass_edu-gpu-mvr/gpu-mvr/dataset/msmarco/raw/gt.tsv --index /scratch3/workspace/juelinliu_umass_edu-gpu-mvr/gpu-mvr/dataset/msmarco/gpu_mvr_2m --k 100 --nq -1 --warmup 5 --concurrent-queries 1 --config-file /scratch3/workspace/juelinliu_umass_edu-gpu-mvr/gpu-mvr/config/tmp/chimera_chunk_targets/20260429T172145Z/msmarco/chimera/targets090_095_chunks1-12_slots1_runs3.csv,,1,19617.657,,r095_q2_c7_run3,2.342,-1,32,5
chimera_chunk_targets,chimera,msmarco,0.95,q2,8,1,100,1,0.965774,0.951854,0.951854,339.982,2.941,2.916,3.162,3.255,3.469,8.280,0.284,,96,3200,320,160,8,gpu_search,/scratch3/workspace/juelinliu_umass_edu-gpu-mvr/gpu-mvr/profiling/chimera_chunk_targets/logs/20260429T172145Z/msmarco/chimera/targets090_095_chunks1-12_slots1_runs3.log,0,/scratch3/workspace/juelinliu_umass_edu-gpu-mvr/gpu-mvr/gpu-mvr/build/gpu_search --query /scratch3/workspace/juelinliu_umass_edu-gpu-mvr/gpu-mvr/dataset/msmarco/raw/query.bin --gt /scratch3/workspace/juelinliu_umass_edu-gpu-mvr/gpu-mvr/dataset/msmarco/raw/gt.tsv --index /scratch3/workspace/juelinliu_umass_edu-gpu-mvr/gpu-mvr/dataset/msmarco/gpu_mvr_2m --k 100 --nq -1 --warmup 5 --concurrent-queries 1 --config-file /scratch3/workspace/juelinliu_umass_edu-gpu-mvr/gpu-mvr/config/tmp/chimera_chunk_targets/20260429T172145Z/msmarco/chimera/targets090_095_chunks1-12_slots1_runs3.csv,,1,20530.473,,r095_q2_c8_run1,2.340,-1,32,5
chimera_chunk_targets,chimera,msmarco,0.95,q2,8,1,100,2,0.965774,0.951852,0.951852,339.945,2.941,2.912,3.167,3.247,3.469,8.224,0.326,,96,3200,320,160,8,gpu_search,/scratch3/workspace/juelinliu_umass_edu-gpu-mvr/gpu-mvr/profiling/chimera_chunk_targets/logs/20260429T172145Z/msmarco/chimera/targets090_095_chunks1-12_slots1_runs3.log,0,/scratch3/workspace/juelinliu_umass_edu-gpu-mvr/gpu-mvr/gpu-mvr/build/gpu_search --query /scratch3/workspace/juelinliu_umass_edu-gpu-mvr/gpu-mvr/dataset/msmarco/raw/query.bin --gt /scratch3/workspace/juelinliu_umass_edu-gpu-mvr/gpu-mvr/dataset/msmarco/raw/gt.tsv --index /scratch3/workspace/juelinliu_umass_edu-gpu-mvr/gpu-mvr/dataset/msmarco/gpu_mvr_2m --k 100 --nq -1 --warmup 5 --concurrent-queries 1 --config-file /scratch3/workspace/juelinliu_umass_edu-gpu-mvr/gpu-mvr/config/tmp/chimera_chunk_targets/20260429T172145Z/msmarco/chimera/targets090_095_chunks1-12_slots1_runs3.csv,,1,20532.719,,r095_q2_c8_run2,2.402,-1,32,5
chimera_chunk_targets,chimera,msmarco,0.95,q2,8,1,100,3,0.965774,0.951855,0.951855,340.062,2.940,2.912,3.154,3.243,3.471,8.311,0.322,,96,3200,320,160,8,gpu_search,/scratch3/workspace/juelinliu_umass_edu-gpu-mvr/gpu-mvr/profiling/chimera_chunk_targets/logs/20260429T172145Z/msmarco/chimera/targets090_095_chunks1-12_slots1_runs3.log,0,/scratch3/workspace/juelinliu_umass_edu-gpu-mvr/gpu-mvr/gpu-mvr/build/gpu_search --query /scratch3/workspace/juelinliu_umass_edu-gpu-mvr/gpu-mvr/dataset/msmarco/raw/query.bin --gt /scratch3/workspace/juelinliu_umass_edu-gpu-mvr/gpu-mvr/dataset/msmarco/raw/gt.tsv --index /scratch3/workspace/juelinliu_umass_edu-gpu-mvr/gpu-mvr/dataset/msmarco/gpu_mvr_2m --k 100 --nq -1 --warmup 5 --concurrent-queries 1 --config-file /scratch3/workspace/juelinliu_umass_edu-gpu-mvr/gpu-mvr/config/tmp/chimera_chunk_targets/20260429T172145Z/msmarco/chimera/targets090_095_chunks1-12_slots1_runs3.csv,,1,20525.681,,r095_q2_c8_run3,2.406,-1,32,5
chimera_chunk_targets,chimera,msmarco,0.95,q2,9,1,100,1,0.965774,0.951855,0.951855,328.484,3.044,3.022,3.279,3.366,3.590,7.918,0.246,,96,3200,320,160,9,gpu_search,/scratch3/workspace/juelinliu_umass_edu-gpu-mvr/gpu-mvr/profiling/chimera_chunk_targets/logs/20260429T172145Z/msmarco/chimera/targets090_095_chunks1-12_slots1_runs3.log,0,/scratch3/workspace/juelinliu_umass_edu-gpu-mvr/gpu-mvr/gpu-mvr/build/gpu_search --query /scratch3/workspace/juelinliu_umass_edu-gpu-mvr/gpu-mvr/dataset/msmarco/raw/query.bin --gt /scratch3/workspace/juelinliu_umass_edu-gpu-mvr/gpu-mvr/dataset/msmarco/raw/gt.tsv --index /scratch3/workspace/juelinliu_umass_edu-gpu-mvr/gpu-mvr/dataset/msmarco/gpu_mvr_2m --k 100 --nq -1 --warmup 5 --concurrent-queries 1 --config-file /scratch3/workspace/juelinliu_umass_edu-gpu-mvr/gpu-mvr/config/tmp/chimera_chunk_targets/20260429T172145Z/msmarco/chimera/targets090_095_chunks1-12_slots1_runs3.csv,,1,21249.152,,r095_q2_c9_run1,2.500,-1,32,5
chimera_chunk_targets,chimera,msmarco,0.95,q2,9,1,100,2,0.965774,0.95187,0.95187,327.966,3.049,3.027,3.278,3.362,3.552,7.937,0.256,,96,3200,320,160,9,gpu_search,/scratch3/workspace/juelinliu_umass_edu-gpu-mvr/gpu-mvr/profiling/chimera_chunk_targets/logs/20260429T172145Z/msmarco/chimera/targets090_095_chunks1-12_slots1_runs3.log,0,/scratch3/workspace/juelinliu_umass_edu-gpu-mvr/gpu-mvr/gpu-mvr/build/gpu_search --query /scratch3/workspace/juelinliu_umass_edu-gpu-mvr/gpu-mvr/dataset/msmarco/raw/query.bin --gt /scratch3/workspace/juelinliu_umass_edu-gpu-mvr/gpu-mvr/dataset/msmarco/raw/gt.tsv --index /scratch3/workspace/juelinliu_umass_edu-gpu-mvr/gpu-mvr/dataset/msmarco/gpu_mvr_2m --k 100 --nq -1 --warmup 5 --concurrent-queries 1 --config-file /scratch3/workspace/juelinliu_umass_edu-gpu-mvr/gpu-mvr/config/tmp/chimera_chunk_targets/20260429T172145Z/msmarco/chimera/targets090_095_chunks1-12_slots1_runs3.csv,,1,21282.701,,r095_q2_c9_run2,2.528,-1,32,5
chimera_chunk_targets,chimera,msmarco,0.95,q2,9,1,100,3,0.965774,0.951817,0.951817,325.179,3.075,3.042,3.301,3.388,3.628,8.911,0.345,,96,3200,320,160,9,gpu_search,/scratch3/workspace/juelinliu_umass_edu-gpu-mvr/gpu-mvr/profiling/chimera_chunk_targets/logs/20260429T172145Z/msmarco/chimera/targets090_095_chunks1-12_slots1_runs3.log,0,/scratch3/workspace/juelinliu_umass_edu-gpu-mvr/gpu-mvr/gpu-mvr/build/gpu_search --query /scratch3/workspace/juelinliu_umass_edu-gpu-mvr/gpu-mvr/dataset/msmarco/raw/query.bin --gt /scratch3/workspace/juelinliu_umass_edu-gpu-mvr/gpu-mvr/dataset/msmarco/raw/gt.tsv --index /scratch3/workspace/juelinliu_umass_edu-gpu-mvr/gpu-mvr/dataset/msmarco/gpu_mvr_2m --k 100 --nq -1 --warmup 5 --concurrent-queries 1 --config-file /scratch3/workspace/juelinliu_umass_edu-gpu-mvr/gpu-mvr/config/tmp/chimera_chunk_targets/20260429T172145Z/msmarco/chimera/targets090_095_chunks1-12_slots1_runs3.csv,,1,21465.080,,r095_q2_c9_run3,2.518,-1,32,5
chimera_chunk_targets,chimera,msmarco,0.95,q2,10,1,100,1,0.965774,0.95185,0.95185,316.695,3.157,3.143,3.398,3.485,3.690,8.985,0.217,,96,3200,320,160,10,gpu_search,/scratch3/workspace/juelinliu_umass_edu-gpu-mvr/gpu-mvr/profiling/chimera_chunk_targets/logs/20260429T172145Z/msmarco/chimera/targets090_095_chunks1-12_slots1_runs3.log,0,/scratch3/workspace/juelinliu_umass_edu-gpu-mvr/gpu-mvr/gpu-mvr/build/gpu_search --query /scratch3/workspace/juelinliu_umass_edu-gpu-mvr/gpu-mvr/dataset/msmarco/raw/query.bin --gt /scratch3/workspace/juelinliu_umass_edu-gpu-mvr/gpu-mvr/dataset/msmarco/raw/gt.tsv --index /scratch3/workspace/juelinliu_umass_edu-gpu-mvr/gpu-mvr/dataset/msmarco/gpu_mvr_2m --k 100 --nq -1 --warmup 5 --concurrent-queries 1 --config-file /scratch3/workspace/juelinliu_umass_edu-gpu-mvr/gpu-mvr/config/tmp/chimera_chunk_targets/20260429T172145Z/msmarco/chimera/targets090_095_chunks1-12_slots1_runs3.csv,,1,22040.133,,r095_q2_c10_run1,2.561,-1,32,5
chimera_chunk_targets,chimera,msmarco,0.95,q2,10,1,100,2,0.965774,0.951847,0.951847,313.004,3.195,3.163,3.426,3.510,3.734,17.623,0.478,,96,3200,320,160,10,gpu_search,/scratch3/workspace/juelinliu_umass_edu-gpu-mvr/gpu-mvr/profiling/chimera_chunk_targets/logs/20260429T172145Z/msmarco/chimera/targets090_095_chunks1-12_slots1_runs3.log,0,/scratch3/workspace/juelinliu_umass_edu-gpu-mvr/gpu-mvr/gpu-mvr/build/gpu_search --query /scratch3/workspace/juelinliu_umass_edu-gpu-mvr/gpu-mvr/dataset/msmarco/raw/query.bin --gt /scratch3/workspace/juelinliu_umass_edu-gpu-mvr/gpu-mvr/dataset/msmarco/raw/gt.tsv --index /scratch3/workspace/juelinliu_umass_edu-gpu-mvr/gpu-mvr/dataset/msmarco/gpu_mvr_2m --k 100 --nq -1 --warmup 5 --concurrent-queries 1 --config-file /scratch3/workspace/juelinliu_umass_edu-gpu-mvr/gpu-mvr/config/tmp/chimera_chunk_targets/20260429T172145Z/msmarco/chimera/targets090_095_chunks1-12_slots1_runs3.csv,,1,22300.017,,r095_q2_c10_run2,2.564,-1,32,5
chimera_chunk_targets,chimera,msmarco,0.95,q2,10,1,100,3,0.965774,0.951842,0.951842,313.745,3.187,3.157,3.412,3.505,3.737,10.253,0.344,,96,3200,320,160,10,gpu_search,/scratch3/workspace/juelinliu_umass_edu-gpu-mvr/gpu-mvr/profiling/chimera_chunk_targets/logs/20260429T172145Z/msmarco/chimera/targets090_095_chunks1-12_slots1_runs3.log,0,/scratch3/workspace/juelinliu_umass_edu-gpu-mvr/gpu-mvr/gpu-mvr/build/gpu_search --query /scratch3/workspace/juelinliu_umass_edu-gpu-mvr/gpu-mvr/dataset/msmarco/raw/query.bin --gt /scratch3/workspace/juelinliu_umass_edu-gpu-mvr/gpu-mvr/dataset/msmarco/raw/gt.tsv --index /scratch3/workspace/juelinliu_umass_edu-gpu-mvr/gpu-mvr/dataset/msmarco/gpu_mvr_2m --k 100 --nq -1 --warmup 5 --concurrent-queries 1 --config-file /scratch3/workspace/juelinliu_umass_edu-gpu-mvr/gpu-mvr/config/tmp/chimera_chunk_targets/20260429T172145Z/msmarco/chimera/targets090_095_chunks1-12_slots1_runs3.csv,,1,22247.399,,r095_q2_c10_run3,2.557,-1,32,5
chimera_chunk_targets,chimera,msmarco,0.95,q2,11,1,100,1,0.965759,0.95184,0.95184,299.290,3.341,3.321,3.581,3.671,3.905,9.155,0.306,,96,3200,320,160,11,gpu_search,/scratch3/workspace/juelinliu_umass_edu-gpu-mvr/gpu-mvr/profiling/chimera_chunk_targets/logs/20260429T172145Z/msmarco/chimera/targets090_095_chunks1-12_slots1_runs3.log,0,/scratch3/workspace/juelinliu_umass_edu-gpu-mvr/gpu-mvr/gpu-mvr/build/gpu_search --query /scratch3/workspace/juelinliu_umass_edu-gpu-mvr/gpu-mvr/dataset/msmarco/raw/query.bin --gt /scratch3/workspace/juelinliu_umass_edu-gpu-mvr/gpu-mvr/dataset/msmarco/raw/gt.tsv --index /scratch3/workspace/juelinliu_umass_edu-gpu-mvr/gpu-mvr/dataset/msmarco/gpu_mvr_2m --k 100 --nq -1 --warmup 5 --concurrent-queries 1 --config-file /scratch3/workspace/juelinliu_umass_edu-gpu-mvr/gpu-mvr/config/tmp/chimera_chunk_targets/20260429T172145Z/msmarco/chimera/targets090_095_chunks1-12_slots1_runs3.csv,,1,23321.898,,r095_q2_c11_run1,2.473,-1,32,5
chimera_chunk_targets,chimera,msmarco,0.95,q2,11,1,100,2,0.965774,0.951819,0.951819,299.203,3.342,3.319,3.584,3.683,3.890,8.521,0.307,,96,3200,320,160,11,gpu_search,/scratch3/workspace/juelinliu_umass_edu-gpu-mvr/gpu-mvr/profiling/chimera_chunk_targets/logs/20260429T172145Z/msmarco/chimera/targets090_095_chunks1-12_slots1_runs3.log,0,/scratch3/workspace/juelinliu_umass_edu-gpu-mvr/gpu-mvr/gpu-mvr/build/gpu_search --query /scratch3/workspace/juelinliu_umass_edu-gpu-mvr/gpu-mvr/dataset/msmarco/raw/query.bin --gt /scratch3/workspace/juelinliu_umass_edu-gpu-mvr/gpu-mvr/dataset/msmarco/raw/gt.tsv --index /scratch3/workspace/juelinliu_umass_edu-gpu-mvr/gpu-mvr/dataset/msmarco/gpu_mvr_2m --k 100 --nq -1 --warmup 5 --concurrent-queries 1 --config-file /scratch3/workspace/juelinliu_umass_edu-gpu-mvr/gpu-mvr/config/tmp/chimera_chunk_targets/20260429T172145Z/msmarco/chimera/targets090_095_chunks1-12_slots1_runs3.csv,,1,23328.642,,r095_q2_c11_run2,2.479,-1,32,5
chimera_chunk_targets,chimera,msmarco,0.95,q2,11,1,100,3,0.965774,0.95187,0.95187,301.000,3.322,3.306,3.564,3.652,3.870,8.989,0.283,,96,3200,320,160,11,gpu_search,/scratch3/workspace/juelinliu_umass_edu-gpu-mvr/gpu-mvr/profiling/chimera_chunk_targets/logs/20260429T172145Z/msmarco/chimera/targets090_095_chunks1-12_slots1_runs3.log,0,/scratch3/workspace/juelinliu_umass_edu-gpu-mvr/gpu-mvr/gpu-mvr/build/gpu_search --query /scratch3/workspace/juelinliu_umass_edu-gpu-mvr/gpu-mvr/dataset/msmarco/raw/query.bin --gt /scratch3/workspace/juelinliu_umass_edu-gpu-mvr/gpu-mvr/dataset/msmarco/raw/gt.tsv --index /scratch3/workspace/juelinliu_umass_edu-gpu-mvr/gpu-mvr/dataset/msmarco/gpu_mvr_2m --k 100 --nq -1 --warmup 5 --concurrent-queries 1 --config-file /scratch3/workspace/juelinliu_umass_edu-gpu-mvr/gpu-mvr/config/tmp/chimera_chunk_targets/20260429T172145Z/msmarco/chimera/targets090_095_chunks1-12_slots1_runs3.csv,,1,23189.356,,r095_q2_c11_run3,2.429,-1,32,5
chimera_chunk_targets,chimera,msmarco,0.95,q2,12,1,100,1,0.965774,0.951824,0.951824,290.510,3.442,3.430,3.705,3.791,3.979,9.868,0.239,,96,3200,320,160,12,gpu_search,/scratch3/workspace/juelinliu_umass_edu-gpu-mvr/gpu-mvr/profiling/chimera_chunk_targets/logs/20260429T172145Z/msmarco/chimera/targets090_095_chunks1-12_slots1_runs3.log,0,/scratch3/workspace/juelinliu_umass_edu-gpu-mvr/gpu-mvr/gpu-mvr/build/gpu_search --query /scratch3/workspace/juelinliu_umass_edu-gpu-mvr/gpu-mvr/dataset/msmarco/raw/query.bin --gt /scratch3/workspace/juelinliu_umass_edu-gpu-mvr/gpu-mvr/dataset/msmarco/raw/gt.tsv --index /scratch3/workspace/juelinliu_umass_edu-gpu-mvr/gpu-mvr/dataset/msmarco/gpu_mvr_2m --k 100 --nq -1 --warmup 5 --concurrent-queries 1 --config-file /scratch3/workspace/juelinliu_umass_edu-gpu-mvr/gpu-mvr/config/tmp/chimera_chunk_targets/20260429T172145Z/msmarco/chimera/targets090_095_chunks1-12_slots1_runs3.csv,,1,24026.688,,r095_q2_c12_run1,2.786,-1,32,5
chimera_chunk_targets,chimera,msmarco,0.95,q2,12,1,100,2,0.965774,0.951883,0.951883,288.125,3.470,3.453,3.720,3.803,4.016,9.850,0.280,,96,3200,320,160,12,gpu_search,/scratch3/workspace/juelinliu_umass_edu-gpu-mvr/gpu-mvr/profiling/chimera_chunk_targets/logs/20260429T172145Z/msmarco/chimera/targets090_095_chunks1-12_slots1_runs3.log,0,/scratch3/workspace/juelinliu_umass_edu-gpu-mvr/gpu-mvr/gpu-mvr/build/gpu_search --query /scratch3/workspace/juelinliu_umass_edu-gpu-mvr/gpu-mvr/dataset/msmarco/raw/query.bin --gt /scratch3/workspace/juelinliu_umass_edu-gpu-mvr/gpu-mvr/dataset/msmarco/raw/gt.tsv --index /scratch3/workspace/juelinliu_umass_edu-gpu-mvr/gpu-mvr/dataset/msmarco/gpu_mvr_2m --k 100 --nq -1 --warmup 5 --concurrent-queries 1 --config-file /scratch3/workspace/juelinliu_umass_edu-gpu-mvr/gpu-mvr/config/tmp/chimera_chunk_targets/20260429T172145Z/msmarco/chimera/targets090_095_chunks1-12_slots1_runs3.csv,,1,24225.567,,r095_q2_c12_run2,2.549,-1,32,5
chimera_chunk_targets,chimera,msmarco,0.95,q2,12,1,100,3,0.965759,0.951832,0.951832,285.518,3.502,3.476,3.746,3.838,4.087,16.286,0.367,18057.38,96,3200,320,160,12,gpu_search,/scratch3/workspace/juelinliu_umass_edu-gpu-mvr/gpu-mvr/profiling/chimera_chunk_targets/logs/20260429T172145Z/msmarco/chimera/targets090_095_chunks1-12_slots1_runs3.log,0,/scratch3/workspace/juelinliu_umass_edu-gpu-mvr/gpu-mvr/gpu-mvr/build/gpu_search --query /scratch3/workspace/juelinliu_umass_edu-gpu-mvr/gpu-mvr/dataset/msmarco/raw/query.bin --gt /scratch3/workspace/juelinliu_umass_edu-gpu-mvr/gpu-mvr/dataset/msmarco/raw/gt.tsv --index /scratch3/workspace/juelinliu_umass_edu-gpu-mvr/gpu-mvr/dataset/msmarco/gpu_mvr_2m --k 100 --nq -1 --warmup 5 --concurrent-queries 1 --config-file /scratch3/workspace/juelinliu_umass_edu-gpu-mvr/gpu-mvr/config/tmp/chimera_chunk_targets/20260429T172145Z/msmarco/chimera/targets090_095_chunks1-12_slots1_runs3.csv,,1,24446.830,18057.38,r095_q2_c12_run3,2.813,-1,32,5
chimera_chunk_targets,chimera,hotpot,0.90,q4,1,1,100,1,0.9443,0.91404,0.91404,325.045,3.072,2.987,3.364,3.470,3.852,10.342,0.621,,160,5000,500,224,1,gpu_search,/scratch3/workspace/juelinliu_umass_edu-gpu-mvr/gpu-mvr/profiling/chimera_chunk_targets/logs/20260429T172145Z/hotpot/chimera/targets090_095_chunks1-12_slots1_runs3.log,0,/scratch3/workspace/juelinliu_umass_edu-gpu-mvr/gpu-mvr/gpu-mvr/build/gpu_search --query /scratch3/workspace/juelinliu_umass_edu-gpu-mvr/gpu-mvr/dataset/hotpot/raw/query.bin --gt /scratch3/workspace/juelinliu_umass_edu-gpu-mvr/gpu-mvr/dataset/hotpot/raw/gt.tsv --index /scratch3/workspace/juelinliu_umass_edu-gpu-mvr/gpu-mvr/dataset/hotpot/gpu_mvr_2m --k 100 --nq -1 --warmup 5 --concurrent-queries 1 --config-file /scratch3/workspace/juelinliu_umass_edu-gpu-mvr/gpu-mvr/config/tmp/chimera_chunk_targets/20260429T172145Z/hotpot/chimera/targets090_095_chunks1-12_slots1_runs3.csv,,1,3076.500,,r090_q4_c1_run1,2.449,-1,32,5
chimera_chunk_targets,chimera,hotpot,0.90,q4,1,1,100,2,0.9442,0.91378,0.91378,334.474,2.988,2.897,3.233,3.324,6.541,12.897,0.739,,160,5000,500,224,1,gpu_search,/scratch3/workspace/juelinliu_umass_edu-gpu-mvr/gpu-mvr/profiling/chimera_chunk_targets/logs/20260429T172145Z/hotpot/chimera/targets090_095_chunks1-12_slots1_runs3.log,0,/scratch3/workspace/juelinliu_umass_edu-gpu-mvr/gpu-mvr/gpu-mvr/build/gpu_search --query /scratch3/workspace/juelinliu_umass_edu-gpu-mvr/gpu-mvr/dataset/hotpot/raw/query.bin --gt /scratch3/workspace/juelinliu_umass_edu-gpu-mvr/gpu-mvr/dataset/hotpot/raw/gt.tsv --index /scratch3/workspace/juelinliu_umass_edu-gpu-mvr/gpu-mvr/dataset/hotpot/gpu_mvr_2m --k 100 --nq -1 --warmup 5 --concurrent-queries 1 --config-file /scratch3/workspace/juelinliu_umass_edu-gpu-mvr/gpu-mvr/config/tmp/chimera_chunk_targets/20260429T172145Z/hotpot/chimera/targets090_095_chunks1-12_slots1_runs3.csv,,1,2989.766,,r090_q4_c1_run2,2.365,-1,32,5
chimera_chunk_targets,chimera,hotpot,0.90,q4,1,1,100,3,0.9444,0.91367,0.91367,342.030,2.923,2.878,3.199,3.287,3.694,12.151,0.491,,160,5000,500,224,1,gpu_search,/scratch3/workspace/juelinliu_umass_edu-gpu-mvr/gpu-mvr/profiling/chimera_chunk_targets/logs/20260429T172145Z/hotpot/chimera/targets090_095_chunks1-12_slots1_runs3.log,0,/scratch3/workspace/juelinliu_umass_edu-gpu-mvr/gpu-mvr/gpu-mvr/build/gpu_search --query /scratch3/workspace/juelinliu_umass_edu-gpu-mvr/gpu-mvr/dataset/hotpot/raw/query.bin --gt /scratch3/workspace/juelinliu_umass_edu-gpu-mvr/gpu-mvr/dataset/hotpot/raw/gt.tsv --index /scratch3/workspace/juelinliu_umass_edu-gpu-mvr/gpu-mvr/dataset/hotpot/gpu_mvr_2m --k 100 --nq -1 --warmup 5 --concurrent-queries 1 --config-file /scratch3/workspace/juelinliu_umass_edu-gpu-mvr/gpu-mvr/config/tmp/chimera_chunk_targets/20260429T172145Z/hotpot/chimera/targets090_095_chunks1-12_slots1_runs3.csv,,1,2923.717,,r090_q4_c1_run3,2.331,-1,32,5
chimera_chunk_targets,chimera,hotpot,0.90,q4,2,1,100,1,0.9442,0.91391,0.91391,365.927,2.732,2.681,2.973,3.058,3.302,14.690,0.606,,160,5000,500,224,2,gpu_search,/scratch3/workspace/juelinliu_umass_edu-gpu-mvr/gpu-mvr/profiling/chimera_chunk_targets/logs/20260429T172145Z/hotpot/chimera/targets090_095_chunks1-12_slots1_runs3.log,0,/scratch3/workspace/juelinliu_umass_edu-gpu-mvr/gpu-mvr/gpu-mvr/build/gpu_search --query /scratch3/workspace/juelinliu_umass_edu-gpu-mvr/gpu-mvr/dataset/hotpot/raw/query.bin --gt /scratch3/workspace/juelinliu_umass_edu-gpu-mvr/gpu-mvr/dataset/hotpot/raw/gt.tsv --index /scratch3/workspace/juelinliu_umass_edu-gpu-mvr/gpu-mvr/dataset/hotpot/gpu_mvr_2m --k 100 --nq -1 --warmup 5 --concurrent-queries 1 --config-file /scratch3/workspace/juelinliu_umass_edu-gpu-mvr/gpu-mvr/config/tmp/chimera_chunk_targets/20260429T172145Z/hotpot/chimera/targets090_095_chunks1-12_slots1_runs3.csv,,1,2732.784,,r090_q4_c2_run1,2.068,-1,32,5
chimera_chunk_targets,chimera,hotpot,0.90,q4,2,1,100,2,0.9442,0.91377,0.91377,351.391,2.845,2.698,3.018,3.105,6.402,18.328,1.296,,160,5000,500,224,2,gpu_search,/scratch3/workspace/juelinliu_umass_edu-gpu-mvr/gpu-mvr/profiling/chimera_chunk_targets/logs/20260429T172145Z/hotpot/chimera/targets090_095_chunks1-12_slots1_runs3.log,0,/scratch3/workspace/juelinliu_umass_edu-gpu-mvr/gpu-mvr/gpu-mvr/build/gpu_search --query /scratch3/workspace/juelinliu_umass_edu-gpu-mvr/gpu-mvr/dataset/hotpot/raw/query.bin --gt /scratch3/workspace/juelinliu_umass_edu-gpu-mvr/gpu-mvr/dataset/hotpot/raw/gt.tsv --index /scratch3/workspace/juelinliu_umass_edu-gpu-mvr/gpu-mvr/dataset/hotpot/gpu_mvr_2m --k 100 --nq -1 --warmup 5 --concurrent-queries 1 --config-file /scratch3/workspace/juelinliu_umass_edu-gpu-mvr/gpu-mvr/config/tmp/chimera_chunk_targets/20260429T172145Z/hotpot/chimera/targets090_095_chunks1-12_slots1_runs3.csv,,1,2845.834,,r090_q4_c2_run2,2.113,-1,32,5
chimera_chunk_targets,chimera,hotpot,0.90,q4,2,1,100,3,0.9443,0.91396,0.91396,372.126,2.687,2.653,2.953,3.046,3.272,6.329,0.289,,160,5000,500,224,2,gpu_search,/scratch3/workspace/juelinliu_umass_edu-gpu-mvr/gpu-mvr/profiling/chimera_chunk_targets/logs/20260429T172145Z/hotpot/chimera/targets090_095_chunks1-12_slots1_runs3.log,0,/scratch3/workspace/juelinliu_umass_edu-gpu-mvr/gpu-mvr/gpu-mvr/build/gpu_search --query /scratch3/workspace/juelinliu_umass_edu-gpu-mvr/gpu-mvr/dataset/hotpot/raw/query.bin --gt /scratch3/workspace/juelinliu_umass_edu-gpu-mvr/gpu-mvr/dataset/hotpot/raw/gt.tsv --index /scratch3/workspace/juelinliu_umass_edu-gpu-mvr/gpu-mvr/dataset/hotpot/gpu_mvr_2m --k 100 --nq -1 --warmup 5 --concurrent-queries 1 --config-file /scratch3/workspace/juelinliu_umass_edu-gpu-mvr/gpu-mvr/config/tmp/chimera_chunk_targets/20260429T172145Z/hotpot/chimera/targets090_095_chunks1-12_slots1_runs3.csv,,1,2687.265,,r090_q4_c2_run3,2.103,-1,32,5
chimera_chunk_targets,chimera,hotpot,0.90,q4,3,1,100,1,0.9442,0.91397,0.91397,373.021,2.680,2.654,2.926,3.002,3.192,6.256,0.246,,160,5000,500,224,3,gpu_search,/scratch3/workspace/juelinliu_umass_edu-gpu-mvr/gpu-mvr/profiling/chimera_chunk_targets/logs/20260429T172145Z/hotpot/chimera/targets090_095_chunks1-12_slots1_runs3.log,0,/scratch3/workspace/juelinliu_umass_edu-gpu-mvr/gpu-mvr/gpu-mvr/build/gpu_search --query /scratch3/workspace/juelinliu_umass_edu-gpu-mvr/gpu-mvr/dataset/hotpot/raw/query.bin --gt /scratch3/workspace/juelinliu_umass_edu-gpu-mvr/gpu-mvr/dataset/hotpot/raw/gt.tsv --index /scratch3/workspace/juelinliu_umass_edu-gpu-mvr/gpu-mvr/dataset/hotpot/gpu_mvr_2m --k 100 --nq -1 --warmup 5 --concurrent-queries 1 --config-file /scratch3/workspace/juelinliu_umass_edu-gpu-mvr/gpu-mvr/config/tmp/chimera_chunk_targets/20260429T172145Z/hotpot/chimera/targets090_095_chunks1-12_slots1_runs3.csv,,1,2680.814,,r090_q4_c3_run1,2.120,-1,32,5
chimera_chunk_targets,chimera,hotpot,0.90,q4,3,1,100,2,0.9443,0.91404,0.91404,370.110,2.701,2.669,2.945,3.021,3.232,6.499,0.286,,160,5000,500,224,3,gpu_search,/scratch3/workspace/juelinliu_umass_edu-gpu-mvr/gpu-mvr/profiling/chimera_chunk_targets/logs/20260429T172145Z/hotpot/chimera/targets090_095_chunks1-12_slots1_runs3.log,0,/scratch3/workspace/juelinliu_umass_edu-gpu-mvr/gpu-mvr/gpu-mvr/build/gpu_search --query /scratch3/workspace/juelinliu_umass_edu-gpu-mvr/gpu-mvr/dataset/hotpot/raw/query.bin --gt /scratch3/workspace/juelinliu_umass_edu-gpu-mvr/gpu-mvr/dataset/hotpot/raw/gt.tsv --index /scratch3/workspace/juelinliu_umass_edu-gpu-mvr/gpu-mvr/dataset/hotpot/gpu_mvr_2m --k 100 --nq -1 --warmup 5 --concurrent-queries 1 --config-file /scratch3/workspace/juelinliu_umass_edu-gpu-mvr/gpu-mvr/config/tmp/chimera_chunk_targets/20260429T172145Z/hotpot/chimera/targets090_095_chunks1-12_slots1_runs3.csv,,1,2701.898,,r090_q4_c3_run2,2.113,-1,32,5
chimera_chunk_targets,chimera,hotpot,0.90,q4,3,1,100,3,0.9441,0.914,0.914,379.831,2.632,2.594,2.861,2.946,3.212,6.739,0.317,,160,5000,500,224,3,gpu_search,/scratch3/workspace/juelinliu_umass_edu-gpu-mvr/gpu-mvr/profiling/chimera_chunk_targets/logs/20260429T172145Z/hotpot/chimera/targets090_095_chunks1-12_slots1_runs3.log,0,/scratch3/workspace/juelinliu_umass_edu-gpu-mvr/gpu-mvr/gpu-mvr/build/gpu_search --query /scratch3/workspace/juelinliu_umass_edu-gpu-mvr/gpu-mvr/dataset/hotpot/raw/query.bin --gt /scratch3/workspace/juelinliu_umass_edu-gpu-mvr/gpu-mvr/dataset/hotpot/raw/gt.tsv --index /scratch3/workspace/juelinliu_umass_edu-gpu-mvr/gpu-mvr/dataset/hotpot/gpu_mvr_2m --k 100 --nq -1 --warmup 5 --concurrent-queries 1 --config-file /scratch3/workspace/juelinliu_umass_edu-gpu-mvr/gpu-mvr/config/tmp/chimera_chunk_targets/20260429T172145Z/hotpot/chimera/targets090_095_chunks1-12_slots1_runs3.csv,,1,2632.751,,r090_q4_c3_run3,2.111,-1,32,5
chimera_chunk_targets,chimera,hotpot,0.90,q4,4,1,100,1,0.9442,0.91383,0.91383,360.647,2.772,2.716,2.996,3.092,5.435,7.054,0.402,,160,5000,500,224,4,gpu_search,/scratch3/workspace/juelinliu_umass_edu-gpu-mvr/gpu-mvr/profiling/chimera_chunk_targets/logs/20260429T172145Z/hotpot/chimera/targets090_095_chunks1-12_slots1_runs3.log,0,/scratch3/workspace/juelinliu_umass_edu-gpu-mvr/gpu-mvr/gpu-mvr/build/gpu_search --query /scratch3/workspace/juelinliu_umass_edu-gpu-mvr/gpu-mvr/dataset/hotpot/raw/query.bin --gt /scratch3/workspace/juelinliu_umass_edu-gpu-mvr/gpu-mvr/dataset/hotpot/raw/gt.tsv --index /scratch3/workspace/juelinliu_umass_edu-gpu-mvr/gpu-mvr/dataset/hotpot/gpu_mvr_2m --k 100 --nq -1 --warmup 5 --concurrent-queries 1 --config-file /scratch3/workspace/juelinliu_umass_edu-gpu-mvr/gpu-mvr/config/tmp/chimera_chunk_targets/20260429T172145Z/hotpot/chimera/targets090_095_chunks1-12_slots1_runs3.csv,,1,2772.796,,r090_q4_c4_run1,2.136,-1,32,5
chimera_chunk_targets,chimera,hotpot,0.90,q4,4,1,100,2,0.9443,0.91393,0.91393,366.782,2.726,2.686,2.955,3.053,3.370,6.897,0.323,,160,5000,500,224,4,gpu_search,/scratch3/workspace/juelinliu_umass_edu-gpu-mvr/gpu-mvr/profiling/chimera_chunk_targets/logs/20260429T172145Z/hotpot/chimera/targets090_095_chunks1-12_slots1_runs3.log,0,/scratch3/workspace/juelinliu_umass_edu-gpu-mvr/gpu-mvr/gpu-mvr/build/gpu_search --query /scratch3/workspace/juelinliu_umass_edu-gpu-mvr/gpu-mvr/dataset/hotpot/raw/query.bin --gt /scratch3/workspace/juelinliu_umass_edu-gpu-mvr/gpu-mvr/dataset/hotpot/raw/gt.tsv --index /scratch3/workspace/juelinliu_umass_edu-gpu-mvr/gpu-mvr/dataset/hotpot/gpu_mvr_2m --k 100 --nq -1 --warmup 5 --concurrent-queries 1 --config-file /scratch3/workspace/juelinliu_umass_edu-gpu-mvr/gpu-mvr/config/tmp/chimera_chunk_targets/20260429T172145Z/hotpot/chimera/targets090_095_chunks1-12_slots1_runs3.csv,,1,2726.414,,r090_q4_c4_run2,2.149,-1,32,5
chimera_chunk_targets,chimera,hotpot,0.90,q4,4,1,100,3,0.9441,0.91388,0.91388,364.027,2.747,2.711,2.981,3.069,3.314,6.745,0.316,,160,5000,500,224,4,gpu_search,/scratch3/workspace/juelinliu_umass_edu-gpu-mvr/gpu-mvr/profiling/chimera_chunk_targets/logs/20260429T172145Z/hotpot/chimera/targets090_095_chunks1-12_slots1_runs3.log,0,/scratch3/workspace/juelinliu_umass_edu-gpu-mvr/gpu-mvr/gpu-mvr/build/gpu_search --query /scratch3/workspace/juelinliu_umass_edu-gpu-mvr/gpu-mvr/dataset/hotpot/raw/query.bin --gt /scratch3/workspace/juelinliu_umass_edu-gpu-mvr/gpu-mvr/dataset/hotpot/raw/gt.tsv --index /scratch3/workspace/juelinliu_umass_edu-gpu-mvr/gpu-mvr/dataset/hotpot/gpu_mvr_2m --k 100 --nq -1 --warmup 5 --concurrent-queries 1 --config-file /scratch3/workspace/juelinliu_umass_edu-gpu-mvr/gpu-mvr/config/tmp/chimera_chunk_targets/20260429T172145Z/hotpot/chimera/targets090_095_chunks1-12_slots1_runs3.csv,,1,2747.046,,r090_q4_c4_run3,2.145,-1,32,5
chimera_chunk_targets,chimera,hotpot,0.90,q4,5,1,100,1,0.9443,0.91378,0.91378,337.912,2.959,2.862,3.175,3.316,5.541,14.276,0.792,,160,5000,500,224,5,gpu_search,/scratch3/workspace/juelinliu_umass_edu-gpu-mvr/gpu-mvr/profiling/chimera_chunk_targets/logs/20260429T172145Z/hotpot/chimera/targets090_095_chunks1-12_slots1_runs3.log,0,/scratch3/workspace/juelinliu_umass_edu-gpu-mvr/gpu-mvr/gpu-mvr/build/gpu_search --query /scratch3/workspace/juelinliu_umass_edu-gpu-mvr/gpu-mvr/dataset/hotpot/raw/query.bin --gt /scratch3/workspace/juelinliu_umass_edu-gpu-mvr/gpu-mvr/dataset/hotpot/raw/gt.tsv --index /scratch3/workspace/juelinliu_umass_edu-gpu-mvr/gpu-mvr/dataset/hotpot/gpu_mvr_2m --k 100 --nq -1 --warmup 5 --concurrent-queries 1 --config-file /scratch3/workspace/juelinliu_umass_edu-gpu-mvr/gpu-mvr/config/tmp/chimera_chunk_targets/20260429T172145Z/hotpot/chimera/targets090_095_chunks1-12_slots1_runs3.csv,,1,2959.351,,r090_q4_c5_run1,2.264,-1,32,5
chimera_chunk_targets,chimera,hotpot,0.90,q4,5,1,100,2,0.9444,0.91406,0.91406,343.334,2.912,2.854,3.156,3.251,5.945,8.518,0.454,,160,5000,500,224,5,gpu_search,/scratch3/workspace/juelinliu_umass_edu-gpu-mvr/gpu-mvr/profiling/chimera_chunk_targets/logs/20260429T172145Z/hotpot/chimera/targets090_095_chunks1-12_slots1_runs3.log,0,/scratch3/workspace/juelinliu_umass_edu-gpu-mvr/gpu-mvr/gpu-mvr/build/gpu_search --query /scratch3/workspace/juelinliu_umass_edu-gpu-mvr/gpu-mvr/dataset/hotpot/raw/query.bin --gt /scratch3/workspace/juelinliu_umass_edu-gpu-mvr/gpu-mvr/dataset/hotpot/raw/gt.tsv --index /scratch3/workspace/juelinliu_umass_edu-gpu-mvr/gpu-mvr/dataset/hotpot/gpu_mvr_2m --k 100 --nq -1 --warmup 5 --concurrent-queries 1 --config-file /scratch3/workspace/juelinliu_umass_edu-gpu-mvr/gpu-mvr/config/tmp/chimera_chunk_targets/20260429T172145Z/hotpot/chimera/targets090_095_chunks1-12_slots1_runs3.csv,,1,2912.617,,r090_q4_c5_run2,2.239,-1,32,5
chimera_chunk_targets,chimera,hotpot,0.90,q4,5,1,100,3,0.944,0.91371,0.91371,353.754,2.826,2.784,3.055,3.149,3.653,8.441,0.370,,160,5000,500,224,5,gpu_search,/scratch3/workspace/juelinliu_umass_edu-gpu-mvr/gpu-mvr/profiling/chimera_chunk_targets/logs/20260429T172145Z/hotpot/chimera/targets090_095_chunks1-12_slots1_runs3.log,0,/scratch3/workspace/juelinliu_umass_edu-gpu-mvr/gpu-mvr/gpu-mvr/build/gpu_search --query /scratch3/workspace/juelinliu_umass_edu-gpu-mvr/gpu-mvr/dataset/hotpot/raw/query.bin --gt /scratch3/workspace/juelinliu_umass_edu-gpu-mvr/gpu-mvr/dataset/hotpot/raw/gt.tsv --index /scratch3/workspace/juelinliu_umass_edu-gpu-mvr/gpu-mvr/dataset/hotpot/gpu_mvr_2m --k 100 --nq -1 --warmup 5 --concurrent-queries 1 --config-file /scratch3/workspace/juelinliu_umass_edu-gpu-mvr/gpu-mvr/config/tmp/chimera_chunk_targets/20260429T172145Z/hotpot/chimera/targets090_095_chunks1-12_slots1_runs3.csv,,1,2826.827,,r090_q4_c5_run3,2.224,-1,32,5
chimera_chunk_targets,chimera,hotpot,0.90,q4,6,1,100,1,0.9442,0.91379,0.91379,348.956,2.865,2.819,3.089,3.172,3.532,8.734,0.359,,160,5000,500,224,6,gpu_search,/scratch3/workspace/juelinliu_umass_edu-gpu-mvr/gpu-mvr/profiling/chimera_chunk_targets/logs/20260429T172145Z/hotpot/chimera/targets090_095_chunks1-12_slots1_runs3.log,0,/scratch3/workspace/juelinliu_umass_edu-gpu-mvr/gpu-mvr/gpu-mvr/build/gpu_search --query /scratch3/workspace/juelinliu_umass_edu-gpu-mvr/gpu-mvr/dataset/hotpot/raw/query.bin --gt /scratch3/workspace/juelinliu_umass_edu-gpu-mvr/gpu-mvr/dataset/hotpot/raw/gt.tsv --index /scratch3/workspace/juelinliu_umass_edu-gpu-mvr/gpu-mvr/dataset/hotpot/gpu_mvr_2m --k 100 --nq -1 --warmup 5 --concurrent-queries 1 --config-file /scratch3/workspace/juelinliu_umass_edu-gpu-mvr/gpu-mvr/config/tmp/chimera_chunk_targets/20260429T172145Z/hotpot/chimera/targets090_095_chunks1-12_slots1_runs3.csv,,1,2865.693,,r090_q4_c6_run1,2.334,-1,32,5
chimera_chunk_targets,chimera,hotpot,0.90,q4,6,1,100,2,0.9443,0.91383,0.91383,347.266,2.879,2.854,3.124,3.191,3.431,8.043,0.277,,160,5000,500,224,6,gpu_search,/scratch3/workspace/juelinliu_umass_edu-gpu-mvr/gpu-mvr/profiling/chimera_chunk_targets/logs/20260429T172145Z/hotpot/chimera/targets090_095_chunks1-12_slots1_runs3.log,0,/scratch3/workspace/juelinliu_umass_edu-gpu-mvr/gpu-mvr/gpu-mvr/build/gpu_search --query /scratch3/workspace/juelinliu_umass_edu-gpu-mvr/gpu-mvr/dataset/hotpot/raw/query.bin --gt /scratch3/workspace/juelinliu_umass_edu-gpu-mvr/gpu-mvr/dataset/hotpot/raw/gt.tsv --index /scratch3/workspace/juelinliu_umass_edu-gpu-mvr/gpu-mvr/dataset/hotpot/gpu_mvr_2m --k 100 --nq -1 --warmup 5 --concurrent-queries 1 --config-file /scratch3/workspace/juelinliu_umass_edu-gpu-mvr/gpu-mvr/config/tmp/chimera_chunk_targets/20260429T172145Z/hotpot/chimera/targets090_095_chunks1-12_slots1_runs3.csv,,1,2879.633,,r090_q4_c6_run2,2.329,-1,32,5
chimera_chunk_targets,chimera,hotpot,0.90,q4,6,1,100,3,0.9442,0.91376,0.91376,345.435,2.894,2.845,3.113,3.219,4.462,7.561,0.369,,160,5000,500,224,6,gpu_search,/scratch3/workspace/juelinliu_umass_edu-gpu-mvr/gpu-mvr/profiling/chimera_chunk_targets/logs/20260429T172145Z/hotpot/chimera/targets090_095_chunks1-12_slots1_runs3.log,0,/scratch3/workspace/juelinliu_umass_edu-gpu-mvr/gpu-mvr/gpu-mvr/build/gpu_search --query /scratch3/workspace/juelinliu_umass_edu-gpu-mvr/gpu-mvr/dataset/hotpot/raw/query.bin --gt /scratch3/workspace/juelinliu_umass_edu-gpu-mvr/gpu-mvr/dataset/hotpot/raw/gt.tsv --index /scratch3/workspace/juelinliu_umass_edu-gpu-mvr/gpu-mvr/dataset/hotpot/gpu_mvr_2m --k 100 --nq -1 --warmup 5 --concurrent-queries 1 --config-file /scratch3/workspace/juelinliu_umass_edu-gpu-mvr/gpu-mvr/config/tmp/chimera_chunk_targets/20260429T172145Z/hotpot/chimera/targets090_095_chunks1-12_slots1_runs3.csv,,1,2894.901,,r090_q4_c6_run3,2.288,-1,32,5
chimera_chunk_targets,chimera,hotpot,0.90,q4,7,1,100,1,0.9442,0.91391,0.91391,335.276,2.982,2.929,3.207,3.314,4.641,9.374,0.401,,160,5000,500,224,7,gpu_search,/scratch3/workspace/juelinliu_umass_edu-gpu-mvr/gpu-mvr/profiling/chimera_chunk_targets/logs/20260429T172145Z/hotpot/chimera/targets090_095_chunks1-12_slots1_runs3.log,0,/scratch3/workspace/juelinliu_umass_edu-gpu-mvr/gpu-mvr/gpu-mvr/build/gpu_search --query /scratch3/workspace/juelinliu_umass_edu-gpu-mvr/gpu-mvr/dataset/hotpot/raw/query.bin --gt /scratch3/workspace/juelinliu_umass_edu-gpu-mvr/gpu-mvr/dataset/hotpot/raw/gt.tsv --index /scratch3/workspace/juelinliu_umass_edu-gpu-mvr/gpu-mvr/dataset/hotpot/gpu_mvr_2m --k 100 --nq -1 --warmup 5 --concurrent-queries 1 --config-file /scratch3/workspace/juelinliu_umass_edu-gpu-mvr/gpu-mvr/config/tmp/chimera_chunk_targets/20260429T172145Z/hotpot/chimera/targets090_095_chunks1-12_slots1_runs3.csv,,1,2982.621,,r090_q4_c7_run1,2.367,-1,32,5
chimera_chunk_targets,chimera,hotpot,0.90,q4,7,1,100,2,0.9442,0.91394,0.91394,336.456,2.972,2.946,3.195,3.263,3.429,9.346,0.275,,160,5000,500,224,7,gpu_search,/scratch3/workspace/juelinliu_umass_edu-gpu-mvr/gpu-mvr/profiling/chimera_chunk_targets/logs/20260429T172145Z/hotpot/chimera/targets090_095_chunks1-12_slots1_runs3.log,0,/scratch3/workspace/juelinliu_umass_edu-gpu-mvr/gpu-mvr/gpu-mvr/build/gpu_search --query /scratch3/workspace/juelinliu_umass_edu-gpu-mvr/gpu-mvr/dataset/hotpot/raw/query.bin --gt /scratch3/workspace/juelinliu_umass_edu-gpu-mvr/gpu-mvr/dataset/hotpot/raw/gt.tsv --index /scratch3/workspace/juelinliu_umass_edu-gpu-mvr/gpu-mvr/dataset/hotpot/gpu_mvr_2m --k 100 --nq -1 --warmup 5 --concurrent-queries 1 --config-file /scratch3/workspace/juelinliu_umass_edu-gpu-mvr/gpu-mvr/config/tmp/chimera_chunk_targets/20260429T172145Z/hotpot/chimera/targets090_095_chunks1-12_slots1_runs3.csv,,1,2972.156,,r090_q4_c7_run2,2.408,-1,32,5
chimera_chunk_targets,chimera,hotpot,0.90,q4,7,1,100,3,0.9442,0.91401,0.91401,339.766,2.943,2.924,3.183,3.246,3.379,8.264,0.270,,160,5000,500,224,7,gpu_search,/scratch3/workspace/juelinliu_umass_edu-gpu-mvr/gpu-mvr/profiling/chimera_chunk_targets/logs/20260429T172145Z/hotpot/chimera/targets090_095_chunks1-12_slots1_runs3.log,0,/scratch3/workspace/juelinliu_umass_edu-gpu-mvr/gpu-mvr/gpu-mvr/build/gpu_search --query /scratch3/workspace/juelinliu_umass_edu-gpu-mvr/gpu-mvr/dataset/hotpot/raw/query.bin --gt /scratch3/workspace/juelinliu_umass_edu-gpu-mvr/gpu-mvr/dataset/hotpot/raw/gt.tsv --index /scratch3/workspace/juelinliu_umass_edu-gpu-mvr/gpu-mvr/dataset/hotpot/gpu_mvr_2m --k 100 --nq -1 --warmup 5 --concurrent-queries 1 --config-file /scratch3/workspace/juelinliu_umass_edu-gpu-mvr/gpu-mvr/config/tmp/chimera_chunk_targets/20260429T172145Z/hotpot/chimera/targets090_095_chunks1-12_slots1_runs3.csv,,1,2943.199,,r090_q4_c7_run3,2.366,-1,32,5
chimera_chunk_targets,chimera,hotpot,0.90,q4,8,1,100,1,0.9441,0.91382,0.91382,330.222,3.028,3.007,3.262,3.326,3.491,8.480,0.245,,160,5000,500,224,8,gpu_search,/scratch3/workspace/juelinliu_umass_edu-gpu-mvr/gpu-mvr/profiling/chimera_chunk_targets/logs/20260429T172145Z/hotpot/chimera/targets090_095_chunks1-12_slots1_runs3.log,0,/scratch3/workspace/juelinliu_umass_edu-gpu-mvr/gpu-mvr/gpu-mvr/build/gpu_search --query /scratch3/workspace/juelinliu_umass_edu-gpu-mvr/gpu-mvr/dataset/hotpot/raw/query.bin --gt /scratch3/workspace/juelinliu_umass_edu-gpu-mvr/gpu-mvr/dataset/hotpot/raw/gt.tsv --index /scratch3/workspace/juelinliu_umass_edu-gpu-mvr/gpu-mvr/dataset/hotpot/gpu_mvr_2m --k 100 --nq -1 --warmup 5 --concurrent-queries 1 --config-file /scratch3/workspace/juelinliu_umass_edu-gpu-mvr/gpu-mvr/config/tmp/chimera_chunk_targets/20260429T172145Z/hotpot/chimera/targets090_095_chunks1-12_slots1_runs3.csv,,1,3028.270,,r090_q4_c8_run1,2.487,-1,32,5
chimera_chunk_targets,chimera,hotpot,0.90,q4,8,1,100,2,0.9442,0.91389,0.91389,320.764,3.117,3.059,3.314,3.401,3.608,16.973,0.699,,160,5000,500,224,8,gpu_search,/scratch3/workspace/juelinliu_umass_edu-gpu-mvr/gpu-mvr/profiling/chimera_chunk_targets/logs/20260429T172145Z/hotpot/chimera/targets090_095_chunks1-12_slots1_runs3.log,0,/scratch3/workspace/juelinliu_umass_edu-gpu-mvr/gpu-mvr/gpu-mvr/build/gpu_search --query /scratch3/workspace/juelinliu_umass_edu-gpu-mvr/gpu-mvr/dataset/hotpot/raw/query.bin --gt /scratch3/workspace/juelinliu_umass_edu-gpu-mvr/gpu-mvr/dataset/hotpot/raw/gt.tsv --index /scratch3/workspace/juelinliu_umass_edu-gpu-mvr/gpu-mvr/dataset/hotpot/gpu_mvr_2m --k 100 --nq -1 --warmup 5 --concurrent-queries 1 --config-file /scratch3/workspace/juelinliu_umass_edu-gpu-mvr/gpu-mvr/config/tmp/chimera_chunk_targets/20260429T172145Z/hotpot/chimera/targets090_095_chunks1-12_slots1_runs3.csv,,1,3117.553,,r090_q4_c8_run2,2.577,-1,32,5
chimera_chunk_targets,chimera,hotpot,0.90,q4,8,1,100,3,0.9441,0.91367,0.91367,312.870,3.196,3.116,3.406,3.519,6.825,11.211,0.560,,160,5000,500,224,8,gpu_search,/scratch3/workspace/juelinliu_umass_edu-gpu-mvr/gpu-mvr/profiling/chimera_chunk_targets/logs/20260429T172145Z/hotpot/chimera/targets090_095_chunks1-12_slots1_runs3.log,0,/scratch3/workspace/juelinliu_umass_edu-gpu-mvr/gpu-mvr/gpu-mvr/build/gpu_search --query /scratch3/workspace/juelinliu_umass_edu-gpu-mvr/gpu-mvr/dataset/hotpot/raw/query.bin --gt /scratch3/workspace/juelinliu_umass_edu-gpu-mvr/gpu-mvr/dataset/hotpot/raw/gt.tsv --index /scratch3/workspace/juelinliu_umass_edu-gpu-mvr/gpu-mvr/dataset/hotpot/gpu_mvr_2m --k 100 --nq -1 --warmup 5 --concurrent-queries 1 --config-file /scratch3/workspace/juelinliu_umass_edu-gpu-mvr/gpu-mvr/config/tmp/chimera_chunk_targets/20260429T172145Z/hotpot/chimera/targets090_095_chunks1-12_slots1_runs3.csv,,1,3196.220,,r090_q4_c8_run3,2.562,-1,32,5
chimera_chunk_targets,chimera,hotpot,0.90,q4,9,1,100,1,0.9444,0.91389,0.91389,304.927,3.279,3.219,3.483,3.602,6.070,11.440,0.498,,160,5000,500,224,9,gpu_search,/scratch3/workspace/juelinliu_umass_edu-gpu-mvr/gpu-mvr/profiling/chimera_chunk_targets/logs/20260429T172145Z/hotpot/chimera/targets090_095_chunks1-12_slots1_runs3.log,0,/scratch3/workspace/juelinliu_umass_edu-gpu-mvr/gpu-mvr/gpu-mvr/build/gpu_search --query /scratch3/workspace/juelinliu_umass_edu-gpu-mvr/gpu-mvr/dataset/hotpot/raw/query.bin --gt /scratch3/workspace/juelinliu_umass_edu-gpu-mvr/gpu-mvr/dataset/hotpot/raw/gt.tsv --index /scratch3/workspace/juelinliu_umass_edu-gpu-mvr/gpu-mvr/dataset/hotpot/gpu_mvr_2m --k 100 --nq -1 --warmup 5 --concurrent-queries 1 --config-file /scratch3/workspace/juelinliu_umass_edu-gpu-mvr/gpu-mvr/config/tmp/chimera_chunk_targets/20260429T172145Z/hotpot/chimera/targets090_095_chunks1-12_slots1_runs3.csv,,1,3279.470,,r090_q4_c9_run1,2.642,-1,32,5
chimera_chunk_targets,chimera,hotpot,0.90,q4,9,1,100,2,0.9444,0.91393,0.91393,307.580,3.251,3.220,3.490,3.594,3.807,8.261,0.295,,160,5000,500,224,9,gpu_search,/scratch3/workspace/juelinliu_umass_edu-gpu-mvr/gpu-mvr/profiling/chimera_chunk_targets/logs/20260429T172145Z/hotpot/chimera/targets090_095_chunks1-12_slots1_runs3.log,0,/scratch3/workspace/juelinliu_umass_edu-gpu-mvr/gpu-mvr/gpu-mvr/build/gpu_search --query /scratch3/workspace/juelinliu_umass_edu-gpu-mvr/gpu-mvr/dataset/hotpot/raw/query.bin --gt /scratch3/workspace/juelinliu_umass_edu-gpu-mvr/gpu-mvr/dataset/hotpot/raw/gt.tsv --index /scratch3/workspace/juelinliu_umass_edu-gpu-mvr/gpu-mvr/dataset/hotpot/gpu_mvr_2m --k 100 --nq -1 --warmup 5 --concurrent-queries 1 --config-file /scratch3/workspace/juelinliu_umass_edu-gpu-mvr/gpu-mvr/config/tmp/chimera_chunk_targets/20260429T172145Z/hotpot/chimera/targets090_095_chunks1-12_slots1_runs3.csv,,1,3251.182,,r090_q4_c9_run2,2.699,-1,32,5
chimera_chunk_targets,chimera,hotpot,0.90,q4,9,1,100,3,0.9444,0.91385,0.91385,303.134,3.298,3.218,3.493,3.597,6.367,7.195,0.483,,160,5000,500,224,9,gpu_search,/scratch3/workspace/juelinliu_umass_edu-gpu-mvr/gpu-mvr/profiling/chimera_chunk_targets/logs/20260429T172145Z/hotpot/chimera/targets090_095_chunks1-12_slots1_runs3.log,0,/scratch3/workspace/juelinliu_umass_edu-gpu-mvr/gpu-mvr/gpu-mvr/build/gpu_search --query /scratch3/workspace/juelinliu_umass_edu-gpu-mvr/gpu-mvr/dataset/hotpot/raw/query.bin --gt /scratch3/workspace/juelinliu_umass_edu-gpu-mvr/gpu-mvr/dataset/hotpot/raw/gt.tsv --index /scratch3/workspace/juelinliu_umass_edu-gpu-mvr/gpu-mvr/dataset/hotpot/gpu_mvr_2m --k 100 --nq -1 --warmup 5 --concurrent-queries 1 --config-file /scratch3/workspace/juelinliu_umass_edu-gpu-mvr/gpu-mvr/config/tmp/chimera_chunk_targets/20260429T172145Z/hotpot/chimera/targets090_095_chunks1-12_slots1_runs3.csv,,1,3298.869,,r090_q4_c9_run3,2.702,-1,32,5
chimera_chunk_targets,chimera,hotpot,0.90,q4,10,1,100,1,0.9442,0.9139,0.9139,298.811,3.346,3.324,3.591,3.681,3.867,7.726,0.275,,160,5000,500,224,10,gpu_search,/scratch3/workspace/juelinliu_umass_edu-gpu-mvr/gpu-mvr/profiling/chimera_chunk_targets/logs/20260429T172145Z/hotpot/chimera/targets090_095_chunks1-12_slots1_runs3.log,0,/scratch3/workspace/juelinliu_umass_edu-gpu-mvr/gpu-mvr/gpu-mvr/build/gpu_search --query /scratch3/workspace/juelinliu_umass_edu-gpu-mvr/gpu-mvr/dataset/hotpot/raw/query.bin --gt /scratch3/workspace/juelinliu_umass_edu-gpu-mvr/gpu-mvr/dataset/hotpot/raw/gt.tsv --index /scratch3/workspace/juelinliu_umass_edu-gpu-mvr/gpu-mvr/dataset/hotpot/gpu_mvr_2m --k 100 --nq -1 --warmup 5 --concurrent-queries 1 --config-file /scratch3/workspace/juelinliu_umass_edu-gpu-mvr/gpu-mvr/config/tmp/chimera_chunk_targets/20260429T172145Z/hotpot/chimera/targets090_095_chunks1-12_slots1_runs3.csv,,1,3346.594,,r090_q4_c10_run1,2.658,-1,32,5
chimera_chunk_targets,chimera,hotpot,0.90,q4,10,1,100,2,0.9442,0.91378,0.91378,305.677,3.271,3.253,3.515,3.599,3.827,7.172,0.238,,160,5000,500,224,10,gpu_search,/scratch3/workspace/juelinliu_umass_edu-gpu-mvr/gpu-mvr/profiling/chimera_chunk_targets/logs/20260429T172145Z/hotpot/chimera/targets090_095_chunks1-12_slots1_runs3.log,0,/scratch3/workspace/juelinliu_umass_edu-gpu-mvr/gpu-mvr/gpu-mvr/build/gpu_search --query /scratch3/workspace/juelinliu_umass_edu-gpu-mvr/gpu-mvr/dataset/hotpot/raw/query.bin --gt /scratch3/workspace/juelinliu_umass_edu-gpu-mvr/gpu-mvr/dataset/hotpot/raw/gt.tsv --index /scratch3/workspace/juelinliu_umass_edu-gpu-mvr/gpu-mvr/dataset/hotpot/gpu_mvr_2m --k 100 --nq -1 --warmup 5 --concurrent-queries 1 --config-file /scratch3/workspace/juelinliu_umass_edu-gpu-mvr/gpu-mvr/config/tmp/chimera_chunk_targets/20260429T172145Z/hotpot/chimera/targets090_095_chunks1-12_slots1_runs3.csv,,1,3271.431,,r090_q4_c10_run2,2.604,-1,32,5
chimera_chunk_targets,chimera,hotpot,0.90,q4,10,1,100,3,0.9442,0.91391,0.91391,301.939,3.311,3.248,3.512,3.586,3.842,16.078,0.774,,160,5000,500,224,10,gpu_search,/scratch3/workspace/juelinliu_umass_edu-gpu-mvr/gpu-mvr/profiling/chimera_chunk_targets/logs/20260429T172145Z/hotpot/chimera/targets090_095_chunks1-12_slots1_runs3.log,0,/scratch3/workspace/juelinliu_umass_edu-gpu-mvr/gpu-mvr/gpu-mvr/build/gpu_search --query /scratch3/workspace/juelinliu_umass_edu-gpu-mvr/gpu-mvr/dataset/hotpot/raw/query.bin --gt /scratch3/workspace/juelinliu_umass_edu-gpu-mvr/gpu-mvr/dataset/hotpot/raw/gt.tsv --index /scratch3/workspace/juelinliu_umass_edu-gpu-mvr/gpu-mvr/dataset/hotpot/gpu_mvr_2m --k 100 --nq -1 --warmup 5 --concurrent-queries 1 --config-file /scratch3/workspace/juelinliu_umass_edu-gpu-mvr/gpu-mvr/config/tmp/chimera_chunk_targets/20260429T172145Z/hotpot/chimera/targets090_095_chunks1-12_slots1_runs3.csv,,1,3311.928,,r090_q4_c10_run3,2.649,-1,32,5
chimera_chunk_targets,chimera,hotpot,0.90,q4,11,1,100,1,0.9442,0.91396,0.91396,292.311,3.420,3.415,3.647,3.716,3.882,8.225,0.234,,160,5000,500,224,11,gpu_search,/scratch3/workspace/juelinliu_umass_edu-gpu-mvr/gpu-mvr/profiling/chimera_chunk_targets/logs/20260429T172145Z/hotpot/chimera/targets090_095_chunks1-12_slots1_runs3.log,0,/scratch3/workspace/juelinliu_umass_edu-gpu-mvr/gpu-mvr/gpu-mvr/build/gpu_search --query /scratch3/workspace/juelinliu_umass_edu-gpu-mvr/gpu-mvr/dataset/hotpot/raw/query.bin --gt /scratch3/workspace/juelinliu_umass_edu-gpu-mvr/gpu-mvr/dataset/hotpot/raw/gt.tsv --index /scratch3/workspace/juelinliu_umass_edu-gpu-mvr/gpu-mvr/dataset/hotpot/gpu_mvr_2m --k 100 --nq -1 --warmup 5 --concurrent-queries 1 --config-file /scratch3/workspace/juelinliu_umass_edu-gpu-mvr/gpu-mvr/config/tmp/chimera_chunk_targets/20260429T172145Z/hotpot/chimera/targets090_095_chunks1-12_slots1_runs3.csv,,1,3421.011,,r090_q4_c11_run1,2.892,-1,32,5
chimera_chunk_targets,chimera,hotpot,0.90,q4,11,1,100,2,0.9443,0.91389,0.91389,282.452,3.540,3.472,3.757,3.889,7.104,9.045,0.569,,160,5000,500,224,11,gpu_search,/scratch3/workspace/juelinliu_umass_edu-gpu-mvr/gpu-mvr/profiling/chimera_chunk_targets/logs/20260429T172145Z/hotpot/chimera/targets090_095_chunks1-12_slots1_runs3.log,0,/scratch3/workspace/juelinliu_umass_edu-gpu-mvr/gpu-mvr/gpu-mvr/build/gpu_search --query /scratch3/workspace/juelinliu_umass_edu-gpu-mvr/gpu-mvr/dataset/hotpot/raw/query.bin --gt /scratch3/workspace/juelinliu_umass_edu-gpu-mvr/gpu-mvr/dataset/hotpot/raw/gt.tsv --index /scratch3/workspace/juelinliu_umass_edu-gpu-mvr/gpu-mvr/dataset/hotpot/gpu_mvr_2m --k 100 --nq -1 --warmup 5 --concurrent-queries 1 --config-file /scratch3/workspace/juelinliu_umass_edu-gpu-mvr/gpu-mvr/config/tmp/chimera_chunk_targets/20260429T172145Z/hotpot/chimera/targets090_095_chunks1-12_slots1_runs3.csv,,1,3540.428,,r090_q4_c11_run2,2.741,-1,32,5
chimera_chunk_targets,chimera,hotpot,0.90,q4,11,1,100,3,0.9439,0.91386,0.91386,287.758,3.475,3.437,3.694,3.777,6.082,7.312,0.406,,160,5000,500,224,11,gpu_search,/scratch3/workspace/juelinliu_umass_edu-gpu-mvr/gpu-mvr/profiling/chimera_chunk_targets/logs/20260429T172145Z/hotpot/chimera/targets090_095_chunks1-12_slots1_runs3.log,0,/scratch3/workspace/juelinliu_umass_edu-gpu-mvr/gpu-mvr/gpu-mvr/build/gpu_search --query /scratch3/workspace/juelinliu_umass_edu-gpu-mvr/gpu-mvr/dataset/hotpot/raw/query.bin --gt /scratch3/workspace/juelinliu_umass_edu-gpu-mvr/gpu-mvr/dataset/hotpot/raw/gt.tsv --index /scratch3/workspace/juelinliu_umass_edu-gpu-mvr/gpu-mvr/dataset/hotpot/gpu_mvr_2m --k 100 --nq -1 --warmup 5 --concurrent-queries 1 --config-file /scratch3/workspace/juelinliu_umass_edu-gpu-mvr/gpu-mvr/config/tmp/chimera_chunk_targets/20260429T172145Z/hotpot/chimera/targets090_095_chunks1-12_slots1_runs3.csv,,1,3475.144,,r090_q4_c11_run3,2.736,-1,32,5
chimera_chunk_targets,chimera,hotpot,0.90,q4,12,1,100,1,0.944,0.91387,0.91387,281.489,3.552,3.513,3.794,3.884,5.562,7.657,0.424,,160,5000,500,224,12,gpu_search,/scratch3/workspace/juelinliu_umass_edu-gpu-mvr/gpu-mvr/profiling/chimera_chunk_targets/logs/20260429T172145Z/hotpot/chimera/targets090_095_chunks1-12_slots1_runs3.log,0,/scratch3/workspace/juelinliu_umass_edu-gpu-mvr/gpu-mvr/gpu-mvr/build/gpu_search --query /scratch3/workspace/juelinliu_umass_edu-gpu-mvr/gpu-mvr/dataset/hotpot/raw/query.bin --gt /scratch3/workspace/juelinliu_umass_edu-gpu-mvr/gpu-mvr/dataset/hotpot/raw/gt.tsv --index /scratch3/workspace/juelinliu_umass_edu-gpu-mvr/gpu-mvr/dataset/hotpot/gpu_mvr_2m --k 100 --nq -1 --warmup 5 --concurrent-queries 1 --config-file /scratch3/workspace/juelinliu_umass_edu-gpu-mvr/gpu-mvr/config/tmp/chimera_chunk_targets/20260429T172145Z/hotpot/chimera/targets090_095_chunks1-12_slots1_runs3.csv,,1,3552.541,,r090_q4_c12_run1,2.778,-1,32,5
chimera_chunk_targets,chimera,hotpot,0.90,q4,12,1,100,2,0.9443,0.91381,0.91381,279.946,3.572,3.540,3.803,3.893,5.212,7.419,0.364,,160,5000,500,224,12,gpu_search,/scratch3/workspace/juelinliu_umass_edu-gpu-mvr/gpu-mvr/profiling/chimera_chunk_targets/logs/20260429T172145Z/hotpot/chimera/targets090_095_chunks1-12_slots1_runs3.log,0,/scratch3/workspace/juelinliu_umass_edu-gpu-mvr/gpu-mvr/gpu-mvr/build/gpu_search --query /scratch3/workspace/juelinliu_umass_edu-gpu-mvr/gpu-mvr/dataset/hotpot/raw/query.bin --gt /scratch3/workspace/juelinliu_umass_edu-gpu-mvr/gpu-mvr/dataset/hotpot/raw/gt.tsv --index /scratch3/workspace/juelinliu_umass_edu-gpu-mvr/gpu-mvr/dataset/hotpot/gpu_mvr_2m --k 100 --nq -1 --warmup 5 --concurrent-queries 1 --config-file /scratch3/workspace/juelinliu_umass_edu-gpu-mvr/gpu-mvr/config/tmp/chimera_chunk_targets/20260429T172145Z/hotpot/chimera/targets090_095_chunks1-12_slots1_runs3.csv,,1,3572.115,,r090_q4_c12_run2,2.921,-1,32,5
chimera_chunk_targets,chimera,hotpot,0.90,q4,12,1,100,3,0.9441,0.91391,0.91391,279.260,3.580,3.549,3.827,3.949,4.711,9.102,0.360,,160,5000,500,224,12,gpu_search,/scratch3/workspace/juelinliu_umass_edu-gpu-mvr/gpu-mvr/profiling/chimera_chunk_targets/logs/20260429T172145Z/hotpot/chimera/targets090_095_chunks1-12_slots1_runs3.log,0,/scratch3/workspace/juelinliu_umass_edu-gpu-mvr/gpu-mvr/gpu-mvr/build/gpu_search --query /scratch3/workspace/juelinliu_umass_edu-gpu-mvr/gpu-mvr/dataset/hotpot/raw/query.bin --gt /scratch3/workspace/juelinliu_umass_edu-gpu-mvr/gpu-mvr/dataset/hotpot/raw/gt.tsv --index /scratch3/workspace/juelinliu_umass_edu-gpu-mvr/gpu-mvr/dataset/hotpot/gpu_mvr_2m --k 100 --nq -1 --warmup 5 --concurrent-queries 1 --config-file /scratch3/workspace/juelinliu_umass_edu-gpu-mvr/gpu-mvr/config/tmp/chimera_chunk_targets/20260429T172145Z/hotpot/chimera/targets090_095_chunks1-12_slots1_runs3.csv,,1,3580.893,,r090_q4_c12_run3,2.855,-1,32,5
chimera_chunk_targets,chimera,hotpot,0.95,q9,1,1,100,1,0.9495,0.9501,0.9501,107.087,9.338,9.182,10.192,10.616,15.611,22.361,1.372,,384,28000,1800,448,1,gpu_search,/scratch3/workspace/juelinliu_umass_edu-gpu-mvr/gpu-mvr/profiling/chimera_chunk_targets/logs/20260429T172145Z/hotpot/chimera/targets090_095_chunks1-12_slots1_runs3.log,0,/scratch3/workspace/juelinliu_umass_edu-gpu-mvr/gpu-mvr/gpu-mvr/build/gpu_search --query /scratch3/workspace/juelinliu_umass_edu-gpu-mvr/gpu-mvr/dataset/hotpot/raw/query.bin --gt /scratch3/workspace/juelinliu_umass_edu-gpu-mvr/gpu-mvr/dataset/hotpot/raw/gt.tsv --index /scratch3/workspace/juelinliu_umass_edu-gpu-mvr/gpu-mvr/dataset/hotpot/gpu_mvr_2m --k 100 --nq -1 --warmup 5 --concurrent-queries 1 --config-file /scratch3/workspace/juelinliu_umass_edu-gpu-mvr/gpu-mvr/config/tmp/chimera_chunk_targets/20260429T172145Z/hotpot/chimera/targets090_095_chunks1-12_slots1_runs3.csv,,1,9338.174,,r095_q9_c1_run1,6.764,-1,32,5
chimera_chunk_targets,chimera,hotpot,0.95,q9,1,1,100,2,0.9495,0.95012,0.95012,112.016,8.927,8.830,9.798,10.097,13.590,16.885,0.989,,384,28000,1800,448,1,gpu_search,/scratch3/workspace/juelinliu_umass_edu-gpu-mvr/gpu-mvr/profiling/chimera_chunk_targets/logs/20260429T172145Z/hotpot/chimera/targets090_095_chunks1-12_slots1_runs3.log,0,/scratch3/workspace/juelinliu_umass_edu-gpu-mvr/gpu-mvr/gpu-mvr/build/gpu_search --query /scratch3/workspace/juelinliu_umass_edu-gpu-mvr/gpu-mvr/dataset/hotpot/raw/query.bin --gt /scratch3/workspace/juelinliu_umass_edu-gpu-mvr/gpu-mvr/dataset/hotpot/raw/gt.tsv --index /scratch3/workspace/juelinliu_umass_edu-gpu-mvr/gpu-mvr/dataset/hotpot/gpu_mvr_2m --k 100 --nq -1 --warmup 5 --concurrent-queries 1 --config-file /scratch3/workspace/juelinliu_umass_edu-gpu-mvr/gpu-mvr/config/tmp/chimera_chunk_targets/20260429T172145Z/hotpot/chimera/targets090_095_chunks1-12_slots1_runs3.csv,,1,8927.324,,r095_q9_c1_run2,6.450,-1,32,5
chimera_chunk_targets,chimera,hotpot,0.95,q9,1,1,100,3,0.9495,0.95009,0.95009,113.010,8.848,8.815,9.726,9.942,10.976,16.498,0.870,,384,28000,1800,448,1,gpu_search,/scratch3/workspace/juelinliu_umass_edu-gpu-mvr/gpu-mvr/profiling/chimera_chunk_targets/logs/20260429T172145Z/hotpot/chimera/targets090_095_chunks1-12_slots1_runs3.log,0,/scratch3/workspace/juelinliu_umass_edu-gpu-mvr/gpu-mvr/gpu-mvr/build/gpu_search --query /scratch3/workspace/juelinliu_umass_edu-gpu-mvr/gpu-mvr/dataset/hotpot/raw/query.bin --gt /scratch3/workspace/juelinliu_umass_edu-gpu-mvr/gpu-mvr/dataset/hotpot/raw/gt.tsv --index /scratch3/workspace/juelinliu_umass_edu-gpu-mvr/gpu-mvr/dataset/hotpot/gpu_mvr_2m --k 100 --nq -1 --warmup 5 --concurrent-queries 1 --config-file /scratch3/workspace/juelinliu_umass_edu-gpu-mvr/gpu-mvr/config/tmp/chimera_chunk_targets/20260429T172145Z/hotpot/chimera/targets090_095_chunks1-12_slots1_runs3.csv,,1,8848.804,,r095_q9_c1_run3,6.326,-1,32,5
chimera_chunk_targets,chimera,hotpot,0.95,q9,2,1,100,1,0.9495,0.95009,0.95009,125.009,7.999,7.922,8.741,8.963,12.093,15.951,0.909,,384,28000,1800,448,2,gpu_search,/scratch3/workspace/juelinliu_umass_edu-gpu-mvr/gpu-mvr/profiling/chimera_chunk_targets/logs/20260429T172145Z/hotpot/chimera/targets090_095_chunks1-12_slots1_runs3.log,0,/scratch3/workspace/juelinliu_umass_edu-gpu-mvr/gpu-mvr/gpu-mvr/build/gpu_search --query /scratch3/workspace/juelinliu_umass_edu-gpu-mvr/gpu-mvr/dataset/hotpot/raw/query.bin --gt /scratch3/workspace/juelinliu_umass_edu-gpu-mvr/gpu-mvr/dataset/hotpot/raw/gt.tsv --index /scratch3/workspace/juelinliu_umass_edu-gpu-mvr/gpu-mvr/dataset/hotpot/gpu_mvr_2m --k 100 --nq -1 --warmup 5 --concurrent-queries 1 --config-file /scratch3/workspace/juelinliu_umass_edu-gpu-mvr/gpu-mvr/config/tmp/chimera_chunk_targets/20260429T172145Z/hotpot/chimera/targets090_095_chunks1-12_slots1_runs3.csv,,1,7999.453,,r095_q9_c2_run1,5.914,-1,32,5
chimera_chunk_targets,chimera,hotpot,0.95,q9,2,1,100,2,0.9495,0.95013,0.95013,126.521,7.903,7.898,8.679,8.893,9.283,9.713,0.600,,384,28000,1800,448,2,gpu_search,/scratch3/workspace/juelinliu_umass_edu-gpu-mvr/gpu-mvr/profiling/chimera_chunk_targets/logs/20260429T172145Z/hotpot/chimera/targets090_095_chunks1-12_slots1_runs3.log,0,/scratch3/workspace/juelinliu_umass_edu-gpu-mvr/gpu-mvr/gpu-mvr/build/gpu_search --query /scratch3/workspace/juelinliu_umass_edu-gpu-mvr/gpu-mvr/dataset/hotpot/raw/query.bin --gt /scratch3/workspace/juelinliu_umass_edu-gpu-mvr/gpu-mvr/dataset/hotpot/raw/gt.tsv --index /scratch3/workspace/juelinliu_umass_edu-gpu-mvr/gpu-mvr/dataset/hotpot/gpu_mvr_2m --k 100 --nq -1 --warmup 5 --concurrent-queries 1 --config-file /scratch3/workspace/juelinliu_umass_edu-gpu-mvr/gpu-mvr/config/tmp/chimera_chunk_targets/20260429T172145Z/hotpot/chimera/targets090_095_chunks1-12_slots1_runs3.csv,,1,7903.840,,r095_q9_c2_run2,5.747,-1,32,5
chimera_chunk_targets,chimera,hotpot,0.95,q9,2,1,100,3,0.9495,0.9501,0.9501,126.515,7.903,7.898,8.688,8.879,9.255,9.776,0.596,,384,28000,1800,448,2,gpu_search,/scratch3/workspace/juelinliu_umass_edu-gpu-mvr/gpu-mvr/profiling/chimera_chunk_targets/logs/20260429T172145Z/hotpot/chimera/targets090_095_chunks1-12_slots1_runs3.log,0,/scratch3/workspace/juelinliu_umass_edu-gpu-mvr/gpu-mvr/gpu-mvr/build/gpu_search --query /scratch3/workspace/juelinliu_umass_edu-gpu-mvr/gpu-mvr/dataset/hotpot/raw/query.bin --gt /scratch3/workspace/juelinliu_umass_edu-gpu-mvr/gpu-mvr/dataset/hotpot/raw/gt.tsv --index /scratch3/workspace/juelinliu_umass_edu-gpu-mvr/gpu-mvr/dataset/hotpot/gpu_mvr_2m --k 100 --nq -1 --warmup 5 --concurrent-queries 1 --config-file /scratch3/workspace/juelinliu_umass_edu-gpu-mvr/gpu-mvr/config/tmp/chimera_chunk_targets/20260429T172145Z/hotpot/chimera/targets090_095_chunks1-12_slots1_runs3.csv,,1,7904.228,,r095_q9_c2_run3,6.090,-1,32,5
chimera_chunk_targets,chimera,hotpot,0.95,q9,3,1,100,1,0.9495,0.95012,0.95012,132.143,7.567,7.532,8.293,8.482,8.964,10.531,0.573,,384,28000,1800,448,3,gpu_search,/scratch3/workspace/juelinliu_umass_edu-gpu-mvr/gpu-mvr/profiling/chimera_chunk_targets/logs/20260429T172145Z/hotpot/chimera/targets090_095_chunks1-12_slots1_runs3.log,0,/scratch3/workspace/juelinliu_umass_edu-gpu-mvr/gpu-mvr/gpu-mvr/build/gpu_search --query /scratch3/workspace/juelinliu_umass_edu-gpu-mvr/gpu-mvr/dataset/hotpot/raw/query.bin --gt /scratch3/workspace/juelinliu_umass_edu-gpu-mvr/gpu-mvr/dataset/hotpot/raw/gt.tsv --index /scratch3/workspace/juelinliu_umass_edu-gpu-mvr/gpu-mvr/dataset/hotpot/gpu_mvr_2m --k 100 --nq -1 --warmup 5 --concurrent-queries 1 --config-file /scratch3/workspace/juelinliu_umass_edu-gpu-mvr/gpu-mvr/config/tmp/chimera_chunk_targets/20260429T172145Z/hotpot/chimera/targets090_095_chunks1-12_slots1_runs3.csv,,1,7567.532,,r095_q9_c3_run1,5.755,-1,32,5
chimera_chunk_targets,chimera,hotpot,0.95,q9,3,1,100,2,0.9495,0.9501,0.9501,129.450,7.725,7.600,8.378,8.603,12.103,24.090,1.310,,384,28000,1800,448,3,gpu_search,/scratch3/workspace/juelinliu_umass_edu-gpu-mvr/gpu-mvr/profiling/chimera_chunk_targets/logs/20260429T172145Z/hotpot/chimera/targets090_095_chunks1-12_slots1_runs3.log,0,/scratch3/workspace/juelinliu_umass_edu-gpu-mvr/gpu-mvr/gpu-mvr/build/gpu_search --query /scratch3/workspace/juelinliu_umass_edu-gpu-mvr/gpu-mvr/dataset/hotpot/raw/query.bin --gt /scratch3/workspace/juelinliu_umass_edu-gpu-mvr/gpu-mvr/dataset/hotpot/raw/gt.tsv --index /scratch3/workspace/juelinliu_umass_edu-gpu-mvr/gpu-mvr/dataset/hotpot/gpu_mvr_2m --k 100 --nq -1 --warmup 5 --concurrent-queries 1 --config-file /scratch3/workspace/juelinliu_umass_edu-gpu-mvr/gpu-mvr/config/tmp/chimera_chunk_targets/20260429T172145Z/hotpot/chimera/targets090_095_chunks1-12_slots1_runs3.csv,,1,7725.013,,r095_q9_c3_run2,5.803,-1,32,5
chimera_chunk_targets,chimera,hotpot,0.95,q9,3,1,100,3,0.9495,0.95011,0.95011,131.272,7.617,7.556,8.337,8.547,9.534,15.332,0.762,,384,28000,1800,448,3,gpu_search,/scratch3/workspace/juelinliu_umass_edu-gpu-mvr/gpu-mvr/profiling/chimera_chunk_targets/logs/20260429T172145Z/hotpot/chimera/targets090_095_chunks1-12_slots1_runs3.log,0,/scratch3/workspace/juelinliu_umass_edu-gpu-mvr/gpu-mvr/gpu-mvr/build/gpu_search --query /scratch3/workspace/juelinliu_umass_edu-gpu-mvr/gpu-mvr/dataset/hotpot/raw/query.bin --gt /scratch3/workspace/juelinliu_umass_edu-gpu-mvr/gpu-mvr/dataset/hotpot/raw/gt.tsv --index /scratch3/workspace/juelinliu_umass_edu-gpu-mvr/gpu-mvr/dataset/hotpot/gpu_mvr_2m --k 100 --nq -1 --warmup 5 --concurrent-queries 1 --config-file /scratch3/workspace/juelinliu_umass_edu-gpu-mvr/gpu-mvr/config/tmp/chimera_chunk_targets/20260429T172145Z/hotpot/chimera/targets090_095_chunks1-12_slots1_runs3.csv,,1,7617.760,,r095_q9_c3_run3,5.685,-1,32,5
chimera_chunk_targets,chimera,hotpot,0.95,q9,4,1,100,1,0.9495,0.9501,0.9501,132.697,7.536,7.437,8.193,8.419,13.142,15.263,0.932,,384,28000,1800,448,4,gpu_search,/scratch3/workspace/juelinliu_umass_edu-gpu-mvr/gpu-mvr/profiling/chimera_chunk_targets/logs/20260429T172145Z/hotpot/chimera/targets090_095_chunks1-12_slots1_runs3.log,0,/scratch3/workspace/juelinliu_umass_edu-gpu-mvr/gpu-mvr/gpu-mvr/build/gpu_search --query /scratch3/workspace/juelinliu_umass_edu-gpu-mvr/gpu-mvr/dataset/hotpot/raw/query.bin --gt /scratch3/workspace/juelinliu_umass_edu-gpu-mvr/gpu-mvr/dataset/hotpot/raw/gt.tsv --index /scratch3/workspace/juelinliu_umass_edu-gpu-mvr/gpu-mvr/dataset/hotpot/gpu_mvr_2m --k 100 --nq -1 --warmup 5 --concurrent-queries 1 --config-file /scratch3/workspace/juelinliu_umass_edu-gpu-mvr/gpu-mvr/config/tmp/chimera_chunk_targets/20260429T172145Z/hotpot/chimera/targets090_095_chunks1-12_slots1_runs3.csv,,1,7535.958,,r095_q9_c4_run1,5.809,-1,32,5
chimera_chunk_targets,chimera,hotpot,0.95,q9,4,1,100,2,0.9495,0.95009,0.95009,133.391,7.496,7.429,8.199,8.377,9.930,14.160,0.768,,384,28000,1800,448,4,gpu_search,/scratch3/workspace/juelinliu_umass_edu-gpu-mvr/gpu-mvr/profiling/chimera_chunk_targets/logs/20260429T172145Z/hotpot/chimera/targets090_095_chunks1-12_slots1_runs3.log,0,/scratch3/workspace/juelinliu_umass_edu-gpu-mvr/gpu-mvr/gpu-mvr/build/gpu_search --query /scratch3/workspace/juelinliu_umass_edu-gpu-mvr/gpu-mvr/dataset/hotpot/raw/query.bin --gt /scratch3/workspace/juelinliu_umass_edu-gpu-mvr/gpu-mvr/dataset/hotpot/raw/gt.tsv --index /scratch3/workspace/juelinliu_umass_edu-gpu-mvr/gpu-mvr/dataset/hotpot/gpu_mvr_2m --k 100 --nq -1 --warmup 5 --concurrent-queries 1 --config-file /scratch3/workspace/juelinliu_umass_edu-gpu-mvr/gpu-mvr/config/tmp/chimera_chunk_targets/20260429T172145Z/hotpot/chimera/targets090_095_chunks1-12_slots1_runs3.csv,,1,7496.778,,r095_q9_c4_run2,5.715,-1,32,5
chimera_chunk_targets,chimera,hotpot,0.95,q9,4,1,100,3,0.9495,0.95013,0.95013,133.346,7.499,7.433,8.174,8.374,9.983,14.858,0.832,,384,28000,1800,448,4,gpu_search,/scratch3/workspace/juelinliu_umass_edu-gpu-mvr/gpu-mvr/profiling/chimera_chunk_targets/logs/20260429T172145Z/hotpot/chimera/targets090_095_chunks1-12_slots1_runs3.log,0,/scratch3/workspace/juelinliu_umass_edu-gpu-mvr/gpu-mvr/gpu-mvr/build/gpu_search --query /scratch3/workspace/juelinliu_umass_edu-gpu-mvr/gpu-mvr/dataset/hotpot/raw/query.bin --gt /scratch3/workspace/juelinliu_umass_edu-gpu-mvr/gpu-mvr/dataset/hotpot/raw/gt.tsv --index /scratch3/workspace/juelinliu_umass_edu-gpu-mvr/gpu-mvr/dataset/hotpot/gpu_mvr_2m --k 100 --nq -1 --warmup 5 --concurrent-queries 1 --config-file /scratch3/workspace/juelinliu_umass_edu-gpu-mvr/gpu-mvr/config/tmp/chimera_chunk_targets/20260429T172145Z/hotpot/chimera/targets090_095_chunks1-12_slots1_runs3.csv,,1,7499.264,,r095_q9_c4_run3,5.687,-1,32,5
chimera_chunk_targets,chimera,hotpot,0.95,q9,5,1,100,1,0.9495,0.95011,0.95011,135.134,7.400,7.370,8.105,8.245,8.742,13.837,0.638,,384,28000,1800,448,5,gpu_search,/scratch3/workspace/juelinliu_umass_edu-gpu-mvr/gpu-mvr/profiling/chimera_chunk_targets/logs/20260429T172145Z/hotpot/chimera/targets090_095_chunks1-12_slots1_runs3.log,0,/scratch3/workspace/juelinliu_umass_edu-gpu-mvr/gpu-mvr/gpu-mvr/build/gpu_search --query /scratch3/workspace/juelinliu_umass_edu-gpu-mvr/gpu-mvr/dataset/hotpot/raw/query.bin --gt /scratch3/workspace/juelinliu_umass_edu-gpu-mvr/gpu-mvr/dataset/hotpot/raw/gt.tsv --index /scratch3/workspace/juelinliu_umass_edu-gpu-mvr/gpu-mvr/dataset/hotpot/gpu_mvr_2m --k 100 --nq -1 --warmup 5 --concurrent-queries 1 --config-file /scratch3/workspace/juelinliu_umass_edu-gpu-mvr/gpu-mvr/config/tmp/chimera_chunk_targets/20260429T172145Z/hotpot/chimera/targets090_095_chunks1-12_slots1_runs3.csv,,1,7400.070,,r095_q9_c5_run1,5.721,-1,32,5
chimera_chunk_targets,chimera,hotpot,0.95,q9,5,1,100,2,0.9495,0.9501,0.9501,135.782,7.364,7.342,8.078,8.222,8.684,10.288,0.543,,384,28000,1800,448,5,gpu_search,/scratch3/workspace/juelinliu_umass_edu-gpu-mvr/gpu-mvr/profiling/chimera_chunk_targets/logs/20260429T172145Z/hotpot/chimera/targets090_095_chunks1-12_slots1_runs3.log,0,/scratch3/workspace/juelinliu_umass_edu-gpu-mvr/gpu-mvr/gpu-mvr/build/gpu_search --query /scratch3/workspace/juelinliu_umass_edu-gpu-mvr/gpu-mvr/dataset/hotpot/raw/query.bin --gt /scratch3/workspace/juelinliu_umass_edu-gpu-mvr/gpu-mvr/dataset/hotpot/raw/gt.tsv --index /scratch3/workspace/juelinliu_umass_edu-gpu-mvr/gpu-mvr/dataset/hotpot/gpu_mvr_2m --k 100 --nq -1 --warmup 5 --concurrent-queries 1 --config-file /scratch3/workspace/juelinliu_umass_edu-gpu-mvr/gpu-mvr/config/tmp/chimera_chunk_targets/20260429T172145Z/hotpot/chimera/targets090_095_chunks1-12_slots1_runs3.csv,,1,7364.740,,r095_q9_c5_run2,5.615,-1,32,5
chimera_chunk_targets,chimera,hotpot,0.95,q9,5,1,100,3,0.9495,0.95014,0.95014,135.851,7.361,7.352,8.067,8.200,8.607,9.584,0.530,,384,28000,1800,448,5,gpu_search,/scratch3/workspace/juelinliu_umass_edu-gpu-mvr/gpu-mvr/profiling/chimera_chunk_targets/logs/20260429T172145Z/hotpot/chimera/targets090_095_chunks1-12_slots1_runs3.log,0,/scratch3/workspace/juelinliu_umass_edu-gpu-mvr/gpu-mvr/gpu-mvr/build/gpu_search --query /scratch3/workspace/juelinliu_umass_edu-gpu-mvr/gpu-mvr/dataset/hotpot/raw/query.bin --gt /scratch3/workspace/juelinliu_umass_edu-gpu-mvr/gpu-mvr/dataset/hotpot/raw/gt.tsv --index /scratch3/workspace/juelinliu_umass_edu-gpu-mvr/gpu-mvr/dataset/hotpot/gpu_mvr_2m --k 100 --nq -1 --warmup 5 --concurrent-queries 1 --config-file /scratch3/workspace/juelinliu_umass_edu-gpu-mvr/gpu-mvr/config/tmp/chimera_chunk_targets/20260429T172145Z/hotpot/chimera/targets090_095_chunks1-12_slots1_runs3.csv,,1,7361.008,,r095_q9_c5_run3,5.689,-1,32,5
chimera_chunk_targets,chimera,hotpot,0.95,q9,6,1,100,1,0.9495,0.95012,0.95012,136.136,7.345,7.318,8.027,8.177,8.634,17.638,0.621,,384,28000,1800,448,6,gpu_search,/scratch3/workspace/juelinliu_umass_edu-gpu-mvr/gpu-mvr/profiling/chimera_chunk_targets/logs/20260429T172145Z/hotpot/chimera/targets090_095_chunks1-12_slots1_runs3.log,0,/scratch3/workspace/juelinliu_umass_edu-gpu-mvr/gpu-mvr/gpu-mvr/build/gpu_search --query /scratch3/workspace/juelinliu_umass_edu-gpu-mvr/gpu-mvr/dataset/hotpot/raw/query.bin --gt /scratch3/workspace/juelinliu_umass_edu-gpu-mvr/gpu-mvr/dataset/hotpot/raw/gt.tsv --index /scratch3/workspace/juelinliu_umass_edu-gpu-mvr/gpu-mvr/dataset/hotpot/gpu_mvr_2m --k 100 --nq -1 --warmup 5 --concurrent-queries 1 --config-file /scratch3/workspace/juelinliu_umass_edu-gpu-mvr/gpu-mvr/config/tmp/chimera_chunk_targets/20260429T172145Z/hotpot/chimera/targets090_095_chunks1-12_slots1_runs3.csv,,1,7345.587,,r095_q9_c6_run1,5.807,-1,32,5
chimera_chunk_targets,chimera,hotpot,0.95,q9,6,1,100,2,0.9495,0.9501,0.9501,135.626,7.373,7.327,8.039,8.205,8.734,16.080,0.715,,384,28000,1800,448,6,gpu_search,/scratch3/workspace/juelinliu_umass_edu-gpu-mvr/gpu-mvr/profiling/chimera_chunk_targets/logs/20260429T172145Z/hotpot/chimera/targets090_095_chunks1-12_slots1_runs3.log,0,/scratch3/workspace/juelinliu_umass_edu-gpu-mvr/gpu-mvr/gpu-mvr/build/gpu_search --query /scratch3/workspace/juelinliu_umass_edu-gpu-mvr/gpu-mvr/dataset/hotpot/raw/query.bin --gt /scratch3/workspace/juelinliu_umass_edu-gpu-mvr/gpu-mvr/dataset/hotpot/raw/gt.tsv --index /scratch3/workspace/juelinliu_umass_edu-gpu-mvr/gpu-mvr/dataset/hotpot/gpu_mvr_2m --k 100 --nq -1 --warmup 5 --concurrent-queries 1 --config-file /scratch3/workspace/juelinliu_umass_edu-gpu-mvr/gpu-mvr/config/tmp/chimera_chunk_targets/20260429T172145Z/hotpot/chimera/targets090_095_chunks1-12_slots1_runs3.csv,,1,7373.213,,r095_q9_c6_run2,5.815,-1,32,5
chimera_chunk_targets,chimera,hotpot,0.95,q9,6,1,100,3,0.9495,0.9501,0.9501,134.278,7.447,7.342,8.074,8.278,14.072,16.255,1.020,,384,28000,1800,448,6,gpu_search,/scratch3/workspace/juelinliu_umass_edu-gpu-mvr/gpu-mvr/profiling/chimera_chunk_targets/logs/20260429T172145Z/hotpot/chimera/targets090_095_chunks1-12_slots1_runs3.log,0,/scratch3/workspace/juelinliu_umass_edu-gpu-mvr/gpu-mvr/gpu-mvr/build/gpu_search --query /scratch3/workspace/juelinliu_umass_edu-gpu-mvr/gpu-mvr/dataset/hotpot/raw/query.bin --gt /scratch3/workspace/juelinliu_umass_edu-gpu-mvr/gpu-mvr/dataset/hotpot/raw/gt.tsv --index /scratch3/workspace/juelinliu_umass_edu-gpu-mvr/gpu-mvr/dataset/hotpot/gpu_mvr_2m --k 100 --nq -1 --warmup 5 --concurrent-queries 1 --config-file /scratch3/workspace/juelinliu_umass_edu-gpu-mvr/gpu-mvr/config/tmp/chimera_chunk_targets/20260429T172145Z/hotpot/chimera/targets090_095_chunks1-12_slots1_runs3.csv,,1,7447.226,,r095_q9_c6_run3,5.805,-1,32,5
chimera_chunk_targets,chimera,hotpot,0.95,q9,7,1,100,1,0.9495,0.95014,0.95014,134.653,7.426,7.334,8.069,8.226,11.392,14.797,0.863,,384,28000,1800,448,7,gpu_search,/scratch3/workspace/juelinliu_umass_edu-gpu-mvr/gpu-mvr/profiling/chimera_chunk_targets/logs/20260429T172145Z/hotpot/chimera/targets090_095_chunks1-12_slots1_runs3.log,0,/scratch3/workspace/juelinliu_umass_edu-gpu-mvr/gpu-mvr/gpu-mvr/build/gpu_search --query /scratch3/workspace/juelinliu_umass_edu-gpu-mvr/gpu-mvr/dataset/hotpot/raw/query.bin --gt /scratch3/workspace/juelinliu_umass_edu-gpu-mvr/gpu-mvr/dataset/hotpot/raw/gt.tsv --index /scratch3/workspace/juelinliu_umass_edu-gpu-mvr/gpu-mvr/dataset/hotpot/gpu_mvr_2m --k 100 --nq -1 --warmup 5 --concurrent-queries 1 --config-file /scratch3/workspace/juelinliu_umass_edu-gpu-mvr/gpu-mvr/config/tmp/chimera_chunk_targets/20260429T172145Z/hotpot/chimera/targets090_095_chunks1-12_slots1_runs3.csv,,1,7426.487,,r095_q9_c7_run1,5.864,-1,32,5
chimera_chunk_targets,chimera,hotpot,0.95,q9,7,1,100,2,0.9495,0.95011,0.95011,135.854,7.360,7.315,8.012,8.175,8.993,14.671,0.657,,384,28000,1800,448,7,gpu_search,/scratch3/workspace/juelinliu_umass_edu-gpu-mvr/gpu-mvr/profiling/chimera_chunk_targets/logs/20260429T172145Z/hotpot/chimera/targets090_095_chunks1-12_slots1_runs3.log,0,/scratch3/workspace/juelinliu_umass_edu-gpu-mvr/gpu-mvr/gpu-mvr/build/gpu_search --query /scratch3/workspace/juelinliu_umass_edu-gpu-mvr/gpu-mvr/dataset/hotpot/raw/query.bin --gt /scratch3/workspace/juelinliu_umass_edu-gpu-mvr/gpu-mvr/dataset/hotpot/raw/gt.tsv --index /scratch3/workspace/juelinliu_umass_edu-gpu-mvr/gpu-mvr/dataset/hotpot/gpu_mvr_2m --k 100 --nq -1 --warmup 5 --concurrent-queries 1 --config-file /scratch3/workspace/juelinliu_umass_edu-gpu-mvr/gpu-mvr/config/tmp/chimera_chunk_targets/20260429T172145Z/hotpot/chimera/targets090_095_chunks1-12_slots1_runs3.csv,,1,7360.819,,r095_q9_c7_run2,5.773,-1,32,5
chimera_chunk_targets,chimera,hotpot,0.95,q9,7,1,100,3,0.9495,0.95015,0.95015,134.942,7.410,7.330,8.042,8.191,12.040,13.494,0.792,,384,28000,1800,448,7,gpu_search,/scratch3/workspace/juelinliu_umass_edu-gpu-mvr/gpu-mvr/profiling/chimera_chunk_targets/logs/20260429T172145Z/hotpot/chimera/targets090_095_chunks1-12_slots1_runs3.log,0,/scratch3/workspace/juelinliu_umass_edu-gpu-mvr/gpu-mvr/gpu-mvr/build/gpu_search --query /scratch3/workspace/juelinliu_umass_edu-gpu-mvr/gpu-mvr/dataset/hotpot/raw/query.bin --gt /scratch3/workspace/juelinliu_umass_edu-gpu-mvr/gpu-mvr/dataset/hotpot/raw/gt.tsv --index /scratch3/workspace/juelinliu_umass_edu-gpu-mvr/gpu-mvr/dataset/hotpot/gpu_mvr_2m --k 100 --nq -1 --warmup 5 --concurrent-queries 1 --config-file /scratch3/workspace/juelinliu_umass_edu-gpu-mvr/gpu-mvr/config/tmp/chimera_chunk_targets/20260429T172145Z/hotpot/chimera/targets090_095_chunks1-12_slots1_runs3.csv,,1,7410.569,,r095_q9_c7_run3,5.845,-1,32,5
chimera_chunk_targets,chimera,hotpot,0.95,q9,8,1,100,1,0.9495,0.95011,0.95011,135.678,7.369,7.331,8.026,8.182,8.980,13.868,0.613,,384,28000,1800,448,8,gpu_search,/scratch3/workspace/juelinliu_umass_edu-gpu-mvr/gpu-mvr/profiling/chimera_chunk_targets/logs/20260429T172145Z/hotpot/chimera/targets090_095_chunks1-12_slots1_runs3.log,0,/scratch3/workspace/juelinliu_umass_edu-gpu-mvr/gpu-mvr/gpu-mvr/build/gpu_search --query /scratch3/workspace/juelinliu_umass_edu-gpu-mvr/gpu-mvr/dataset/hotpot/raw/query.bin --gt /scratch3/workspace/juelinliu_umass_edu-gpu-mvr/gpu-mvr/dataset/hotpot/raw/gt.tsv --index /scratch3/workspace/juelinliu_umass_edu-gpu-mvr/gpu-mvr/dataset/hotpot/gpu_mvr_2m --k 100 --nq -1 --warmup 5 --concurrent-queries 1 --config-file /scratch3/workspace/juelinliu_umass_edu-gpu-mvr/gpu-mvr/config/tmp/chimera_chunk_targets/20260429T172145Z/hotpot/chimera/targets090_095_chunks1-12_slots1_runs3.csv,,1,7370.366,,r095_q9_c8_run1,5.856,-1,32,5
chimera_chunk_targets,chimera,hotpot,0.95,q9,8,1,100,2,0.9495,0.95011,0.95011,135.866,7.360,7.316,8.034,8.175,8.943,13.894,0.584,,384,28000,1800,448,8,gpu_search,/scratch3/workspace/juelinliu_umass_edu-gpu-mvr/gpu-mvr/profiling/chimera_chunk_targets/logs/20260429T172145Z/hotpot/chimera/targets090_095_chunks1-12_slots1_runs3.log,0,/scratch3/workspace/juelinliu_umass_edu-gpu-mvr/gpu-mvr/gpu-mvr/build/gpu_search --query /scratch3/workspace/juelinliu_umass_edu-gpu-mvr/gpu-mvr/dataset/hotpot/raw/query.bin --gt /scratch3/workspace/juelinliu_umass_edu-gpu-mvr/gpu-mvr/dataset/hotpot/raw/gt.tsv --index /scratch3/workspace/juelinliu_umass_edu-gpu-mvr/gpu-mvr/dataset/hotpot/gpu_mvr_2m --k 100 --nq -1 --warmup 5 --concurrent-queries 1 --config-file /scratch3/workspace/juelinliu_umass_edu-gpu-mvr/gpu-mvr/config/tmp/chimera_chunk_targets/20260429T172145Z/hotpot/chimera/targets090_095_chunks1-12_slots1_runs3.csv,,1,7360.175,,r095_q9_c8_run2,5.870,-1,32,5
chimera_chunk_targets,chimera,hotpot,0.95,q9,8,1,100,3,0.9495,0.95009,0.95009,136.493,7.325,7.309,8.004,8.148,8.590,10.244,0.515,,384,28000,1800,448,8,gpu_search,/scratch3/workspace/juelinliu_umass_edu-gpu-mvr/gpu-mvr/profiling/chimera_chunk_targets/logs/20260429T172145Z/hotpot/chimera/targets090_095_chunks1-12_slots1_runs3.log,0,/scratch3/workspace/juelinliu_umass_edu-gpu-mvr/gpu-mvr/gpu-mvr/build/gpu_search --query /scratch3/workspace/juelinliu_umass_edu-gpu-mvr/gpu-mvr/dataset/hotpot/raw/query.bin --gt /scratch3/workspace/juelinliu_umass_edu-gpu-mvr/gpu-mvr/dataset/hotpot/raw/gt.tsv --index /scratch3/workspace/juelinliu_umass_edu-gpu-mvr/gpu-mvr/dataset/hotpot/gpu_mvr_2m --k 100 --nq -1 --warmup 5 --concurrent-queries 1 --config-file /scratch3/workspace/juelinliu_umass_edu-gpu-mvr/gpu-mvr/config/tmp/chimera_chunk_targets/20260429T172145Z/hotpot/chimera/targets090_095_chunks1-12_slots1_runs3.csv,,1,7326.364,,r095_q9_c8_run3,5.834,-1,32,5
chimera_chunk_targets,chimera,hotpot,0.95,q9,9,1,100,1,0.9495,0.95012,0.95012,132.515,7.546,7.374,8.088,8.328,14.425,22.060,1.292,,384,28000,1800,448,9,gpu_search,/scratch3/workspace/juelinliu_umass_edu-gpu-mvr/gpu-mvr/profiling/chimera_chunk_targets/logs/20260429T172145Z/hotpot/chimera/targets090_095_chunks1-12_slots1_runs3.log,0,/scratch3/workspace/juelinliu_umass_edu-gpu-mvr/gpu-mvr/gpu-mvr/build/gpu_search --query /scratch3/workspace/juelinliu_umass_edu-gpu-mvr/gpu-mvr/dataset/hotpot/raw/query.bin --gt /scratch3/workspace/juelinliu_umass_edu-gpu-mvr/gpu-mvr/dataset/hotpot/raw/gt.tsv --index /scratch3/workspace/juelinliu_umass_edu-gpu-mvr/gpu-mvr/dataset/hotpot/gpu_mvr_2m --k 100 --nq -1 --warmup 5 --concurrent-queries 1 --config-file /scratch3/workspace/juelinliu_umass_edu-gpu-mvr/gpu-mvr/config/tmp/chimera_chunk_targets/20260429T172145Z/hotpot/chimera/targets090_095_chunks1-12_slots1_runs3.csv,,1,7546.340,,r095_q9_c9_run1,5.919,-1,32,5
chimera_chunk_targets,chimera,hotpot,0.95,q9,9,1,100,2,0.9495,0.9501,0.9501,135.753,7.366,7.318,8.014,8.154,8.642,12.698,0.554,,384,28000,1800,448,9,gpu_search,/scratch3/workspace/juelinliu_umass_edu-gpu-mvr/gpu-mvr/profiling/chimera_chunk_targets/logs/20260429T172145Z/hotpot/chimera/targets090_095_chunks1-12_slots1_runs3.log,0,/scratch3/workspace/juelinliu_umass_edu-gpu-mvr/gpu-mvr/gpu-mvr/build/gpu_search --query /scratch3/workspace/juelinliu_umass_edu-gpu-mvr/gpu-mvr/dataset/hotpot/raw/query.bin --gt /scratch3/workspace/juelinliu_umass_edu-gpu-mvr/gpu-mvr/dataset/hotpot/raw/gt.tsv --index /scratch3/workspace/juelinliu_umass_edu-gpu-mvr/gpu-mvr/dataset/hotpot/gpu_mvr_2m --k 100 --nq -1 --warmup 5 --concurrent-queries 1 --config-file /scratch3/workspace/juelinliu_umass_edu-gpu-mvr/gpu-mvr/config/tmp/chimera_chunk_targets/20260429T172145Z/hotpot/chimera/targets090_095_chunks1-12_slots1_runs3.csv,,1,7366.335,,r095_q9_c9_run2,5.839,-1,32,5
chimera_chunk_targets,chimera,hotpot,0.95,q9,9,1,100,3,0.9495,0.95011,0.95011,134.404,7.440,7.350,8.040,8.219,13.263,14.502,0.865,,384,28000,1800,448,9,gpu_search,/scratch3/workspace/juelinliu_umass_edu-gpu-mvr/gpu-mvr/profiling/chimera_chunk_targets/logs/20260429T172145Z/hotpot/chimera/targets090_095_chunks1-12_slots1_runs3.log,0,/scratch3/workspace/juelinliu_umass_edu-gpu-mvr/gpu-mvr/gpu-mvr/build/gpu_search --query /scratch3/workspace/juelinliu_umass_edu-gpu-mvr/gpu-mvr/dataset/hotpot/raw/query.bin --gt /scratch3/workspace/juelinliu_umass_edu-gpu-mvr/gpu-mvr/dataset/hotpot/raw/gt.tsv --index /scratch3/workspace/juelinliu_umass_edu-gpu-mvr/gpu-mvr/dataset/hotpot/gpu_mvr_2m --k 100 --nq -1 --warmup 5 --concurrent-queries 1 --config-file /scratch3/workspace/juelinliu_umass_edu-gpu-mvr/gpu-mvr/config/tmp/chimera_chunk_targets/20260429T172145Z/hotpot/chimera/targets090_095_chunks1-12_slots1_runs3.csv,,1,7440.267,,r095_q9_c9_run3,5.952,-1,32,5
chimera_chunk_targets,chimera,hotpot,0.95,q9,10,1,100,1,0.9495,0.95006,0.95006,134.129,7.455,7.378,8.052,8.242,12.121,14.667,0.841,,384,28000,1800,448,10,gpu_search,/scratch3/workspace/juelinliu_umass_edu-gpu-mvr/gpu-mvr/profiling/chimera_chunk_targets/logs/20260429T172145Z/hotpot/chimera/targets090_095_chunks1-12_slots1_runs3.log,0,/scratch3/workspace/juelinliu_umass_edu-gpu-mvr/gpu-mvr/gpu-mvr/build/gpu_search --query /scratch3/workspace/juelinliu_umass_edu-gpu-mvr/gpu-mvr/dataset/hotpot/raw/query.bin --gt /scratch3/workspace/juelinliu_umass_edu-gpu-mvr/gpu-mvr/dataset/hotpot/raw/gt.tsv --index /scratch3/workspace/juelinliu_umass_edu-gpu-mvr/gpu-mvr/dataset/hotpot/gpu_mvr_2m --k 100 --nq -1 --warmup 5 --concurrent-queries 1 --config-file /scratch3/workspace/juelinliu_umass_edu-gpu-mvr/gpu-mvr/config/tmp/chimera_chunk_targets/20260429T172145Z/hotpot/chimera/targets090_095_chunks1-12_slots1_runs3.csv,,1,7455.501,,r095_q9_c10_run1,5.908,-1,32,5
chimera_chunk_targets,chimera,hotpot,0.95,q9,10,1,100,2,0.9495,0.95005,0.95005,134.176,7.450,7.367,8.063,8.231,11.537,14.888,0.847,,384,28000,1800,448,10,gpu_search,/scratch3/workspace/juelinliu_umass_edu-gpu-mvr/gpu-mvr/profiling/chimera_chunk_targets/logs/20260429T172145Z/hotpot/chimera/targets090_095_chunks1-12_slots1_runs3.log,0,/scratch3/workspace/juelinliu_umass_edu-gpu-mvr/gpu-mvr/gpu-mvr/build/gpu_search --query /scratch3/workspace/juelinliu_umass_edu-gpu-mvr/gpu-mvr/dataset/hotpot/raw/query.bin --gt /scratch3/workspace/juelinliu_umass_edu-gpu-mvr/gpu-mvr/dataset/hotpot/raw/gt.tsv --index /scratch3/workspace/juelinliu_umass_edu-gpu-mvr/gpu-mvr/dataset/hotpot/gpu_mvr_2m --k 100 --nq -1 --warmup 5 --concurrent-queries 1 --config-file /scratch3/workspace/juelinliu_umass_edu-gpu-mvr/gpu-mvr/config/tmp/chimera_chunk_targets/20260429T172145Z/hotpot/chimera/targets090_095_chunks1-12_slots1_runs3.csv,,1,7452.874,,r095_q9_c10_run2,5.858,-1,32,5
chimera_chunk_targets,chimera,hotpot,0.95,q9,10,1,100,3,0.9495,0.95011,0.95011,135.824,7.362,7.350,8.018,8.151,8.550,9.966,0.493,,384,28000,1800,448,10,gpu_search,/scratch3/workspace/juelinliu_umass_edu-gpu-mvr/gpu-mvr/profiling/chimera_chunk_targets/logs/20260429T172145Z/hotpot/chimera/targets090_095_chunks1-12_slots1_runs3.log,0,/scratch3/workspace/juelinliu_umass_edu-gpu-mvr/gpu-mvr/gpu-mvr/build/gpu_search --query /scratch3/workspace/juelinliu_umass_edu-gpu-mvr/gpu-mvr/dataset/hotpot/raw/query.bin --gt /scratch3/workspace/juelinliu_umass_edu-gpu-mvr/gpu-mvr/dataset/hotpot/raw/gt.tsv --index /scratch3/workspace/juelinliu_umass_edu-gpu-mvr/gpu-mvr/dataset/hotpot/gpu_mvr_2m --k 100 --nq -1 --warmup 5 --concurrent-queries 1 --config-file /scratch3/workspace/juelinliu_umass_edu-gpu-mvr/gpu-mvr/config/tmp/chimera_chunk_targets/20260429T172145Z/hotpot/chimera/targets090_095_chunks1-12_slots1_runs3.csv,,1,7362.481,,r095_q9_c10_run3,5.901,-1,32,5
chimera_chunk_targets,chimera,hotpot,0.95,q9,11,1,100,1,0.9495,0.95012,0.95012,135.541,7.377,7.356,8.015,8.172,8.573,10.110,0.489,,384,28000,1800,448,11,gpu_search,/scratch3/workspace/juelinliu_umass_edu-gpu-mvr/gpu-mvr/profiling/chimera_chunk_targets/logs/20260429T172145Z/hotpot/chimera/targets090_095_chunks1-12_slots1_runs3.log,0,/scratch3/workspace/juelinliu_umass_edu-gpu-mvr/gpu-mvr/gpu-mvr/build/gpu_search --query /scratch3/workspace/juelinliu_umass_edu-gpu-mvr/gpu-mvr/dataset/hotpot/raw/query.bin --gt /scratch3/workspace/juelinliu_umass_edu-gpu-mvr/gpu-mvr/dataset/hotpot/raw/gt.tsv --index /scratch3/workspace/juelinliu_umass_edu-gpu-mvr/gpu-mvr/dataset/hotpot/gpu_mvr_2m --k 100 --nq -1 --warmup 5 --concurrent-queries 1 --config-file /scratch3/workspace/juelinliu_umass_edu-gpu-mvr/gpu-mvr/config/tmp/chimera_chunk_targets/20260429T172145Z/hotpot/chimera/targets090_095_chunks1-12_slots1_runs3.csv,,1,7377.831,,r095_q9_c11_run1,5.956,-1,32,5
chimera_chunk_targets,chimera,hotpot,0.95,q9,11,1,100,2,0.9495,0.95009,0.95009,135.333,7.389,7.362,8.030,8.172,8.574,10.109,0.498,,384,28000,1800,448,11,gpu_search,/scratch3/workspace/juelinliu_umass_edu-gpu-mvr/gpu-mvr/profiling/chimera_chunk_targets/logs/20260429T172145Z/hotpot/chimera/targets090_095_chunks1-12_slots1_runs3.log,0,/scratch3/workspace/juelinliu_umass_edu-gpu-mvr/gpu-mvr/gpu-mvr/build/gpu_search --query /scratch3/workspace/juelinliu_umass_edu-gpu-mvr/gpu-mvr/dataset/hotpot/raw/query.bin --gt /scratch3/workspace/juelinliu_umass_edu-gpu-mvr/gpu-mvr/dataset/hotpot/raw/gt.tsv --index /scratch3/workspace/juelinliu_umass_edu-gpu-mvr/gpu-mvr/dataset/hotpot/gpu_mvr_2m --k 100 --nq -1 --warmup 5 --concurrent-queries 1 --config-file /scratch3/workspace/juelinliu_umass_edu-gpu-mvr/gpu-mvr/config/tmp/chimera_chunk_targets/20260429T172145Z/hotpot/chimera/targets090_095_chunks1-12_slots1_runs3.csv,,1,7389.177,,r095_q9_c11_run2,5.943,-1,32,5
chimera_chunk_targets,chimera,hotpot,0.95,q9,11,1,100,3,0.9495,0.95013,0.95013,132.783,7.531,7.405,8.075,8.260,12.158,22.547,1.163,,384,28000,1800,448,11,gpu_search,/scratch3/workspace/juelinliu_umass_edu-gpu-mvr/gpu-mvr/profiling/chimera_chunk_targets/logs/20260429T172145Z/hotpot/chimera/targets090_095_chunks1-12_slots1_runs3.log,0,/scratch3/workspace/juelinliu_umass_edu-gpu-mvr/gpu-mvr/gpu-mvr/build/gpu_search --query /scratch3/workspace/juelinliu_umass_edu-gpu-mvr/gpu-mvr/dataset/hotpot/raw/query.bin --gt /scratch3/workspace/juelinliu_umass_edu-gpu-mvr/gpu-mvr/dataset/hotpot/raw/gt.tsv --index /scratch3/workspace/juelinliu_umass_edu-gpu-mvr/gpu-mvr/dataset/hotpot/gpu_mvr_2m --k 100 --nq -1 --warmup 5 --concurrent-queries 1 --config-file /scratch3/workspace/juelinliu_umass_edu-gpu-mvr/gpu-mvr/config/tmp/chimera_chunk_targets/20260429T172145Z/hotpot/chimera/targets090_095_chunks1-12_slots1_runs3.csv,,1,7531.106,,r095_q9_c11_run3,6.086,-1,32,5
chimera_chunk_targets,chimera,hotpot,0.95,q9,12,1,100,1,0.9495,0.9501,0.9501,134.512,7.434,7.387,8.092,8.229,8.736,11.050,0.507,,384,28000,1800,448,12,gpu_search,/scratch3/workspace/juelinliu_umass_edu-gpu-mvr/gpu-mvr/profiling/chimera_chunk_targets/logs/20260429T172145Z/hotpot/chimera/targets090_095_chunks1-12_slots1_runs3.log,0,/scratch3/workspace/juelinliu_umass_edu-gpu-mvr/gpu-mvr/gpu-mvr/build/gpu_search --query /scratch3/workspace/juelinliu_umass_edu-gpu-mvr/gpu-mvr/dataset/hotpot/raw/query.bin --gt /scratch3/workspace/juelinliu_umass_edu-gpu-mvr/gpu-mvr/dataset/hotpot/raw/gt.tsv --index /scratch3/workspace/juelinliu_umass_edu-gpu-mvr/gpu-mvr/dataset/hotpot/gpu_mvr_2m --k 100 --nq -1 --warmup 5 --concurrent-queries 1 --config-file /scratch3/workspace/juelinliu_umass_edu-gpu-mvr/gpu-mvr/config/tmp/chimera_chunk_targets/20260429T172145Z/hotpot/chimera/targets090_095_chunks1-12_slots1_runs3.csv,,1,7434.306,,r095_q9_c12_run1,5.940,-1,32,5
chimera_chunk_targets,chimera,hotpot,0.95,q9,12,1,100,2,0.9495,0.95012,0.95012,133.029,7.517,7.413,8.095,8.262,11.787,15.693,0.869,,384,28000,1800,448,12,gpu_search,/scratch3/workspace/juelinliu_umass_edu-gpu-mvr/gpu-mvr/profiling/chimera_chunk_targets/logs/20260429T172145Z/hotpot/chimera/targets090_095_chunks1-12_slots1_runs3.log,0,/scratch3/workspace/juelinliu_umass_edu-gpu-mvr/gpu-mvr/gpu-mvr/build/gpu_search --query /scratch3/workspace/juelinliu_umass_edu-gpu-mvr/gpu-mvr/dataset/hotpot/raw/query.bin --gt /scratch3/workspace/juelinliu_umass_edu-gpu-mvr/gpu-mvr/dataset/hotpot/raw/gt.tsv --index /scratch3/workspace/juelinliu_umass_edu-gpu-mvr/gpu-mvr/dataset/hotpot/gpu_mvr_2m --k 100 --nq -1 --warmup 5 --concurrent-queries 1 --config-file /scratch3/workspace/juelinliu_umass_edu-gpu-mvr/gpu-mvr/config/tmp/chimera_chunk_targets/20260429T172145Z/hotpot/chimera/targets090_095_chunks1-12_slots1_runs3.csv,,1,7517.149,,r095_q9_c12_run2,6.009,-1,32,5
chimera_chunk_targets,chimera,hotpot,0.95,q9,12,1,100,3,0.9495,0.95008,0.95008,134.119,7.456,7.384,8.090,8.243,8.790,14.805,0.632,10205.38,384,28000,1800,448,12,gpu_search,/scratch3/workspace/juelinliu_umass_edu-gpu-mvr/gpu-mvr/profiling/chimera_chunk_targets/logs/20260429T172145Z/hotpot/chimera/targets090_095_chunks1-12_slots1_runs3.log,0,/scratch3/workspace/juelinliu_umass_edu-gpu-mvr/gpu-mvr/gpu-mvr/build/gpu_search --query /scratch3/workspace/juelinliu_umass_edu-gpu-mvr/gpu-mvr/dataset/hotpot/raw/query.bin --gt /scratch3/workspace/juelinliu_umass_edu-gpu-mvr/gpu-mvr/dataset/hotpot/raw/gt.tsv --index /scratch3/workspace/juelinliu_umass_edu-gpu-mvr/gpu-mvr/dataset/hotpot/gpu_mvr_2m --k 100 --nq -1 --warmup 5 --concurrent-queries 1 --config-file /scratch3/workspace/juelinliu_umass_edu-gpu-mvr/gpu-mvr/config/tmp/chimera_chunk_targets/20260429T172145Z/hotpot/chimera/targets090_095_chunks1-12_slots1_runs3.csv,,1,7456.071,10205.38,r095_q9_c12_run3,6.014,-1,32,5
